scheduled_departure,scheduled_arrival,carrier,origin,destination,distance_km,weather_wind1,weather_wind2,weather_rain1,weather_rain2,weather_visibility_km,noise_1,noise_2,noise_3,route,scheduled_duration_min,departure_hour,is_holiday,is_late_night,high_precipitation,limited_visibility,holiday_late_night,destination_limited_visibility,departure_delay_min,actual_departure,actual_arrival,arrival_delay_min,delayed_15_min
2025-02-02 04:15:00,2025-02-02 09:58:00,AA,ATL,SFO,3851,3.32,4.69,0.0,0.0,11.33,0.848,0.914,66,ATL-SFO,343,4,0,1,0,0,0,0,-3,2025-02-02 04:12:00,2025-02-02 10:01:00,3,0
2025-10-10 00:10:00,2025-10-10 05:27:00,AA,JFK,ORD,3529,5.98,3.32,9.74,9.54,12.57,1.0244,0.2489,29,JFK-ORD,317,0,0,1,0,0,0,0,-4,2025-10-10 00:06:00,2025-10-10 05:27:00,0,0
2025-08-27 15:30:00,2025-08-27 18:08:00,UA,LAX,BOS,1532,6.54,4.72,0.0,0.0,14.81,0.7782,0.8009,82,LAX-BOS,158,15,0,0,0,0,0,0,-7,2025-08-27 15:23:00,2025-08-27 18:09:00,1,0
2025-06-10 16:40:00,2025-06-10 22:48:00,AA,ORD,LAX,4165,14.51,15.42,0.0,0.14,17.66,-1.0053,-0.7543,11,ORD-LAX,368,16,0,0,0,0,0,0,5,2025-06-10 16:45:00,2025-06-10 22:45:00,-3,0
2025-06-08 18:15:00,2025-06-08 22:12:00,AA,LAX,DFW,2526,7.54,5.24,0.46,0.0,12.2,0.6801,-0.5797,88,LAX-DFW,237,18,0,0,0,0,0,0,-2,2025-06-08 18:13:00,2025-06-08 22:08:00,-4,0
2025-11-10 22:45:00,2025-11-11 01:39:00,DL,BOS,ATL,1742,16.35,15.45,0.0,0.0,16.71,-1.4124,0.5076,77,BOS-ATL,174,22,0,1,0,0,0,0,-7,2025-11-10 22:38:00,2025-11-11 01:22:00,-17,0
2025-02-01 11:40:00,2025-02-01 13:44:00,DL,DFW,JFK,1107,21.0,18.78,0.08,0.0,15.24,-1.2519,0.6882,32,DFW-JFK,124,11,0,0,0,0,0,0,-3,2025-02-01 11:37:00,2025-02-01 14:01:00,17,1
2025-09-12 19:10:00,2025-09-13 00:07:00,WN,DFW,ATL,3281,9.43,8.77,0.0,0.0,13.36,-0.1523,-0.462,58,DFW-ATL,297,19,0,0,0,0,0,0,6,2025-09-12 19:16:00,2025-09-13 00:20:00,13,0
2025-03-15 17:50:00,2025-03-15 20:22:00,DL,SFO,ORD,1465,1.7,4.73,0.0,0.73,12.54,1.1803,0.4459,29,SFO-ORD,152,17,0,0,0,0,0,0,-1,2025-03-15 17:49:00,2025-03-15 20:29:00,7,0
2025-02-04 06:00:00,2025-02-04 10:38:00,B6,JFK,DEN,3041,28.32,26.42,0.2,0.0,22.89,-0.1749,0.6892,99,JFK-DEN,278,6,0,0,0,0,0,0,10,2025-02-04 06:10:00,2025-02-04 10:57:00,19,1
2025-07-12 20:40:00,2025-07-12 22:01:00,UA,LAX,DFW,573,11.29,4.77,1.28,0.0,13.85,-0.8616,-0.3974,10,LAX-DFW,81,20,0,1,0,0,0,0,8,2025-07-12 20:48:00,2025-07-12 21:58:00,-3,0
2025-12-23 01:20:00,2025-12-23 05:52:00,WN,ORD,BOS,2966,8.56,4.14,0.28,0.0,16.98,0.5554,-0.3009,85,ORD-BOS,272,1,0,1,0,0,0,0,25,2025-12-23 01:45:00,2025-12-23 06:14:00,22,1
2025-09-26 14:40:00,2025-09-26 19:15:00,B6,DFW,BOS,2998,6.9,8.3,0.95,0.56,16.62,-0.5285,-0.183,12,DFW-BOS,275,14,0,0,0,0,0,0,-1,2025-09-26 14:39:00,2025-09-26 19:23:00,8,0
2025-10-05 22:45:00,2025-10-06 02:40:00,UA,SFO,DFW,2503,5.72,5.07,0.98,0.73,12.64,0.3942,0.5209,94,SFO-DFW,235,22,0,1,0,0,0,0,-7,2025-10-05 22:38:00,2025-10-06 02:34:00,-6,0
2025-09-19 15:40:00,2025-09-19 20:20:00,WN,ORD,DEN,3059,3.01,0.95,0.54,0.26,15.74,0.0695,-0.2888,54,ORD-DEN,280,15,0,0,0,0,0,0,0,2025-09-19 15:40:00,2025-09-19 20:13:00,-7,0
2025-10-14 22:40:00,2025-10-15 05:13:00,B6,SEA,SFO,4473,12.01,15.36,0.0,0.71,16.36,-1.0197,-0.7866,95,SEA-SFO,393,22,0,1,0,0,0,0,5,2025-10-14 22:45:00,2025-10-15 05:14:00,1,0
2025-07-07 01:45:00,2025-07-07 07:26:00,UA,ORD,DEN,3821,12.92,13.84,2.92,4.25,15.05,1.0767,0.1201,10,ORD-DEN,341,1,0,1,0,0,0,0,24,2025-07-07 02:09:00,2025-07-07 07:54:00,28,1
2025-02-16 12:40:00,2025-02-16 16:07:00,UA,LAX,BOS,2146,17.02,17.37,0.0,0.16,16.8,-1.7059,-0.8918,2,LAX-BOS,207,12,0,0,0,0,0,0,17,2025-02-16 12:57:00,2025-02-16 16:16:00,9,0
2025-11-03 18:45:00,2025-11-04 00:37:00,AA,ATL,JFK,3960,9.04,10.63,2.0,0.0,15.76,-0.9545,0.1164,73,ATL-JFK,352,18,0,0,0,0,0,0,11,2025-11-03 18:56:00,2025-11-04 00:52:00,15,1
2025-06-14 15:20:00,2025-06-14 21:40:00,UA,LAX,DEN,4308,8.94,7.25,0.0,0.0,14.71,0.5843,-0.4029,78,LAX-DEN,380,15,0,0,0,0,0,0,22,2025-06-14 15:42:00,2025-06-14 22:15:00,35,1
2025-07-02 21:10:00,2025-07-02 23:03:00,AA,BOS,JFK,972,21.48,20.81,0.0,0.0,14.75,2.8131,0.3775,46,BOS-JFK,113,21,0,1,0,0,0,0,-4,2025-07-02 21:06:00,2025-07-02 22:55:00,-8,0
2025-05-16 11:10:00,2025-05-16 14:10:00,UA,LAX,ORD,1807,4.69,7.48,0.0,0.39,17.26,-1.8234,-0.6331,85,LAX-ORD,180,11,0,0,0,0,0,0,-6,2025-05-16 11:04:00,2025-05-16 14:02:00,-8,0
2025-03-08 16:30:00,2025-03-08 21:39:00,DL,ORD,ATL,3420,17.66,20.58,10.69,10.93,5.05,-0.1813,0.4953,86,ORD-ATL,309,16,0,0,0,1,0,0,9,2025-03-08 16:39:00,2025-03-08 21:48:00,9,0
2025-12-05 10:30:00,2025-12-05 14:22:00,WN,JFK,DEN,2462,15.42,11.26,0.09,0.11,18.77,-2.4115,0.8569,61,JFK-DEN,232,10,0,0,0,0,0,0,15,2025-12-05 10:45:00,2025-12-05 14:14:00,-8,0
2025-10-13 20:00:00,2025-10-13 21:44:00,UA,DEN,ATL,865,6.53,6.78,0.76,0.0,18.99,-0.2014,0.4865,66,DEN-ATL,104,20,0,1,0,0,0,0,7,2025-10-13 20:07:00,2025-10-13 21:54:00,10,0
2025-08-24 02:10:00,2025-08-24 05:48:00,B6,ATL,DFW,2284,10.94,10.36,7.49,7.86,4.29,-0.7076,-0.3989,8,ATL-DFW,218,2,0,1,0,1,0,0,14,2025-08-24 02:24:00,2025-08-24 05:32:00,-16,0
2025-05-27 06:50:00,2025-05-27 09:55:00,WN,ORD,ATL,1869,3.38,3.85,0.82,0.23,13.27,-0.0164,0.0877,36,ORD-ATL,185,6,0,0,0,0,0,0,32,2025-05-27 07:22:00,2025-05-27 10:30:00,35,1
2025-10-28 02:40:00,2025-10-28 07:47:00,B6,ORD,BOS,3403,16.26,21.45,9.33,9.25,13.93,1.359,0.6776,59,ORD-BOS,307,2,0,1,0,0,0,0,-10,2025-10-28 02:30:00,2025-10-28 07:44:00,-3,0
2025-07-19 16:45:00,2025-07-19 20:37:00,DL,JFK,DFW,2465,15.51,19.47,0.0,0.0,9.26,0.8112,0.5763,23,JFK-DFW,232,16,0,0,0,0,0,0,5,2025-07-19 16:50:00,2025-07-19 20:23:00,-14,0
2025-06-11 05:10:00,2025-06-11 06:56:00,WN,ORD,SFO,887,12.78,12.38,0.12,0.0,14.29,-0.4049,-0.8893,51,ORD-SFO,106,5,0,0,0,0,0,0,-10,2025-06-11 05:00:00,2025-06-11 06:50:00,-6,0
2025-06-14 07:00:00,2025-06-14 08:16:00,UA,SEA,SFO,507,13.25,12.6,3.04,2.4,10.77,0.656,-0.8769,37,SEA-SFO,76,7,0,0,0,0,0,0,18,2025-06-14 07:18:00,2025-06-14 08:36:00,20,1
2025-03-24 20:15:00,2025-03-24 22:50:00,B6,JFK,ATL,1506,0.72,2.33,4.45,3.2,14.14,0.0284,-0.7785,96,JFK-ATL,155,20,0,1,0,0,0,0,-4,2025-03-24 20:11:00,2025-03-24 22:46:00,-4,0
2025-02-03 08:45:00,2025-02-03 10:37:00,WN,ATL,SFO,958,4.86,3.2,0.0,1.79,12.09,-1.0834,-0.0822,45,ATL-SFO,112,8,0,0,0,0,0,0,1,2025-02-03 08:46:00,2025-02-03 10:30:00,-7,0
2025-07-22 03:30:00,2025-07-22 09:23:00,WN,SEA,LAX,3980,25.43,25.02,2.99,3.98,14.44,-0.0988,-0.6394,57,SEA-LAX,353,3,0,1,0,0,0,0,-3,2025-07-22 03:27:00,2025-07-22 09:27:00,4,0
2025-11-21 00:45:00,2025-11-21 03:15:00,UA,JFK,SEA,1438,24.55,26.25,0.29,0.0,11.28,0.431,0.4018,77,JFK-SEA,150,0,0,1,0,0,0,0,16,2025-11-21 01:01:00,2025-11-21 03:34:00,19,1
2025-01-24 05:20:00,2025-01-24 09:52:00,B6,ORD,SEA,2964,20.31,22.12,0.0,0.63,8.61,3.6741,0.7954,94,ORD-SEA,272,5,0,0,0,0,0,0,18,2025-01-24 05:38:00,2025-01-24 09:56:00,4,0
2025-11-10 21:20:00,2025-11-10 23:02:00,B6,SFO,JFK,835,20.95,26.42,3.69,4.11,12.89,1.2811,-0.9558,31,SFO-JFK,102,21,0,1,0,0,0,0,17,2025-11-10 21:37:00,2025-11-10 23:01:00,-1,0
2025-10-30 13:30:00,2025-10-30 16:57:00,DL,DFW,DEN,2155,3.46,4.38,2.82,3.83,13.4,0.6853,0.4872,2,DFW-DEN,207,13,0,0,0,0,0,0,-6,2025-10-30 13:24:00,2025-10-30 16:48:00,-9,0
2025-04-12 23:50:00,2025-04-13 06:03:00,AA,LAX,JFK,4223,14.32,9.82,0.25,0.35,17.68,-1.8182,-0.925,16,LAX-JFK,373,23,0,1,0,0,0,0,-1,2025-04-12 23:49:00,2025-04-13 05:57:00,-6,0
2025-08-19 05:20:00,2025-08-19 09:55:00,AA,ATL,ORD,3002,14.14,12.03,0.55,0.0,15.1,0.1631,-0.8447,68,ATL-ORD,275,5,0,0,0,0,0,0,7,2025-08-19 05:27:00,2025-08-19 09:46:00,-9,0
2025-03-02 08:30:00,2025-03-02 11:06:00,WN,SEA,ORD,1510,5.64,8.03,0.0,0.68,16.73,1.4066,-0.134,58,SEA-ORD,156,8,0,0,0,0,0,0,2,2025-03-02 08:32:00,2025-03-02 11:07:00,1,0
2025-10-04 03:50:00,2025-10-04 09:00:00,UA,ATL,BOS,3440,8.92,10.09,0.0,0.0,16.71,0.5279,0.9991,79,ATL-BOS,310,3,0,1,0,0,0,0,6,2025-10-04 03:56:00,2025-10-04 09:14:00,14,0
2025-09-13 09:15:00,2025-09-13 13:02:00,AA,JFK,SFO,2404,4.05,2.44,0.7,1.01,16.26,1.1333,-0.4063,38,JFK-SFO,227,9,0,0,0,0,0,0,7,2025-09-13 09:22:00,2025-09-13 13:00:00,-2,0
2025-05-10 13:45:00,2025-05-10 16:03:00,UA,DFW,DEN,1287,2.81,0.91,0.82,0.0,17.94,0.4959,0.0241,88,DFW-DEN,138,13,0,0,0,0,0,0,-3,2025-05-10 13:42:00,2025-05-10 15:59:00,-4,0
2025-01-25 19:30:00,2025-01-26 02:04:00,AA,ATL,SEA,4485,23.3,23.14,0.95,0.0,17.96,1.015,0.9549,38,ATL-SEA,394,19,0,0,0,0,0,0,9,2025-01-25 19:39:00,2025-01-26 02:13:00,9,0
2025-12-21 08:50:00,2025-12-21 15:04:00,UA,JFK,DEN,4237,14.74,16.91,0.0,0.65,15.37,-1.7284,0.259,60,JFK-DEN,374,8,0,0,0,0,0,0,12,2025-12-21 09:02:00,2025-12-21 15:15:00,11,0
2025-06-12 18:20:00,2025-06-12 22:29:00,AA,SFO,ATL,2679,21.9,25.89,0.14,0.9,11.4,1.6377,-0.2719,35,SFO-ATL,249,18,0,0,0,0,0,0,9,2025-06-12 18:29:00,2025-06-12 22:40:00,11,0
2025-11-22 15:40:00,2025-11-22 16:50:00,AA,BOS,SFO,439,17.1,14.01,0.23,0.0,12.97,0.8036,-0.3453,45,BOS-SFO,70,15,0,0,0,0,0,0,-5,2025-11-22 15:35:00,2025-11-22 16:39:00,-11,0
2025-09-05 07:15:00,2025-09-05 10:32:00,DL,DEN,LAX,2028,3.46,3.0,0.0,0.0,16.91,1.1738,-0.4363,51,DEN-LAX,197,7,0,0,0,0,0,0,7,2025-09-05 07:22:00,2025-09-05 10:42:00,10,0
2025-10-12 21:40:00,2025-10-13 01:32:00,B6,BOS,JFK,2458,10.49,15.92,0.11,0.34,17.22,0.1298,-0.8353,51,BOS-JFK,232,21,0,1,0,0,0,0,30,2025-10-12 22:10:00,2025-10-13 02:11:00,39,1
2025-10-05 10:15:00,2025-10-05 16:26:00,AA,BOS,ATL,4205,5.16,7.26,0.1,0.0,16.7,0.5329,-0.7922,45,BOS-ATL,371,10,0,0,0,0,0,0,-2,2025-10-05 10:13:00,2025-10-05 16:14:00,-12,0
2025-03-13 03:30:00,2025-03-13 08:35:00,DL,DEN,BOS,3378,9.93,12.6,0.52,0.0,12.34,0.7304,0.4613,80,DEN-BOS,305,3,0,1,0,0,0,0,5,2025-03-13 03:35:00,2025-03-13 08:39:00,4,0
2025-05-13 23:45:00,2025-05-14 01:59:00,B6,LAX,BOS,1234,9.8,9.4,0.76,0.78,14.11,-0.1766,0.1124,92,LAX-BOS,134,23,0,1,0,0,0,0,4,2025-05-13 23:49:00,2025-05-14 01:57:00,-2,0
2025-06-20 21:20:00,2025-06-21 01:10:00,B6,SEA,SFO,2442,12.22,12.11,0.88,2.91,16.93,-0.7971,-0.7415,21,SEA-SFO,230,21,0,1,0,0,0,0,13,2025-06-20 21:33:00,2025-06-21 01:20:00,10,0
2025-07-01 01:20:00,2025-07-01 03:19:00,UA,ORD,BOS,1053,6.05,9.44,0.06,0.0,15.57,-1.1143,-0.1945,27,ORD-BOS,119,1,0,1,0,0,0,0,11,2025-07-01 01:31:00,2025-07-01 03:36:00,17,1
2025-01-16 21:15:00,2025-01-17 00:53:00,B6,ORD,BOS,2290,19.18,17.81,1.2,0.89,15.57,-0.1307,-0.5321,29,ORD-BOS,218,21,0,1,0,0,0,0,-4,2025-01-16 21:11:00,2025-01-17 00:55:00,2,0
2025-07-19 22:40:00,2025-07-20 02:39:00,WN,ORD,SEA,2548,2.7,2.88,0.52,0.0,18.15,-0.8689,-0.1608,31,ORD-SEA,239,22,0,1,0,0,0,0,3,2025-07-19 22:43:00,2025-07-20 02:32:00,-7,0
2025-02-26 19:30:00,2025-02-26 23:20:00,DL,DFW,SEA,2441,4.17,3.91,0.19,0.0,17.78,-0.726,0.2475,73,DFW-SEA,230,19,0,0,0,0,0,0,-2,2025-02-26 19:28:00,2025-02-26 23:08:00,-12,0
2025-09-29 06:30:00,2025-09-29 09:53:00,WN,SFO,BOS,2094,3.1,4.78,0.0,0.0,16.89,1.4694,-0.7532,31,SFO-BOS,203,6,0,0,0,0,0,0,-8,2025-09-29 06:22:00,2025-09-29 09:46:00,-7,0
2025-09-07 15:00:00,2025-09-07 18:26:00,B6,BOS,LAX,2136,16.22,13.67,0.0,0.0,19.15,1.6217,0.4383,77,BOS-LAX,206,15,0,0,0,0,0,0,-10,2025-09-07 14:50:00,2025-09-07 18:18:00,-8,0
2025-12-03 12:00:00,2025-12-03 17:27:00,B6,ORD,JFK,3647,18.16,20.45,1.12,0.0,15.95,-0.3542,-0.922,92,ORD-JFK,327,12,0,0,0,0,0,0,3,2025-12-03 12:03:00,2025-12-03 17:24:00,-3,0
2025-09-29 14:00:00,2025-09-29 17:49:00,UA,ATL,LAX,2424,8.04,6.86,0.61,0.0,15.71,1.3008,-0.9788,11,ATL-LAX,229,14,0,0,0,0,0,0,-10,2025-09-29 13:50:00,2025-09-29 17:46:00,-3,0
2025-05-14 14:45:00,2025-05-14 15:58:00,AA,ORD,DEN,476,8.69,10.17,0.0,0.0,13.69,-0.189,0.6942,3,ORD-DEN,73,14,0,0,0,0,0,0,10,2025-05-14 14:55:00,2025-05-14 15:59:00,1,0
2025-12-20 15:45:00,2025-12-20 20:53:00,WN,ATL,ORD,3411,18.43,15.12,0.0,0.0,19.52,-0.3774,0.4252,44,ATL-ORD,308,15,0,0,0,0,0,0,1,2025-12-20 15:46:00,2025-12-20 21:00:00,7,0
2025-05-30 12:00:00,2025-05-30 16:27:00,AA,BOS,SEA,2894,26.92,26.08,0.16,0.17,16.48,0.3686,-0.8323,5,BOS-SEA,267,12,0,0,0,0,0,0,-10,2025-05-30 11:50:00,2025-05-30 16:28:00,1,0
2025-04-29 16:00:00,2025-04-29 20:53:00,UA,DFW,ORD,3221,10.19,11.97,0.0,0.0,19.6,-0.7467,-0.878,90,DFW-ORD,293,16,0,0,0,0,0,0,11,2025-04-29 16:11:00,2025-04-29 20:44:00,-9,0
2025-11-27 12:45:00,2025-11-27 17:43:00,WN,ORD,SFO,3284,2.03,3.26,3.4,4.36,14.21,-0.337,0.6562,88,ORD-SFO,298,12,1,0,0,0,0,0,0,2025-11-27 12:45:00,2025-11-27 17:45:00,2,0
2025-05-16 00:30:00,2025-05-16 02:27:00,UA,ATL,LAX,1027,4.07,4.88,0.43,0.0,17.39,1.3411,-0.8201,65,ATL-LAX,117,0,0,1,0,0,0,0,1,2025-05-16 00:31:00,2025-05-16 02:24:00,-3,0
2025-01-28 00:15:00,2025-01-28 06:41:00,B6,DEN,LAX,4382,15.78,18.79,0.52,0.0,17.62,0.3314,0.4885,22,DEN-LAX,386,0,0,1,0,0,0,0,-7,2025-01-28 00:08:00,2025-01-28 06:35:00,-6,0
2025-06-21 22:30:00,2025-06-22 05:02:00,B6,DFW,SFO,4459,17.56,19.81,0.0,0.0,9.56,0.3796,0.2484,39,DFW-SFO,392,22,0,1,0,0,0,0,8,2025-06-21 22:38:00,2025-06-22 04:53:00,-9,0
2025-10-18 21:10:00,2025-10-18 22:58:00,AA,ORD,JFK,912,15.13,15.62,3.92,2.89,13.3,-0.228,0.682,60,ORD-JFK,108,21,0,1,0,0,0,0,4,2025-10-18 21:14:00,2025-10-18 23:06:00,8,0
2025-03-11 14:10:00,2025-03-11 16:23:00,WN,SFO,DFW,1219,2.9,6.41,14.44,15.96,11.81,-0.3185,-0.0936,75,SFO-DFW,133,14,0,0,1,0,0,0,18,2025-03-11 14:28:00,2025-03-11 17:12:00,49,1
2025-06-18 04:15:00,2025-06-18 06:37:00,UA,LAX,DFW,1334,16.02,20.61,0.0,0.79,15.15,0.114,0.1559,40,LAX-DFW,142,4,0,1,0,0,0,0,-2,2025-06-18 04:13:00,2025-06-18 06:37:00,0,0
2025-02-17 18:50:00,2025-02-18 01:14:00,DL,JFK,SFO,4359,5.02,6.98,0.0,0.0,13.55,0.7756,-0.7247,34,JFK-SFO,384,18,1,0,0,0,0,0,9,2025-02-17 18:59:00,2025-02-18 01:21:00,7,0
2025-09-08 03:45:00,2025-09-08 09:57:00,DL,DFW,SFO,4216,9.91,9.98,0.42,0.0,14.79,0.3423,0.7694,19,DFW-SFO,372,3,0,1,0,0,0,0,-6,2025-09-08 03:39:00,2025-09-08 09:52:00,-5,0
2025-06-23 09:10:00,2025-06-23 11:38:00,B6,SEA,LAX,1413,9.4,11.49,4.14,6.09,12.34,0.6076,-0.2786,30,SEA-LAX,148,9,0,0,0,0,0,0,-10,2025-06-23 09:00:00,2025-06-23 11:27:00,-11,0
2025-05-01 07:30:00,2025-05-01 12:01:00,B6,ATL,ORD,2948,7.27,6.82,0.0,0.0,15.72,-1.8029,-0.5466,86,ATL-ORD,271,7,0,0,0,0,0,0,-2,2025-05-01 07:28:00,2025-05-01 11:53:00,-8,0
2025-03-24 00:50:00,2025-03-24 03:11:00,WN,BOS,JFK,1322,14.1,14.31,0.16,0.0,16.4,-1.0047,-0.9403,55,BOS-JFK,141,0,0,1,0,0,0,0,40,2025-03-24 01:30:00,2025-03-24 03:52:00,41,1
2025-07-26 19:50:00,2025-07-26 21:02:00,WN,BOS,DEN,459,16.88,16.34,0.5,0.0,17.8,-0.6139,-0.0938,51,BOS-DEN,72,19,0,0,0,0,0,0,12,2025-07-26 20:02:00,2025-07-26 21:06:00,4,0
2025-09-02 12:45:00,2025-09-02 15:01:00,UA,DEN,JFK,1267,4.38,6.78,0.55,2.07,15.39,0.4345,-0.9969,49,DEN-JFK,136,12,0,0,0,0,0,0,11,2025-09-02 12:56:00,2025-09-02 15:04:00,3,0
2025-12-10 07:10:00,2025-12-10 08:35:00,B6,JFK,SFO,624,9.67,12.71,0.04,0.0,10.19,0.3643,0.2352,56,JFK-SFO,85,7,0,0,0,0,0,0,8,2025-12-10 07:18:00,2025-12-10 08:36:00,1,0
2025-06-09 12:10:00,2025-06-09 17:54:00,WN,SFO,ATL,3860,14.31,15.66,0.0,0.45,17.84,0.6491,0.4768,93,SFO-ATL,344,12,0,0,0,0,0,0,-1,2025-06-09 12:09:00,2025-06-09 17:53:00,-1,0
2025-02-28 00:10:00,2025-02-28 05:33:00,DL,LAX,BOS,3598,0.99,3.56,5.84,4.97,12.77,-0.3453,-0.7761,1,LAX-BOS,323,0,0,1,0,0,0,0,5,2025-02-28 00:15:00,2025-02-28 05:47:00,14,0
2025-10-31 10:10:00,2025-10-31 12:11:00,B6,DFW,JFK,1074,12.48,12.66,0.0,0.0,12.54,0.107,-0.0681,79,DFW-JFK,121,10,0,0,0,0,0,0,2,2025-10-31 10:12:00,2025-10-31 12:09:00,-2,0
2025-08-18 12:10:00,2025-08-18 16:20:00,AA,BOS,DFW,2683,14.27,18.21,0.22,0.0,17.01,1.7715,-0.0795,57,BOS-DFW,250,12,0,0,0,0,0,0,13,2025-08-18 12:23:00,2025-08-18 16:31:00,11,0
2025-09-13 08:15:00,2025-09-13 10:23:00,AA,LAX,ATL,1161,12.55,13.09,1.75,3.26,15.58,0.033,-0.7272,64,LAX-ATL,128,8,0,0,0,0,0,0,-5,2025-09-13 08:10:00,2025-09-13 10:28:00,5,0
2025-02-05 19:30:00,2025-02-05 23:39:00,WN,DEN,DFW,2674,13.12,12.33,1.57,0.04,16.97,-1.8597,0.0191,12,DEN-DFW,249,19,0,0,0,0,0,0,-1,2025-02-05 19:29:00,2025-02-05 23:38:00,-1,0
2025-04-25 05:20:00,2025-04-25 11:20:00,WN,SFO,LAX,4063,9.23,12.13,1.44,0.0,14.07,0.4847,0.3169,82,SFO-LAX,360,5,0,0,0,0,0,0,10,2025-04-25 05:30:00,2025-04-25 11:21:00,1,0
2025-10-08 03:20:00,2025-10-08 09:15:00,WN,JFK,ATL,3995,15.54,14.12,0.0,0.39,17.17,1.1832,0.4066,91,JFK-ATL,355,3,0,1,0,0,0,0,5,2025-10-08 03:25:00,2025-10-08 09:12:00,-3,0
2025-10-31 12:10:00,2025-10-31 17:49:00,AA,JFK,DEN,3798,2.51,2.33,0.0,0.0,17.86,1.1416,-0.7434,79,JFK-DEN,339,12,0,0,0,0,0,0,34,2025-10-31 12:44:00,2025-10-31 18:31:00,42,1
2025-06-08 21:10:00,2025-06-08 23:30:00,UA,SFO,ORD,1312,5.85,2.72,0.0,0.38,16.36,-0.3276,0.457,45,SFO-ORD,140,21,0,1,0,0,0,0,-10,2025-06-08 21:00:00,2025-06-08 23:24:00,-6,0
2025-10-21 09:50:00,2025-10-21 11:53:00,WN,DEN,JFK,1101,13.7,15.17,6.03,5.51,12.92,-0.2599,0.3255,36,DEN-JFK,123,9,0,0,0,0,0,0,3,2025-10-21 09:53:00,2025-10-21 11:54:00,1,0
2025-11-04 01:30:00,2025-11-04 03:23:00,AA,JFK,ORD,973,14.21,17.71,0.0,0.0,16.91,0.7565,-0.6975,96,JFK-ORD,113,1,0,1,0,0,0,0,1,2025-11-04 01:31:00,2025-11-04 03:21:00,-2,0
2025-05-22 23:10:00,2025-05-23 00:52:00,WN,JFK,LAX,833,18.27,20.39,0.0,0.89,13.3,0.1417,-0.6039,65,JFK-LAX,102,23,0,1,0,0,0,0,-8,2025-05-22 23:02:00,2025-05-23 00:44:00,-8,0
2025-11-24 10:45:00,2025-11-24 15:10:00,AA,DEN,LAX,2877,24.39,23.56,0.0,1.86,10.99,0.5473,-0.3542,35,DEN-LAX,265,10,0,0,0,0,0,0,3,2025-11-24 10:48:00,2025-11-24 15:10:00,0,0
2025-04-16 04:45:00,2025-04-16 09:25:00,UA,ATL,DFW,3065,3.53,5.44,0.32,0.0,18.4,-0.5738,0.4687,86,ATL-DFW,280,4,0,1,0,0,0,0,9,2025-04-16 04:54:00,2025-04-16 09:06:00,-19,0
2025-03-29 14:50:00,2025-03-29 20:45:00,WN,DEN,SFO,4006,4.22,3.44,0.0,0.08,14.57,0.3647,-0.3441,46,DEN-SFO,355,14,0,0,0,0,0,0,-1,2025-03-29 14:49:00,2025-03-29 20:47:00,2,0
2025-09-07 07:10:00,2025-09-07 08:39:00,B6,BOS,SFO,679,18.6,15.31,0.0,0.0,12.21,-0.5381,0.5129,93,BOS-SFO,89,7,0,0,0,0,0,0,7,2025-09-07 07:17:00,2025-09-07 08:45:00,6,0
2025-08-21 22:40:00,2025-08-22 01:08:00,AA,ORD,ATL,1414,8.65,5.98,0.0,0.0,16.84,-0.2139,0.34,1,ORD-ATL,148,22,0,1,0,0,0,0,-3,2025-08-21 22:37:00,2025-08-22 01:02:00,-6,0
2025-02-21 07:50:00,2025-02-21 12:54:00,B6,ATL,ORD,3357,7.7,9.98,2.89,0.85,17.58,-1.0823,0.4618,50,ATL-ORD,304,7,0,0,0,0,0,0,14,2025-02-21 08:04:00,2025-02-21 13:12:00,18,1
2025-10-31 13:45:00,2025-10-31 18:33:00,AA,DEN,JFK,3161,16.97,14.92,7.48,7.69,15.24,-0.8129,-0.8517,1,DEN-JFK,288,13,0,0,0,0,0,0,-10,2025-10-31 13:35:00,2025-10-31 18:29:00,-4,0
2025-03-14 13:10:00,2025-03-14 16:33:00,UA,SEA,ATL,2095,10.97,11.36,0.2,0.0,16.18,-1.4345,-0.1147,70,SEA-ATL,203,13,0,0,0,0,0,0,4,2025-03-14 13:14:00,2025-03-14 16:48:00,15,1
2025-10-21 05:50:00,2025-10-21 07:40:00,WN,LAX,ORD,939,11.7,11.79,0.0,0.0,16.68,-1.5699,-0.6585,66,LAX-ORD,110,5,0,0,0,0,0,0,0,2025-10-21 05:50:00,2025-10-21 07:48:00,8,0
2025-01-03 11:20:00,2025-01-03 15:02:00,DL,ORD,ATL,2333,4.62,7.9,8.99,10.08,11.62,-0.9405,-0.8437,45,ORD-ATL,222,11,0,0,0,0,0,0,2,2025-01-03 11:22:00,2025-01-03 15:07:00,5,0
2025-10-18 02:20:00,2025-10-18 04:17:00,WN,ORD,DEN,1022,11.16,11.07,0.0,0.0,15.78,0.4226,-0.4123,0,ORD-DEN,117,2,0,1,0,0,0,0,-5,2025-10-18 02:15:00,2025-10-18 04:21:00,4,0
2025-10-15 15:30:00,2025-10-15 19:29:00,AA,DEN,ORD,2549,13.14,13.05,0.0,0.0,10.28,0.2365,0.283,74,DEN-ORD,239,15,0,0,0,0,0,0,8,2025-10-15 15:38:00,2025-10-15 19:33:00,4,0
2025-10-12 18:45:00,2025-10-13 00:47:00,UA,LAX,SEA,4086,18.4,19.86,0.0,0.0,17.71,0.8334,0.4497,95,LAX-SEA,362,18,0,0,0,0,0,0,9,2025-10-12 18:54:00,2025-10-13 00:32:00,-15,0
2025-08-31 22:00:00,2025-09-01 00:05:00,B6,BOS,DFW,1121,23.09,23.04,0.81,0.0,20.45,-0.4599,0.8123,77,BOS-DFW,125,22,0,1,0,0,0,0,9,2025-08-31 22:09:00,2025-09-01 00:14:00,9,0
2025-06-22 07:30:00,2025-06-22 09:09:00,WN,LAX,SEA,795,6.55,4.77,16.91,17.81,11.39,-1.5131,0.4392,96,LAX-SEA,99,7,0,0,1,0,0,0,13,2025-06-22 07:43:00,2025-06-22 09:25:00,16,1
2025-09-15 06:45:00,2025-09-15 11:52:00,B6,ORD,SEA,3398,2.47,3.06,0.07,0.61,13.78,0.3504,-0.8307,42,ORD-SEA,307,6,0,0,0,0,0,0,3,2025-09-15 06:48:00,2025-09-15 11:55:00,3,0
2025-04-12 13:30:00,2025-04-12 14:37:00,DL,SEA,JFK,402,14.67,14.13,0.0,1.29,13.43,-0.0212,0.4143,23,SEA-JFK,67,13,0,0,0,0,0,0,13,2025-04-12 13:43:00,2025-04-12 14:44:00,7,0
2025-10-12 16:15:00,2025-10-12 22:44:00,AA,SFO,BOS,4430,4.28,2.34,0.0,0.0,16.38,-0.1395,-0.831,0,SFO-BOS,389,16,0,0,0,0,0,0,6,2025-10-12 16:21:00,2025-10-12 23:06:00,22,1
2025-07-22 23:00:00,2025-07-23 04:19:00,UA,ATL,LAX,3554,15.88,18.36,0.0,0.36,14.31,-1.0912,0.6599,81,ATL-LAX,319,23,0,1,0,0,0,0,-9,2025-07-22 22:51:00,2025-07-23 04:28:00,9,0
2025-06-17 00:30:00,2025-06-17 03:45:00,AA,DEN,ATL,1994,18.1,17.66,0.01,1.05,18.66,-0.3707,-0.9248,97,DEN-ATL,195,0,0,1,0,0,0,0,-9,2025-06-17 00:21:00,2025-06-17 03:37:00,-8,0
2025-07-04 05:40:00,2025-07-04 08:41:00,B6,JFK,SFO,1822,7.4,4.77,3.9,4.45,14.28,0.6734,0.1005,84,JFK-SFO,181,5,1,0,0,0,0,0,-4,2025-07-04 05:36:00,2025-07-04 08:33:00,-8,0
2025-07-27 06:30:00,2025-07-27 09:39:00,WN,DEN,DFW,1924,0.22,0.95,0.0,1.58,18.66,-1.207,0.6394,8,DEN-DFW,189,6,0,0,0,0,0,0,36,2025-07-27 07:06:00,2025-07-27 10:33:00,54,1
2025-01-14 06:50:00,2025-01-14 10:02:00,DL,LAX,ORD,1965,16.43,17.96,10.08,9.87,12.53,-1.8384,-0.2729,13,LAX-ORD,192,6,0,0,0,0,0,0,5,2025-01-14 06:55:00,2025-01-14 10:00:00,-2,0
2025-02-21 11:30:00,2025-02-21 17:11:00,DL,SEA,ORD,3826,21.86,22.76,0.27,0.0,19.46,0.1423,-0.1673,9,SEA-ORD,341,11,0,0,0,0,0,0,2,2025-02-21 11:32:00,2025-02-21 17:16:00,5,0
2025-03-31 20:30:00,2025-04-01 01:58:00,AA,DEN,JFK,3659,24.24,22.33,0.0,0.0,16.35,-0.8119,0.3166,81,DEN-JFK,328,20,0,1,0,0,0,0,-6,2025-03-31 20:24:00,2025-04-01 01:58:00,0,0
2025-02-11 00:00:00,2025-02-11 02:08:00,B6,SFO,JFK,1159,23.01,24.12,0.08,0.42,15.65,0.7381,-0.3558,61,SFO-JFK,128,0,0,1,0,0,0,0,-1,2025-02-10 23:59:00,2025-02-11 02:05:00,-3,0
2025-06-10 19:30:00,2025-06-10 21:29:00,DL,SEA,JFK,1055,0.97,2.0,0.53,0.6,17.55,-0.3388,0.8928,86,SEA-JFK,119,19,0,0,0,0,0,0,7,2025-06-10 19:37:00,2025-06-10 21:16:00,-13,0
2025-09-01 14:10:00,2025-09-01 18:11:00,B6,SFO,SEA,2570,11.02,9.35,0.14,1.15,15.05,-1.0498,-0.6041,88,SFO-SEA,241,14,1,0,0,0,0,0,1,2025-09-01 14:11:00,2025-09-01 18:14:00,3,0
2025-08-27 14:40:00,2025-08-27 19:17:00,UA,ATL,DEN,3031,9.2,13.19,4.97,3.77,12.89,0.1403,-0.9252,37,ATL-DEN,277,14,0,0,0,0,0,0,-3,2025-08-27 14:37:00,2025-08-27 19:19:00,2,0
2025-06-21 16:10:00,2025-06-21 21:13:00,AA,DEN,JFK,3354,9.28,11.15,1.4,1.55,16.03,-0.0399,0.8805,95,DEN-JFK,303,16,0,0,0,0,0,0,7,2025-06-21 16:17:00,2025-06-21 21:04:00,-9,0
2025-11-09 02:50:00,2025-11-09 05:34:00,B6,BOS,SFO,1616,15.02,17.09,0.0,0.0,6.33,-0.0385,-0.0769,69,BOS-SFO,164,2,0,1,0,0,0,0,14,2025-11-09 03:04:00,2025-11-09 05:30:00,-4,0
2025-07-26 17:15:00,2025-07-26 20:56:00,DL,BOS,SEA,2326,7.4,6.57,0.0,0.0,16.96,-1.0846,0.6189,96,BOS-SEA,221,17,0,0,0,0,0,0,15,2025-07-26 17:30:00,2025-07-26 21:17:00,21,1
2025-01-29 05:20:00,2025-01-29 06:54:00,UA,ATL,JFK,737,3.29,0.0,0.13,0.51,16.54,1.2032,0.3436,26,ATL-JFK,94,5,0,0,0,0,0,0,-6,2025-01-29 05:14:00,2025-01-29 06:52:00,-2,0
2025-10-07 12:10:00,2025-10-07 15:42:00,AA,DFW,ATL,2214,0.97,2.09,12.56,14.23,10.98,-0.6001,0.5652,53,DFW-ATL,212,12,0,0,1,0,0,0,24,2025-10-07 12:34:00,2025-10-07 16:28:00,46,1
2025-07-29 16:10:00,2025-07-29 21:00:00,WN,ATL,DEN,3187,18.38,17.48,0.76,1.3,16.4,1.4322,-0.2934,57,ATL-DEN,290,16,0,0,0,0,0,0,52,2025-07-29 17:02:00,2025-07-29 22:02:00,62,1
2025-08-20 14:50:00,2025-08-20 17:31:00,B6,DEN,LAX,1578,4.39,1.15,19.64,19.08,7.52,-1.7202,0.8931,84,DEN-LAX,161,14,0,0,1,0,0,0,18,2025-08-20 15:08:00,2025-08-20 17:51:00,20,1
2025-07-26 07:15:00,2025-07-26 10:01:00,UA,SFO,LAX,1638,12.16,8.97,0.0,2.05,17.54,0.862,-0.4692,56,SFO-LAX,166,7,0,0,0,0,0,0,3,2025-07-26 07:18:00,2025-07-26 09:52:00,-9,0
2025-07-22 09:30:00,2025-07-22 13:04:00,WN,SEA,SFO,2241,5.75,5.56,0.0,0.0,10.33,0.4973,0.2478,34,SEA-SFO,214,9,0,0,0,0,0,0,22,2025-07-22 09:52:00,2025-07-22 13:32:00,28,1
2025-02-03 11:50:00,2025-02-03 17:40:00,UA,SFO,ATL,3939,6.01,5.79,0.0,0.9,15.02,-0.303,0.0582,12,SFO-ATL,350,11,0,0,0,0,0,0,-3,2025-02-03 11:47:00,2025-02-03 17:39:00,-1,0
2025-07-24 00:30:00,2025-07-24 04:52:00,B6,ATL,DFW,2837,7.17,7.21,0.28,0.0,17.54,-1.6669,-0.8712,90,ATL-DFW,262,0,0,1,0,0,0,0,16,2025-07-24 00:46:00,2025-07-24 05:08:00,16,1
2025-10-18 17:00:00,2025-10-18 23:08:00,WN,LAX,DEN,4159,7.37,6.48,0.41,0.0,13.56,0.0529,0.6278,93,LAX-DEN,368,17,0,0,0,0,0,0,19,2025-10-18 17:19:00,2025-10-18 23:26:00,18,1
2025-04-21 02:15:00,2025-04-21 03:35:00,DL,LAX,SFO,559,3.57,6.4,0.29,0.0,12.41,-1.8561,-0.8174,99,LAX-SFO,80,2,0,1,0,0,0,0,1,2025-04-21 02:16:00,2025-04-21 03:35:00,0,0
2025-08-09 11:20:00,2025-08-09 17:04:00,AA,BOS,SEA,3866,5.73,5.32,0.35,0.0,14.45,-0.4625,0.5395,93,BOS-SEA,344,11,0,0,0,0,0,0,-3,2025-08-09 11:17:00,2025-08-09 16:57:00,-7,0
2025-01-12 15:15:00,2025-01-12 16:29:00,UA,SFO,BOS,483,4.62,7.07,0.0,0.23,17.16,0.7812,-0.102,96,SFO-BOS,74,15,0,0,0,0,0,0,3,2025-01-12 15:18:00,2025-01-12 16:35:00,6,0
2025-05-07 01:10:00,2025-05-07 03:57:00,WN,DFW,DEN,1653,3.35,4.9,0.0,0.0,17.1,-0.2048,0.3764,94,DFW-DEN,167,1,0,1,0,0,0,0,0,2025-05-07 01:10:00,2025-05-07 03:54:00,-3,0
2025-06-09 23:30:00,2025-06-10 02:52:00,DL,SFO,ATL,2091,27.82,26.88,0.0,0.36,18.79,-0.2069,-0.2241,88,SFO-ATL,202,23,0,1,0,0,0,0,7,2025-06-09 23:37:00,2025-06-10 02:48:00,-4,0
2025-12-25 09:20:00,2025-12-25 11:38:00,WN,BOS,LAX,1293,1.15,0.0,11.75,12.33,13.28,1.3713,0.3301,53,BOS-LAX,138,9,1,0,0,0,0,0,10,2025-12-25 09:30:00,2025-12-25 11:43:00,5,0
2025-03-20 00:15:00,2025-03-20 06:46:00,UA,LAX,JFK,4455,6.25,9.26,4.14,4.7,13.88,0.1249,0.2766,70,LAX-JFK,391,0,0,1,0,0,0,0,2,2025-03-20 00:17:00,2025-03-20 06:36:00,-10,0
2025-04-11 15:20:00,2025-04-11 21:19:00,B6,BOS,LAX,4049,12.4,8.49,0.3,0.0,16.47,1.7066,-0.2016,25,BOS-LAX,359,15,0,0,0,0,0,0,3,2025-04-11 15:23:00,2025-04-11 21:18:00,-1,0
2025-05-30 13:15:00,2025-05-30 17:26:00,DL,SFO,DEN,2699,27.43,29.05,3.11,0.0,15.44,-0.3382,0.7071,69,SFO-DEN,251,13,0,0,0,0,0,0,0,2025-05-30 13:15:00,2025-05-30 17:22:00,-4,0
2025-12-29 15:10:00,2025-12-29 18:41:00,DL,LAX,DFW,2202,3.69,6.73,0.0,0.0,15.03,1.0106,0.8903,73,LAX-DFW,211,15,0,0,0,0,0,0,-2,2025-12-29 15:08:00,2025-12-29 19:06:00,25,1
2025-11-08 18:20:00,2025-11-08 23:35:00,WN,ATL,DEN,3499,22.18,19.43,14.18,15.37,11.58,-0.1589,0.8944,42,ATL-DEN,315,18,0,0,1,0,0,0,30,2025-11-08 18:50:00,2025-11-09 00:28:00,53,1
2025-01-13 11:50:00,2025-01-13 16:47:00,AA,BOS,DFW,3272,9.47,10.19,0.36,0.0,17.84,0.3374,0.6146,66,BOS-DFW,297,11,0,0,0,0,0,0,12,2025-01-13 12:02:00,2025-01-13 17:08:00,21,1
2025-03-27 19:30:00,2025-03-27 23:10:00,WN,DFW,SEA,2318,7.88,8.47,0.0,0.68,15.36,-0.8339,-0.6483,42,DFW-SEA,220,19,0,0,0,0,0,0,22,2025-03-27 19:52:00,2025-03-27 23:42:00,32,1
2025-10-27 08:30:00,2025-10-27 14:07:00,DL,ATL,JFK,3774,13.82,10.78,11.11,11.49,12.61,0.2419,0.9295,87,ATL-JFK,337,8,0,0,0,0,0,0,-4,2025-10-27 08:26:00,2025-10-27 14:22:00,15,1
2025-01-22 13:50:00,2025-01-22 15:54:00,UA,ATL,BOS,1110,23.28,21.75,0.91,0.0,14.16,0.3074,0.1523,19,ATL-BOS,124,13,0,0,0,0,0,0,8,2025-01-22 13:58:00,2025-01-22 15:54:00,0,0
2025-11-09 03:30:00,2025-11-09 06:02:00,DL,SFO,ORD,1466,7.87,6.77,0.0,0.0,14.15,0.1171,-0.5696,85,SFO-ORD,152,3,0,1,0,0,0,0,-3,2025-11-09 03:27:00,2025-11-09 06:09:00,7,0
2025-04-13 14:10:00,2025-04-13 15:15:00,WN,SFO,ORD,374,11.42,12.19,16.63,17.17,8.87,-1.7423,0.1887,76,SFO-ORD,65,14,0,0,1,0,0,0,24,2025-04-13 14:34:00,2025-04-13 15:46:00,31,1
2025-12-01 06:20:00,2025-12-01 07:59:00,B6,JFK,DEN,800,10.07,7.76,0.12,2.23,16.44,1.0197,0.2092,27,JFK-DEN,99,6,0,0,0,0,0,0,-2,2025-12-01 06:18:00,2025-12-01 07:50:00,-9,0
2025-04-18 16:20:00,2025-04-18 18:26:00,WN,SFO,LAX,1134,10.6,10.15,11.97,11.47,11.41,0.3007,-0.1383,16,SFO-LAX,126,16,0,0,0,0,0,0,3,2025-04-18 16:23:00,2025-04-18 18:26:00,0,0
2025-06-08 19:20:00,2025-06-08 23:49:00,WN,LAX,ORD,2924,18.38,17.39,0.13,1.12,12.55,0.4336,-0.7791,58,LAX-ORD,269,19,0,0,0,0,0,0,18,2025-06-08 19:38:00,2025-06-09 00:33:00,44,1
2025-08-30 20:10:00,2025-08-31 01:56:00,B6,ATL,BOS,3893,5.52,7.12,0.0,0.83,14.1,1.5052,0.3304,93,ATL-BOS,346,20,0,1,0,0,0,0,-4,2025-08-30 20:06:00,2025-08-31 01:45:00,-11,0
2025-02-16 22:00:00,2025-02-17 02:17:00,UA,ORD,ATL,2778,6.81,6.46,0.04,0.62,16.58,-0.0817,-0.6619,43,ORD-ATL,257,22,0,1,0,0,0,0,9,2025-02-16 22:09:00,2025-02-17 02:08:00,-9,0
2025-07-23 02:15:00,2025-07-23 05:44:00,DL,ATL,ORD,2170,4.82,3.04,0.86,0.0,16.43,0.6729,-0.4774,26,ATL-ORD,209,2,0,1,0,0,0,0,3,2025-07-23 02:18:00,2025-07-23 05:54:00,10,0
2025-07-04 03:50:00,2025-07-04 06:20:00,WN,SEA,LAX,1434,15.32,15.41,0.0,0.0,16.79,0.7645,0.5792,92,SEA-LAX,150,3,1,1,0,0,1,0,8,2025-07-04 03:58:00,2025-07-04 06:47:00,27,1
2025-10-14 22:40:00,2025-10-15 00:13:00,UA,DFW,ORD,726,11.31,11.22,0.0,0.0,18.47,-0.282,0.3321,63,DFW-ORD,93,22,0,1,0,0,0,0,1,2025-10-14 22:41:00,2025-10-15 00:12:00,-1,0
2025-12-30 09:45:00,2025-12-30 14:00:00,AA,BOS,DFW,2755,22.77,24.93,20.43,19.39,8.66,0.0004,-0.6987,40,BOS-DFW,255,9,0,0,1,0,0,0,15,2025-12-30 10:00:00,2025-12-30 14:24:00,24,1
2025-08-31 00:10:00,2025-08-31 01:56:00,WN,DEN,JFK,891,2.91,3.89,0.01,0.37,19.22,-0.7951,0.1321,41,DEN-JFK,106,0,0,1,0,0,0,0,-4,2025-08-31 00:06:00,2025-08-31 01:53:00,-3,0
2025-05-30 06:20:00,2025-05-30 11:45:00,DL,ORD,SFO,3619,27.45,29.68,0.15,0.89,15.26,-2.4545,-0.4743,6,ORD-SFO,325,6,0,0,0,0,0,0,17,2025-05-30 06:37:00,2025-05-30 12:02:00,17,1
2025-05-29 20:30:00,2025-05-29 23:46:00,AA,SEA,DEN,2017,16.39,15.6,0.68,0.31,15.22,-0.7557,0.4432,83,SEA-DEN,196,20,0,1,0,0,0,0,4,2025-05-29 20:34:00,2025-05-29 23:58:00,12,0
2025-06-02 08:20:00,2025-06-02 11:17:00,DL,LAX,SFO,1770,14.8,13.4,0.0,0.26,11.46,-1.3845,-0.3005,48,LAX-SFO,177,8,0,0,0,0,0,0,-2,2025-06-02 08:18:00,2025-06-02 11:22:00,5,0
2025-10-25 01:20:00,2025-10-25 02:28:00,WN,BOS,ATL,411,3.62,7.85,12.18,13.43,8.43,-1.5059,-0.6018,80,BOS-ATL,68,1,0,1,1,0,0,0,25,2025-10-25 01:45:00,2025-10-25 03:00:00,32,1
2025-04-28 17:15:00,2025-04-28 19:35:00,B6,SFO,ATL,1317,9.27,5.1,0.0,0.0,17.39,-0.7113,-0.3213,23,SFO-ATL,140,17,0,0,0,0,0,0,-4,2025-04-28 17:11:00,2025-04-28 19:33:00,-2,0
2025-03-02 04:00:00,2025-03-02 05:03:00,B6,SEA,SFO,356,6.34,5.92,0.14,0.0,14.72,2.3601,0.7573,8,SEA-SFO,63,4,0,1,0,0,0,0,-6,2025-03-02 03:54:00,2025-03-02 04:54:00,-9,0
2025-05-03 08:45:00,2025-05-03 13:48:00,DL,DFW,BOS,3345,20.49,20.71,0.12,0.0,15.48,-1.1694,-0.9042,1,DFW-BOS,303,8,0,0,0,0,0,0,23,2025-05-03 09:08:00,2025-05-03 13:52:00,4,0
2025-01-09 00:50:00,2025-01-09 04:34:00,B6,JFK,LAX,2357,0.0,2.76,0.0,0.93,13.94,0.5065,0.463,61,JFK-LAX,224,0,0,1,0,0,0,0,8,2025-01-09 00:58:00,2025-01-09 04:36:00,2,0
2025-02-08 14:00:00,2025-02-08 19:23:00,DL,SFO,JFK,3600,9.19,9.67,0.52,0.0,16.5,-1.8845,0.8669,91,SFO-JFK,323,14,0,0,0,0,0,0,12,2025-02-08 14:12:00,2025-02-08 19:12:00,-11,0
2025-02-02 10:20:00,2025-02-02 14:29:00,AA,DFW,SEA,2673,9.73,11.61,0.0,0.0,16.85,0.2906,-0.4864,73,DFW-SEA,249,10,0,0,0,0,0,0,0,2025-02-02 10:20:00,2025-02-02 14:28:00,-1,0
2025-10-09 20:30:00,2025-10-10 02:50:00,B6,ATL,JFK,4308,6.54,6.73,5.74,4.75,13.79,0.6705,-0.6751,67,ATL-JFK,380,20,0,1,0,0,0,0,-5,2025-10-09 20:25:00,2025-10-10 02:47:00,-3,0
2025-09-21 08:45:00,2025-09-21 14:07:00,UA,BOS,ORD,3591,3.97,3.29,26.08,25.82,0.2,-1.1199,0.8764,51,BOS-ORD,322,8,0,0,1,1,0,0,35,2025-09-21 09:20:00,2025-09-21 15:14:00,67,1
2025-09-12 04:50:00,2025-09-12 06:39:00,B6,LAX,SFO,919,4.46,0.8,0.0,0.0,12.41,-0.6557,-0.1861,11,LAX-SFO,109,4,0,1,0,0,0,0,3,2025-09-12 04:53:00,2025-09-12 06:46:00,7,0
2025-06-18 03:20:00,2025-06-18 04:58:00,B6,SFO,SEA,789,7.09,8.11,9.09,10.3,11.2,-0.9391,-0.5872,56,SFO-SEA,98,3,0,1,0,0,0,0,-5,2025-06-18 03:15:00,2025-06-18 05:12:00,14,0
2025-09-19 04:40:00,2025-09-19 10:38:00,WN,ORD,SFO,4034,12.63,14.45,0.0,0.0,15.01,0.4922,-0.369,37,ORD-SFO,358,4,0,1,0,0,0,0,-10,2025-09-19 04:30:00,2025-09-19 10:34:00,-4,0
2025-02-28 10:50:00,2025-02-28 13:19:00,DL,LAX,BOS,1430,10.7,7.97,0.11,0.71,19.2,0.2816,0.0347,10,LAX-BOS,149,10,0,0,0,0,0,0,-3,2025-02-28 10:47:00,2025-02-28 13:11:00,-8,0
2025-11-25 02:45:00,2025-11-25 08:01:00,AA,DEN,BOS,3513,3.2,4.22,1.19,1.46,20.12,0.7919,-0.1653,27,DEN-BOS,316,2,0,1,0,0,0,0,-2,2025-11-25 02:43:00,2025-11-25 07:51:00,-10,0
2025-07-02 09:15:00,2025-07-02 13:45:00,B6,DFW,JFK,2940,7.73,11.9,0.0,1.26,15.23,-0.1639,0.0602,69,DFW-JFK,270,9,0,0,0,0,0,0,2,2025-07-02 09:17:00,2025-07-02 13:51:00,6,0
2025-12-09 20:45:00,2025-12-10 01:40:00,DL,ATL,LAX,3247,25.07,23.9,0.32,0.0,8.0,-1.54,-0.2246,81,ATL-LAX,295,20,0,1,0,0,0,0,4,2025-12-09 20:49:00,2025-12-10 01:31:00,-9,0
2025-02-25 18:20:00,2025-02-25 20:49:00,B6,DFW,ORD,1420,6.4,3.83,0.0,0.0,15.05,-1.1187,0.0609,30,DFW-ORD,149,18,0,0,0,0,0,0,-5,2025-02-25 18:15:00,2025-02-25 20:44:00,-5,0
2025-07-01 15:00:00,2025-07-01 17:44:00,AA,LAX,SEA,1614,11.43,10.22,0.26,0.2,9.79,-1.3674,0.8057,69,LAX-SEA,164,15,0,0,0,0,0,0,4,2025-07-01 15:04:00,2025-07-01 17:35:00,-9,0
2025-09-12 21:45:00,2025-09-13 01:50:00,AA,SFO,ATL,2630,12.1,8.07,0.0,1.98,17.77,-0.8693,0.6386,99,SFO-ATL,245,21,0,1,0,0,0,0,0,2025-09-12 21:45:00,2025-09-13 01:43:00,-7,0
2025-06-30 18:45:00,2025-06-30 19:51:00,B6,SFO,BOS,393,2.05,2.85,0.0,0.0,16.74,-0.5945,0.191,10,SFO-BOS,66,18,0,0,0,0,0,0,-2,2025-06-30 18:43:00,2025-06-30 19:39:00,-12,0
2025-06-12 15:15:00,2025-06-12 17:59:00,AA,SEA,BOS,1608,7.11,10.24,5.91,6.69,14.3,-0.4782,-0.1571,37,SEA-BOS,164,15,0,0,0,0,0,0,-8,2025-06-12 15:07:00,2025-06-12 17:48:00,-11,0
2025-03-02 20:20:00,2025-03-03 00:09:00,B6,ATL,JFK,2431,7.4,5.49,0.0,0.78,12.62,-0.1596,0.6963,0,ATL-JFK,229,20,0,1,0,0,0,0,15,2025-03-02 20:35:00,2025-03-03 00:04:00,-5,0
2025-05-20 02:15:00,2025-05-20 04:23:00,DL,SEA,LAX,1158,10.61,7.03,26.17,24.74,8.23,-1.8816,-0.2913,16,SEA-LAX,128,2,0,1,1,0,0,0,46,2025-05-20 03:01:00,2025-05-20 05:16:00,53,1
2025-03-29 19:00:00,2025-03-29 21:35:00,WN,BOS,SFO,1500,20.88,19.21,0.0,1.27,4.74,0.8031,0.7607,81,BOS-SFO,155,19,0,0,0,1,0,1,43,2025-03-29 19:43:00,2025-03-29 22:44:00,69,1
2025-04-21 07:50:00,2025-04-21 14:19:00,DL,LAX,SEA,4430,2.37,5.14,14.08,12.34,4.43,0.2699,-0.6233,81,LAX-SEA,389,7,0,0,1,1,0,0,38,2025-04-21 08:28:00,2025-04-21 15:05:00,46,1
2025-09-07 17:00:00,2025-09-07 19:36:00,B6,SFO,DEN,1517,22.17,24.04,1.04,0.0,18.67,-0.3913,-0.4599,93,SFO-DEN,156,17,0,0,0,0,0,0,4,2025-09-07 17:04:00,2025-09-07 19:34:00,-2,0
2025-08-19 21:30:00,2025-08-20 03:32:00,DL,SEA,LAX,4090,12.07,15.02,6.75,6.59,12.28,-0.5623,0.2009,62,SEA-LAX,362,21,0,1,0,0,0,0,7,2025-08-19 21:37:00,2025-08-20 03:26:00,-6,0
2025-08-10 11:00:00,2025-08-10 17:10:00,UA,LAX,ORD,4193,29.94,28.17,0.0,1.23,18.33,-0.5341,0.3973,96,LAX-ORD,370,11,0,0,0,0,0,0,-4,2025-08-10 10:56:00,2025-08-10 17:08:00,-2,0
2025-05-13 02:40:00,2025-05-13 07:25:00,WN,DEN,ATL,3130,0.0,1.39,0.07,1.23,16.5,-0.3798,0.8399,73,DEN-ATL,285,2,0,1,0,0,0,0,10,2025-05-13 02:50:00,2025-05-13 07:14:00,-11,0
2025-12-17 08:50:00,2025-12-17 10:40:00,AA,JFK,SEA,942,0.0,3.76,0.0,0.0,16.06,0.4327,-0.1512,11,JFK-SEA,110,8,0,0,0,0,0,0,12,2025-12-17 09:02:00,2025-12-17 11:14:00,34,1
2025-02-01 09:40:00,2025-02-01 11:48:00,DL,ORD,SFO,1163,43.4,40.37,0.0,1.0,13.79,-0.1702,-0.1774,46,ORD-SFO,128,9,0,0,0,0,0,0,-10,2025-02-01 09:30:00,2025-02-01 11:51:00,3,0
2025-05-06 22:30:00,2025-05-07 04:43:00,WN,JFK,SFO,4223,0.92,3.07,1.17,0.0,10.5,0.2695,-0.8648,39,JFK-SFO,373,22,0,1,0,0,0,0,-2,2025-05-06 22:28:00,2025-05-07 04:42:00,-1,0
2025-02-13 22:45:00,2025-02-13 23:44:00,B6,DFW,BOS,306,3.72,5.19,0.0,0.0,12.37,0.0689,0.3572,9,DFW-BOS,59,22,0,1,0,0,0,0,-4,2025-02-13 22:41:00,2025-02-13 23:44:00,0,0
2025-05-04 13:50:00,2025-05-04 17:38:00,B6,DFW,JFK,2415,5.49,2.19,0.0,0.0,19.4,-0.612,0.5699,12,DFW-JFK,228,13,0,0,0,0,0,0,4,2025-05-04 13:54:00,2025-05-04 17:28:00,-10,0
2025-12-18 22:45:00,2025-12-19 03:04:00,B6,LAX,DEN,2804,13.19,15.5,1.3,0.0,14.69,-1.6216,-0.98,95,LAX-DEN,259,22,0,1,0,0,0,0,-10,2025-12-18 22:35:00,2025-12-19 03:03:00,-1,0
2025-05-14 10:10:00,2025-05-14 15:51:00,B6,ATL,JFK,3820,8.12,9.37,0.0,0.0,18.94,1.3632,0.2821,93,ATL-JFK,341,10,0,0,0,0,0,0,1,2025-05-14 10:11:00,2025-05-14 15:47:00,-4,0
2025-11-28 09:30:00,2025-11-28 15:30:00,WN,SFO,DEN,4059,7.26,2.02,6.02,7.65,11.79,0.6064,-0.4023,97,SFO-DEN,360,9,0,0,0,0,0,0,10,2025-11-28 09:40:00,2025-11-28 15:52:00,22,1
2025-06-30 20:45:00,2025-06-30 23:19:00,DL,ATL,ORD,1491,27.77,24.66,0.27,0.56,16.05,1.2752,0.4985,45,ATL-ORD,154,20,0,1,0,0,0,0,20,2025-06-30 21:05:00,2025-06-30 23:33:00,14,0
2025-09-13 16:15:00,2025-09-13 20:03:00,AA,SFO,ORD,2410,0.58,0.0,0.0,0.05,16.71,-0.5088,-0.8576,37,SFO-ORD,228,16,0,0,0,0,0,0,-10,2025-09-13 16:05:00,2025-09-13 19:55:00,-8,0
2025-06-16 12:40:00,2025-06-16 17:12:00,B6,ATL,DFW,2962,17.7,19.15,17.63,19.59,10.39,0.3292,-0.0169,90,ATL-DFW,272,12,0,0,1,0,0,0,51,2025-06-16 13:31:00,2025-06-16 18:14:00,62,1
2025-04-08 10:00:00,2025-04-08 16:23:00,AA,JFK,SFO,4353,9.61,7.65,7.94,8.48,12.25,-0.6189,0.7439,18,JFK-SFO,383,10,0,0,0,0,0,0,8,2025-04-08 10:08:00,2025-04-08 16:17:00,-6,0
2025-10-06 16:50:00,2025-10-06 20:56:00,UA,DFW,SFO,2637,6.15,6.01,1.44,0.0,8.99,0.6523,0.9625,45,DFW-SFO,246,16,0,0,0,0,0,0,4,2025-10-06 16:54:00,2025-10-06 21:03:00,7,0
2025-12-20 18:30:00,2025-12-20 20:10:00,AA,LAX,SEA,811,5.88,5.55,0.23,0.0,17.32,1.5659,0.441,75,LAX-SEA,100,18,0,0,0,0,0,0,4,2025-12-20 18:34:00,2025-12-20 20:07:00,-3,0
2025-04-07 11:40:00,2025-04-07 17:49:00,UA,DFW,SEA,4181,7.81,7.46,1.02,0.79,16.38,1.5142,-0.8306,9,DFW-SEA,369,11,0,0,0,0,0,0,8,2025-04-07 11:48:00,2025-04-07 17:52:00,3,0
2025-10-12 00:45:00,2025-10-12 04:36:00,DL,SFO,LAX,2452,5.34,5.72,0.0,0.0,18.77,0.0338,0.0848,26,SFO-LAX,231,0,0,1,0,0,0,0,0,2025-10-12 00:45:00,2025-10-12 04:27:00,-9,0
2025-04-06 02:10:00,2025-04-06 04:09:00,UA,ATL,BOS,1053,15.95,16.53,0.0,0.0,14.71,0.7345,0.0556,35,ATL-BOS,119,2,0,1,0,0,0,0,10,2025-04-06 02:20:00,2025-04-06 04:15:00,6,0
2025-09-19 03:20:00,2025-09-19 05:23:00,B6,SFO,DEN,1099,6.1,6.85,0.0,1.37,14.33,0.5153,-0.0227,98,SFO-DEN,123,3,0,1,0,0,0,0,-3,2025-09-19 03:17:00,2025-09-19 05:22:00,-1,0
2025-10-15 11:45:00,2025-10-15 13:53:00,DL,ORD,LAX,1159,15.54,15.13,0.0,1.7,16.79,0.1371,-0.0601,97,ORD-LAX,128,11,0,0,0,0,0,0,6,2025-10-15 11:51:00,2025-10-15 13:50:00,-3,0
2025-06-14 14:10:00,2025-06-14 19:11:00,B6,SEA,DEN,3329,6.31,6.3,0.15,1.2,15.8,0.4286,-0.9576,23,SEA-DEN,301,14,0,0,0,0,0,0,-1,2025-06-14 14:09:00,2025-06-14 19:14:00,3,0
2025-09-26 19:45:00,2025-09-27 02:03:00,UA,BOS,JFK,4285,7.96,10.31,22.85,24.06,0.2,-0.7731,0.3734,87,BOS-JFK,378,19,0,0,1,1,0,0,18,2025-09-26 20:03:00,2025-09-27 02:34:00,31,1
2025-04-10 05:15:00,2025-04-10 08:42:00,DL,ATL,SFO,2153,9.59,9.93,0.85,0.29,11.2,-1.5383,0.201,61,ATL-SFO,207,5,0,0,0,0,0,0,6,2025-04-10 05:21:00,2025-04-10 08:43:00,1,0
2025-01-29 18:30:00,2025-01-29 20:02:00,UA,DFW,JFK,711,8.82,12.64,7.84,7.49,10.72,0.4311,0.0958,51,DFW-JFK,92,18,0,0,0,0,0,0,2,2025-01-29 18:32:00,2025-01-29 20:19:00,17,1
2025-02-05 15:30:00,2025-02-05 21:27:00,B6,DEN,SEA,4031,21.31,20.82,0.26,0.54,15.55,-1.0971,0.429,20,DEN-SEA,357,15,0,0,0,0,0,0,10,2025-02-05 15:40:00,2025-02-05 21:28:00,1,0
2025-06-13 01:40:00,2025-06-13 06:12:00,B6,SEA,DEN,2965,24.53,25.29,0.09,0.63,18.23,-0.8482,0.1046,32,SEA-DEN,272,1,0,1,0,0,0,0,9,2025-06-13 01:49:00,2025-06-13 06:29:00,17,1
2025-11-26 08:45:00,2025-11-26 12:56:00,DL,SFO,DFW,2697,19.67,14.35,0.0,0.71,16.33,-0.4415,-0.1465,54,SFO-DFW,251,8,0,0,0,0,0,0,15,2025-11-26 09:00:00,2025-11-26 13:14:00,18,1
2025-02-16 07:15:00,2025-02-16 08:34:00,B6,DFW,JFK,554,15.65,20.23,0.0,0.45,14.59,1.5035,-0.3314,16,DFW-JFK,79,7,0,0,0,0,0,0,5,2025-02-16 07:20:00,2025-02-16 08:42:00,8,0
2025-06-16 21:10:00,2025-06-17 03:35:00,WN,ORD,DFW,4376,15.35,17.99,0.64,0.0,15.47,-0.068,-0.2087,46,ORD-DFW,385,21,0,1,0,0,0,0,4,2025-06-16 21:14:00,2025-06-17 03:27:00,-8,0
2025-09-14 22:20:00,2025-09-14 23:45:00,DL,ATL,DFW,623,6.6,5.94,0.0,1.15,22.58,-0.8826,0.0367,13,ATL-DFW,85,22,0,1,0,0,0,0,-3,2025-09-14 22:17:00,2025-09-14 23:39:00,-6,0
2025-03-15 19:30:00,2025-03-15 23:54:00,AA,ORD,DEN,2863,8.17,7.27,4.69,5.14,16.15,-1.2336,-0.2512,8,ORD-DEN,264,19,0,0,0,0,0,0,3,2025-03-15 19:33:00,2025-03-15 23:41:00,-13,0
2025-09-21 12:45:00,2025-09-21 17:05:00,AA,ATL,SEA,2808,2.15,0.71,8.8,6.99,14.66,-0.1781,-0.1191,15,ATL-SEA,260,12,0,0,0,0,0,0,9,2025-09-21 12:54:00,2025-09-21 17:23:00,18,1
2025-04-22 11:45:00,2025-04-22 15:37:00,AA,ORD,DEN,2458,4.45,4.22,0.39,0.2,15.98,-0.2161,0.2771,75,ORD-DEN,232,11,0,0,0,0,0,0,19,2025-04-22 12:04:00,2025-04-22 15:32:00,-5,0
2025-10-23 07:15:00,2025-10-23 11:19:00,DL,DFW,JFK,2615,2.38,3.4,0.0,0.3,17.56,-1.1686,0.1086,53,DFW-JFK,244,7,0,0,0,0,0,0,-5,2025-10-23 07:10:00,2025-10-23 11:16:00,-3,0
2025-07-31 18:50:00,2025-07-31 22:03:00,WN,DFW,SEA,1971,5.33,5.22,0.0,0.0,18.64,0.1332,-0.1274,82,DFW-SEA,193,18,0,0,0,0,0,0,13,2025-07-31 19:03:00,2025-07-31 22:13:00,10,0
2025-07-19 02:00:00,2025-07-19 06:11:00,DL,DEN,DFW,2706,11.98,10.55,11.62,10.45,10.04,-1.6443,0.7425,69,DEN-DFW,251,2,0,1,0,0,0,0,32,2025-07-19 02:32:00,2025-07-19 07:10:00,59,1
2025-03-06 06:00:00,2025-03-06 09:01:00,DL,DFW,ATL,1828,6.93,9.65,0.13,0.0,15.23,-1.078,-0.314,4,DFW-ATL,181,6,0,0,0,0,0,0,-8,2025-03-06 05:52:00,2025-03-06 08:56:00,-5,0
2025-06-19 03:00:00,2025-06-19 06:38:00,UA,SEA,ATL,2289,16.82,16.24,8.33,7.79,12.45,1.3619,-0.4636,29,SEA-ATL,218,3,0,1,0,0,0,0,4,2025-06-19 03:04:00,2025-06-19 06:33:00,-5,0
2025-11-09 11:50:00,2025-11-09 16:37:00,AA,SEA,DFW,3148,3.63,3.34,0.0,0.57,12.84,-1.1703,-0.3196,34,SEA-DFW,287,11,0,0,0,0,0,0,-10,2025-11-09 11:40:00,2025-11-09 16:40:00,3,0
2025-01-08 07:10:00,2025-01-08 12:18:00,UA,DFW,LAX,3417,17.78,15.53,0.0,0.0,14.3,-0.1361,0.2498,98,DFW-LAX,308,7,0,0,0,0,0,0,-9,2025-01-08 07:01:00,2025-01-08 12:08:00,-10,0
2025-10-04 04:30:00,2025-10-04 06:21:00,DL,DEN,SFO,944,4.54,5.51,0.27,0.09,8.32,0.3823,-0.983,59,DEN-SFO,111,4,0,1,0,0,0,0,-7,2025-10-04 04:23:00,2025-10-04 06:19:00,-2,0
2025-06-29 09:45:00,2025-06-29 16:17:00,AA,JFK,BOS,4467,21.59,23.0,1.18,0.74,7.99,1.8172,-0.2719,46,JFK-BOS,392,9,0,0,0,0,0,0,11,2025-06-29 09:56:00,2025-06-29 16:28:00,11,0
2025-09-20 20:45:00,2025-09-20 22:16:00,B6,ORD,JFK,706,3.72,7.66,0.0,0.0,16.32,1.5203,-0.9119,93,ORD-JFK,91,20,0,1,0,0,0,0,0,2025-09-20 20:45:00,2025-09-20 22:19:00,3,0
2025-08-31 13:50:00,2025-08-31 16:22:00,AA,BOS,DEN,1458,13.0,13.34,0.0,0.78,18.1,0.6481,0.5757,59,BOS-DEN,152,13,0,0,0,0,0,0,-4,2025-08-31 13:46:00,2025-08-31 16:34:00,12,0
2025-06-07 19:00:00,2025-06-07 21:55:00,WN,ORD,JFK,1756,5.65,4.92,1.51,1.36,16.16,-1.0794,-0.2619,73,ORD-JFK,175,19,0,0,0,0,0,0,2,2025-06-07 19:02:00,2025-06-07 22:01:00,6,0
2025-04-23 21:20:00,2025-04-24 00:08:00,WN,SFO,DFW,1658,22.7,21.96,0.0,0.85,14.65,-0.9602,-0.6733,53,SFO-DFW,168,21,0,1,0,0,0,0,-1,2025-04-23 21:19:00,2025-04-24 00:06:00,-2,0
2025-08-17 21:30:00,2025-08-18 00:27:00,DL,SEA,DEN,1777,23.59,22.93,0.0,0.6,18.68,-0.4814,-0.007,40,SEA-DEN,177,21,0,1,0,0,0,0,5,2025-08-17 21:35:00,2025-08-18 00:30:00,3,0
2025-02-21 08:40:00,2025-02-21 11:27:00,B6,JFK,ATL,1656,11.51,12.82,0.0,0.85,12.29,2.4334,-0.2705,77,JFK-ATL,167,8,0,0,0,0,0,0,-10,2025-02-21 08:30:00,2025-02-21 11:22:00,-5,0
2025-08-02 21:30:00,2025-08-03 00:55:00,UA,DEN,ATL,2131,11.51,10.29,0.0,0.39,14.64,0.4934,0.8538,36,DEN-ATL,205,21,0,1,0,0,0,0,3,2025-08-02 21:33:00,2025-08-03 01:01:00,6,0
2025-02-04 21:30:00,2025-02-05 02:45:00,WN,DEN,JFK,3505,14.39,13.08,0.89,0.85,14.17,-0.0595,0.3383,93,DEN-JFK,315,21,0,1,0,0,0,0,1,2025-02-04 21:31:00,2025-02-05 02:39:00,-6,0
2025-08-26 23:15:00,2025-08-27 04:52:00,WN,ORD,DEN,3775,14.02,14.07,8.41,8.41,11.52,0.184,-0.0453,33,ORD-DEN,337,23,0,1,0,0,0,0,27,2025-08-26 23:42:00,2025-08-27 05:30:00,38,1
2025-08-18 08:00:00,2025-08-18 10:56:00,AA,JFK,DEN,1761,19.01,18.51,0.42,0.0,17.08,1.3586,0.9371,84,JFK-DEN,176,8,0,0,0,0,0,0,4,2025-08-18 08:04:00,2025-08-18 10:53:00,-3,0
2025-01-31 05:20:00,2025-01-31 07:46:00,WN,ATL,ORD,1385,4.47,3.88,0.0,0.39,18.0,-0.6127,0.4616,7,ATL-ORD,146,5,0,0,0,0,0,0,9,2025-01-31 05:29:00,2025-01-31 07:56:00,10,0
2025-10-04 14:15:00,2025-10-04 19:01:00,UA,ORD,ATL,3142,7.91,10.97,0.0,0.0,13.37,0.0695,-0.6107,51,ORD-ATL,286,14,0,0,0,0,0,0,19,2025-10-04 14:34:00,2025-10-04 19:20:00,19,1
2025-06-01 22:30:00,2025-06-01 23:49:00,AA,BOS,SFO,550,4.4,6.78,0.0,2.5,13.22,-0.2334,-0.0708,48,BOS-SFO,79,22,0,1,0,0,0,0,32,2025-06-01 23:02:00,2025-06-02 00:25:00,36,1
2025-10-15 21:45:00,2025-10-16 01:14:00,B6,SFO,DFW,2172,23.8,26.24,0.0,0.0,16.08,-0.7288,0.0016,93,SFO-DFW,209,21,0,1,0,0,0,0,-9,2025-10-15 21:36:00,2025-10-16 01:04:00,-10,0
2025-01-16 13:30:00,2025-01-16 15:43:00,DL,DFW,BOS,1224,1.45,6.98,0.06,0.0,11.1,-0.2552,0.83,37,DFW-BOS,133,13,0,0,0,0,0,0,2,2025-01-16 13:32:00,2025-01-16 15:35:00,-8,0
2025-03-07 03:30:00,2025-03-07 07:53:00,B6,DFW,DEN,2852,27.43,31.48,20.38,20.75,9.4,0.3455,0.1127,41,DFW-DEN,263,3,0,1,1,0,0,0,25,2025-03-07 03:55:00,2025-03-07 08:24:00,31,1
2025-06-30 10:00:00,2025-06-30 11:25:00,UA,ATL,DEN,628,11.32,10.81,0.0,0.83,15.0,0.2875,0.3728,6,ATL-DEN,85,10,0,0,0,0,0,0,13,2025-06-30 10:13:00,2025-06-30 11:50:00,25,1
2025-03-10 17:40:00,2025-03-10 23:17:00,B6,BOS,DEN,3781,16.62,16.58,22.52,22.2,4.57,1.3905,-0.6731,7,BOS-DEN,337,17,0,0,1,1,0,0,10,2025-03-10 17:50:00,2025-03-10 23:37:00,20,1
2025-05-01 13:20:00,2025-05-01 15:50:00,WN,SFO,ATL,1433,6.39,6.39,1.53,0.0,18.09,-0.6296,-0.1891,56,SFO-ATL,150,13,0,0,0,0,0,0,17,2025-05-01 13:37:00,2025-05-01 15:50:00,0,0
2025-08-30 08:00:00,2025-08-30 11:52:00,B6,JFK,BOS,2459,2.49,5.72,0.71,0.0,19.62,0.2294,-0.6377,13,JFK-BOS,232,8,0,0,0,0,0,0,26,2025-08-30 08:26:00,2025-08-30 12:35:00,43,1
2025-02-22 08:10:00,2025-02-22 12:21:00,AA,SFO,JFK,2703,22.85,22.15,0.34,0.0,16.77,-1.2001,-0.1008,33,SFO-JFK,251,8,0,0,0,0,0,0,7,2025-02-22 08:17:00,2025-02-22 12:04:00,-17,0
2025-09-05 01:45:00,2025-09-05 05:24:00,WN,SFO,ORD,2295,13.48,15.69,0.0,0.0,14.74,-0.0813,0.7404,95,SFO-ORD,219,1,0,1,0,0,0,0,9,2025-09-05 01:54:00,2025-09-05 05:25:00,1,0
2025-02-07 06:50:00,2025-02-07 10:19:00,WN,ATL,BOS,2181,2.7,3.27,0.58,1.1,16.08,-1.5453,0.7091,29,ATL-BOS,209,6,0,0,0,0,0,0,14,2025-02-07 07:04:00,2025-02-07 10:26:00,7,0
2025-03-05 16:30:00,2025-03-05 18:59:00,B6,DFW,DEN,1421,7.63,9.06,0.21,2.17,14.95,0.4691,-0.698,94,DFW-DEN,149,16,0,0,0,0,0,0,10,2025-03-05 16:40:00,2025-03-05 19:00:00,1,0
2025-08-03 05:50:00,2025-08-03 11:09:00,B6,SEA,DFW,3544,6.1,6.83,6.12,5.2,13.34,1.8081,-0.171,41,SEA-DFW,319,5,0,0,0,0,0,0,1,2025-08-03 05:51:00,2025-08-03 11:09:00,0,0
2025-10-17 23:10:00,2025-10-18 03:02:00,B6,JFK,SFO,2466,13.0,10.67,0.0,0.0,9.46,1.026,0.9057,91,JFK-SFO,232,23,0,1,0,0,0,0,1,2025-10-17 23:11:00,2025-10-18 02:56:00,-6,0
2025-03-04 01:15:00,2025-03-04 03:26:00,UA,JFK,SEA,1206,5.67,3.81,0.19,0.0,14.17,-0.3956,-0.7452,34,JFK-SEA,131,1,0,1,0,0,0,0,0,2025-03-04 01:15:00,2025-03-04 03:25:00,-1,0
2025-04-20 14:50:00,2025-04-20 17:17:00,UA,LAX,ORD,1402,4.41,5.71,1.18,1.41,11.28,0.9685,-0.6837,75,LAX-ORD,147,14,0,0,0,0,0,0,10,2025-04-20 15:00:00,2025-04-20 17:29:00,12,0
2025-12-04 11:10:00,2025-12-04 14:36:00,B6,ORD,ATL,2142,12.31,9.18,6.88,6.57,8.68,-1.4909,-0.8157,14,ORD-ATL,206,11,0,0,0,0,0,0,0,2025-12-04 11:10:00,2025-12-04 14:23:00,-13,0
2025-12-28 19:40:00,2025-12-29 01:22:00,AA,SFO,JFK,3842,3.62,7.24,0.0,0.37,18.03,0.4322,0.0432,67,SFO-JFK,342,19,0,0,0,0,0,0,-1,2025-12-28 19:39:00,2025-12-29 01:21:00,-1,0
2025-08-01 21:10:00,2025-08-02 03:32:00,UA,SEA,JFK,4337,25.25,23.18,0.07,0.0,15.58,2.5356,0.9943,33,SEA-JFK,382,21,0,1,0,0,0,0,-10,2025-08-01 21:00:00,2025-08-02 03:32:00,0,0
2025-06-13 13:15:00,2025-06-13 16:25:00,AA,LAX,BOS,1933,14.85,14.47,0.03,1.78,15.19,0.423,0.7758,83,LAX-BOS,190,13,0,0,0,0,0,0,8,2025-06-13 13:23:00,2025-06-13 16:30:00,5,0
2025-05-07 15:20:00,2025-05-07 18:32:00,UA,LAX,SEA,1959,16.89,16.4,0.0,0.0,16.11,-0.2733,-0.5507,45,LAX-SEA,192,15,0,0,0,0,0,0,-1,2025-05-07 15:19:00,2025-05-07 18:38:00,6,0
2025-08-12 16:15:00,2025-08-12 17:57:00,WN,DFW,DEN,842,3.54,2.56,0.0,0.25,18.71,-0.3418,0.6143,44,DFW-DEN,102,16,0,0,0,0,0,0,13,2025-08-12 16:28:00,2025-08-12 18:15:00,18,1
2025-08-04 12:45:00,2025-08-04 16:47:00,AA,BOS,LAX,2591,7.14,6.81,0.56,0.0,14.9,0.2684,-0.9449,65,BOS-LAX,242,12,0,0,0,0,0,0,3,2025-08-04 12:48:00,2025-08-04 16:57:00,10,0
2025-04-18 04:50:00,2025-04-18 07:10:00,WN,ORD,DEN,1307,9.71,7.81,16.93,15.19,9.79,-0.0552,0.2019,54,ORD-DEN,140,4,0,1,1,0,0,0,27,2025-04-18 05:17:00,2025-04-18 08:04:00,54,1
2025-01-09 10:30:00,2025-01-09 16:04:00,B6,ATL,BOS,3742,3.14,6.64,1.59,0.0,18.33,-0.4888,0.7457,55,ATL-BOS,334,10,0,0,0,0,0,0,-1,2025-01-09 10:29:00,2025-01-09 16:12:00,8,0
2025-02-25 05:30:00,2025-02-25 09:29:00,UA,ORD,DEN,2545,13.82,14.16,0.32,0.1,16.39,-0.1667,-0.2919,89,ORD-DEN,239,5,0,0,0,0,0,0,19,2025-02-25 05:49:00,2025-02-25 09:47:00,18,1
2025-12-16 11:00:00,2025-12-16 13:13:00,B6,JFK,ORD,1231,11.56,11.95,0.08,0.86,16.37,-1.6791,-0.2248,74,JFK-ORD,133,11,0,0,0,0,0,0,-8,2025-12-16 10:52:00,2025-12-16 13:17:00,4,0
2025-06-02 14:10:00,2025-06-02 20:17:00,AA,SEA,DFW,4148,15.59,13.62,0.63,0.0,12.01,0.7198,0.3055,5,SEA-DFW,367,14,0,0,0,0,0,0,9,2025-06-02 14:19:00,2025-06-02 20:33:00,16,1
2025-06-26 05:00:00,2025-06-26 10:33:00,AA,SFO,ORD,3724,18.96,20.77,7.22,6.91,15.15,1.0602,0.7478,95,SFO-ORD,333,5,0,0,0,0,0,0,11,2025-06-26 05:11:00,2025-06-26 10:43:00,10,0
2025-06-20 05:45:00,2025-06-20 08:25:00,DL,JFK,ORD,1562,18.03,17.27,0.45,0.0,10.34,0.6783,0.0848,56,JFK-ORD,160,5,0,0,0,0,0,0,-3,2025-06-20 05:42:00,2025-06-20 08:16:00,-9,0
2025-10-13 19:10:00,2025-10-13 20:49:00,B6,LAX,DFW,804,42.46,42.51,0.73,0.12,16.41,-0.3672,0.8786,7,LAX-DFW,99,19,0,0,0,0,0,0,1,2025-10-13 19:11:00,2025-10-13 20:57:00,8,0
2025-01-24 09:15:00,2025-01-24 11:43:00,B6,JFK,SFO,1410,8.59,11.01,0.72,0.0,10.22,0.3439,0.1729,38,JFK-SFO,148,9,0,0,0,0,0,0,3,2025-01-24 09:18:00,2025-01-24 11:51:00,8,0
2025-01-31 04:45:00,2025-01-31 07:51:00,AA,DFW,ATL,1882,8.56,11.61,1.17,0.0,15.89,0.3931,-0.3116,1,DFW-ATL,186,4,0,1,0,0,0,0,5,2025-01-31 04:50:00,2025-01-31 08:06:00,15,1
2025-04-11 17:40:00,2025-04-11 20:56:00,AA,ATL,SFO,2007,13.67,14.3,0.0,0.0,14.89,-0.3165,0.6875,55,ATL-SFO,196,17,0,0,0,0,0,0,-9,2025-04-11 17:31:00,2025-04-11 20:57:00,1,0
2025-06-27 17:30:00,2025-06-27 23:05:00,WN,ATL,DEN,3753,19.29,20.55,0.0,0.0,17.58,1.1343,0.6312,62,ATL-DEN,335,17,0,0,0,0,0,0,-1,2025-06-27 17:29:00,2025-06-27 23:02:00,-3,0
2025-09-02 19:00:00,2025-09-03 01:24:00,B6,ORD,DFW,4364,0.0,2.24,0.0,0.0,17.21,0.822,0.291,95,ORD-DFW,384,19,0,0,0,0,0,0,-10,2025-09-02 18:50:00,2025-09-03 01:25:00,1,0
2025-06-29 18:30:00,2025-06-29 23:40:00,DL,SFO,SEA,3438,4.26,4.26,0.0,0.0,15.25,0.986,-0.7254,67,SFO-SEA,310,18,0,0,0,0,0,0,5,2025-06-29 18:35:00,2025-06-29 23:49:00,9,0
2025-06-11 23:30:00,2025-06-12 05:13:00,WN,ATL,ORD,3849,4.21,5.4,0.38,0.29,18.28,0.3121,-0.9951,78,ATL-ORD,343,23,0,1,0,0,0,0,11,2025-06-11 23:41:00,2025-06-12 05:20:00,7,0
2025-12-09 13:15:00,2025-12-09 14:56:00,B6,DEN,JFK,825,8.82,9.31,0.47,1.11,13.98,-1.5202,-0.8961,80,DEN-JFK,101,13,0,0,0,0,0,0,4,2025-12-09 13:19:00,2025-12-09 15:02:00,6,0
2025-02-28 06:40:00,2025-02-28 08:29:00,AA,LAX,SEA,928,5.97,8.06,8.91,9.33,12.32,-2.2406,-0.4963,47,LAX-SEA,109,6,0,0,0,0,0,0,4,2025-02-28 06:44:00,2025-02-28 08:31:00,2,0
2025-07-28 20:50:00,2025-07-29 02:54:00,B6,ORD,BOS,4114,18.61,18.65,0.1,1.11,17.23,-0.5069,-0.524,39,ORD-BOS,364,20,0,1,0,0,0,0,1,2025-07-28 20:51:00,2025-07-29 02:56:00,2,0
2025-07-17 06:15:00,2025-07-17 10:40:00,UA,ORD,ATL,2877,10.04,13.22,0.7,1.23,13.07,-0.8615,0.2349,68,ORD-ATL,265,6,0,0,0,0,0,0,8,2025-07-17 06:23:00,2025-07-17 10:56:00,16,1
2025-06-22 06:15:00,2025-06-22 08:33:00,B6,ORD,JFK,1290,11.45,8.41,0.4,0.0,13.63,-0.0823,-0.1374,7,ORD-JFK,138,6,0,0,0,0,0,0,-1,2025-06-22 06:14:00,2025-06-22 08:33:00,0,0
2025-10-22 19:15:00,2025-10-23 00:40:00,B6,ATL,BOS,3625,11.19,12.21,0.0,1.87,15.58,-1.172,-0.948,56,ATL-BOS,325,19,0,0,0,0,0,0,10,2025-10-22 19:25:00,2025-10-23 00:44:00,4,0
2025-04-08 21:45:00,2025-04-08 23:43:00,AA,DEN,SFO,1034,3.22,3.82,0.0,0.76,8.61,-1.1647,0.7315,17,DEN-SFO,118,21,0,1,0,0,0,0,13,2025-04-08 21:58:00,2025-04-08 23:56:00,13,0
2025-12-15 08:00:00,2025-12-15 13:17:00,WN,JFK,ORD,3525,12.2,12.45,0.0,0.0,18.74,-2.0574,0.1874,19,JFK-ORD,317,8,0,0,0,0,0,0,8,2025-12-15 08:08:00,2025-12-15 13:24:00,7,0
2025-05-02 17:50:00,2025-05-02 23:46:00,DL,ATL,DEN,4009,3.75,4.39,0.03,0.0,15.49,-1.4022,-0.2155,87,ATL-DEN,356,17,0,0,0,0,0,0,9,2025-05-02 17:59:00,2025-05-02 23:41:00,-5,0
2025-07-18 22:45:00,2025-07-19 02:28:00,B6,DFW,ATL,2353,17.4,16.7,20.84,20.95,7.39,-0.4663,-0.227,45,DFW-ATL,223,22,0,1,1,0,0,0,35,2025-07-18 23:20:00,2025-07-19 03:11:00,43,1
2025-07-10 19:20:00,2025-07-10 23:59:00,B6,DFW,ATL,3056,1.36,4.44,0.0,0.88,14.84,-0.6122,-0.7885,55,DFW-ATL,279,19,0,0,0,0,0,0,-4,2025-07-10 19:16:00,2025-07-10 23:44:00,-15,0
2025-11-07 00:30:00,2025-11-07 05:35:00,B6,SFO,DFW,3373,12.37,13.94,0.0,0.0,15.51,1.0196,0.0226,11,SFO-DFW,305,0,0,1,0,0,0,0,-2,2025-11-07 00:28:00,2025-11-07 05:39:00,4,0
2025-06-10 15:50:00,2025-06-10 21:45:00,DL,DEN,DFW,3997,7.04,6.84,0.0,0.0,19.38,-0.3441,0.9816,27,DEN-DFW,355,15,0,0,0,0,0,0,4,2025-06-10 15:54:00,2025-06-10 21:44:00,-1,0
2025-04-14 04:45:00,2025-04-14 09:00:00,B6,SFO,ORD,2751,18.2,20.66,0.0,0.79,18.07,-1.6241,0.0431,45,SFO-ORD,255,4,0,1,0,0,0,0,2,2025-04-14 04:47:00,2025-04-14 08:53:00,-7,0
2025-01-08 20:15:00,2025-01-08 22:53:00,AA,ORD,BOS,1532,2.12,4.29,0.3,0.0,15.33,-0.3053,-0.9702,90,ORD-BOS,158,20,0,1,0,0,0,0,7,2025-01-08 20:22:00,2025-01-08 22:48:00,-5,0
2025-05-13 01:00:00,2025-05-13 03:07:00,WN,ORD,ATL,1146,9.89,10.05,0.76,0.3,19.07,0.4549,0.2392,43,ORD-ATL,127,1,0,1,0,0,0,0,24,2025-05-13 01:24:00,2025-05-13 03:44:00,37,1
2025-10-29 23:40:00,2025-10-30 02:38:00,AA,SEA,JFK,1793,16.89,16.56,4.57,5.49,17.8,-2.3854,-0.985,63,SEA-JFK,178,23,0,1,0,0,0,0,5,2025-10-29 23:45:00,2025-10-30 02:41:00,3,0
2025-01-04 04:10:00,2025-01-04 05:28:00,AA,SEA,SFO,535,11.4,13.56,0.0,0.0,14.89,1.1963,0.824,69,SEA-SFO,78,4,0,1,0,0,0,0,16,2025-01-04 04:26:00,2025-01-04 05:39:00,11,0
2025-11-24 10:00:00,2025-11-24 14:54:00,B6,DEN,SFO,3234,15.33,10.27,0.55,1.78,4.66,0.4039,0.032,19,DEN-SFO,294,10,0,0,0,1,0,1,10,2025-11-24 10:10:00,2025-11-24 15:23:00,29,1
2025-07-18 05:50:00,2025-07-18 08:53:00,WN,DFW,DEN,1851,4.25,3.39,0.0,0.02,15.25,1.3805,0.381,26,DFW-DEN,183,5,0,0,0,0,0,0,-1,2025-07-18 05:49:00,2025-07-18 08:56:00,3,0
2025-02-21 19:20:00,2025-02-22 00:18:00,AA,JFK,ATL,3288,0.0,4.7,2.89,1.2,12.22,0.4572,0.7494,53,JFK-ATL,298,19,0,0,0,0,0,0,17,2025-02-21 19:37:00,2025-02-22 00:32:00,14,0
2025-04-21 09:40:00,2025-04-21 11:00:00,WN,SFO,BOS,560,9.66,13.45,0.75,0.05,16.72,-0.4474,0.5701,39,SFO-BOS,80,9,0,0,0,0,0,0,8,2025-04-21 09:48:00,2025-04-21 11:12:00,12,0
2025-07-22 17:10:00,2025-07-22 19:57:00,WN,ATL,DFW,1651,10.66,12.48,0.28,0.0,12.63,-0.0804,0.0899,81,ATL-DFW,167,17,0,0,0,0,0,0,2,2025-07-22 17:12:00,2025-07-22 19:53:00,-4,0
2025-04-26 01:00:00,2025-04-26 04:12:00,DL,JFK,DFW,1959,2.59,4.26,8.0,8.71,15.06,-0.5016,-0.1927,41,JFK-DFW,192,1,0,1,0,0,0,0,-4,2025-04-26 00:56:00,2025-04-26 04:12:00,0,0
2025-02-09 10:00:00,2025-02-09 11:28:00,B6,BOS,DFW,667,4.6,6.5,0.92,0.86,14.43,0.8109,0.848,44,BOS-DFW,88,10,0,0,0,0,0,0,3,2025-02-09 10:03:00,2025-02-09 11:24:00,-4,0
2025-09-01 21:15:00,2025-09-02 02:52:00,WN,BOS,ATL,3781,8.11,7.58,0.0,2.7,14.31,-0.7981,-0.9538,17,BOS-ATL,337,21,1,1,0,0,1,0,27,2025-09-01 21:42:00,2025-09-02 03:34:00,42,1
2025-09-03 22:00:00,2025-09-04 02:20:00,DL,ORD,DFW,2809,5.49,4.5,0.0,0.1,13.67,0.3209,-0.1876,70,ORD-DFW,260,22,0,1,0,0,0,0,2,2025-09-03 22:02:00,2025-09-04 02:28:00,8,0
2025-02-13 05:20:00,2025-02-13 11:03:00,UA,BOS,DEN,3846,28.43,29.21,9.07,8.05,13.19,1.1303,-0.0011,73,BOS-DEN,343,5,0,0,0,0,0,0,16,2025-02-13 05:36:00,2025-02-13 11:21:00,18,1
2025-04-13 09:15:00,2025-04-13 14:43:00,DL,SEA,JFK,3667,22.98,23.9,0.0,0.21,15.58,0.2116,0.7423,46,SEA-JFK,328,9,0,0,0,0,0,0,-3,2025-04-13 09:12:00,2025-04-13 14:45:00,2,0
2025-03-31 09:30:00,2025-03-31 10:40:00,WN,SFO,ATL,443,13.61,14.39,0.0,1.44,13.13,0.0625,-0.6691,66,SFO-ATL,70,9,0,0,0,0,0,0,4,2025-03-31 09:34:00,2025-03-31 10:39:00,-1,0
2025-08-29 13:30:00,2025-08-29 19:20:00,B6,ORD,SEA,3934,24.97,21.12,6.08,6.84,13.6,0.4049,0.3989,97,ORD-SEA,350,13,0,0,0,0,0,0,4,2025-08-29 13:34:00,2025-08-29 19:22:00,2,0
2025-09-24 12:15:00,2025-09-24 13:37:00,WN,BOS,DFW,592,7.07,2.74,0.0,0.83,15.81,-0.6989,0.3367,40,BOS-DFW,82,12,0,0,0,0,0,0,2,2025-09-24 12:17:00,2025-09-24 13:34:00,-3,0
2025-09-23 02:20:00,2025-09-23 08:12:00,DL,BOS,DEN,3958,5.92,7.6,0.14,0.76,14.08,-2.1847,0.9191,1,BOS-DEN,352,2,0,1,0,0,0,0,6,2025-09-23 02:26:00,2025-09-23 08:06:00,-6,0
2025-12-09 18:00:00,2025-12-09 22:44:00,WN,DFW,SFO,3113,18.02,17.39,17.6,19.49,4.22,-1.0028,0.7373,15,DFW-SFO,284,18,0,0,1,1,0,1,68,2025-12-09 19:08:00,2025-12-10 00:04:00,80,1
2025-10-08 05:15:00,2025-10-08 10:49:00,B6,JFK,ORD,3741,10.35,10.56,0.0,0.0,18.08,-0.7936,-0.0313,64,JFK-ORD,334,5,0,0,0,0,0,0,22,2025-10-08 05:37:00,2025-10-08 11:35:00,46,1
2025-04-28 07:50:00,2025-04-28 11:37:00,DL,SEA,BOS,2399,9.42,9.49,0.0,0.0,14.8,0.3268,-0.8161,78,SEA-BOS,227,7,0,0,0,0,0,0,1,2025-04-28 07:51:00,2025-04-28 11:47:00,10,0
2025-02-09 20:50:00,2025-02-09 22:43:00,B6,DFW,BOS,972,1.69,2.35,0.0,0.0,18.28,-0.9128,0.6805,53,DFW-BOS,113,20,0,1,0,0,0,0,3,2025-02-09 20:53:00,2025-02-09 22:50:00,7,0
2025-08-13 16:20:00,2025-08-13 18:09:00,AA,BOS,ATL,927,21.74,17.56,0.24,0.0,17.73,-0.783,-0.5048,69,BOS-ATL,109,16,0,0,0,0,0,0,-4,2025-08-13 16:16:00,2025-08-13 18:09:00,0,0
2025-12-01 09:50:00,2025-12-01 11:29:00,B6,SFO,LAX,798,12.7,14.2,0.0,0.0,16.41,0.7457,0.5085,1,SFO-LAX,99,9,0,0,0,0,0,0,-9,2025-12-01 09:41:00,2025-12-01 11:13:00,-16,0
2025-12-22 21:30:00,2025-12-23 03:00:00,WN,SFO,DFW,3683,5.75,6.38,0.49,1.86,17.01,0.3843,0.1239,66,SFO-DFW,330,21,0,1,0,0,0,0,-7,2025-12-22 21:23:00,2025-12-23 02:58:00,-2,0
2025-03-26 09:10:00,2025-03-26 13:08:00,UA,LAX,DFW,2541,6.76,6.38,0.24,0.0,9.63,1.1962,-0.904,63,LAX-DFW,238,9,0,0,0,0,0,0,23,2025-03-26 09:33:00,2025-03-26 13:27:00,19,1
2025-03-28 13:45:00,2025-03-28 15:57:00,DL,ORD,JFK,1209,21.21,21.98,0.0,0.1,15.56,-0.1108,-0.9945,94,ORD-JFK,132,13,0,0,0,0,0,0,-7,2025-03-28 13:38:00,2025-03-28 15:50:00,-7,0
2025-01-14 05:20:00,2025-01-14 07:01:00,WN,SFO,JFK,824,7.66,6.77,0.84,0.0,16.02,-1.5362,-0.7456,39,SFO-JFK,101,5,0,0,0,0,0,0,33,2025-01-14 05:53:00,2025-01-14 07:44:00,43,1
2025-02-21 04:30:00,2025-02-21 05:55:00,B6,JFK,ATL,628,2.22,4.31,0.17,0.19,17.3,2.1286,-0.4539,80,JFK-ATL,85,4,0,1,0,0,0,0,5,2025-02-21 04:35:00,2025-02-21 06:08:00,13,0
2025-07-22 11:40:00,2025-07-22 14:06:00,B6,BOS,ATL,1383,21.59,22.35,0.0,0.07,15.04,0.6035,-0.4516,24,BOS-ATL,146,11,0,0,0,0,0,0,1,2025-07-22 11:41:00,2025-07-22 14:06:00,0,0
2025-07-19 13:15:00,2025-07-19 18:26:00,B6,LAX,SEA,3447,22.8,20.57,0.0,0.0,18.82,-0.5938,-0.5571,89,LAX-SEA,311,13,0,0,0,0,0,0,-1,2025-07-19 13:14:00,2025-07-19 18:29:00,3,0
2025-05-16 19:40:00,2025-05-17 01:39:00,B6,JFK,SFO,4048,5.97,6.5,0.0,0.6,12.47,0.8606,0.7398,55,JFK-SFO,359,19,0,0,0,0,0,0,-4,2025-05-16 19:36:00,2025-05-17 01:36:00,-3,0
2025-04-24 09:30:00,2025-04-24 13:53:00,B6,SEA,DFW,2854,33.65,34.47,0.15,0.0,11.5,0.1926,0.0674,76,SEA-DFW,263,9,0,0,0,0,0,0,-2,2025-04-24 09:28:00,2025-04-24 13:51:00,-2,0
2025-10-30 21:15:00,2025-10-31 03:48:00,UA,ORD,SFO,4481,9.21,8.55,0.46,0.0,18.53,1.2167,-0.7666,52,ORD-SFO,393,21,0,1,0,0,0,0,11,2025-10-30 21:26:00,2025-10-31 03:51:00,3,0
2025-06-17 14:15:00,2025-06-17 17:26:00,UA,JFK,SEA,1956,5.97,5.27,0.0,0.0,11.12,0.2291,-0.7919,74,JFK-SEA,191,14,0,0,0,0,0,0,-1,2025-06-17 14:14:00,2025-06-17 17:21:00,-5,0
2025-10-23 01:40:00,2025-10-23 04:31:00,DL,DFW,SEA,1696,13.01,17.76,0.0,0.81,16.35,-0.4234,0.1821,80,DFW-SEA,171,1,0,1,0,0,0,0,0,2025-10-23 01:40:00,2025-10-23 04:24:00,-7,0
2025-12-18 17:10:00,2025-12-18 22:02:00,B6,DFW,SEA,3209,4.27,0.99,0.1,0.0,17.14,0.2725,0.3464,75,DFW-SEA,292,17,0,0,0,0,0,0,2,2025-12-18 17:12:00,2025-12-18 21:49:00,-13,0
2025-04-26 13:00:00,2025-04-26 14:44:00,DL,LAX,SFO,865,4.01,5.31,0.84,0.09,12.46,0.9679,0.4274,98,LAX-SFO,104,13,0,0,0,0,0,0,11,2025-04-26 13:11:00,2025-04-26 14:39:00,-5,0
2025-03-15 09:50:00,2025-03-15 15:55:00,AA,LAX,BOS,4127,12.65,13.38,0.76,0.4,16.95,-0.7935,0.307,94,LAX-BOS,365,9,0,0,0,0,0,0,5,2025-03-15 09:55:00,2025-03-15 16:05:00,10,0
2025-12-14 11:15:00,2025-12-14 16:36:00,AA,JFK,BOS,3576,12.02,9.63,0.58,0.26,17.87,0.0508,0.2679,79,JFK-BOS,321,11,0,0,0,0,0,0,0,2025-12-14 11:15:00,2025-12-14 16:42:00,6,0
2025-08-20 07:40:00,2025-08-20 08:50:00,WN,JFK,DFW,443,16.44,17.03,1.41,0.2,14.71,-1.2061,0.5642,52,JFK-DFW,70,7,0,0,0,0,0,0,-4,2025-08-20 07:36:00,2025-08-20 08:47:00,-3,0
2025-04-17 14:40:00,2025-04-17 16:42:00,UA,SFO,JFK,1086,6.75,2.94,0.65,0.0,16.59,0.4801,-0.8432,9,SFO-JFK,122,14,0,0,0,0,0,0,2,2025-04-17 14:42:00,2025-04-17 16:40:00,-2,0
2025-08-15 13:45:00,2025-08-15 18:15:00,B6,DEN,SFO,2936,28.89,29.82,0.81,0.13,12.38,0.0514,0.3021,41,DEN-SFO,270,13,0,0,0,0,0,0,22,2025-08-15 14:07:00,2025-08-15 19:00:00,45,1
2025-07-07 10:40:00,2025-07-07 15:47:00,B6,BOS,DEN,3401,6.02,8.47,0.06,0.0,16.92,0.6316,-0.6339,60,BOS-DEN,307,10,0,0,0,0,0,0,-8,2025-07-07 10:32:00,2025-07-07 15:47:00,0,0
2025-11-27 06:40:00,2025-11-27 08:52:00,AA,SEA,JFK,1216,10.66,9.62,8.16,6.64,15.16,1.0049,-0.6081,96,SEA-JFK,132,6,1,0,0,0,0,0,7,2025-11-27 06:47:00,2025-11-27 09:08:00,16,1
2025-04-04 09:45:00,2025-04-04 14:55:00,B6,SFO,SEA,3437,7.27,11.99,0.79,0.0,17.31,-0.6661,0.549,31,SFO-SEA,310,9,0,0,0,0,0,0,1,2025-04-04 09:46:00,2025-04-04 14:54:00,-1,0
2025-12-28 11:50:00,2025-12-28 15:28:00,WN,LAX,SFO,2291,3.26,2.4,0.0,0.0,11.96,0.1859,0.9946,96,LAX-SFO,218,11,0,0,0,0,0,0,-7,2025-12-28 11:43:00,2025-12-28 15:27:00,-1,0
2025-12-08 11:00:00,2025-12-08 15:46:00,B6,DFW,BOS,3135,10.27,11.54,0.3,2.96,15.61,0.2281,-0.3602,57,DFW-BOS,286,11,0,0,0,0,0,0,8,2025-12-08 11:08:00,2025-12-08 15:44:00,-2,0
2025-03-07 07:40:00,2025-03-07 11:01:00,UA,DFW,DEN,2080,15.26,15.85,0.0,0.98,16.78,-0.6471,0.0327,87,DFW-DEN,201,7,0,0,0,0,0,0,11,2025-03-07 07:51:00,2025-03-07 11:11:00,10,0
2025-03-02 13:10:00,2025-03-02 16:42:00,WN,JFK,BOS,2207,10.92,8.42,0.24,0.78,15.61,-0.9975,0.4032,70,JFK-BOS,212,13,0,0,0,0,0,0,5,2025-03-02 13:15:00,2025-03-02 16:47:00,5,0
2025-07-14 05:50:00,2025-07-14 09:00:00,AA,ATL,ORD,1937,4.82,7.39,0.19,0.0,13.89,1.5276,0.8964,57,ATL-ORD,190,5,0,0,0,0,0,0,6,2025-07-14 05:56:00,2025-07-14 08:55:00,-5,0
2025-01-17 12:00:00,2025-01-17 13:52:00,UA,JFK,ORD,959,16.59,14.98,0.11,0.0,11.58,-0.4198,0.2926,80,JFK-ORD,112,12,0,0,0,0,0,0,4,2025-01-17 12:04:00,2025-01-17 13:57:00,5,0
2025-04-20 02:10:00,2025-04-20 04:13:00,DL,DEN,DFW,1099,17.42,18.86,0.0,2.57,15.76,-0.4242,0.412,62,DEN-DFW,123,2,0,1,0,0,0,0,12,2025-04-20 02:22:00,2025-04-20 04:08:00,-5,0
2025-06-08 11:10:00,2025-06-08 13:05:00,DL,DEN,ATL,1004,8.53,6.7,11.69,10.68,13.27,-0.2546,-0.4284,81,DEN-ATL,115,11,0,0,0,0,0,0,-3,2025-06-08 11:07:00,2025-06-08 13:11:00,6,0
2025-12-20 18:30:00,2025-12-20 23:59:00,AA,LAX,JFK,3671,12.74,11.36,0.48,0.25,17.3,0.5055,-0.2578,44,LAX-JFK,329,18,0,0,0,0,0,0,-10,2025-12-20 18:20:00,2025-12-20 23:50:00,-9,0
2025-12-29 19:00:00,2025-12-29 22:21:00,UA,SFO,ORD,2077,17.88,16.79,0.0,1.84,16.31,-0.4761,0.7959,3,SFO-ORD,201,19,0,0,0,0,0,0,-9,2025-12-29 18:51:00,2025-12-29 22:21:00,0,0
2025-02-25 16:00:00,2025-02-25 19:06:00,WN,BOS,JFK,1893,13.71,13.18,0.0,0.0,15.49,-0.7826,-0.9162,21,BOS-JFK,186,16,0,0,0,0,0,0,5,2025-02-25 16:05:00,2025-02-25 19:11:00,5,0
2025-11-22 17:30:00,2025-11-22 23:16:00,AA,SFO,DEN,3893,13.31,9.06,8.84,9.28,11.66,0.1526,0.1114,52,SFO-DEN,346,17,0,0,0,0,0,0,5,2025-11-22 17:35:00,2025-11-22 23:16:00,0,0
2025-02-03 01:50:00,2025-02-03 07:47:00,WN,JFK,LAX,4026,16.93,15.07,0.14,0.0,9.71,0.7051,-0.7273,10,JFK-LAX,357,1,0,1,0,0,0,0,7,2025-02-03 01:57:00,2025-02-03 07:45:00,-2,0
2025-10-01 08:30:00,2025-10-01 10:48:00,B6,SFO,LAX,1282,12.71,12.56,0.0,0.0,16.51,0.4568,-0.9129,45,SFO-LAX,138,8,0,0,0,0,0,0,13,2025-10-01 08:43:00,2025-10-01 10:45:00,-3,0
2025-11-05 15:20:00,2025-11-05 18:18:00,B6,DFW,LAX,1789,11.93,9.07,0.89,0.77,17.96,-0.6231,-0.716,1,DFW-LAX,178,15,0,0,0,0,0,0,-4,2025-11-05 15:16:00,2025-11-05 18:14:00,-4,0
2025-11-22 19:40:00,2025-11-22 22:57:00,WN,SFO,SEA,2029,4.69,4.85,0.0,0.0,16.98,-1.0922,-0.0655,51,SFO-SEA,197,19,0,0,0,0,0,0,11,2025-11-22 19:51:00,2025-11-22 23:12:00,15,1
2025-03-23 13:30:00,2025-03-23 19:11:00,WN,LAX,DEN,3826,7.21,5.09,0.69,0.78,10.63,-0.9674,0.2243,21,LAX-DEN,341,13,0,0,0,0,0,0,-10,2025-03-23 13:20:00,2025-03-23 19:08:00,-3,0
2025-11-23 20:20:00,2025-11-24 01:05:00,AA,ORD,LAX,3120,13.66,12.59,0.0,0.43,15.66,0.3293,-0.6743,74,ORD-LAX,285,20,0,1,0,0,0,0,6,2025-11-23 20:26:00,2025-11-24 01:25:00,20,1
2025-02-12 06:30:00,2025-02-12 10:32:00,WN,LAX,SEA,2586,6.83,11.83,28.64,29.73,7.32,0.5293,0.0253,53,LAX-SEA,242,6,0,0,1,0,0,0,45,2025-02-12 07:15:00,2025-02-12 11:31:00,59,1
2025-07-09 03:00:00,2025-07-09 05:18:00,WN,JFK,BOS,1287,13.83,14.46,0.0,0.0,15.58,-0.4841,0.9449,90,JFK-BOS,138,3,0,1,0,0,0,0,-1,2025-07-09 02:59:00,2025-07-09 05:20:00,2,0
2025-06-21 02:10:00,2025-06-21 05:19:00,UA,JFK,DEN,1919,2.92,7.64,7.95,8.06,13.95,-0.5467,0.0753,90,JFK-DEN,189,2,0,1,0,0,0,0,0,2025-06-21 02:10:00,2025-06-21 05:06:00,-13,0
2025-04-26 13:40:00,2025-04-26 14:49:00,B6,SEA,ATL,421,5.79,4.56,0.0,1.03,12.28,-1.2079,-0.8759,39,SEA-ATL,69,13,0,0,0,0,0,0,-4,2025-04-26 13:36:00,2025-04-26 14:41:00,-8,0
2025-01-09 15:15:00,2025-01-09 20:10:00,AA,SEA,DFW,3256,9.96,8.66,0.0,0.0,19.02,-0.0687,-0.5088,41,SEA-DFW,295,15,0,0,0,0,0,0,20,2025-01-09 15:35:00,2025-01-09 20:48:00,38,1
2025-10-09 06:00:00,2025-10-09 12:08:00,WN,ATL,JFK,4159,2.19,0.0,0.0,0.0,14.59,0.6854,-0.9221,51,ATL-JFK,368,6,0,0,0,0,0,0,-1,2025-10-09 05:59:00,2025-10-09 12:11:00,3,0
2025-05-03 18:00:00,2025-05-03 23:23:00,UA,ORD,SFO,3603,4.69,4.17,0.39,0.58,17.71,-0.6761,0.1749,64,ORD-SFO,323,18,0,0,0,0,0,0,11,2025-05-03 18:11:00,2025-05-03 23:24:00,1,0
2025-08-30 17:45:00,2025-08-30 20:28:00,B6,SEA,ATL,1599,6.07,4.82,0.0,0.82,13.73,1.048,0.7545,65,SEA-ATL,163,17,0,0,0,0,0,0,18,2025-08-30 18:03:00,2025-08-30 20:39:00,11,0
2025-05-30 08:15:00,2025-05-30 11:56:00,AA,ORD,LAX,2327,11.72,15.83,0.19,0.14,15.72,-1.0496,0.5508,46,ORD-LAX,221,8,0,0,0,0,0,0,-4,2025-05-30 08:11:00,2025-05-30 11:53:00,-3,0
2025-05-17 05:00:00,2025-05-17 11:21:00,AA,JFK,LAX,4321,8.81,6.69,0.0,0.92,16.11,-0.7941,-0.9092,52,JFK-LAX,381,5,0,0,0,0,0,0,7,2025-05-17 05:07:00,2025-05-17 11:15:00,-6,0
2025-11-20 17:40:00,2025-11-20 21:02:00,B6,DFW,SFO,2086,12.11,10.73,0.0,0.0,17.02,-0.1576,0.5545,1,DFW-SFO,202,17,0,0,0,0,0,0,9,2025-11-20 17:49:00,2025-11-20 21:01:00,-1,0
2025-02-04 16:30:00,2025-02-04 22:11:00,WN,ORD,DFW,3824,10.26,7.35,0.6,1.27,10.9,0.1549,0.0195,7,ORD-DFW,341,16,0,0,0,0,0,0,-2,2025-02-04 16:28:00,2025-02-04 22:11:00,0,0
2025-09-26 04:20:00,2025-09-26 08:33:00,UA,LAX,DFW,2725,6.56,8.54,0.45,0.0,19.43,-0.2499,0.7035,42,LAX-DFW,253,4,0,1,0,0,0,0,-6,2025-09-26 04:14:00,2025-09-26 08:41:00,8,0
2025-09-30 06:50:00,2025-09-30 10:37:00,WN,DFW,DEN,2395,4.98,4.31,1.97,1.22,16.62,0.2631,-0.2066,93,DFW-DEN,227,6,0,0,0,0,0,0,9,2025-09-30 06:59:00,2025-09-30 10:31:00,-6,0
2025-05-19 11:15:00,2025-05-19 15:31:00,WN,DFW,JFK,2757,10.66,11.62,0.03,1.42,15.14,0.223,-0.1863,37,DFW-JFK,256,11,0,0,0,0,0,0,6,2025-05-19 11:21:00,2025-05-19 15:53:00,22,1
2025-04-06 12:30:00,2025-04-06 14:44:00,UA,DFW,BOS,1239,21.89,17.77,0.0,0.83,14.95,1.1857,0.9756,99,DFW-BOS,134,12,0,0,0,0,0,0,-10,2025-04-06 12:20:00,2025-04-06 14:44:00,0,0
2025-01-02 03:40:00,2025-01-02 07:02:00,B6,ATL,BOS,2087,6.73,5.61,14.43,14.71,10.5,0.0706,-0.3116,31,ATL-BOS,202,3,0,1,1,0,0,0,43,2025-01-02 04:23:00,2025-01-02 08:03:00,61,1
2025-12-08 22:30:00,2025-12-09 01:11:00,B6,ATL,SFO,1578,28.18,25.92,0.91,0.0,18.03,-0.3329,-0.6057,5,ATL-SFO,161,22,0,1,0,0,0,0,-4,2025-12-08 22:26:00,2025-12-09 01:04:00,-7,0
2025-12-12 09:10:00,2025-12-12 14:24:00,DL,ATL,ORD,3482,9.99,9.36,31.83,32.5,3.82,0.4006,0.9495,30,ATL-ORD,314,9,0,0,1,1,0,0,34,2025-12-12 09:44:00,2025-12-12 15:03:00,39,1
2025-03-29 09:40:00,2025-03-29 14:05:00,UA,DFW,BOS,2871,15.22,16.26,13.64,12.39,9.47,-1.7794,0.8082,38,DFW-BOS,265,9,0,0,1,0,0,0,22,2025-03-29 10:02:00,2025-03-29 14:52:00,47,1
2025-01-12 01:40:00,2025-01-12 04:53:00,DL,JFK,LAX,1978,10.39,11.18,0.0,0.32,16.67,-1.376,-0.7792,15,JFK-LAX,193,1,0,1,0,0,0,0,-3,2025-01-12 01:37:00,2025-01-12 04:50:00,-3,0
2025-02-14 21:00:00,2025-02-15 02:35:00,DL,DFW,DEN,3754,13.53,12.57,0.31,0.0,16.86,0.8967,-0.5685,39,DFW-DEN,335,21,0,1,0,0,0,0,-1,2025-02-14 20:59:00,2025-02-15 02:31:00,-4,0
2025-01-25 05:10:00,2025-01-25 08:41:00,DL,SFO,BOS,2202,6.46,6.35,0.8,0.21,19.16,-0.5401,0.7123,58,SFO-BOS,211,5,0,0,0,0,0,0,12,2025-01-25 05:22:00,2025-01-25 08:47:00,6,0
2025-10-31 23:40:00,2025-11-01 05:59:00,AA,DEN,JFK,4303,6.73,10.3,0.12,0.0,15.66,-0.8,-0.5615,19,DEN-JFK,379,23,0,1,0,0,0,0,2,2025-10-31 23:42:00,2025-11-01 06:11:00,12,0
2025-11-22 11:00:00,2025-11-22 15:22:00,WN,DFW,SEA,2842,4.68,2.78,0.25,0.0,16.07,0.4373,-0.3692,80,DFW-SEA,262,11,0,0,0,0,0,0,0,2025-11-22 11:00:00,2025-11-22 15:25:00,3,0
2025-02-25 20:50:00,2025-02-26 02:47:00,AA,DEN,ATL,4020,7.88,6.63,0.61,0.25,11.65,-0.131,-0.3047,16,DEN-ATL,357,20,0,1,0,0,0,0,-6,2025-02-25 20:44:00,2025-02-26 03:11:00,24,1
2025-09-30 04:00:00,2025-09-30 10:31:00,DL,DEN,DFW,4444,14.31,14.38,0.5,1.05,17.97,0.9522,-0.3214,83,DEN-DFW,391,4,0,1,0,0,0,0,0,2025-09-30 04:00:00,2025-09-30 10:25:00,-6,0
2025-03-07 03:50:00,2025-03-07 06:39:00,UA,LAX,SFO,1673,6.85,7.54,0.73,0.0,16.63,-0.4181,-0.537,11,LAX-SFO,169,3,0,1,0,0,0,0,-10,2025-03-07 03:40:00,2025-03-07 06:29:00,-10,0
2025-05-15 19:40:00,2025-05-15 22:07:00,DL,DEN,DFW,1394,16.9,18.87,7.32,7.82,10.88,1.2701,-0.6412,26,DEN-DFW,147,19,0,0,0,0,0,0,9,2025-05-15 19:49:00,2025-05-15 22:06:00,-1,0
2025-08-07 19:20:00,2025-08-08 01:00:00,WN,DEN,ATL,3809,5.55,7.58,0.22,0.0,20.58,-0.3508,-0.2756,35,DEN-ATL,340,19,0,0,0,0,0,0,2,2025-08-07 19:22:00,2025-08-08 01:01:00,1,0
2025-09-20 13:15:00,2025-09-20 15:32:00,WN,ORD,DFW,1274,3.53,2.86,0.17,0.0,16.93,0.9272,0.017,28,ORD-DFW,137,13,0,0,0,0,0,0,32,2025-09-20 13:47:00,2025-09-20 16:03:00,31,1
2025-11-16 00:15:00,2025-11-16 05:27:00,AA,SEA,ORD,3458,4.87,8.26,10.0,9.68,12.69,0.086,-0.9535,65,SEA-ORD,312,0,0,1,0,0,0,0,13,2025-11-16 00:28:00,2025-11-16 05:53:00,26,1
2025-01-17 22:40:00,2025-01-18 00:38:00,UA,BOS,SFO,1042,15.3,16.83,7.12,7.36,9.16,-0.8191,-0.9169,28,BOS-SFO,118,22,0,1,0,0,0,0,1,2025-01-17 22:41:00,2025-01-18 00:39:00,1,0
2025-03-13 09:45:00,2025-03-13 15:36:00,WN,BOS,LAX,3953,24.2,27.7,5.92,6.32,9.62,-0.0743,0.1018,12,BOS-LAX,351,9,0,0,0,0,0,0,-9,2025-03-13 09:36:00,2025-03-13 15:27:00,-9,0
2025-04-13 22:10:00,2025-04-14 03:01:00,DL,DEN,ATL,3195,30.27,30.04,1.61,0.0,17.71,0.1076,-0.6455,16,DEN-ATL,291,22,0,1,0,0,0,0,-1,2025-04-13 22:09:00,2025-04-14 03:00:00,-1,0
2025-04-24 20:30:00,2025-04-25 00:24:00,AA,LAX,SEA,2488,14.69,14.67,0.25,0.0,17.31,-0.0969,-0.6763,89,LAX-SEA,234,20,0,1,0,0,0,0,18,2025-04-24 20:48:00,2025-04-25 00:49:00,25,1
2025-12-31 20:50:00,2026-01-01 00:20:00,UA,SFO,SEA,2186,14.82,14.82,18.08,19.57,10.02,-0.7829,-0.869,62,SFO-SEA,210,20,1,1,1,0,1,0,65,2025-12-31 21:55:00,2026-01-01 02:02:00,102,1
2025-10-11 16:15:00,2025-10-11 20:48:00,UA,BOS,LAX,2976,2.81,2.62,0.0,0.0,15.9,1.4326,0.5846,93,BOS-LAX,273,16,0,0,0,0,0,0,7,2025-10-11 16:22:00,2025-10-11 20:50:00,2,0
2025-04-27 16:40:00,2025-04-27 19:50:00,UA,ATL,SFO,1932,4.52,4.09,0.43,0.0,13.71,0.2434,-0.4287,14,ATL-SFO,190,16,0,0,0,0,0,0,-6,2025-04-27 16:34:00,2025-04-27 19:51:00,1,0
2025-12-21 12:10:00,2025-12-21 15:23:00,WN,JFK,ORD,1970,6.08,3.78,3.05,3.98,13.3,-2.2033,0.0119,68,JFK-ORD,193,12,0,0,0,0,0,0,14,2025-12-21 12:24:00,2025-12-21 15:19:00,-4,0
2025-07-02 00:45:00,2025-07-02 02:53:00,WN,SFO,DEN,1157,22.28,22.2,0.0,0.0,16.81,0.2041,0.0487,39,SFO-DEN,128,0,0,1,0,0,0,0,3,2025-07-02 00:48:00,2025-07-02 02:48:00,-5,0
2025-07-02 09:10:00,2025-07-02 11:02:00,DL,JFK,DFW,962,21.35,21.7,0.08,2.47,13.84,0.507,-0.4969,86,JFK-DFW,112,9,0,0,0,0,0,0,-5,2025-07-02 09:05:00,2025-07-02 11:09:00,7,0
2025-06-08 17:15:00,2025-06-08 23:13:00,UA,SFO,JFK,4042,34.48,34.53,0.0,0.0,19.03,-2.0027,0.6303,54,SFO-JFK,358,17,0,0,0,0,0,0,0,2025-06-08 17:15:00,2025-06-08 23:11:00,-2,0
2025-02-22 19:20:00,2025-02-23 00:31:00,B6,LAX,JFK,3446,4.67,7.15,1.13,0.0,16.33,-0.7116,0.9415,16,LAX-JFK,311,19,0,0,0,0,0,0,19,2025-02-22 19:39:00,2025-02-23 01:06:00,35,1
2025-12-08 13:15:00,2025-12-08 16:43:00,B6,ATL,LAX,2161,10.95,8.4,0.0,1.63,11.49,0.9246,-0.1307,67,ATL-LAX,208,13,0,0,0,0,0,0,4,2025-12-08 13:19:00,2025-12-08 16:42:00,-1,0
2025-01-06 17:10:00,2025-01-06 22:48:00,AA,DFW,ORD,3793,2.54,2.42,17.01,18.37,9.26,0.1606,0.977,57,DFW-ORD,338,17,0,0,1,0,0,0,17,2025-01-06 17:27:00,2025-01-06 23:33:00,45,1
2025-03-05 00:40:00,2025-03-05 05:03:00,DL,ORD,ATL,2852,2.83,0.47,0.0,0.0,16.14,0.1622,-0.5885,96,ORD-ATL,263,0,0,1,0,0,0,0,-1,2025-03-05 00:39:00,2025-03-05 04:49:00,-14,0
2025-03-25 11:00:00,2025-03-25 15:20:00,UA,JFK,LAX,2816,8.35,8.5,0.0,1.1,15.38,-1.1986,0.5239,80,JFK-LAX,260,11,0,0,0,0,0,0,16,2025-03-25 11:16:00,2025-03-25 15:25:00,5,0
2025-04-12 12:50:00,2025-04-12 14:27:00,UA,BOS,ATL,772,5.01,4.13,0.36,0.78,14.65,-0.8552,0.0437,81,BOS-ATL,97,12,0,0,0,0,0,0,2,2025-04-12 12:52:00,2025-04-12 14:27:00,0,0
2025-02-18 21:00:00,2025-02-19 01:00:00,WN,BOS,JFK,2560,5.29,6.62,0.0,0.0,17.3,-1.3589,0.0881,37,BOS-JFK,240,21,0,1,0,0,0,0,-8,2025-02-18 20:52:00,2025-02-19 01:08:00,8,0
2025-01-07 07:15:00,2025-01-07 08:50:00,B6,LAX,DFW,753,5.7,3.79,1.17,0.47,11.77,-1.8881,0.8173,39,LAX-DFW,95,7,0,0,0,0,0,0,1,2025-01-07 07:16:00,2025-01-07 08:42:00,-8,0
2025-09-05 05:50:00,2025-09-05 10:39:00,DL,JFK,BOS,3172,22.65,23.92,0.38,0.0,16.63,-2.5585,0.9096,60,JFK-BOS,289,5,0,0,0,0,0,0,9,2025-09-05 05:59:00,2025-09-05 10:56:00,17,1
2025-12-20 08:10:00,2025-12-20 09:32:00,DL,LAX,SFO,582,20.22,15.22,0.74,0.0,16.63,2.0833,-0.9951,82,LAX-SFO,82,8,0,0,0,0,0,0,6,2025-12-20 08:16:00,2025-12-20 09:25:00,-7,0
2025-02-14 04:00:00,2025-02-14 07:52:00,AA,DFW,DEN,2459,1.74,5.33,27.26,27.94,5.22,-0.7287,-0.5245,24,DFW-DEN,232,4,0,1,1,1,0,0,28,2025-02-14 04:28:00,2025-02-14 08:31:00,39,1
2025-04-19 13:40:00,2025-04-19 16:42:00,DL,DFW,ATL,1842,19.21,18.29,0.35,0.56,15.67,0.2831,-0.4126,28,DFW-ATL,182,13,0,0,0,0,0,0,34,2025-04-19 14:14:00,2025-04-19 17:30:00,48,1
2025-07-04 15:00:00,2025-07-04 16:43:00,B6,LAX,DFW,849,4.65,5.94,0.65,0.0,17.18,1.1261,-0.0588,97,LAX-DFW,103,15,1,0,0,0,0,0,-3,2025-07-04 14:57:00,2025-07-04 16:38:00,-5,0
2025-12-05 19:50:00,2025-12-05 23:28:00,UA,ATL,ORD,2286,0.2,1.65,0.0,0.0,15.8,0.1496,0.184,67,ATL-ORD,218,19,0,0,0,0,0,0,-10,2025-12-05 19:40:00,2025-12-05 23:23:00,-5,0
2025-09-11 23:20:00,2025-09-12 01:26:00,B6,DFW,ATL,1142,4.59,4.25,0.0,0.0,20.36,-0.0968,0.7027,48,DFW-ATL,126,23,0,1,0,0,0,0,2,2025-09-11 23:22:00,2025-09-12 01:13:00,-13,0
2025-10-07 01:45:00,2025-10-07 04:06:00,UA,DFW,JFK,1327,11.4,10.71,0.0,0.0,17.84,0.3583,0.9765,20,DFW-JFK,141,1,0,1,0,0,0,0,-8,2025-10-07 01:37:00,2025-10-07 04:06:00,0,0
2025-08-01 05:10:00,2025-08-01 11:08:00,B6,SEA,DFW,4037,4.81,5.01,0.0,0.0,20.24,2.0474,-0.083,30,SEA-DFW,358,5,0,0,0,0,0,0,13,2025-08-01 05:23:00,2025-08-01 11:19:00,11,0
2025-06-02 07:10:00,2025-06-02 10:06:00,B6,ORD,SEA,1768,14.95,14.96,0.16,0.74,15.22,0.0555,-0.3701,43,ORD-SEA,176,7,0,0,0,0,0,0,-4,2025-06-02 07:06:00,2025-06-02 10:10:00,4,0
2025-03-14 05:50:00,2025-03-14 09:05:00,DL,DFW,ATL,1996,7.23,6.7,0.0,0.0,16.43,-1.459,0.521,82,DFW-ATL,195,5,0,0,0,0,0,0,35,2025-03-14 06:25:00,2025-03-14 09:29:00,24,1
2025-11-12 19:45:00,2025-11-12 20:46:00,B6,DEN,ATL,326,10.01,10.42,0.0,0.0,14.24,-1.0992,0.4098,61,DEN-ATL,61,19,0,0,0,0,0,0,-1,2025-11-12 19:44:00,2025-11-12 20:56:00,10,0
2025-10-21 03:50:00,2025-10-21 06:30:00,AA,DEN,LAX,1562,4.73,7.36,0.47,1.72,17.02,-0.9491,-0.7601,33,DEN-LAX,160,3,0,1,0,0,0,0,12,2025-10-21 04:02:00,2025-10-21 06:45:00,15,1
2025-01-10 00:15:00,2025-01-10 03:12:00,DL,BOS,DEN,1774,10.37,9.99,2.75,3.57,15.13,-0.2011,0.2949,81,BOS-DEN,177,0,0,1,0,0,0,0,-10,2025-01-10 00:05:00,2025-01-10 03:16:00,4,0
2025-09-19 20:20:00,2025-09-20 01:21:00,UA,DEN,ORD,3320,5.08,3.74,0.0,0.9,12.94,-1.2082,0.6651,65,DEN-ORD,301,20,0,1,0,0,0,0,26,2025-09-19 20:46:00,2025-09-20 01:41:00,20,1
2025-01-31 23:30:00,2025-02-01 01:09:00,AA,ORD,DEN,800,8.43,8.5,0.66,0.61,19.32,-0.5994,-0.8579,93,ORD-DEN,99,23,0,1,0,0,0,0,14,2025-01-31 23:44:00,2025-02-01 01:40:00,31,1
2025-09-27 05:20:00,2025-09-27 11:31:00,AA,ATL,LAX,4205,26.82,29.77,0.39,0.94,17.89,-0.1708,0.0893,50,ATL-LAX,371,5,0,0,0,0,0,0,2,2025-09-27 05:22:00,2025-09-27 11:30:00,-1,0
2025-10-29 07:10:00,2025-10-29 08:52:00,DL,ATL,DEN,839,5.52,6.51,4.19,5.48,16.07,0.9804,-0.9672,97,ATL-DEN,102,7,0,0,0,0,0,0,26,2025-10-29 07:36:00,2025-10-29 09:27:00,35,1
2025-02-17 12:20:00,2025-02-17 16:58:00,DL,JFK,ORD,3041,5.13,2.86,0.0,0.47,17.46,-0.9037,-0.4358,72,JFK-ORD,278,12,1,0,0,0,0,0,8,2025-02-17 12:28:00,2025-02-17 17:02:00,4,0
2025-06-08 12:30:00,2025-06-08 13:30:00,UA,DEN,JFK,318,9.48,11.52,29.18,30.08,3.9,0.5834,-0.8959,84,DEN-JFK,60,12,0,0,1,1,0,0,48,2025-06-08 13:18:00,2025-06-08 14:38:00,68,1
2025-02-15 23:00:00,2025-02-16 04:34:00,UA,SEA,ATL,3742,12.85,12.9,0.0,0.0,14.12,0.2324,0.9348,47,SEA-ATL,334,23,0,1,0,0,0,0,3,2025-02-15 23:03:00,2025-02-16 04:41:00,7,0
2025-07-27 09:15:00,2025-07-27 14:08:00,AA,ORD,DEN,3224,8.25,6.46,0.82,0.89,16.23,0.6816,0.2068,19,ORD-DEN,293,9,0,0,0,0,0,0,6,2025-07-27 09:21:00,2025-07-27 14:03:00,-5,0
2025-12-05 00:15:00,2025-12-05 05:55:00,WN,ORD,ATL,3817,15.48,15.54,5.35,4.07,16.73,-2.3952,0.9874,49,ORD-ATL,340,0,0,1,0,0,0,0,0,2025-12-05 00:15:00,2025-12-05 05:44:00,-11,0
2025-01-30 10:00:00,2025-01-30 16:12:00,DL,JFK,ATL,4211,5.78,6.61,0.53,0.12,16.89,-1.8009,0.7667,85,JFK-ATL,372,10,0,0,0,0,0,0,-6,2025-01-30 09:54:00,2025-01-30 16:21:00,9,0
2025-05-26 13:00:00,2025-05-26 18:39:00,B6,DFW,ORD,3802,15.46,14.74,5.58,4.61,13.92,-1.5396,-0.1941,79,DFW-ORD,339,13,1,0,0,0,0,0,-6,2025-05-26 12:54:00,2025-05-26 18:39:00,0,0
2025-12-22 12:20:00,2025-12-22 16:48:00,B6,DFW,LAX,2910,8.77,11.45,0.14,0.45,17.71,1.339,0.0373,58,DFW-LAX,268,12,0,0,0,0,0,0,13,2025-12-22 12:33:00,2025-12-22 16:57:00,9,0
2025-04-20 12:00:00,2025-04-20 17:41:00,UA,BOS,SEA,3821,3.34,0.0,0.78,0.0,15.04,-0.7897,0.4288,1,BOS-SEA,341,12,0,0,0,0,0,0,7,2025-04-20 12:07:00,2025-04-20 17:43:00,2,0
2025-02-18 22:15:00,2025-02-18 23:46:00,UA,LAX,DEN,704,16.45,17.06,13.22,13.82,10.01,-1.1833,-0.5604,37,LAX-DEN,91,22,0,1,1,0,0,0,49,2025-02-18 23:04:00,2025-02-19 01:19:00,93,1
2025-06-28 19:30:00,2025-06-29 00:06:00,DL,SEA,ORD,3009,9.71,12.68,0.0,0.0,13.16,-0.1294,-0.8768,13,SEA-ORD,276,19,0,0,0,0,0,0,0,2025-06-28 19:30:00,2025-06-29 00:11:00,5,0
2025-07-05 06:45:00,2025-07-05 13:16:00,AA,DEN,LAX,4456,14.88,12.67,0.0,0.18,14.55,2.0516,0.6866,30,DEN-LAX,391,6,0,0,0,0,0,0,-8,2025-07-05 06:37:00,2025-07-05 13:10:00,-6,0
2025-08-30 08:00:00,2025-08-30 11:06:00,UA,ATL,LAX,1884,3.17,1.15,0.0,0.78,16.28,-0.6917,0.2236,96,ATL-LAX,186,8,0,0,0,0,0,0,-1,2025-08-30 07:59:00,2025-08-30 11:06:00,0,0
2025-04-25 16:20:00,2025-04-25 22:47:00,AA,LAX,SEA,4397,16.52,19.07,1.81,1.8,11.89,-0.6752,0.8583,72,LAX-SEA,387,16,0,0,0,0,0,0,-2,2025-04-25 16:18:00,2025-04-25 22:40:00,-7,0
2025-12-15 09:00:00,2025-12-15 12:49:00,B6,DFW,ORD,2427,30.76,31.21,0.0,0.58,8.1,0.9484,0.4142,9,DFW-ORD,229,9,0,0,0,0,0,0,1,2025-12-15 09:01:00,2025-12-15 12:47:00,-2,0
2025-07-10 10:20:00,2025-07-10 13:56:00,DL,SEA,ORD,2266,2.86,4.01,0.0,0.86,18.67,0.2314,-0.439,43,SEA-ORD,216,10,0,0,0,0,0,0,16,2025-07-10 10:36:00,2025-07-10 14:10:00,14,0
2025-04-15 04:20:00,2025-04-15 07:00:00,UA,SEA,ORD,1560,19.42,19.52,10.44,8.68,12.83,-0.0142,-0.4674,57,SEA-ORD,160,4,0,1,0,0,0,0,0,2025-04-15 04:20:00,2025-04-15 06:59:00,-1,0
2025-12-17 06:45:00,2025-12-17 08:20:00,AA,SFO,JFK,753,11.44,11.21,0.0,0.54,15.21,-0.4814,-0.3305,86,SFO-JFK,95,6,0,0,0,0,0,0,1,2025-12-17 06:46:00,2025-12-17 08:27:00,7,0
2025-12-04 17:20:00,2025-12-04 23:13:00,DL,DFW,ORD,3980,10.37,10.18,0.1,0.0,13.13,0.2795,-0.6278,34,DFW-ORD,353,17,0,0,0,0,0,0,8,2025-12-04 17:28:00,2025-12-04 23:18:00,5,0
2025-07-02 20:50:00,2025-07-03 01:51:00,DL,SFO,SEA,3327,16.48,15.96,0.61,1.2,16.31,-2.7082,-0.0273,94,SFO-SEA,301,20,0,1,0,0,0,0,2,2025-07-02 20:52:00,2025-07-03 01:48:00,-3,0
2025-01-10 18:10:00,2025-01-10 21:23:00,UA,BOS,ORD,1980,17.44,16.05,8.15,7.74,13.41,0.2596,-0.4824,90,BOS-ORD,193,18,0,0,0,0,0,0,-1,2025-01-10 18:09:00,2025-01-10 21:29:00,6,0
2025-08-06 07:00:00,2025-08-06 13:22:00,DL,DFW,LAX,4338,21.04,19.46,1.06,0.0,15.93,-1.2685,0.7225,89,DFW-LAX,382,7,0,0,0,0,0,0,-3,2025-08-06 06:57:00,2025-08-06 13:26:00,4,0
2025-07-22 03:00:00,2025-07-22 05:01:00,DL,DEN,ATL,1072,2.78,2.65,0.79,0.75,13.8,1.4453,0.56,33,DEN-ATL,121,3,0,1,0,0,0,0,-1,2025-07-22 02:59:00,2025-07-22 04:59:00,-2,0
2025-02-24 03:15:00,2025-02-24 08:36:00,UA,SFO,DFW,3570,22.29,21.23,11.85,13.29,7.35,1.0315,-0.5761,46,SFO-DFW,321,3,0,1,0,0,0,0,7,2025-02-24 03:22:00,2025-02-24 08:55:00,19,1
2025-08-20 09:10:00,2025-08-20 12:41:00,UA,LAX,ATL,2199,13.14,9.32,1.23,1.06,16.84,0.7498,0.0268,39,LAX-ATL,211,9,0,0,0,0,0,0,-8,2025-08-20 09:02:00,2025-08-20 12:24:00,-17,0
2025-11-03 12:00:00,2025-11-03 16:29:00,UA,DFW,ATL,2921,3.07,3.23,0.0,0.0,12.49,1.9686,0.7901,88,DFW-ATL,269,12,0,0,0,0,0,0,6,2025-11-03 12:06:00,2025-11-03 16:26:00,-3,0
2025-02-08 21:10:00,2025-02-08 22:21:00,DL,BOS,DFW,456,6.33,2.64,0.56,0.0,18.93,2.6433,-0.753,8,BOS-DFW,71,21,0,1,0,0,0,0,33,2025-02-08 21:43:00,2025-02-08 22:55:00,34,1
2025-09-22 21:50:00,2025-09-23 02:14:00,WN,SEA,JFK,2865,11.07,11.32,0.2,0.0,16.31,-0.0201,0.5843,59,SEA-JFK,264,21,0,1,0,0,0,0,12,2025-09-22 22:02:00,2025-09-23 02:04:00,-10,0
2025-02-21 00:45:00,2025-02-21 05:32:00,AA,LAX,JFK,3152,8.56,7.52,0.0,0.13,19.62,0.0248,-0.5126,1,LAX-JFK,287,0,0,1,0,0,0,0,-1,2025-02-21 00:44:00,2025-02-21 05:20:00,-12,0
2025-10-01 16:00:00,2025-10-01 22:28:00,UA,SEA,SFO,4407,9.05,7.08,6.37,6.72,13.4,0.7051,-0.3156,18,SEA-SFO,388,16,0,0,0,0,0,0,3,2025-10-01 16:03:00,2025-10-01 22:16:00,-12,0
2025-06-02 07:50:00,2025-06-02 10:45:00,B6,DFW,ORD,1753,4.13,3.96,1.42,0.0,14.91,0.6027,0.1106,1,DFW-ORD,175,7,0,0,0,0,0,0,15,2025-06-02 08:05:00,2025-06-02 11:15:00,30,1
2025-01-03 04:10:00,2025-01-03 05:34:00,UA,BOS,DFW,607,44.18,44.31,0.74,1.29,16.05,-2.399,0.6289,8,BOS-DFW,84,4,0,1,0,0,0,0,-1,2025-01-03 04:09:00,2025-01-03 05:27:00,-7,0
2025-12-19 13:20:00,2025-12-19 14:40:00,AA,DFW,ATL,559,13.61,15.58,6.38,7.07,14.3,-0.2959,-0.6113,98,DFW-ATL,80,13,0,0,0,0,0,0,-6,2025-12-19 13:14:00,2025-12-19 14:39:00,-1,0
2025-03-02 00:15:00,2025-03-02 02:04:00,WN,LAX,ORD,928,8.83,10.4,0.0,1.88,14.55,-0.9227,0.8523,4,LAX-ORD,109,0,0,1,0,0,0,0,9,2025-03-02 00:24:00,2025-03-02 02:07:00,3,0
2025-08-06 08:20:00,2025-08-06 11:00:00,B6,DEN,BOS,1557,1.41,2.27,0.5,0.0,14.2,0.3893,-0.0726,91,DEN-BOS,160,8,0,0,0,0,0,0,-2,2025-08-06 08:18:00,2025-08-06 10:53:00,-7,0
2025-03-08 13:45:00,2025-03-08 19:23:00,DL,ATL,SEA,3789,23.16,20.88,0.0,0.0,17.12,0.4273,-0.3599,4,ATL-SEA,338,13,0,0,0,0,0,0,14,2025-03-08 13:59:00,2025-03-08 19:35:00,12,0
2025-12-07 06:40:00,2025-12-07 08:45:00,AA,SEA,ATL,1119,12.12,13.71,14.96,14.02,11.54,-0.0082,-0.5713,56,SEA-ATL,125,6,0,0,1,0,0,0,15,2025-12-07 06:55:00,2025-12-07 09:00:00,15,1
2025-09-27 14:30:00,2025-09-27 16:18:00,DL,JFK,ORD,909,3.47,4.89,0.85,0.0,16.67,-0.7236,-0.3652,81,JFK-ORD,108,14,0,0,0,0,0,0,2,2025-09-27 14:32:00,2025-09-27 16:03:00,-15,0
2025-10-21 11:40:00,2025-10-21 12:50:00,WN,DFW,DEN,433,2.02,2.87,0.64,0.0,15.82,-0.5673,-0.3704,80,DFW-DEN,70,11,0,0,0,0,0,0,2,2025-10-21 11:42:00,2025-10-21 12:41:00,-9,0
2025-06-07 19:40:00,2025-06-07 22:48:00,WN,JFK,LAX,1909,9.71,8.84,0.57,0.0,11.72,1.8177,0.623,13,JFK-LAX,188,19,0,0,0,0,0,0,0,2025-06-07 19:40:00,2025-06-07 22:58:00,10,0
2025-06-20 04:10:00,2025-06-20 08:32:00,WN,ORD,SEA,2834,9.76,11.44,0.0,0.0,18.21,-2.4375,-0.1728,64,ORD-SEA,262,4,0,1,0,0,0,0,-6,2025-06-20 04:04:00,2025-06-20 08:33:00,1,0
2025-08-20 01:20:00,2025-08-20 03:54:00,DL,ATL,ORD,1482,13.81,15.18,22.53,24.21,5.69,3.0205,-0.3522,88,ATL-ORD,154,1,0,1,1,1,0,0,1,2025-08-20 01:21:00,2025-08-20 04:16:00,22,1
2025-10-14 12:00:00,2025-10-14 15:45:00,AA,DFW,BOS,2381,8.6,9.69,1.08,0.0,19.77,1.8502,-0.694,70,DFW-BOS,225,12,0,0,0,0,0,0,-6,2025-10-14 11:54:00,2025-10-14 15:41:00,-4,0
2025-11-06 06:40:00,2025-11-06 09:01:00,AA,DEN,JFK,1322,15.83,17.86,0.33,0.0,16.11,-0.1835,0.2512,29,DEN-JFK,141,6,0,0,0,0,0,0,-6,2025-11-06 06:34:00,2025-11-06 08:45:00,-16,0
2025-01-07 16:20:00,2025-01-07 21:48:00,UA,ATL,DFW,3660,6.13,7.04,0.0,0.0,17.79,0.6275,-0.2383,49,ATL-DFW,328,16,0,0,0,0,0,0,6,2025-01-07 16:26:00,2025-01-07 21:45:00,-3,0
2025-08-31 02:40:00,2025-08-31 03:48:00,AA,ATL,ORD,408,6.42,7.58,0.88,0.19,15.88,-0.1304,0.6472,99,ATL-ORD,68,2,0,1,0,0,0,0,7,2025-08-31 02:47:00,2025-08-31 03:49:00,1,0
2025-02-09 13:30:00,2025-02-09 15:36:00,B6,DFW,JFK,1142,19.51,19.76,4.43,4.63,13.53,-0.1858,-0.7045,7,DFW-JFK,126,13,0,0,0,0,0,0,-1,2025-02-09 13:29:00,2025-02-09 15:24:00,-12,0
2025-04-16 23:15:00,2025-04-17 03:24:00,DL,JFK,SFO,2678,13.77,15.82,9.94,10.37,11.11,-0.4718,0.1742,43,JFK-SFO,249,23,0,1,0,0,0,0,3,2025-04-16 23:18:00,2025-04-17 03:15:00,-9,0
2025-10-30 02:10:00,2025-10-30 07:52:00,UA,JFK,DEN,3838,9.75,6.95,0.0,0.0,16.44,-0.6876,-0.8766,30,JFK-DEN,342,2,0,1,0,0,0,0,-7,2025-10-30 02:03:00,2025-10-30 07:41:00,-11,0
2025-04-02 07:50:00,2025-04-02 11:04:00,B6,SEA,DFW,1985,12.86,11.12,3.9,5.81,11.9,0.6929,-0.7481,15,SEA-DFW,194,7,0,0,0,0,0,0,3,2025-04-02 07:53:00,2025-04-02 11:12:00,8,0
2025-10-18 20:15:00,2025-10-18 21:37:00,UA,JFK,ATL,592,10.94,9.82,0.12,0.08,9.71,-0.8836,0.9608,44,JFK-ATL,82,20,0,1,0,0,0,0,-10,2025-10-18 20:05:00,2025-10-18 21:39:00,2,0
2025-06-18 12:00:00,2025-06-18 16:04:00,UA,LAX,DEN,2616,0.87,4.98,1.52,1.57,16.51,0.0447,0.3972,22,LAX-DEN,244,12,0,0,0,0,0,0,3,2025-06-18 12:03:00,2025-06-18 16:11:00,7,0
2025-03-26 04:15:00,2025-03-26 06:45:00,AA,SEA,DEN,1435,1.49,0.0,0.22,1.78,18.0,-0.4202,0.0481,60,SEA-DEN,150,4,0,1,0,0,0,0,-1,2025-03-26 04:14:00,2025-03-26 06:33:00,-12,0
2025-05-02 05:50:00,2025-05-02 08:31:00,DL,LAX,ORD,1578,25.05,26.02,2.07,0.0,17.21,1.9403,-0.7882,21,LAX-ORD,161,5,0,0,0,0,0,0,-9,2025-05-02 05:41:00,2025-05-02 08:28:00,-3,0
2025-07-13 18:15:00,2025-07-14 00:24:00,AA,SFO,DFW,4173,8.56,4.65,0.0,0.85,19.0,1.0706,-0.9735,34,SFO-DFW,369,18,0,0,0,0,0,0,25,2025-07-13 18:40:00,2025-07-14 00:55:00,31,1
2025-10-07 20:50:00,2025-10-08 03:05:00,WN,BOS,ATL,4254,8.94,7.21,0.16,0.16,17.89,-0.7559,-0.4823,16,BOS-ATL,375,20,0,1,0,0,0,0,-1,2025-10-07 20:49:00,2025-10-08 03:11:00,6,0
2025-08-10 08:20:00,2025-08-10 10:46:00,UA,SEA,DEN,1386,42.86,40.89,0.0,0.77,17.73,1.2876,-0.0267,47,SEA-DEN,146,8,0,0,0,0,0,0,-10,2025-08-10 08:10:00,2025-08-10 10:35:00,-11,0
2025-12-07 11:45:00,2025-12-07 16:03:00,AA,ORD,LAX,2783,5.07,3.97,7.55,7.89,12.6,0.3791,-0.8495,79,ORD-LAX,258,11,0,0,0,0,0,0,-7,2025-12-07 11:38:00,2025-12-07 15:59:00,-4,0
2025-11-13 18:40:00,2025-11-13 22:41:00,B6,LAX,SEA,2571,9.17,11.04,0.26,0.74,15.92,1.0999,-0.2882,67,LAX-SEA,241,18,0,0,0,0,0,0,11,2025-11-13 18:51:00,2025-11-13 22:51:00,10,0
2025-10-02 04:00:00,2025-10-02 10:22:00,B6,ATL,SFO,4337,21.56,24.2,7.06,6.85,15.1,0.9375,-0.4805,14,ATL-SFO,382,4,0,1,0,0,0,0,-10,2025-10-02 03:50:00,2025-10-02 10:19:00,-3,0
2025-08-09 04:30:00,2025-08-09 10:47:00,AA,JFK,ATL,4274,28.64,33.06,0.0,0.42,17.86,-1.4506,0.8455,51,JFK-ATL,377,4,0,1,0,0,0,0,33,2025-08-09 05:03:00,2025-08-09 11:36:00,49,1
2025-04-16 18:20:00,2025-04-16 21:17:00,B6,SEA,ORD,1770,12.1,13.12,0.01,0.14,16.34,0.5578,0.2445,48,SEA-ORD,177,18,0,0,0,0,0,0,-4,2025-04-16 18:16:00,2025-04-16 21:20:00,3,0
2025-05-31 04:10:00,2025-05-31 05:17:00,WN,LAX,DFW,406,21.62,20.12,0.43,1.04,12.33,-0.0713,0.1061,33,LAX-DFW,67,4,0,1,0,0,0,0,-5,2025-05-31 04:05:00,2025-05-31 05:06:00,-11,0
2025-02-13 18:30:00,2025-02-13 19:30:00,WN,ATL,SEA,309,10.08,6.4,0.9,0.0,16.06,1.9323,-0.0244,82,ATL-SEA,60,18,0,0,0,0,0,0,-6,2025-02-13 18:24:00,2025-02-13 19:22:00,-8,0
2025-05-17 11:00:00,2025-05-17 12:01:00,B6,DEN,ATL,319,0.22,0.0,0.0,0.0,19.77,-0.9414,-0.6969,62,DEN-ATL,61,11,0,0,0,0,0,0,-4,2025-05-17 10:56:00,2025-05-17 11:54:00,-7,0
2025-12-05 23:40:00,2025-12-06 05:01:00,AA,LAX,JFK,3581,18.7,20.86,0.0,0.0,16.23,0.7074,-0.2407,60,LAX-JFK,321,23,0,1,0,0,0,0,-4,2025-12-05 23:36:00,2025-12-06 04:57:00,-4,0
2025-06-05 00:45:00,2025-06-05 05:53:00,B6,SEA,SFO,3407,7.31,10.72,0.03,0.43,9.0,-1.2255,0.2201,35,SEA-SFO,308,0,0,1,0,0,0,0,14,2025-06-05 00:59:00,2025-06-05 06:05:00,12,0
2025-02-11 22:00:00,2025-02-12 03:37:00,B6,JFK,ATL,3774,7.7,8.53,7.31,7.22,16.43,2.1624,0.6843,75,JFK-ATL,337,22,0,1,0,0,0,0,6,2025-02-11 22:06:00,2025-02-12 03:39:00,2,0
2025-08-26 05:20:00,2025-08-26 07:06:00,WN,SEA,ORD,886,8.5,5.77,0.0,0.0,13.31,0.569,0.9111,79,SEA-ORD,106,5,0,0,0,0,0,0,7,2025-08-26 05:27:00,2025-08-26 07:08:00,2,0
2025-12-18 00:40:00,2025-12-18 01:59:00,AA,SEA,BOS,546,16.54,13.75,0.47,0.0,16.55,-0.5317,0.3387,10,SEA-BOS,79,0,0,1,0,0,0,0,16,2025-12-18 00:56:00,2025-12-18 02:23:00,24,1
2025-11-13 17:00:00,2025-11-13 18:56:00,UA,DEN,SFO,1015,16.55,18.09,1.38,0.75,11.51,1.4391,0.506,71,DEN-SFO,116,17,0,0,0,0,0,0,15,2025-11-13 17:15:00,2025-11-13 19:21:00,25,1
2025-04-11 12:20:00,2025-04-11 16:49:00,AA,BOS,ORD,2926,9.97,8.02,0.01,0.0,14.62,1.7629,0.0283,82,BOS-ORD,269,12,0,0,0,0,0,0,9,2025-04-11 12:29:00,2025-04-11 17:02:00,13,0
2025-06-15 20:15:00,2025-06-15 21:17:00,DL,SFO,BOS,337,12.83,15.12,0.0,0.06,18.5,0.4022,-0.6073,42,SFO-BOS,62,20,0,1,0,0,0,0,8,2025-06-15 20:23:00,2025-06-15 21:24:00,7,0
2025-07-13 02:00:00,2025-07-13 06:41:00,WN,LAX,SFO,3076,5.63,4.65,8.47,9.05,8.37,-0.2046,0.3691,59,LAX-SFO,281,2,0,1,0,0,0,0,1,2025-07-13 02:01:00,2025-07-13 06:43:00,2,0
2025-04-01 01:45:00,2025-04-01 07:43:00,DL,SEA,DEN,4033,6.69,6.89,5.69,5.46,16.5,-1.1715,0.4572,92,SEA-DEN,358,1,0,1,0,0,0,0,6,2025-04-01 01:51:00,2025-04-01 07:53:00,10,0
2025-04-09 13:20:00,2025-04-09 15:08:00,WN,SFO,DFW,912,3.54,2.1,0.18,0.38,17.63,-1.0171,-0.5235,0,SFO-DFW,108,13,0,0,0,0,0,0,7,2025-04-09 13:27:00,2025-04-09 14:57:00,-11,0
2025-03-28 21:45:00,2025-03-29 02:52:00,UA,DFW,ORD,3403,6.22,2.83,7.5,6.55,12.07,-1.2974,0.7834,63,DFW-ORD,307,21,0,1,0,0,0,0,0,2025-03-28 21:45:00,2025-03-29 02:50:00,-2,0
2025-12-30 09:30:00,2025-12-30 13:35:00,DL,ATL,BOS,2620,10.51,12.61,6.24,6.77,13.52,1.1282,0.0197,82,ATL-BOS,245,9,0,0,0,0,0,0,6,2025-12-30 09:36:00,2025-12-30 13:42:00,7,0
2025-09-30 19:50:00,2025-10-01 02:06:00,UA,SFO,DEN,4265,9.75,8.25,0.0,0.0,15.87,1.1777,0.3712,25,SFO-DEN,376,19,0,0,0,0,0,0,7,2025-09-30 19:57:00,2025-10-01 01:59:00,-7,0
2025-11-03 21:50:00,2025-11-04 00:11:00,WN,LAX,ATL,1321,7.58,9.4,0.43,0.0,18.95,-1.1152,0.0426,65,LAX-ATL,141,21,0,1,0,0,0,0,15,2025-11-03 22:05:00,2025-11-04 00:13:00,2,0
2025-10-26 20:30:00,2025-10-26 22:45:00,B6,BOS,SEA,1252,7.95,7.49,0.0,0.0,16.35,1.217,0.1554,56,BOS-SEA,135,20,0,1,0,0,0,0,-5,2025-10-26 20:25:00,2025-10-26 22:41:00,-4,0
2025-12-17 12:15:00,2025-12-17 13:20:00,B6,JFK,DEN,369,14.08,13.78,0.0,0.55,14.97,-0.3272,0.4731,1,JFK-DEN,65,12,0,0,0,0,0,0,-2,2025-12-17 12:13:00,2025-12-17 13:09:00,-11,0
2025-02-08 16:20:00,2025-02-08 21:16:00,B6,ATL,DFW,3261,17.06,16.13,0.0,0.05,14.86,-0.6085,-0.5486,5,ATL-DFW,296,16,0,0,0,0,0,0,6,2025-02-08 16:26:00,2025-02-08 21:06:00,-10,0
2025-11-18 12:45:00,2025-11-18 18:35:00,B6,DEN,JFK,3941,14.13,16.26,0.0,0.0,17.81,0.447,0.573,78,DEN-JFK,350,12,0,0,0,0,0,0,5,2025-11-18 12:50:00,2025-11-18 18:38:00,3,0
2025-01-25 16:20:00,2025-01-25 17:25:00,DL,DFW,SEA,378,3.96,1.41,10.94,11.8,12.16,-0.101,-0.3183,44,DFW-SEA,65,16,0,0,0,0,0,0,3,2025-01-25 16:23:00,2025-01-25 17:32:00,7,0
2025-06-23 13:30:00,2025-06-23 17:14:00,DL,JFK,SEA,2365,0.0,1.23,0.0,0.32,19.04,-1.841,0.1158,98,JFK-SEA,224,13,0,0,0,0,0,0,16,2025-06-23 13:46:00,2025-06-23 17:03:00,-11,0
2025-08-05 12:10:00,2025-08-05 17:12:00,UA,LAX,SFO,3341,4.92,2.75,0.0,1.05,14.51,-0.3878,0.2134,83,LAX-SFO,302,12,0,0,0,0,0,0,9,2025-08-05 12:19:00,2025-08-05 17:16:00,4,0
2025-05-11 10:50:00,2025-05-11 16:12:00,DL,SEA,LAX,3583,4.19,1.24,0.11,0.0,14.16,-1.4151,0.8652,64,SEA-LAX,322,10,0,0,0,0,0,0,-3,2025-05-11 10:47:00,2025-05-11 16:14:00,2,0
2025-02-23 15:40:00,2025-02-23 21:52:00,WN,DFW,SEA,4207,26.48,25.9,10.23,12.76,11.35,-1.7795,-0.6459,40,DFW-SEA,372,15,0,0,0,0,0,0,-2,2025-02-23 15:38:00,2025-02-23 21:58:00,6,0
2025-03-12 18:15:00,2025-03-12 23:17:00,B6,ORD,ATL,3336,5.99,8.03,0.0,1.58,17.91,-0.665,-0.1507,84,ORD-ATL,302,18,0,0,0,0,0,0,3,2025-03-12 18:18:00,2025-03-12 23:19:00,2,0
2025-10-29 22:30:00,2025-10-30 04:38:00,B6,SFO,BOS,4166,3.15,7.1,1.26,0.91,15.78,-0.1219,-0.7881,21,SFO-BOS,368,22,0,1,0,0,0,0,3,2025-10-29 22:33:00,2025-10-30 04:39:00,1,0
2025-04-27 14:20:00,2025-04-27 20:53:00,UA,ORD,BOS,4473,7.76,8.47,0.0,0.49,16.63,-1.3908,-0.1439,86,ORD-BOS,393,14,0,0,0,0,0,0,-2,2025-04-27 14:18:00,2025-04-27 20:52:00,-1,0
2025-04-24 02:10:00,2025-04-24 08:21:00,UA,DEN,ATL,4195,2.23,0.77,8.38,8.38,12.7,0.038,0.4545,44,DEN-ATL,371,2,0,1,0,0,0,0,19,2025-04-24 02:29:00,2025-04-24 08:49:00,28,1
2025-12-04 14:45:00,2025-12-04 18:11:00,B6,ORD,ATL,2139,4.89,4.01,0.0,0.33,16.72,0.0605,-0.3633,99,ORD-ATL,206,14,0,0,0,0,0,0,5,2025-12-04 14:50:00,2025-12-04 18:15:00,4,0
2025-02-22 07:50:00,2025-02-22 11:06:00,WN,DEN,LAX,2009,9.57,4.69,8.86,7.34,9.37,0.6801,0.2678,63,DEN-LAX,196,7,0,0,0,0,0,0,-1,2025-02-22 07:49:00,2025-02-22 10:58:00,-8,0
2025-12-01 00:45:00,2025-12-01 04:08:00,AA,JFK,SEA,2095,6.36,4.95,0.0,0.0,16.16,-0.2213,0.4814,25,JFK-SEA,203,0,0,1,0,0,0,0,0,2025-12-01 00:45:00,2025-12-01 04:03:00,-5,0
2025-12-03 01:15:00,2025-12-03 07:33:00,DL,LAX,DEN,4292,8.59,5.06,0.0,0.0,15.43,0.7009,0.0982,55,LAX-DEN,378,1,0,1,0,0,0,0,-7,2025-12-03 01:08:00,2025-12-03 07:24:00,-9,0
2025-08-07 14:15:00,2025-08-07 16:49:00,AA,DEN,SEA,1483,13.71,12.89,0.0,0.0,19.38,0.7881,0.6731,47,DEN-SEA,154,14,0,0,0,0,0,0,9,2025-08-07 14:24:00,2025-08-07 16:47:00,-2,0
2025-03-02 22:00:00,2025-03-03 03:12:00,AA,ATL,DFW,3459,17.54,17.47,7.5,8.63,14.16,-1.5768,-0.8731,34,ATL-DFW,312,22,0,1,0,0,0,0,-6,2025-03-02 21:54:00,2025-03-03 03:13:00,1,0
2025-02-26 12:40:00,2025-02-26 17:09:00,AA,SEA,ATL,2925,8.03,12.28,21.31,21.34,0.2,1.7394,0.438,39,SEA-ATL,269,12,0,0,1,1,0,0,38,2025-02-26 13:18:00,2025-02-26 17:52:00,43,1
2025-04-14 10:15:00,2025-04-14 11:35:00,UA,ORD,JFK,559,19.51,18.01,0.1,1.78,18.23,1.2196,0.7164,59,ORD-JFK,80,10,0,0,0,0,0,0,9,2025-04-14 10:24:00,2025-04-14 11:26:00,-9,0
2025-07-30 02:50:00,2025-07-30 06:32:00,DL,BOS,DEN,2341,7.21,4.72,0.0,0.79,16.44,-0.3118,0.5191,69,BOS-DEN,222,2,0,1,0,0,0,0,10,2025-07-30 03:00:00,2025-07-30 06:51:00,19,1
2025-02-26 16:45:00,2025-02-26 18:49:00,UA,DFW,DEN,1117,20.3,22.45,18.88,16.84,5.31,-0.9844,-0.1825,18,DFW-DEN,124,16,0,0,1,1,0,0,39,2025-02-26 17:24:00,2025-02-26 19:34:00,45,1
2025-06-16 01:10:00,2025-06-16 06:14:00,B6,DEN,JFK,3360,9.07,5.34,0.0,1.31,16.07,0.8417,-0.3702,63,DEN-JFK,304,1,0,1,0,0,0,0,2,2025-06-16 01:12:00,2025-06-16 06:09:00,-5,0
2025-02-12 20:50:00,2025-02-13 00:19:00,AA,SFO,SEA,2178,19.14,16.66,0.0,0.0,18.72,-0.7082,-0.6487,30,SFO-SEA,209,20,0,1,0,0,0,0,-2,2025-02-12 20:48:00,2025-02-13 00:22:00,3,0
2025-07-17 19:10:00,2025-07-17 22:09:00,AA,SFO,LAX,1797,6.72,6.89,0.0,1.36,13.23,-1.0833,-0.1784,45,SFO-LAX,179,19,0,0,0,0,0,0,4,2025-07-17 19:14:00,2025-07-17 22:06:00,-3,0
2025-01-08 23:20:00,2025-01-09 00:41:00,UA,ORD,DEN,575,8.54,10.0,0.0,1.51,13.57,-0.3614,-0.3978,11,ORD-DEN,81,23,0,1,0,0,0,0,17,2025-01-08 23:37:00,2025-01-09 01:13:00,32,1
2025-09-16 06:20:00,2025-09-16 08:03:00,B6,DFW,ORD,849,30.21,32.75,0.0,1.35,18.14,1.1958,0.2912,92,DFW-ORD,103,6,0,0,0,0,0,0,5,2025-09-16 06:25:00,2025-09-16 08:15:00,12,0
2025-01-21 03:50:00,2025-01-21 09:06:00,WN,ATL,ORD,3508,10.85,10.16,4.79,5.66,15.88,1.4614,-0.6035,88,ATL-ORD,316,3,0,1,0,0,0,0,-3,2025-01-21 03:47:00,2025-01-21 09:05:00,-1,0
2025-03-13 07:40:00,2025-03-13 13:29:00,WN,DEN,LAX,3922,18.39,18.32,0.0,0.43,21.35,1.8604,-0.9893,90,DEN-LAX,349,7,0,0,0,0,0,0,3,2025-03-13 07:43:00,2025-03-13 13:26:00,-3,0
2025-03-05 19:50:00,2025-03-05 22:27:00,B6,ATL,SEA,1522,18.29,17.87,0.0,0.0,14.72,-0.2516,0.5417,44,ATL-SEA,157,19,0,0,0,0,0,0,2,2025-03-05 19:52:00,2025-03-05 22:23:00,-4,0
2025-10-31 05:30:00,2025-10-31 11:07:00,UA,SEA,BOS,3777,14.81,11.72,0.0,1.89,14.59,-0.1666,0.5116,13,SEA-BOS,337,5,0,0,0,0,0,0,7,2025-10-31 05:37:00,2025-10-31 11:02:00,-5,0
2025-01-20 21:45:00,2025-01-21 01:49:00,DL,ATL,LAX,2618,16.76,15.82,0.3,0.27,16.8,-0.1605,-0.5125,32,ATL-LAX,244,21,1,1,0,0,1,0,31,2025-01-20 22:16:00,2025-01-21 02:20:00,31,1
2025-06-06 03:45:00,2025-06-06 06:42:00,UA,ORD,DEN,1774,6.72,4.79,7.69,7.09,12.16,-0.6469,0.2878,45,ORD-DEN,177,3,0,1,0,0,0,0,3,2025-06-06 03:48:00,2025-06-06 06:34:00,-8,0
2025-08-04 01:45:00,2025-08-04 05:16:00,B6,SFO,DFW,2196,4.08,3.76,0.0,0.44,19.51,-0.6791,0.5935,12,SFO-DFW,211,1,0,1,0,0,0,0,8,2025-08-04 01:53:00,2025-08-04 05:08:00,-8,0
2025-07-08 05:20:00,2025-07-08 10:11:00,UA,DEN,DFW,3199,5.41,6.14,0.34,1.15,14.77,-0.4379,-0.2866,0,DEN-DFW,291,5,0,0,0,0,0,0,1,2025-07-08 05:21:00,2025-07-08 10:06:00,-5,0
2025-09-06 18:20:00,2025-09-07 00:24:00,B6,ORD,BOS,4118,13.55,15.11,6.21,7.36,18.77,1.8754,0.0635,83,ORD-BOS,364,18,0,0,0,0,0,0,24,2025-09-06 18:44:00,2025-09-07 01:08:00,44,1
2025-10-21 14:50:00,2025-10-21 18:34:00,DL,SEA,DEN,2368,10.51,11.71,0.56,0.0,15.8,-0.8599,-0.4405,58,SEA-DEN,224,14,0,0,0,0,0,0,2,2025-10-21 14:52:00,2025-10-21 18:37:00,3,0
2025-05-24 08:45:00,2025-05-24 11:40:00,WN,DFW,BOS,1755,10.8,13.51,2.13,3.66,18.07,0.2182,-0.4204,31,DFW-BOS,175,8,0,0,0,0,0,0,2,2025-05-24 08:47:00,2025-05-24 11:26:00,-14,0
2025-10-30 15:50:00,2025-10-30 21:05:00,WN,JFK,BOS,3496,1.87,3.7,0.41,0.69,14.02,0.6032,-0.1915,86,JFK-BOS,315,15,0,0,0,0,0,0,11,2025-10-30 16:01:00,2025-10-30 21:04:00,-1,0
2025-04-27 15:30:00,2025-04-27 19:25:00,UA,BOS,ORD,2505,5.73,7.36,0.61,0.0,12.49,2.1186,0.1422,37,BOS-ORD,235,15,0,0,0,0,0,0,-6,2025-04-27 15:24:00,2025-04-27 19:21:00,-4,0
2025-12-26 13:50:00,2025-12-26 17:00:00,AA,DFW,BOS,1938,18.37,17.76,3.22,2.35,16.91,0.2995,0.4878,62,DFW-BOS,190,13,0,0,0,0,0,0,7,2025-12-26 13:57:00,2025-12-26 17:12:00,12,0
2025-07-04 12:40:00,2025-07-04 16:13:00,B6,SEA,JFK,2231,12.2,14.16,1.47,1.43,13.54,-0.2787,-0.3599,98,SEA-JFK,213,12,1,0,0,0,0,0,1,2025-07-04 12:41:00,2025-07-04 16:09:00,-4,0
2025-09-26 02:40:00,2025-09-26 06:39:00,AA,LAX,DFW,2549,11.16,8.84,0.34,1.53,14.19,-0.9826,-0.1093,32,LAX-DFW,239,2,0,1,0,0,0,0,5,2025-09-26 02:45:00,2025-09-26 06:31:00,-8,0
2025-11-16 06:10:00,2025-11-16 07:56:00,UA,BOS,ATL,888,7.5,9.23,1.23,1.57,14.81,-0.8939,0.9258,53,BOS-ATL,106,6,0,0,0,0,0,0,5,2025-11-16 06:15:00,2025-11-16 08:06:00,10,0
2025-10-17 12:30:00,2025-10-17 13:48:00,WN,JFK,SEA,542,4.2,3.09,1.77,0.0,15.61,-0.0115,0.8389,91,JFK-SEA,78,12,0,0,0,0,0,0,-3,2025-10-17 12:27:00,2025-10-17 13:49:00,1,0
2025-11-07 03:40:00,2025-11-07 08:22:00,DL,ORD,SFO,3092,20.19,21.37,0.0,0.0,9.81,-0.3075,-0.7785,5,ORD-SFO,282,3,0,1,0,0,0,0,-6,2025-11-07 03:34:00,2025-11-07 08:18:00,-4,0
2025-07-15 11:45:00,2025-07-15 13:43:00,DL,ATL,LAX,1034,22.38,19.47,10.72,9.97,11.37,-0.0588,0.491,85,ATL-LAX,118,11,0,0,0,0,0,0,-4,2025-07-15 11:41:00,2025-07-15 13:43:00,0,0
2025-01-16 02:50:00,2025-01-16 06:48:00,WN,ORD,DFW,2532,11.5,7.99,0.36,1.5,16.83,0.5805,0.2394,28,ORD-DFW,238,2,0,1,0,0,0,0,18,2025-01-16 03:08:00,2025-01-16 06:52:00,4,0
2025-06-29 18:15:00,2025-06-29 23:37:00,AA,BOS,DEN,3583,8.08,6.52,0.17,0.81,18.93,-0.6539,0.2479,88,BOS-DEN,322,18,0,0,0,0,0,0,2,2025-06-29 18:17:00,2025-06-29 23:42:00,5,0
2025-03-08 02:15:00,2025-03-08 04:26:00,WN,DEN,SEA,1202,22.92,23.86,9.22,9.46,11.72,0.3756,0.2657,62,DEN-SEA,131,2,0,1,0,0,0,0,12,2025-03-08 02:27:00,2025-03-08 04:28:00,2,0
2025-11-21 02:50:00,2025-11-21 05:57:00,WN,DFW,SEA,1902,8.43,6.37,0.0,0.16,17.03,1.0395,-0.1264,73,DFW-SEA,187,2,0,1,0,0,0,0,2,2025-11-21 02:52:00,2025-11-21 05:50:00,-7,0
2025-03-28 15:50:00,2025-03-28 22:18:00,WN,JFK,DFW,4408,8.87,11.02,0.0,0.71,15.7,-1.8263,0.6446,19,JFK-DFW,388,15,0,0,0,0,0,0,-3,2025-03-28 15:47:00,2025-03-28 22:07:00,-11,0
2025-03-25 05:10:00,2025-03-25 06:21:00,B6,SFO,ORD,447,15.49,16.48,1.56,0.75,15.21,0.1763,0.3036,8,SFO-ORD,71,5,0,0,0,0,0,0,10,2025-03-25 05:20:00,2025-03-25 06:14:00,-7,0
2025-04-02 08:20:00,2025-04-02 13:33:00,WN,DEN,SFO,3474,8.68,8.08,0.34,1.68,12.99,1.4362,0.436,52,DEN-SFO,313,8,0,0,0,0,0,0,9,2025-04-02 08:29:00,2025-04-02 13:36:00,3,0
2025-08-23 07:50:00,2025-08-23 09:45:00,WN,DEN,LAX,1004,8.2,9.93,0.0,1.46,19.95,0.4215,0.6573,58,DEN-LAX,115,7,0,0,0,0,0,0,0,2025-08-23 07:50:00,2025-08-23 09:45:00,0,0
2025-07-28 05:10:00,2025-07-28 11:13:00,UA,DFW,BOS,4103,0.78,2.52,0.0,1.25,18.52,-0.6258,-0.1357,23,DFW-BOS,363,5,0,0,0,0,0,0,-8,2025-07-28 05:02:00,2025-07-28 10:59:00,-14,0
2025-12-13 18:45:00,2025-12-13 22:02:00,UA,SEA,DEN,2028,22.31,22.97,0.0,0.0,18.98,0.6154,-0.7655,55,SEA-DEN,197,18,0,0,0,0,0,0,2,2025-12-13 18:47:00,2025-12-13 21:47:00,-15,0
2025-06-01 16:00:00,2025-06-01 17:01:00,WN,SFO,BOS,328,15.63,17.6,0.83,0.0,14.96,-0.5237,-0.7937,33,SFO-BOS,61,16,0,0,0,0,0,0,9,2025-06-01 16:09:00,2025-06-01 16:43:00,-18,0
2025-04-14 05:10:00,2025-04-14 10:10:00,WN,JFK,DEN,3315,20.13,17.54,13.1,12.07,11.28,0.8843,0.2872,93,JFK-DEN,300,5,0,0,1,0,0,0,52,2025-04-14 06:02:00,2025-04-14 11:19:00,69,1
2025-01-18 16:45:00,2025-01-18 18:33:00,AA,ORD,SFO,918,4.78,0.48,8.58,8.65,11.22,0.4713,-0.0043,40,ORD-SFO,108,16,0,0,0,0,0,0,2,2025-01-18 16:47:00,2025-01-18 18:28:00,-5,0
2025-01-03 17:30:00,2025-01-03 20:31:00,UA,SFO,BOS,1826,26.68,26.59,0.0,0.0,15.88,1.9086,0.6148,80,SFO-BOS,181,17,0,0,0,0,0,0,37,2025-01-03 18:07:00,2025-01-03 21:18:00,47,1
2025-05-17 12:30:00,2025-05-17 16:18:00,WN,SEA,SFO,2409,8.52,5.97,0.66,0.6,4.57,-0.1031,-0.9095,16,SEA-SFO,228,12,0,0,0,1,0,1,31,2025-05-17 13:01:00,2025-05-17 17:11:00,53,1
2025-12-04 13:45:00,2025-12-04 18:54:00,WN,ORD,DEN,3429,20.89,22.64,0.0,0.74,17.41,0.4454,-0.889,24,ORD-DEN,309,13,0,0,0,0,0,0,6,2025-12-04 13:51:00,2025-12-04 18:48:00,-6,0
2025-07-11 22:15:00,2025-07-12 01:35:00,AA,JFK,ATL,2059,12.33,11.3,0.21,0.25,18.16,-0.339,0.5356,73,JFK-ATL,200,22,0,1,0,0,0,0,3,2025-07-11 22:18:00,2025-07-12 01:29:00,-6,0
2025-11-23 10:30:00,2025-11-23 16:17:00,UA,SFO,JFK,3903,14.4,14.44,0.19,0.91,15.83,0.1084,0.9886,75,SFO-JFK,347,10,0,0,0,0,0,0,5,2025-11-23 10:35:00,2025-11-23 16:23:00,6,0
2025-02-07 09:30:00,2025-02-07 13:11:00,B6,DEN,BOS,2323,13.5,17.46,0.0,0.0,17.41,-0.8509,0.6948,67,DEN-BOS,221,9,0,0,0,0,0,0,17,2025-02-07 09:47:00,2025-02-07 13:13:00,2,0
2025-02-04 12:40:00,2025-02-04 15:34:00,WN,DFW,BOS,1732,6.85,6.7,0.0,0.0,18.99,1.3243,-0.162,37,DFW-BOS,174,12,0,0,0,0,0,0,4,2025-02-04 12:44:00,2025-02-04 15:37:00,3,0
2025-11-01 20:15:00,2025-11-01 23:07:00,AA,ORD,DEN,1715,1.53,2.1,25.32,24.85,0.2,0.2379,0.7518,99,ORD-DEN,172,20,0,1,1,1,0,0,8,2025-11-01 20:23:00,2025-11-01 23:36:00,29,1
2025-02-08 17:40:00,2025-02-08 23:08:00,B6,ATL,JFK,3661,20.87,22.69,0.22,0.87,20.97,0.0341,-0.9272,38,ATL-JFK,328,17,0,0,0,0,0,0,9,2025-02-08 17:49:00,2025-02-08 23:12:00,4,0
2025-01-19 01:20:00,2025-01-19 06:02:00,AA,JFK,ORD,3092,0.24,2.15,24.98,25.87,5.4,0.9109,0.4654,11,JFK-ORD,282,1,0,1,1,1,0,0,47,2025-01-19 02:07:00,2025-01-19 06:45:00,43,1
2025-05-28 11:30:00,2025-05-28 13:12:00,WN,SEA,JFK,832,17.07,19.33,0.08,1.51,15.51,1.5336,-0.6533,91,SEA-JFK,102,11,0,0,0,0,0,0,-6,2025-05-28 11:24:00,2025-05-28 13:13:00,1,0
2025-12-04 17:45:00,2025-12-04 22:56:00,B6,BOS,SEA,3451,23.69,19.14,0.0,0.0,16.96,2.2734,-0.4315,54,BOS-SEA,311,17,0,0,0,0,0,0,2,2025-12-04 17:47:00,2025-12-04 22:42:00,-14,0
2025-09-09 05:20:00,2025-09-09 08:39:00,UA,SEA,ORD,2044,5.78,3.97,0.22,0.99,18.05,-0.8436,-0.3024,8,SEA-ORD,199,5,0,0,0,0,0,0,13,2025-09-09 05:33:00,2025-09-09 09:00:00,21,1
2025-02-06 23:40:00,2025-02-07 02:36:00,AA,DFW,DEN,1765,3.47,6.52,0.0,0.0,18.47,0.6988,-0.6436,7,DFW-DEN,176,23,0,1,0,0,0,0,6,2025-02-06 23:46:00,2025-02-07 02:39:00,3,0
2025-11-02 19:50:00,2025-11-02 21:22:00,AA,SEA,JFK,709,3.39,1.19,0.0,1.58,17.2,0.9577,0.0061,17,SEA-JFK,92,19,0,0,0,0,0,0,-3,2025-11-02 19:47:00,2025-11-02 21:15:00,-7,0
2025-11-04 20:45:00,2025-11-05 03:19:00,AA,LAX,ATL,4492,7.23,6.07,1.06,0.56,15.21,-0.0856,-0.1482,73,LAX-ATL,394,20,0,1,0,0,0,0,4,2025-11-04 20:49:00,2025-11-05 03:22:00,3,0
2025-10-20 01:50:00,2025-10-20 03:07:00,AA,BOS,DFW,520,18.84,16.04,0.0,0.83,13.46,-0.6376,0.0621,41,BOS-DFW,77,1,0,1,0,0,0,0,-4,2025-10-20 01:46:00,2025-10-20 03:14:00,7,0
2025-11-26 13:30:00,2025-11-26 20:04:00,AA,ORD,LAX,4485,17.3,17.66,0.18,0.0,15.96,1.176,-0.263,22,ORD-LAX,394,13,0,0,0,0,0,0,8,2025-11-26 13:38:00,2025-11-26 20:01:00,-3,0
2025-03-29 12:15:00,2025-03-29 13:36:00,AA,ATL,JFK,571,16.85,14.2,0.0,0.5,18.01,-0.9103,-0.8148,44,ATL-JFK,81,12,0,0,0,0,0,0,9,2025-03-29 12:24:00,2025-03-29 13:52:00,16,1
2025-12-24 15:50:00,2025-12-24 19:39:00,UA,DEN,ORD,2422,5.27,6.24,0.88,1.89,14.95,0.4127,0.6115,62,DEN-ORD,229,15,1,0,0,0,0,0,15,2025-12-24 16:05:00,2025-12-24 19:34:00,-5,0
2025-04-28 20:40:00,2025-04-28 22:14:00,UA,SEA,SFO,739,1.05,0.64,0.0,0.34,15.86,-0.6945,0.6143,90,SEA-SFO,94,20,0,1,0,0,0,0,9,2025-04-28 20:49:00,2025-04-28 22:09:00,-5,0
2025-10-20 08:10:00,2025-10-20 11:55:00,DL,SEA,DFW,2369,6.0,3.18,0.0,0.0,12.07,0.0498,0.4466,83,SEA-DFW,225,8,0,0,0,0,0,0,-3,2025-10-20 08:07:00,2025-10-20 11:49:00,-6,0
2025-07-31 12:15:00,2025-07-31 17:55:00,DL,ATL,DEN,3810,6.48,10.03,0.69,0.0,18.23,-1.5467,0.3167,63,ATL-DEN,340,12,0,0,0,0,0,0,10,2025-07-31 12:25:00,2025-07-31 17:59:00,4,0
2025-10-12 16:15:00,2025-10-12 20:32:00,AA,DFW,LAX,2778,3.99,2.27,0.0,0.0,14.32,-1.0326,-0.0459,10,DFW-LAX,257,16,0,0,0,0,0,0,8,2025-10-12 16:23:00,2025-10-12 20:31:00,-1,0
2025-08-18 18:45:00,2025-08-18 22:47:00,AA,ATL,SEA,2583,16.93,16.86,0.61,0.14,19.0,-1.8085,0.4822,57,ATL-SEA,242,18,0,0,0,0,0,0,-7,2025-08-18 18:38:00,2025-08-18 22:42:00,-5,0
2025-08-23 18:00:00,2025-08-23 19:39:00,UA,DEN,SFO,799,27.76,26.02,0.0,0.0,14.67,2.6697,0.7373,83,DEN-SFO,99,18,0,0,0,0,0,0,-6,2025-08-23 17:54:00,2025-08-23 19:34:00,-5,0
2025-08-13 08:40:00,2025-08-13 14:57:00,DL,SFO,SEA,4279,13.71,10.36,2.73,3.99,13.34,-1.4367,0.5143,71,SFO-SEA,377,8,0,0,0,0,0,0,-3,2025-08-13 08:37:00,2025-08-13 14:54:00,-3,0
2025-10-12 23:30:00,2025-10-13 02:35:00,UA,BOS,DEN,1876,3.24,3.3,0.0,1.16,16.27,0.8837,-0.4898,39,BOS-DEN,185,23,0,1,0,0,0,0,-10,2025-10-12 23:20:00,2025-10-13 02:25:00,-10,0
2025-09-27 00:00:00,2025-09-27 04:00:00,B6,LAX,BOS,2559,21.96,20.69,1.69,0.0,17.23,-0.7566,-0.5943,6,LAX-BOS,240,0,0,1,0,0,0,0,3,2025-09-27 00:03:00,2025-09-27 03:56:00,-4,0
2025-02-19 11:30:00,2025-02-19 17:31:00,B6,SEA,LAX,4070,8.17,8.02,0.1,0.43,14.8,-2.3779,0.132,98,SEA-LAX,361,11,0,0,0,0,0,0,28,2025-02-19 11:58:00,2025-02-19 18:02:00,31,1
2025-10-29 14:45:00,2025-10-29 19:15:00,DL,SEA,DFW,2940,11.29,10.34,0.12,0.0,15.9,0.2644,-0.2103,52,SEA-DFW,270,14,0,0,0,0,0,0,3,2025-10-29 14:48:00,2025-10-29 19:05:00,-10,0
2025-07-15 01:40:00,2025-07-15 06:46:00,UA,DFW,LAX,3386,13.43,16.52,0.8,0.44,15.77,2.5802,-0.3065,19,DFW-LAX,306,1,0,1,0,0,0,0,6,2025-07-15 01:46:00,2025-07-15 06:46:00,0,0
2025-04-28 10:30:00,2025-04-28 12:31:00,UA,ORD,SFO,1074,3.4,3.67,0.0,0.96,13.06,-0.7796,0.8722,68,ORD-SFO,121,10,0,0,0,0,0,0,3,2025-04-28 10:33:00,2025-04-28 12:32:00,1,0
2025-07-07 14:15:00,2025-07-07 17:49:00,DL,JFK,DEN,2232,8.4,6.96,0.0,0.46,15.91,1.8442,0.4756,64,JFK-DEN,214,14,0,0,0,0,0,0,36,2025-07-07 14:51:00,2025-07-07 18:40:00,51,1
2025-12-19 14:10:00,2025-12-19 18:11:00,B6,ATL,DFW,2570,9.24,8.77,1.5,1.2,15.62,1.9696,0.0026,85,ATL-DFW,241,14,0,0,0,0,0,0,-3,2025-12-19 14:07:00,2025-12-19 18:28:00,17,1
2025-11-10 02:00:00,2025-11-10 03:58:00,DL,DEN,SEA,1038,12.76,10.58,0.42,0.57,18.09,-1.0746,-0.3123,15,DEN-SEA,118,2,0,1,0,0,0,0,6,2025-11-10 02:06:00,2025-11-10 03:51:00,-7,0
2025-11-01 06:15:00,2025-11-01 09:23:00,AA,ORD,DFW,1918,13.05,14.26,0.0,0.91,13.76,-1.7272,-0.4728,1,ORD-DFW,188,6,0,0,0,0,0,0,2,2025-11-01 06:17:00,2025-11-01 09:20:00,-3,0
2025-06-18 05:40:00,2025-06-18 11:18:00,AA,ORD,LAX,3792,14.14,14.03,0.04,0.37,19.36,-0.7844,0.9938,75,ORD-LAX,338,5,0,0,0,0,0,0,0,2025-06-18 05:40:00,2025-06-18 11:12:00,-6,0
2025-10-14 15:00:00,2025-10-14 21:12:00,DL,JFK,BOS,4212,6.52,2.41,0.74,0.38,11.81,1.09,-0.4058,26,JFK-BOS,372,15,0,0,0,0,0,0,-4,2025-10-14 14:56:00,2025-10-14 21:08:00,-4,0
2025-05-21 07:50:00,2025-05-21 13:26:00,AA,SEA,JFK,3758,0.56,4.06,0.0,0.74,15.06,-2.0169,0.6922,56,SEA-JFK,336,7,0,0,0,0,0,0,-6,2025-05-21 07:44:00,2025-05-21 13:15:00,-11,0
2025-09-08 13:30:00,2025-09-08 19:43:00,UA,ORD,DFW,4222,7.84,9.65,0.1,0.0,16.69,0.4947,-0.736,21,ORD-DFW,373,13,0,0,0,0,0,0,0,2025-09-08 13:30:00,2025-09-08 19:40:00,-3,0
2025-08-22 17:15:00,2025-08-22 23:49:00,B6,DFW,BOS,4493,10.19,9.8,1.42,0.5,14.77,0.0971,0.5311,32,DFW-BOS,394,17,0,0,0,0,0,0,6,2025-08-22 17:21:00,2025-08-22 23:54:00,5,0
2025-04-02 19:50:00,2025-04-02 21:56:00,WN,DEN,BOS,1133,0.76,0.0,7.15,7.18,13.09,-0.6579,-0.0157,86,DEN-BOS,126,19,0,0,0,0,0,0,-3,2025-04-02 19:47:00,2025-04-02 22:01:00,5,0
2025-04-08 04:10:00,2025-04-08 09:56:00,WN,SFO,ORD,3893,4.93,5.85,8.56,6.44,11.07,-0.4934,-0.0952,3,SFO-ORD,346,4,0,1,0,0,0,0,9,2025-04-08 04:19:00,2025-04-08 09:57:00,1,0
2025-01-23 21:50:00,2025-01-24 02:17:00,B6,SFO,BOS,2904,9.6,12.27,0.0,0.14,16.52,-0.1818,0.6183,39,SFO-BOS,267,21,0,1,0,0,0,0,0,2025-01-23 21:50:00,2025-01-24 02:24:00,7,0
2025-02-21 03:15:00,2025-02-21 09:03:00,UA,ATL,BOS,3907,6.79,7.23,1.09,0.0,19.86,0.0892,-0.8911,34,ATL-BOS,348,3,0,1,0,0,0,0,0,2025-02-21 03:15:00,2025-02-21 09:03:00,0,0
2025-06-08 00:20:00,2025-06-08 04:53:00,WN,SEA,ATL,2980,12.27,10.8,0.21,1.98,17.37,1.6415,-0.9823,94,SEA-ATL,273,0,0,1,0,0,0,0,36,2025-06-08 00:56:00,2025-06-08 05:40:00,47,1
2025-06-24 01:20:00,2025-06-24 03:01:00,WN,BOS,ATL,824,7.08,7.89,1.89,1.62,12.06,-0.4154,-0.7893,84,BOS-ATL,101,1,0,1,0,0,0,0,17,2025-06-24 01:37:00,2025-06-24 03:37:00,36,1
2025-03-02 04:50:00,2025-03-02 08:58:00,AA,SEA,DFW,2662,11.73,14.8,0.0,0.81,16.52,-0.0962,-0.9075,76,SEA-DFW,248,4,0,1,0,0,0,0,1,2025-03-02 04:51:00,2025-03-02 09:21:00,23,1
2025-06-02 20:15:00,2025-06-03 01:29:00,DL,LAX,JFK,3493,5.26,6.46,3.28,2.86,15.87,0.619,0.8619,38,LAX-JFK,314,20,0,1,0,0,0,0,22,2025-06-02 20:37:00,2025-06-03 02:06:00,37,1
2025-08-09 04:50:00,2025-08-09 06:31:00,DL,ORD,LAX,822,8.95,9.8,23.18,23.07,5.72,-0.9902,-0.7631,86,ORD-LAX,101,4,0,1,1,1,0,0,12,2025-08-09 05:02:00,2025-08-09 06:47:00,16,1
2025-03-26 16:15:00,2025-03-26 20:03:00,UA,ORD,LAX,2418,10.52,10.0,0.81,0.0,16.84,1.6061,0.5743,22,ORD-LAX,228,16,0,0,0,0,0,0,24,2025-03-26 16:39:00,2025-03-26 20:29:00,26,1
2025-05-04 10:15:00,2025-05-04 14:54:00,UA,LAX,JFK,3046,16.88,18.59,4.71,4.31,8.04,-0.8334,0.5119,83,LAX-JFK,279,10,0,0,0,0,0,0,-1,2025-05-04 10:14:00,2025-05-04 14:43:00,-11,0
2025-05-15 00:40:00,2025-05-15 04:15:00,AA,DEN,SFO,2249,6.31,6.75,0.0,0.33,13.83,0.4711,-0.9978,60,DEN-SFO,215,0,0,1,0,0,0,0,3,2025-05-15 00:43:00,2025-05-15 04:11:00,-4,0
2025-07-04 10:40:00,2025-07-04 16:07:00,AA,SEA,DEN,3656,26.06,24.29,0.0,0.0,14.65,-0.2648,-0.4413,15,SEA-DEN,327,10,1,0,0,0,0,0,24,2025-07-04 11:04:00,2025-07-04 16:27:00,20,1
2025-05-14 00:15:00,2025-05-14 01:57:00,B6,JFK,ORD,833,24.95,25.53,29.79,31.12,3.2,0.0046,0.6148,17,JFK-ORD,102,0,0,1,1,1,0,0,19,2025-05-14 00:34:00,2025-05-14 02:35:00,38,1
2025-09-26 11:10:00,2025-09-26 14:05:00,AA,JFK,ATL,1749,5.06,5.66,0.0,1.29,4.61,1.9996,0.3021,4,JFK-ATL,175,11,0,0,0,1,0,0,12,2025-09-26 11:22:00,2025-09-26 14:18:00,13,0
2025-04-30 13:20:00,2025-04-30 19:39:00,B6,DEN,SEA,4295,8.18,10.9,0.0,0.0,17.26,0.2616,0.5503,96,DEN-SEA,379,13,0,0,0,0,0,0,8,2025-04-30 13:28:00,2025-04-30 19:30:00,-9,0
2025-06-08 12:30:00,2025-06-08 16:22:00,B6,ATL,DFW,2461,1.84,4.89,3.76,4.56,14.03,-0.7003,0.6594,58,ATL-DFW,232,12,0,0,0,0,0,0,-4,2025-06-08 12:26:00,2025-06-08 16:24:00,2,0
2025-05-19 06:00:00,2025-05-19 08:00:00,B6,JFK,DFW,1060,14.11,13.04,0.0,0.0,18.23,-0.9298,-0.9373,10,JFK-DFW,120,6,0,0,0,0,0,0,-4,2025-05-19 05:56:00,2025-05-19 07:40:00,-20,0
2025-03-08 18:00:00,2025-03-08 19:38:00,WN,DFW,BOS,788,7.96,6.23,3.9,3.56,16.93,1.2634,0.3433,7,DFW-BOS,98,18,0,0,0,0,0,0,6,2025-03-08 18:06:00,2025-03-08 19:45:00,7,0
2025-09-08 14:50:00,2025-09-08 19:08:00,B6,LAX,JFK,2791,11.06,9.3,0.21,0.0,16.58,0.447,-0.9314,14,LAX-JFK,258,14,0,0,0,0,0,0,-7,2025-09-08 14:43:00,2025-09-08 19:09:00,1,0
2025-03-27 06:00:00,2025-03-27 12:12:00,DL,DFW,DEN,4208,7.03,8.3,0.0,0.0,16.58,-0.5076,0.8569,57,DFW-DEN,372,6,0,0,0,0,0,0,-9,2025-03-27 05:51:00,2025-03-27 12:02:00,-10,0
2025-04-19 10:20:00,2025-04-19 11:35:00,DL,SFO,BOS,506,43.43,41.61,0.42,0.0,17.18,1.1013,-0.1458,1,SFO-BOS,75,10,0,0,0,0,0,0,7,2025-04-19 10:27:00,2025-04-19 11:50:00,15,1
2025-10-17 02:45:00,2025-10-17 04:21:00,UA,ORD,BOS,760,7.67,8.59,0.15,0.0,17.92,-0.8229,-0.3614,23,ORD-BOS,96,2,0,1,0,0,0,0,1,2025-10-17 02:46:00,2025-10-17 04:32:00,11,0
2025-12-13 22:15:00,2025-12-14 01:20:00,B6,JFK,DFW,1875,9.18,12.86,0.15,0.06,12.6,-0.8781,-0.6534,95,JFK-DFW,185,22,0,1,0,0,0,0,-3,2025-12-13 22:12:00,2025-12-14 01:19:00,-1,0
2025-09-02 18:20:00,2025-09-02 20:29:00,B6,ORD,SFO,1175,16.73,15.25,0.0,0.0,15.67,-0.1463,0.3551,94,ORD-SFO,129,18,0,0,0,0,0,0,6,2025-09-02 18:26:00,2025-09-02 20:38:00,9,0
2025-12-01 06:00:00,2025-12-01 07:40:00,DL,LAX,SEA,808,20.63,19.75,0.0,0.0,15.08,-0.3023,0.6396,82,LAX-SEA,100,6,0,0,0,0,0,0,11,2025-12-01 06:11:00,2025-12-01 07:42:00,2,0
2025-11-08 16:45:00,2025-11-08 19:24:00,UA,LAX,ORD,1553,12.2,12.01,0.04,0.0,15.81,-1.76,-0.783,44,LAX-ORD,159,16,0,0,0,0,0,0,4,2025-11-08 16:49:00,2025-11-08 19:22:00,-2,0
2025-06-25 16:40:00,2025-06-25 21:15:00,B6,LAX,JFK,2999,21.45,20.7,0.07,0.01,14.05,-0.5167,0.9643,37,LAX-JFK,275,16,0,0,0,0,0,0,1,2025-06-25 16:41:00,2025-06-25 21:09:00,-6,0
2025-10-09 14:45:00,2025-10-09 20:21:00,WN,SFO,SEA,3768,41.19,38.17,0.0,0.79,18.73,0.5592,-0.8386,62,SFO-SEA,336,14,0,0,0,0,0,0,-9,2025-10-09 14:36:00,2025-10-09 20:17:00,-4,0
2025-04-30 01:45:00,2025-04-30 04:27:00,UA,DEN,JFK,1586,8.28,8.45,1.1,0.25,19.51,-0.3858,0.568,11,DEN-JFK,162,1,0,1,0,0,0,0,-8,2025-04-30 01:37:00,2025-04-30 04:35:00,8,0
2025-06-18 21:15:00,2025-06-19 02:09:00,WN,DFW,SEA,3242,1.75,2.75,0.0,1.87,16.79,-0.0393,-0.8626,59,DFW-SEA,294,21,0,1,0,0,0,0,6,2025-06-18 21:21:00,2025-06-19 02:23:00,14,0
2025-07-15 22:00:00,2025-07-16 03:36:00,B6,DEN,LAX,3757,13.27,10.05,8.97,8.88,11.93,-1.0255,-0.5837,10,DEN-LAX,336,22,0,1,0,0,0,0,6,2025-07-15 22:06:00,2025-07-16 03:37:00,1,0
2025-12-17 23:15:00,2025-12-18 00:16:00,UA,LAX,DFW,329,18.8,20.26,0.82,0.32,16.18,0.2809,-0.6845,92,LAX-DFW,61,23,0,1,0,0,0,0,15,2025-12-17 23:30:00,2025-12-18 00:19:00,3,0
2025-11-06 23:10:00,2025-11-07 04:55:00,WN,SFO,BOS,3881,24.33,25.95,9.21,9.42,11.14,0.4891,-0.6615,20,SFO-BOS,345,23,0,1,0,0,0,0,4,2025-11-06 23:14:00,2025-11-07 04:58:00,3,0
2025-06-28 22:30:00,2025-06-29 00:31:00,B6,LAX,JFK,1070,15.8,12.38,0.17,0.0,17.38,1.4034,0.7151,82,LAX-JFK,121,22,0,1,0,0,0,0,11,2025-06-28 22:41:00,2025-06-29 00:28:00,-3,0
2025-08-27 17:10:00,2025-08-27 21:59:00,UA,BOS,ATL,3177,9.5,8.77,0.0,0.0,17.03,-0.3239,0.3261,7,BOS-ATL,289,17,0,0,0,0,0,0,13,2025-08-27 17:23:00,2025-08-27 22:29:00,30,1
2025-03-15 01:50:00,2025-03-15 07:01:00,AA,SFO,ORD,3450,4.54,4.24,0.0,0.84,16.25,-0.261,0.9436,79,SFO-ORD,311,1,0,1,0,0,0,0,1,2025-03-15 01:51:00,2025-03-15 06:57:00,-4,0
2025-10-21 11:30:00,2025-10-21 17:13:00,AA,SEA,DEN,3850,22.94,18.68,0.0,0.88,18.76,0.6332,-0.555,94,SEA-DEN,343,11,0,0,0,0,0,0,-10,2025-10-21 11:20:00,2025-10-21 17:07:00,-6,0
2025-07-21 05:15:00,2025-07-21 08:30:00,WN,DFW,BOS,1996,11.25,13.08,7.44,7.67,11.9,-0.1545,-0.6198,32,DFW-BOS,195,5,0,0,0,0,0,0,-4,2025-07-21 05:11:00,2025-07-21 08:30:00,0,0
2025-07-14 05:50:00,2025-07-14 10:31:00,AA,BOS,SEA,3069,1.32,3.43,0.77,1.58,17.69,0.6293,-0.6697,17,BOS-SEA,281,5,0,0,0,0,0,0,8,2025-07-14 05:58:00,2025-07-14 10:25:00,-6,0
2025-10-07 19:45:00,2025-10-07 20:53:00,UA,DFW,JFK,410,30.39,31.29,20.39,20.29,2.92,0.7301,0.6686,34,DFW-JFK,68,19,0,0,1,1,0,0,24,2025-10-07 20:09:00,2025-10-07 21:35:00,42,1
2025-08-20 19:20:00,2025-08-20 22:49:00,AA,SEA,DFW,2177,2.78,3.8,0.0,0.33,13.87,-1.07,-0.3367,53,SEA-DFW,209,19,0,0,0,0,0,0,2,2025-08-20 19:22:00,2025-08-20 23:01:00,12,0
2025-01-27 12:10:00,2025-01-27 18:33:00,B6,LAX,BOS,4348,17.92,19.07,0.89,1.5,14.94,-1.1174,0.1969,37,LAX-BOS,383,12,0,0,0,0,0,0,1,2025-01-27 12:11:00,2025-01-27 18:45:00,12,0
2025-04-16 17:15:00,2025-04-16 19:07:00,B6,BOS,SEA,965,11.93,11.54,0.0,0.0,17.8,-0.5814,-0.3059,14,BOS-SEA,112,17,0,0,0,0,0,0,6,2025-04-16 17:21:00,2025-04-16 19:03:00,-4,0
2025-03-06 03:30:00,2025-03-06 05:20:00,WN,BOS,ORD,935,0.9,0.0,0.6,1.43,15.43,-1.7231,0.081,37,BOS-ORD,110,3,0,1,0,0,0,0,7,2025-03-06 03:37:00,2025-03-06 05:24:00,4,0
2025-09-26 05:45:00,2025-09-26 10:39:00,B6,SFO,DFW,3240,6.49,9.74,0.0,0.0,18.52,1.856,0.3795,78,SFO-DFW,294,5,0,0,0,0,0,0,0,2025-09-26 05:45:00,2025-09-26 10:33:00,-6,0
2025-01-13 20:15:00,2025-01-14 00:05:00,DL,JFK,ATL,2443,7.98,5.59,2.78,0.61,16.86,-1.2751,-0.7632,88,JFK-ATL,230,20,0,1,0,0,0,0,0,2025-01-13 20:15:00,2025-01-14 00:05:00,0,0
2025-03-15 10:40:00,2025-03-15 14:12:00,B6,ORD,SEA,2210,1.93,3.91,0.0,0.0,19.27,1.154,0.8069,92,ORD-SEA,212,10,0,0,0,0,0,0,-4,2025-03-15 10:36:00,2025-03-15 14:22:00,10,0
2025-08-07 13:15:00,2025-08-07 15:37:00,WN,DFW,ORD,1342,13.11,11.32,10.79,11.1,8.8,-1.0305,-0.3828,48,DFW-ORD,142,13,0,0,0,0,0,0,-5,2025-08-07 13:10:00,2025-08-07 15:29:00,-8,0
2025-09-11 11:10:00,2025-09-11 13:07:00,B6,ATL,LAX,1019,18.84,14.96,8.01,9.23,12.39,1.0776,-0.6709,44,ATL-LAX,117,11,0,0,0,0,0,0,5,2025-09-11 11:15:00,2025-09-11 13:04:00,-3,0
2025-07-03 04:20:00,2025-07-03 09:27:00,DL,DFW,LAX,3397,9.45,9.31,14.45,13.68,7.88,1.1839,0.5751,66,DFW-LAX,307,4,0,1,1,0,0,0,23,2025-07-03 04:43:00,2025-07-03 10:01:00,34,1
2025-11-11 19:10:00,2025-11-11 22:09:00,DL,ORD,ATL,1802,9.4,7.35,0.0,0.0,17.08,-1.7346,0.993,53,ORD-ATL,179,19,0,0,0,0,0,0,1,2025-11-11 19:11:00,2025-11-11 22:03:00,-6,0
2025-12-02 18:20:00,2025-12-02 23:40:00,WN,DFW,JFK,3562,13.73,13.99,1.54,0.0,16.23,-0.1114,-0.3363,22,DFW-JFK,320,18,0,0,0,0,0,0,5,2025-12-02 18:25:00,2025-12-02 23:37:00,-3,0
2025-02-18 16:15:00,2025-02-18 19:43:00,UA,LAX,BOS,2162,1.85,0.0,0.0,0.0,17.3,1.7094,-0.1768,93,LAX-BOS,208,16,0,0,0,0,0,0,-3,2025-02-18 16:12:00,2025-02-18 19:41:00,-2,0
2025-12-14 08:15:00,2025-12-14 11:27:00,AA,DFW,LAX,1968,6.11,7.17,0.0,0.0,19.34,0.102,-0.6251,98,DFW-LAX,192,8,0,0,0,0,0,0,11,2025-12-14 08:26:00,2025-12-14 11:19:00,-8,0
2025-08-13 15:45:00,2025-08-13 18:01:00,B6,DFW,SFO,1266,7.35,7.72,0.0,0.04,14.53,0.9031,-0.9531,56,DFW-SFO,136,15,0,0,0,0,0,0,-6,2025-08-13 15:39:00,2025-08-13 18:08:00,7,0
2025-08-21 22:15:00,2025-08-22 02:55:00,DL,DEN,JFK,3065,8.36,11.56,0.14,1.57,17.5,0.2611,-0.7317,96,DEN-JFK,280,22,0,1,0,0,0,0,6,2025-08-21 22:21:00,2025-08-22 02:54:00,-1,0
2025-02-04 15:40:00,2025-02-04 18:15:00,AA,DEN,LAX,1495,1.54,2.91,3.1,3.08,13.92,0.8892,0.9124,28,DEN-LAX,155,15,0,0,0,0,0,0,8,2025-02-04 15:48:00,2025-02-04 18:21:00,6,0
2025-08-15 11:40:00,2025-08-15 17:44:00,UA,DEN,ORD,4118,1.25,0.52,0.67,0.23,16.09,1.2657,0.7678,60,DEN-ORD,364,11,0,0,0,0,0,0,2,2025-08-15 11:42:00,2025-08-15 17:43:00,-1,0
2025-09-22 06:40:00,2025-09-22 09:56:00,UA,ORD,SFO,2014,2.45,1.88,0.11,0.22,14.13,-0.1841,0.5957,81,ORD-SFO,196,6,0,0,0,0,0,0,-10,2025-09-22 06:30:00,2025-09-22 09:54:00,-2,0
2025-07-31 12:15:00,2025-07-31 17:48:00,AA,DFW,ATL,3722,13.2,10.39,0.01,0.0,15.4,0.0047,0.881,92,DFW-ATL,333,12,0,0,0,0,0,0,3,2025-07-31 12:18:00,2025-07-31 17:38:00,-10,0
2025-01-31 08:45:00,2025-01-31 12:22:00,UA,ORD,DEN,2273,6.73,7.67,0.39,0.28,18.49,-0.3126,0.2642,59,ORD-DEN,217,8,0,0,0,0,0,0,-4,2025-01-31 08:41:00,2025-01-31 12:19:00,-3,0
2025-07-10 14:10:00,2025-07-10 17:28:00,UA,DEN,ORD,2042,4.45,5.5,0.0,0.0,10.17,-1.2379,-0.2123,83,DEN-ORD,198,14,0,0,0,0,0,0,15,2025-07-10 14:25:00,2025-07-10 17:36:00,8,0
2025-12-08 01:15:00,2025-12-08 04:46:00,DL,DEN,ORD,2203,27.06,27.26,0.0,0.42,13.77,0.7026,-0.478,55,DEN-ORD,211,1,0,1,0,0,0,0,0,2025-12-08 01:15:00,2025-12-08 04:56:00,10,0
2025-09-22 04:45:00,2025-09-22 08:12:00,B6,SFO,JFK,2154,8.34,7.87,0.0,0.0,17.25,0.081,0.5161,9,SFO-JFK,207,4,0,1,0,0,0,0,5,2025-09-22 04:50:00,2025-09-22 08:02:00,-10,0
2025-02-20 18:15:00,2025-02-20 21:55:00,WN,SEA,ORD,2311,11.82,9.32,0.65,0.0,18.79,1.2599,0.3791,70,SEA-ORD,220,18,0,0,0,0,0,0,11,2025-02-20 18:26:00,2025-02-20 22:18:00,23,1
2025-12-17 09:40:00,2025-12-17 15:37:00,AA,DFW,JFK,4024,23.2,22.49,0.0,0.0,16.25,1.9461,-0.023,96,DFW-JFK,357,9,0,0,0,0,0,0,-10,2025-12-17 09:30:00,2025-12-17 15:27:00,-10,0
2025-12-16 10:00:00,2025-12-16 14:55:00,UA,DEN,SFO,3252,13.1,12.1,0.0,0.0,16.87,-0.537,0.2453,51,DEN-SFO,295,10,0,0,0,0,0,0,-1,2025-12-16 09:59:00,2025-12-16 14:50:00,-5,0
2025-03-03 13:30:00,2025-03-03 14:41:00,UA,ORD,LAX,444,13.78,9.87,0.0,0.0,15.59,-0.412,0.2861,30,ORD-LAX,71,13,0,0,0,0,0,0,10,2025-03-03 13:40:00,2025-03-03 14:49:00,8,0
2025-10-20 10:45:00,2025-10-20 12:04:00,B6,ATL,BOS,544,4.56,6.78,21.74,23.06,6.54,-0.6188,-0.1169,2,ATL-BOS,79,10,0,0,1,0,0,0,30,2025-10-20 11:15:00,2025-10-20 12:52:00,48,1
2025-05-29 18:40:00,2025-05-29 19:47:00,WN,JFK,SFO,395,10.62,10.42,0.0,0.0,13.1,1.4504,-0.5892,20,JFK-SFO,67,18,0,0,0,0,0,0,4,2025-05-29 18:44:00,2025-05-29 19:52:00,5,0
2025-08-05 05:30:00,2025-08-05 10:21:00,DL,LAX,SFO,3201,26.17,25.58,0.0,0.0,12.25,-1.3738,-0.5635,42,LAX-SFO,291,5,0,0,0,0,0,0,5,2025-08-05 05:35:00,2025-08-05 10:25:00,4,0
2025-06-12 18:45:00,2025-06-12 20:53:00,AA,ORD,ATL,1164,10.31,11.71,0.26,0.0,15.83,0.3437,-0.7445,99,ORD-ATL,128,18,0,0,0,0,0,0,4,2025-06-12 18:49:00,2025-06-12 20:46:00,-7,0
2025-10-13 05:15:00,2025-10-13 08:23:00,WN,ATL,DFW,1918,12.42,11.41,4.52,1.36,15.03,-1.485,-0.7391,39,ATL-DFW,188,5,0,0,0,0,0,0,-6,2025-10-13 05:09:00,2025-10-13 08:15:00,-8,0
2025-12-30 08:20:00,2025-12-30 13:57:00,AA,ATL,SFO,3776,7.69,7.13,0.14,2.2,13.74,1.4727,-0.2062,10,ATL-SFO,337,8,0,0,0,0,0,0,11,2025-12-30 08:31:00,2025-12-30 13:54:00,-3,0
2025-10-18 14:00:00,2025-10-18 15:43:00,DL,DEN,SEA,853,1.36,1.67,6.71,5.68,9.97,0.729,-0.559,88,DEN-SEA,103,14,0,0,0,0,0,0,1,2025-10-18 14:01:00,2025-10-18 15:51:00,8,0
2025-12-06 21:40:00,2025-12-06 23:30:00,UA,BOS,JFK,943,19.15,18.61,30.36,29.54,0.2,-0.6313,-0.9062,64,BOS-JFK,110,21,0,1,1,1,0,0,22,2025-12-06 22:02:00,2025-12-07 00:00:00,30,1
2025-12-12 05:40:00,2025-12-12 07:06:00,B6,JFK,DEN,633,8.81,7.31,0.0,0.0,17.55,1.8011,-0.3161,74,JFK-DEN,86,5,0,0,0,0,0,0,27,2025-12-12 06:07:00,2025-12-12 07:32:00,26,1
2025-02-02 14:45:00,2025-02-02 17:20:00,B6,SFO,ATL,1498,5.63,7.9,1.44,0.07,18.74,-0.7981,-0.738,93,SFO-ATL,155,14,0,0,0,0,0,0,19,2025-02-02 15:04:00,2025-02-02 17:58:00,38,1
2025-04-03 01:40:00,2025-04-03 03:09:00,AA,DEN,LAX,676,2.99,3.05,3.8,3.79,15.55,0.1224,0.4086,96,DEN-LAX,89,1,0,1,0,0,0,0,3,2025-04-03 01:43:00,2025-04-03 03:06:00,-3,0
2025-09-21 01:10:00,2025-09-21 05:40:00,WN,JFK,LAX,2942,13.54,15.59,0.0,0.29,15.55,-2.2029,0.009,99,JFK-LAX,270,1,0,1,0,0,0,0,-4,2025-09-21 01:06:00,2025-09-21 05:41:00,1,0
2025-08-04 18:40:00,2025-08-04 23:47:00,DL,BOS,DFW,3394,2.07,4.37,12.87,11.96,12.8,0.627,-0.9288,76,BOS-DFW,307,18,0,0,1,0,0,0,5,2025-08-04 18:45:00,2025-08-05 00:07:00,20,1
2025-01-19 17:45:00,2025-01-19 19:46:00,B6,ATL,DEN,1073,19.73,20.92,15.52,15.24,7.56,-0.355,-0.6755,87,ATL-DEN,121,17,0,0,1,0,0,0,63,2025-01-19 18:48:00,2025-01-19 21:08:00,82,1
2025-02-04 09:10:00,2025-02-04 13:05:00,B6,ORD,SEA,2502,4.74,4.08,11.62,10.5,13.55,-0.2238,-0.9547,51,ORD-SEA,235,9,0,0,0,0,0,0,0,2025-02-04 09:10:00,2025-02-04 12:56:00,-9,0
2025-07-09 14:20:00,2025-07-09 17:01:00,B6,DEN,JFK,1573,11.78,9.77,1.1,0.0,13.82,-0.9642,-0.488,90,DEN-JFK,161,14,0,0,0,0,0,0,2,2025-07-09 14:22:00,2025-07-09 17:07:00,6,0
2025-08-13 09:50:00,2025-08-13 11:16:00,WN,JFK,DEN,637,11.67,12.52,0.26,0.71,17.84,-1.1023,-0.673,97,JFK-DEN,86,9,0,0,0,0,0,0,12,2025-08-13 10:02:00,2025-08-13 11:38:00,22,1
2025-03-03 06:20:00,2025-03-03 09:56:00,UA,ORD,DFW,2261,10.99,10.36,43.44,44.1,0.2,-0.547,-0.7948,47,ORD-DFW,216,6,0,0,1,1,0,0,17,2025-03-03 06:37:00,2025-03-03 10:26:00,30,1
2025-03-04 10:45:00,2025-03-04 15:38:00,AA,SEA,JFK,3228,18.57,16.42,0.46,1.41,16.56,1.2886,-0.5996,28,SEA-JFK,293,10,0,0,0,0,0,0,9,2025-03-04 10:54:00,2025-03-04 16:10:00,32,1
2025-02-17 07:30:00,2025-02-17 09:46:00,AA,BOS,DEN,1258,8.04,7.03,5.12,1.91,13.93,0.4091,0.3747,95,BOS-DEN,136,7,1,0,0,0,0,0,9,2025-02-17 07:39:00,2025-02-17 09:33:00,-13,0
2025-07-26 19:40:00,2025-07-27 01:04:00,UA,LAX,BOS,3610,11.58,10.41,10.45,7.81,12.38,-0.8687,-0.9559,80,LAX-BOS,324,19,0,0,0,0,0,0,20,2025-07-26 20:00:00,2025-07-27 01:27:00,23,1
2025-01-03 09:40:00,2025-01-03 16:12:00,AA,SFO,SEA,4468,12.09,11.96,11.48,10.79,12.89,-2.224,-0.6484,19,SFO-SEA,392,9,0,0,0,0,0,0,-10,2025-01-03 09:30:00,2025-01-03 16:06:00,-6,0
2025-07-28 07:40:00,2025-07-28 08:58:00,UA,JFK,ORD,536,25.5,25.36,0.66,0.0,14.92,1.9613,0.0776,20,JFK-ORD,78,7,0,0,0,0,0,0,14,2025-07-28 07:54:00,2025-07-28 09:18:00,20,1
2025-06-23 12:45:00,2025-06-23 14:39:00,WN,ATL,DEN,986,16.76,17.35,1.25,0.0,18.14,-2.4733,-0.3779,25,ATL-DEN,114,12,0,0,0,0,0,0,6,2025-06-23 12:51:00,2025-06-23 14:42:00,3,0
2025-06-20 18:50:00,2025-06-20 21:26:00,UA,DEN,JFK,1515,18.39,17.46,0.49,0.0,15.48,1.1315,-0.058,78,DEN-JFK,156,18,0,0,0,0,0,0,1,2025-06-20 18:51:00,2025-06-20 21:21:00,-5,0
2025-09-05 06:15:00,2025-09-05 12:00:00,WN,SEA,JFK,3869,7.66,6.4,4.67,5.41,16.45,0.4944,0.9752,21,SEA-JFK,345,6,0,0,0,0,0,0,23,2025-09-05 06:38:00,2025-09-05 12:28:00,28,1
2025-07-10 22:50:00,2025-07-11 00:37:00,WN,SEA,ORD,896,14.23,13.31,0.0,1.07,16.56,-0.1986,-0.4609,36,SEA-ORD,107,22,0,1,0,0,0,0,7,2025-07-10 22:57:00,2025-07-11 00:36:00,-1,0
2025-09-23 11:40:00,2025-09-23 15:17:00,DL,DEN,ORD,2274,23.96,18.23,0.07,0.69,14.86,-0.5742,0.7303,69,DEN-ORD,217,11,0,0,0,0,0,0,-1,2025-09-23 11:39:00,2025-09-23 15:15:00,-2,0
2025-10-06 15:30:00,2025-10-06 19:30:00,UA,BOS,JFK,2557,10.49,9.33,0.0,0.32,18.0,0.7657,-0.9858,29,BOS-JFK,240,15,0,0,0,0,0,0,12,2025-10-06 15:42:00,2025-10-06 19:46:00,16,1
2025-12-02 22:15:00,2025-12-02 23:57:00,WN,DEN,JFK,842,12.88,15.39,0.63,0.0,13.58,1.094,-0.2715,3,DEN-JFK,102,22,0,1,0,0,0,0,-1,2025-12-02 22:14:00,2025-12-03 00:02:00,5,0
2025-10-19 10:20:00,2025-10-19 11:33:00,UA,DEN,LAX,476,5.31,0.0,0.97,0.02,13.05,1.1029,-0.4384,86,DEN-LAX,73,10,0,0,0,0,0,0,16,2025-10-19 10:36:00,2025-10-19 11:26:00,-7,0
2025-07-08 04:40:00,2025-07-08 06:19:00,DL,ORD,BOS,797,14.63,16.55,0.0,1.14,15.46,1.1147,0.309,22,ORD-BOS,99,4,0,1,0,0,0,0,13,2025-07-08 04:53:00,2025-07-08 06:19:00,0,0
2025-06-29 17:15:00,2025-06-29 18:33:00,DL,SEA,ORD,536,9.17,12.2,0.0,0.66,17.72,-1.5102,0.9573,90,SEA-ORD,78,17,0,0,0,0,0,0,-5,2025-06-29 17:10:00,2025-06-29 18:25:00,-8,0
2025-03-28 00:15:00,2025-03-28 04:02:00,UA,ATL,SFO,2401,14.15,12.05,0.0,0.88,14.43,-0.6808,0.1965,45,ATL-SFO,227,0,0,1,0,0,0,0,8,2025-03-28 00:23:00,2025-03-28 04:15:00,13,0
2025-08-07 10:45:00,2025-08-07 16:59:00,AA,ORD,ATL,4233,7.79,8.6,0.33,0.95,13.19,-0.6329,0.0307,42,ORD-ATL,374,10,0,0,0,0,0,0,-1,2025-08-07 10:44:00,2025-08-07 17:06:00,7,0
2025-02-20 23:20:00,2025-02-21 02:18:00,DL,ORD,DFW,1784,3.54,3.54,0.0,0.0,13.41,0.0583,0.4358,36,ORD-DFW,178,23,0,1,0,0,0,0,14,2025-02-20 23:34:00,2025-02-21 02:25:00,7,0
2025-12-06 09:40:00,2025-12-06 12:05:00,UA,LAX,SEA,1378,14.97,13.63,0.0,0.63,14.22,0.2847,-0.9897,3,LAX-SEA,145,9,0,0,0,0,0,0,3,2025-12-06 09:43:00,2025-12-06 12:03:00,-2,0
2025-11-05 16:00:00,2025-11-05 18:18:00,WN,SEA,JFK,1285,6.21,4.37,5.83,3.41,15.57,1.0716,0.5185,0,SEA-JFK,138,16,0,0,0,0,0,0,0,2025-11-05 16:00:00,2025-11-05 18:17:00,-1,0
2025-02-13 12:00:00,2025-02-13 18:29:00,UA,ATL,JFK,4421,0.69,2.66,0.0,0.6,18.11,-0.0268,-0.7971,59,ATL-JFK,389,12,0,0,0,0,0,0,6,2025-02-13 12:06:00,2025-02-13 18:21:00,-8,0
2025-10-14 05:45:00,2025-10-14 12:06:00,WN,ORD,SEA,4327,12.15,12.41,0.0,1.23,17.73,0.783,0.8505,23,ORD-SEA,381,5,0,0,0,0,0,0,1,2025-10-14 05:46:00,2025-10-14 12:15:00,9,0
2025-02-12 07:10:00,2025-02-12 11:47:00,B6,BOS,ATL,3023,27.02,26.01,0.66,1.55,18.64,-0.3527,0.8053,33,BOS-ATL,277,7,0,0,0,0,0,0,-3,2025-02-12 07:07:00,2025-02-12 11:43:00,-4,0
2025-09-21 12:45:00,2025-09-21 16:20:00,B6,SFO,SEA,2246,4.56,4.85,0.46,0.59,18.08,2.0591,-0.2597,5,SFO-SEA,215,12,0,0,0,0,0,0,11,2025-09-21 12:56:00,2025-09-21 16:45:00,25,1
2025-02-02 02:50:00,2025-02-02 04:43:00,DL,JFK,ORD,971,8.53,4.63,0.0,0.39,15.68,-0.6349,-0.9873,67,JFK-ORD,113,2,0,1,0,0,0,0,8,2025-02-02 02:58:00,2025-02-02 04:30:00,-13,0
2025-06-28 09:20:00,2025-06-28 15:31:00,DL,ATL,JFK,4201,17.54,16.19,0.0,1.39,17.97,-0.6519,-0.4705,23,ATL-JFK,371,9,0,0,0,0,0,0,-4,2025-06-28 09:16:00,2025-06-28 15:33:00,2,0
2025-08-29 09:50:00,2025-08-29 10:49:00,B6,ORD,ATL,305,6.9,10.03,7.61,6.42,8.99,0.2686,0.6247,2,ORD-ATL,59,9,0,0,0,0,0,0,-4,2025-08-29 09:46:00,2025-08-29 10:53:00,4,0
2025-09-24 20:20:00,2025-09-24 22:14:00,UA,ORD,JFK,988,15.45,15.78,0.26,1.45,17.53,1.1605,-0.3168,51,ORD-JFK,114,20,0,1,0,0,0,0,19,2025-09-24 20:39:00,2025-09-24 22:34:00,20,1
2025-06-02 02:50:00,2025-06-02 07:37:00,AA,JFK,BOS,3150,11.49,7.32,0.0,0.13,13.32,-0.7711,-0.1871,29,JFK-BOS,287,2,0,1,0,0,0,0,-10,2025-06-02 02:40:00,2025-06-02 07:33:00,-4,0
2025-12-03 20:10:00,2025-12-03 22:11:00,DL,DEN,SFO,1070,9.59,6.96,0.7,0.14,12.23,-0.2913,0.3257,36,DEN-SFO,121,20,0,1,0,0,0,0,4,2025-12-03 20:14:00,2025-12-03 22:15:00,4,0
2025-10-10 09:20:00,2025-10-10 10:55:00,DL,ATL,SEA,754,6.32,3.76,15.09,14.24,11.63,-0.3589,-0.437,70,ATL-SEA,95,9,0,0,1,0,0,0,21,2025-10-10 09:41:00,2025-10-10 11:24:00,29,1
2025-03-18 15:20:00,2025-03-18 19:39:00,UA,SFO,DFW,2803,9.57,10.28,0.94,0.0,14.19,-1.026,0.2616,82,SFO-DFW,259,15,0,0,0,0,0,0,4,2025-03-18 15:24:00,2025-03-18 19:40:00,1,0
2025-09-02 13:45:00,2025-09-02 14:53:00,WN,BOS,DFW,410,6.83,7.14,0.0,1.47,13.22,-0.5472,-0.1096,76,BOS-DFW,68,13,0,0,0,0,0,0,-3,2025-09-02 13:42:00,2025-09-02 15:02:00,9,0
2025-09-24 07:00:00,2025-09-24 09:30:00,AA,SEA,ATL,1433,5.88,9.48,0.57,0.4,15.2,-0.6806,0.9988,37,SEA-ATL,150,7,0,0,0,0,0,0,13,2025-09-24 07:13:00,2025-09-24 09:42:00,12,0
2025-05-02 22:45:00,2025-05-03 03:20:00,WN,LAX,JFK,2999,21.44,16.67,0.0,0.0,16.47,1.3341,0.9371,12,LAX-JFK,275,22,0,1,0,0,0,0,-10,2025-05-02 22:35:00,2025-05-03 03:24:00,4,0
2025-09-27 05:00:00,2025-09-27 07:01:00,B6,ORD,ATL,1076,33.36,35.29,0.38,0.35,19.18,0.1687,0.0195,39,ORD-ATL,121,5,0,0,0,0,0,0,15,2025-09-27 05:15:00,2025-09-27 07:29:00,28,1
2025-11-24 00:15:00,2025-11-24 05:29:00,DL,ORD,SFO,3489,13.65,14.47,0.25,0.0,8.36,-0.4991,-0.1687,18,ORD-SFO,314,0,0,1,0,0,0,0,9,2025-11-24 00:24:00,2025-11-24 05:45:00,16,1
2025-10-26 18:30:00,2025-10-26 20:01:00,DL,SEA,LAX,697,19.38,18.15,0.59,0.0,18.94,1.8741,-0.9579,31,SEA-LAX,91,18,0,0,0,0,0,0,11,2025-10-26 18:41:00,2025-10-26 20:00:00,-1,0
2025-10-06 14:10:00,2025-10-06 18:35:00,B6,ATL,DEN,2875,6.85,6.52,0.36,0.0,18.25,1.8194,-0.3304,97,ATL-DEN,265,14,0,0,0,0,0,0,-1,2025-10-06 14:09:00,2025-10-06 18:32:00,-3,0
2025-08-20 21:20:00,2025-08-20 22:45:00,DL,SFO,SEA,620,8.88,7.09,0.0,0.0,17.74,1.7273,0.4551,15,SFO-SEA,85,21,0,1,0,0,0,0,11,2025-08-20 21:31:00,2025-08-20 22:44:00,-1,0
2025-04-09 10:50:00,2025-04-09 15:55:00,B6,ATL,JFK,3373,9.38,14.33,0.0,0.24,12.13,-0.4431,0.5341,11,ATL-JFK,305,10,0,0,0,0,0,0,5,2025-04-09 10:55:00,2025-04-09 15:57:00,2,0
2025-10-18 00:45:00,2025-10-18 05:57:00,UA,SFO,JFK,3463,8.73,8.45,0.06,1.59,11.34,1.0381,-0.6734,20,SFO-JFK,312,0,0,1,0,0,0,0,22,2025-10-18 01:07:00,2025-10-18 06:03:00,6,0
2025-05-13 00:00:00,2025-05-13 05:26:00,AA,DEN,BOS,3638,5.61,5.38,8.71,7.74,14.65,2.1485,0.8021,37,DEN-BOS,326,0,0,1,0,0,0,0,-3,2025-05-12 23:57:00,2025-05-13 05:18:00,-8,0
2025-07-14 10:30:00,2025-07-14 13:04:00,DL,SEA,ATL,1485,13.84,12.77,0.58,0.79,16.2,-0.3888,-0.6737,92,SEA-ATL,154,10,0,0,0,0,0,0,0,2025-07-14 10:30:00,2025-07-14 13:07:00,3,0
2025-04-25 05:30:00,2025-04-25 07:48:00,B6,ATL,DEN,1292,10.64,11.14,0.38,0.0,13.05,-0.2116,0.7387,48,ATL-DEN,138,5,0,0,0,0,0,0,9,2025-04-25 05:39:00,2025-04-25 07:40:00,-8,0
2025-04-25 22:00:00,2025-04-26 04:28:00,WN,JFK,DEN,4409,10.38,9.62,0.0,0.0,16.58,-0.4321,-0.1647,50,JFK-DEN,388,22,0,1,0,0,0,0,7,2025-04-25 22:07:00,2025-04-26 04:15:00,-13,0
2025-02-27 02:40:00,2025-02-27 07:44:00,WN,JFK,ORD,3363,7.97,10.51,0.64,0.0,14.23,0.2222,-0.5286,14,JFK-ORD,304,2,0,1,0,0,0,0,6,2025-02-27 02:46:00,2025-02-27 07:43:00,-1,0
2025-12-17 21:30:00,2025-12-17 23:31:00,B6,SFO,DEN,1069,2.81,2.4,0.0,0.62,14.72,1.8279,0.4167,91,SFO-DEN,121,21,0,1,0,0,0,0,6,2025-12-17 21:36:00,2025-12-17 23:34:00,3,0
2025-02-23 05:40:00,2025-02-23 06:49:00,UA,BOS,ORD,422,9.61,12.04,0.88,1.35,13.98,0.0692,0.7174,82,BOS-ORD,69,5,0,0,0,0,0,0,0,2025-02-23 05:40:00,2025-02-23 06:41:00,-8,0
2025-02-01 02:15:00,2025-02-01 05:13:00,UA,ATL,ORD,1788,4.3,4.4,0.93,0.19,18.92,-0.5589,0.9273,59,ATL-ORD,178,2,0,1,0,0,0,0,-3,2025-02-01 02:12:00,2025-02-01 05:24:00,11,0
2025-12-08 06:15:00,2025-12-08 10:57:00,WN,LAX,DFW,3093,2.73,3.39,0.0,0.54,12.54,-0.0951,0.5312,21,LAX-DFW,282,6,0,0,0,0,0,0,-2,2025-12-08 06:13:00,2025-12-08 11:08:00,11,0
2025-07-22 03:40:00,2025-07-22 06:45:00,B6,ATL,DFW,1874,3.62,3.65,3.64,4.63,12.26,1.1854,0.9211,34,ATL-DFW,185,3,0,1,0,0,0,0,5,2025-07-22 03:45:00,2025-07-22 06:48:00,3,0
2025-06-09 09:40:00,2025-06-09 15:10:00,UA,ORD,DEN,3692,9.06,11.74,10.88,11.12,6.56,-2.828,-0.2143,56,ORD-DEN,330,9,0,0,0,0,0,0,-9,2025-06-09 09:31:00,2025-06-09 15:06:00,-4,0
2025-09-27 07:10:00,2025-09-27 10:57:00,DL,ATL,SFO,2400,14.91,15.19,8.76,10.84,11.81,0.3888,0.8095,98,ATL-SFO,227,7,0,0,0,0,0,0,5,2025-09-27 07:15:00,2025-09-27 10:41:00,-16,0
2025-05-20 12:10:00,2025-05-20 18:42:00,DL,SFO,JFK,4463,18.07,16.46,0.0,0.0,18.24,-0.2246,-0.0559,59,SFO-JFK,392,12,0,0,0,0,0,0,-1,2025-05-20 12:09:00,2025-05-20 18:43:00,1,0
2025-02-16 12:30:00,2025-02-16 18:21:00,UA,JFK,LAX,3956,2.45,3.22,0.0,0.0,15.85,-0.6486,-0.7521,6,JFK-LAX,351,12,0,0,0,0,0,0,16,2025-02-16 12:46:00,2025-02-16 18:32:00,11,0
2025-09-24 00:45:00,2025-09-24 04:22:00,AA,SFO,ATL,2279,12.53,13.32,0.0,0.0,10.09,-1.7565,0.931,9,SFO-ATL,217,0,0,1,0,0,0,0,4,2025-09-24 00:49:00,2025-09-24 04:19:00,-3,0
2025-03-06 02:10:00,2025-03-06 07:49:00,B6,BOS,JFK,3806,28.17,26.0,25.73,27.48,4.34,0.6176,-0.6961,92,BOS-JFK,339,2,0,1,1,1,0,0,2,2025-03-06 02:12:00,2025-03-06 08:00:00,11,0
2025-07-21 03:10:00,2025-07-21 06:40:00,UA,DEN,ORD,2182,17.48,20.83,0.0,0.0,15.35,-0.2933,-0.8102,70,DEN-ORD,210,3,0,1,0,0,0,0,17,2025-07-21 03:27:00,2025-07-21 06:57:00,17,1
2025-12-13 04:45:00,2025-12-13 05:47:00,AA,JFK,DFW,341,10.85,13.24,1.06,1.09,20.04,0.4573,-0.3788,41,JFK-DFW,62,4,0,1,0,0,0,0,4,2025-12-13 04:49:00,2025-12-13 05:42:00,-5,0
2025-12-08 02:40:00,2025-12-08 05:22:00,B6,ATL,LAX,1593,10.2,10.83,0.0,0.0,15.96,-1.1283,0.1133,96,ATL-LAX,162,2,0,1,0,0,0,0,1,2025-12-08 02:41:00,2025-12-08 05:18:00,-4,0
2025-05-12 07:50:00,2025-05-12 11:06:00,UA,ATL,SEA,2018,11.15,11.51,0.0,0.18,17.93,-1.9003,-0.3591,79,ATL-SEA,196,7,0,0,0,0,0,0,6,2025-05-12 07:56:00,2025-05-12 10:53:00,-13,0
2025-10-12 13:45:00,2025-10-12 20:12:00,B6,DEN,ATL,4401,5.04,10.06,0.0,1.09,17.39,-1.2224,0.1978,45,DEN-ATL,387,13,0,0,0,0,0,0,-5,2025-10-12 13:40:00,2025-10-12 20:03:00,-9,0
2025-08-12 07:50:00,2025-08-12 13:27:00,B6,ORD,SFO,3777,17.54,20.21,0.8,1.53,6.64,-0.2242,0.1962,80,ORD-SFO,337,7,0,0,0,0,0,0,-4,2025-08-12 07:46:00,2025-08-12 13:26:00,-1,0
2025-06-24 07:10:00,2025-06-24 08:58:00,B6,ORD,SEA,915,5.97,3.98,0.0,0.0,12.83,-1.8161,0.498,1,ORD-SEA,108,7,0,0,0,0,0,0,-6,2025-06-24 07:04:00,2025-06-24 08:59:00,1,0
2025-02-21 11:15:00,2025-02-21 12:14:00,WN,ATL,DFW,300,9.44,10.76,0.22,0.93,15.6,0.1444,0.939,30,ATL-DFW,59,11,0,0,0,0,0,0,-9,2025-02-21 11:06:00,2025-02-21 12:22:00,8,0
2025-05-18 13:10:00,2025-05-18 17:07:00,WN,ATL,ORD,2520,3.66,0.0,0.13,0.2,18.89,1.6669,0.2523,75,ATL-ORD,237,13,0,0,0,0,0,0,5,2025-05-18 13:15:00,2025-05-18 17:30:00,23,1
2025-08-26 07:00:00,2025-08-26 10:58:00,AA,LAX,ATL,2541,17.35,20.5,0.35,0.0,16.81,-2.4933,-0.5058,7,LAX-ATL,238,7,0,0,0,0,0,0,-1,2025-08-26 06:59:00,2025-08-26 11:01:00,3,0
2025-12-27 05:45:00,2025-12-27 10:51:00,AA,DFW,DEN,3388,8.55,12.72,0.17,0.49,17.76,-0.7107,-0.9464,9,DFW-DEN,306,5,0,0,0,0,0,0,-1,2025-12-27 05:44:00,2025-12-27 10:44:00,-7,0
2025-01-02 09:40:00,2025-01-02 12:06:00,AA,SEA,ATL,1389,0.85,4.91,0.07,1.85,18.0,-0.1739,0.2457,78,SEA-ATL,146,9,0,0,0,0,0,0,22,2025-01-02 10:02:00,2025-01-02 12:30:00,24,1
2025-09-19 00:00:00,2025-09-19 05:32:00,UA,DEN,LAX,3711,23.53,24.57,0.53,0.0,19.5,-0.1939,-0.272,69,DEN-LAX,332,0,0,1,0,0,0,0,-10,2025-09-18 23:50:00,2025-09-19 05:31:00,-1,0
2025-11-05 11:10:00,2025-11-05 14:28:00,B6,DFW,SEA,2033,9.93,9.58,0.68,0.0,15.21,1.3104,-0.2742,73,DFW-SEA,198,11,0,0,0,0,0,0,-7,2025-11-05 11:03:00,2025-11-05 14:25:00,-3,0
2025-12-14 22:10:00,2025-12-15 01:01:00,UA,BOS,LAX,1705,5.06,1.69,0.97,0.0,15.17,-0.4273,-0.3388,96,BOS-LAX,171,22,0,1,0,0,0,0,-2,2025-12-14 22:08:00,2025-12-15 00:58:00,-3,0
2025-06-04 09:20:00,2025-06-04 12:40:00,UA,DEN,ORD,2065,31.12,30.09,0.0,0.0,9.55,-0.2934,-0.1514,26,DEN-ORD,200,9,0,0,0,0,0,0,-1,2025-06-04 09:19:00,2025-06-04 12:40:00,0,0
2025-02-13 02:20:00,2025-02-13 08:36:00,WN,ORD,BOS,4266,9.07,6.87,0.17,0.16,18.45,-0.3672,-0.0272,2,ORD-BOS,376,2,0,1,0,0,0,0,8,2025-02-13 02:28:00,2025-02-13 08:41:00,5,0
2025-04-09 16:15:00,2025-04-09 19:26:00,UA,JFK,SFO,1945,4.11,6.09,0.0,1.97,15.51,0.4811,0.3434,84,JFK-SFO,191,16,0,0,0,0,0,0,-10,2025-04-09 16:05:00,2025-04-09 19:17:00,-9,0
2025-11-07 03:50:00,2025-11-07 07:57:00,B6,LAX,BOS,2654,10.19,9.98,6.71,6.12,9.79,1.6452,0.5373,51,LAX-BOS,247,3,0,1,0,0,0,0,11,2025-11-07 04:01:00,2025-11-07 07:49:00,-8,0
2025-11-17 04:10:00,2025-11-17 10:09:00,AA,ATL,JFK,4046,4.76,4.62,0.0,0.96,14.11,0.0023,-0.083,55,ATL-JFK,359,4,0,1,0,0,0,0,10,2025-11-17 04:20:00,2025-11-17 10:28:00,19,1
2025-08-21 03:30:00,2025-08-21 04:35:00,B6,JFK,ORD,376,8.42,8.82,0.52,0.3,13.21,1.5315,-0.8286,81,JFK-ORD,65,3,0,1,0,0,0,0,12,2025-08-21 03:42:00,2025-08-21 04:37:00,2,0
2025-02-14 21:20:00,2025-02-15 01:19:00,UA,JFK,SEA,2553,20.32,22.3,5.89,8.21,13.6,0.0946,-0.1164,76,JFK-SEA,239,21,0,1,0,0,0,0,5,2025-02-14 21:25:00,2025-02-15 01:05:00,-14,0
2025-02-14 23:20:00,2025-02-15 04:17:00,AA,SFO,ORD,3275,9.77,8.64,2.64,2.34,16.64,-1.2637,0.7958,69,SFO-ORD,297,23,0,1,0,0,0,0,6,2025-02-14 23:26:00,2025-02-15 04:40:00,23,1
2025-06-24 13:45:00,2025-06-24 19:48:00,UA,DFW,LAX,4095,10.46,14.51,0.0,0.0,17.72,1.1134,0.8129,47,DFW-LAX,363,13,0,0,0,0,0,0,18,2025-06-24 14:03:00,2025-06-24 20:23:00,35,1
2025-08-03 14:50:00,2025-08-03 16:10:00,WN,ATL,LAX,558,22.79,25.29,5.86,7.11,10.77,-0.0223,0.9311,40,ATL-LAX,80,14,0,0,0,0,0,0,-10,2025-08-03 14:40:00,2025-08-03 16:09:00,-1,0
2025-01-12 15:00:00,2025-01-12 20:03:00,WN,ORD,DFW,3352,7.77,7.72,0.0,0.49,14.77,1.4302,0.5836,9,ORD-DFW,303,15,0,0,0,0,0,0,-8,2025-01-12 14:52:00,2025-01-12 20:03:00,0,0
2025-09-08 14:20:00,2025-09-08 19:49:00,WN,BOS,LAX,3670,4.75,5.9,0.48,0.94,13.74,0.8247,0.406,92,BOS-LAX,329,14,0,0,0,0,0,0,11,2025-09-08 14:31:00,2025-09-08 20:09:00,20,1
2025-07-18 13:00:00,2025-07-18 15:57:00,AA,SFO,ORD,1774,14.65,17.18,0.0,0.56,17.02,0.9323,0.0913,8,SFO-ORD,177,13,0,0,0,0,0,0,-5,2025-07-18 12:55:00,2025-07-18 15:56:00,-1,0
2025-01-05 23:20:00,2025-01-06 04:30:00,DL,DFW,LAX,3433,2.15,4.4,0.0,0.0,18.47,-0.7627,-0.3305,85,DFW-LAX,310,23,0,1,0,0,0,0,4,2025-01-05 23:24:00,2025-01-06 04:49:00,19,1
2025-02-04 17:30:00,2025-02-04 21:15:00,WN,SEA,LAX,2372,5.16,1.18,8.53,8.61,11.69,-0.9616,0.6264,67,SEA-LAX,225,17,0,0,0,0,0,0,-4,2025-02-04 17:26:00,2025-02-04 21:07:00,-8,0
2025-06-15 02:20:00,2025-06-15 07:00:00,B6,LAX,DFW,3063,2.8,1.5,14.35,15.5,8.84,-0.0397,-0.6429,34,LAX-DFW,280,2,0,1,1,0,0,0,13,2025-06-15 02:33:00,2025-06-15 07:28:00,28,1
2025-09-21 09:15:00,2025-09-21 12:25:00,B6,JFK,BOS,1937,22.48,22.54,0.14,0.0,14.17,-1.357,0.4739,99,JFK-BOS,190,9,0,0,0,0,0,0,6,2025-09-21 09:21:00,2025-09-21 12:45:00,20,1
2025-10-29 23:15:00,2025-10-30 01:14:00,AA,LAX,ATL,1044,12.12,9.37,0.0,0.29,14.16,-1.0814,0.0866,44,LAX-ATL,119,23,0,1,0,0,0,0,10,2025-10-29 23:25:00,2025-10-30 01:27:00,13,0
2025-06-07 09:15:00,2025-06-07 14:52:00,DL,BOS,DFW,3780,15.14,17.43,0.01,0.0,15.69,-0.7511,0.17,77,BOS-DFW,337,9,0,0,0,0,0,0,7,2025-06-07 09:22:00,2025-06-07 15:22:00,30,1
2025-04-18 04:15:00,2025-04-18 06:27:00,B6,ATL,DFW,1209,3.77,7.99,0.0,0.26,15.89,-1.2263,-0.2177,40,ATL-DFW,132,4,0,1,0,0,0,0,6,2025-04-18 04:21:00,2025-04-18 06:24:00,-3,0
2025-12-20 20:15:00,2025-12-20 22:17:00,WN,ORD,LAX,1087,11.14,11.61,0.0,0.68,13.46,-0.1084,0.1278,46,ORD-LAX,122,20,0,1,0,0,0,0,15,2025-12-20 20:30:00,2025-12-20 22:41:00,24,1
2025-06-17 14:40:00,2025-06-17 20:37:00,DL,SFO,JFK,4021,15.12,11.16,0.0,0.96,17.44,0.0214,0.5709,91,SFO-JFK,357,14,0,0,0,0,0,0,2,2025-06-17 14:42:00,2025-06-17 20:33:00,-4,0
2025-04-26 13:00:00,2025-04-26 19:14:00,AA,SEA,ORD,4232,31.49,28.83,0.0,0.7,17.23,-0.5267,-0.0351,87,SEA-ORD,374,13,0,0,0,0,0,0,7,2025-04-26 13:07:00,2025-04-26 19:28:00,14,0
2025-06-11 10:00:00,2025-06-11 14:24:00,AA,DEN,SEA,2859,15.29,13.42,0.53,0.0,16.22,-1.2484,0.6125,44,DEN-SEA,264,10,0,0,0,0,0,0,16,2025-06-11 10:16:00,2025-06-11 14:53:00,29,1
2025-01-05 02:30:00,2025-01-05 06:44:00,UA,DFW,LAX,2737,17.05,19.58,30.03,28.65,0.2,-0.8316,-0.9534,48,DFW-LAX,254,2,0,1,1,1,0,0,37,2025-01-05 03:07:00,2025-01-05 08:00:00,76,1
2025-04-21 09:40:00,2025-04-21 12:40:00,AA,DFW,SFO,1815,11.68,8.86,0.0,0.94,12.88,0.2275,0.6042,5,DFW-SFO,180,9,0,0,0,0,0,0,27,2025-04-21 10:07:00,2025-04-21 12:52:00,12,0
2025-07-08 10:15:00,2025-07-08 14:40:00,DL,ORD,SFO,2869,2.35,1.91,0.0,0.4,13.8,-0.2483,0.7817,56,ORD-SFO,265,10,0,0,0,0,0,0,7,2025-07-08 10:22:00,2025-07-08 14:43:00,3,0
2025-12-02 22:10:00,2025-12-03 02:34:00,DL,LAX,BOS,2858,11.06,14.22,0.63,0.49,12.7,0.1004,0.8569,96,LAX-BOS,264,22,0,1,0,0,0,0,-1,2025-12-02 22:09:00,2025-12-03 02:31:00,-3,0
2025-09-27 07:30:00,2025-09-27 11:23:00,WN,SEA,LAX,2470,8.51,9.86,8.09,10.07,12.64,-0.8957,-0.078,33,SEA-LAX,233,7,0,0,0,0,0,0,4,2025-09-27 07:34:00,2025-09-27 11:13:00,-10,0
2025-10-13 03:20:00,2025-10-13 07:59:00,WN,SFO,JFK,3051,6.73,8.91,3.77,1.12,16.03,0.416,-0.1214,34,SFO-JFK,279,3,0,1,0,0,0,0,-2,2025-10-13 03:18:00,2025-10-13 07:50:00,-9,0
2025-07-18 10:40:00,2025-07-18 14:45:00,B6,DFW,SFO,2628,6.63,6.52,0.86,1.8,10.95,0.7789,-0.2515,67,DFW-SFO,245,10,0,0,0,0,0,0,-8,2025-07-18 10:32:00,2025-07-18 14:42:00,-3,0
2025-02-10 23:10:00,2025-02-11 05:04:00,DL,LAX,SEA,3992,10.18,11.31,1.0,0.0,16.32,-1.3092,-0.8337,47,LAX-SEA,354,23,0,1,0,0,0,0,-7,2025-02-10 23:03:00,2025-02-11 05:01:00,-3,0
2025-05-23 11:00:00,2025-05-23 15:43:00,WN,JFK,ATL,3104,7.25,5.43,0.68,0.82,17.91,-0.4591,0.7487,56,JFK-ATL,283,11,0,0,0,0,0,0,11,2025-05-23 11:11:00,2025-05-23 15:39:00,-4,0
2025-12-30 09:30:00,2025-12-30 12:38:00,AA,SFO,BOS,1917,16.1,17.54,0.0,0.0,14.14,-1.6583,-0.4939,30,SFO-BOS,188,9,0,0,0,0,0,0,-2,2025-12-30 09:28:00,2025-12-30 12:29:00,-9,0
2025-01-17 16:20:00,2025-01-17 20:59:00,AA,DFW,BOS,3051,0.74,3.98,27.17,26.79,8.13,0.8206,-0.6967,94,DFW-BOS,279,16,0,0,1,0,0,0,29,2025-01-17 16:49:00,2025-01-17 21:35:00,36,1
2025-11-17 15:40:00,2025-11-17 17:56:00,WN,BOS,SEA,1266,26.18,23.9,0.0,0.0,18.74,2.223,0.5309,37,BOS-SEA,136,15,0,0,0,0,0,0,13,2025-11-17 15:53:00,2025-11-17 18:08:00,12,0
2025-09-07 07:30:00,2025-09-07 09:41:00,B6,DFW,ATL,1199,15.18,14.59,0.59,0.0,15.88,0.9018,-0.7228,39,DFW-ATL,131,7,0,0,0,0,0,0,-2,2025-09-07 07:28:00,2025-09-07 09:40:00,-1,0
2025-04-14 23:15:00,2025-04-15 04:52:00,WN,LAX,SEA,3772,18.45,18.47,7.78,8.26,12.3,-0.1486,0.5292,99,LAX-SEA,337,23,0,1,0,0,0,0,-1,2025-04-14 23:14:00,2025-04-15 04:49:00,-3,0
2025-10-11 14:10:00,2025-10-11 18:25:00,AA,SFO,JFK,2746,4.55,4.26,0.0,0.36,16.96,0.1565,0.6661,49,SFO-JFK,255,14,0,0,0,0,0,0,-2,2025-10-11 14:08:00,2025-10-11 18:29:00,4,0
2025-11-02 01:10:00,2025-11-02 02:27:00,AA,SEA,ORD,525,6.75,5.32,1.16,0.95,14.56,0.5695,-0.4842,73,SEA-ORD,77,1,0,1,0,0,0,0,1,2025-11-02 01:11:00,2025-11-02 02:14:00,-13,0
2025-01-16 09:45:00,2025-01-16 12:43:00,WN,ATL,SFO,1789,9.63,11.39,0.0,0.0,14.19,-1.265,-0.7982,17,ATL-SFO,178,9,0,0,0,0,0,0,6,2025-01-16 09:51:00,2025-01-16 12:40:00,-3,0
2025-02-08 22:10:00,2025-02-09 04:40:00,AA,JFK,LAX,4433,9.63,10.89,0.0,0.75,13.44,0.0532,-0.2642,28,JFK-LAX,390,22,0,1,0,0,0,0,7,2025-02-08 22:17:00,2025-02-09 04:33:00,-7,0
2025-08-31 09:30:00,2025-08-31 14:03:00,AA,BOS,JFK,2975,14.88,14.55,0.0,0.07,16.63,-0.0255,-0.7319,77,BOS-JFK,273,9,0,0,0,0,0,0,-10,2025-08-31 09:20:00,2025-08-31 13:56:00,-7,0
2025-12-31 13:45:00,2025-12-31 19:36:00,B6,DFW,DEN,3948,8.75,9.13,0.75,0.63,13.46,-0.2264,0.1701,27,DFW-DEN,351,13,1,0,0,0,0,0,-2,2025-12-31 13:43:00,2025-12-31 19:37:00,1,0
2025-01-09 14:50:00,2025-01-09 18:53:00,B6,SFO,ORD,2600,30.35,26.16,0.13,0.51,17.61,-0.4271,0.7997,98,SFO-ORD,243,14,0,0,0,0,0,0,-8,2025-01-09 14:42:00,2025-01-09 18:49:00,-4,0
2025-08-31 16:15:00,2025-08-31 17:28:00,DL,SFO,JFK,478,3.97,5.02,0.32,0.0,13.96,0.0863,0.0372,8,SFO-JFK,73,16,0,0,0,0,0,0,10,2025-08-31 16:25:00,2025-08-31 17:29:00,1,0
2025-02-19 20:00:00,2025-02-19 21:59:00,B6,BOS,ORD,1054,0.91,6.18,0.17,0.25,17.57,-1.0092,-0.5316,97,BOS-ORD,119,20,0,1,0,0,0,0,0,2025-02-19 20:00:00,2025-02-19 21:52:00,-7,0
2025-08-26 03:45:00,2025-08-26 05:15:00,AA,BOS,ATL,686,8.52,8.55,7.96,9.96,14.57,-0.7558,0.1925,68,BOS-ATL,90,3,0,1,0,0,0,0,6,2025-08-26 03:51:00,2025-08-26 05:20:00,5,0
2025-08-16 12:40:00,2025-08-16 17:46:00,WN,ORD,BOS,3385,7.08,7.16,0.0,0.79,15.98,0.2736,-0.819,47,ORD-BOS,306,12,0,0,0,0,0,0,1,2025-08-16 12:41:00,2025-08-16 17:47:00,1,0
2025-02-03 12:15:00,2025-02-03 17:28:00,UA,DFW,BOS,3477,20.97,23.19,0.0,1.51,9.67,-0.0464,-0.387,16,DFW-BOS,313,12,0,0,0,0,0,0,-5,2025-02-03 12:10:00,2025-02-03 17:14:00,-14,0
2025-09-06 03:30:00,2025-09-06 07:03:00,DL,DFW,ORD,2219,11.5,11.77,0.22,0.0,10.84,0.0122,0.8291,52,DFW-ORD,213,3,0,1,0,0,0,0,23,2025-09-06 03:53:00,2025-09-06 07:18:00,15,1
2025-11-24 16:10:00,2025-11-24 21:12:00,WN,SEA,JFK,3342,1.58,0.0,0.0,0.0,15.15,0.9675,0.7023,38,SEA-JFK,302,16,0,0,0,0,0,0,15,2025-11-24 16:25:00,2025-11-24 21:22:00,10,0
2025-11-12 02:40:00,2025-11-12 06:44:00,AA,SFO,DEN,2616,0.88,0.0,0.0,1.29,16.29,-0.1058,0.5401,29,SFO-DEN,244,2,0,1,0,0,0,0,2,2025-11-12 02:42:00,2025-11-12 06:37:00,-7,0
2025-01-11 10:40:00,2025-01-11 15:48:00,WN,SFO,DEN,3407,10.04,6.91,0.0,0.0,14.14,-0.2141,0.3633,58,SFO-DEN,308,10,0,0,0,0,0,0,-2,2025-01-11 10:38:00,2025-01-11 15:55:00,7,0
2025-03-31 07:15:00,2025-03-31 12:00:00,DL,SEA,LAX,3125,6.72,7.56,4.32,4.43,15.67,0.6498,0.4675,97,SEA-LAX,285,7,0,0,0,0,0,0,-2,2025-03-31 07:13:00,2025-03-31 11:53:00,-7,0
2025-03-29 03:20:00,2025-03-29 06:52:00,AA,SFO,BOS,2213,8.08,8.49,0.0,0.0,20.63,1.7646,0.2762,69,SFO-BOS,212,3,0,1,0,0,0,0,2,2025-03-29 03:22:00,2025-03-29 06:45:00,-7,0
2025-06-15 19:15:00,2025-06-15 23:53:00,DL,ORD,SFO,3042,8.52,7.11,3.37,4.6,15.62,-0.4718,0.1353,11,ORD-SFO,278,19,0,0,0,0,0,0,-2,2025-06-15 19:13:00,2025-06-15 23:54:00,1,0
2025-02-22 05:00:00,2025-02-22 07:46:00,DL,SEA,JFK,1638,24.9,23.96,21.4,20.11,10.75,0.4523,-0.8975,97,SEA-JFK,166,5,0,0,1,0,0,0,51,2025-02-22 05:51:00,2025-02-22 09:15:00,89,1
2025-11-08 06:10:00,2025-11-08 11:21:00,UA,JFK,ORD,3445,15.4,16.06,0.0,0.0,19.05,-0.2606,-0.8019,77,JFK-ORD,311,6,0,0,0,0,0,0,11,2025-11-08 06:21:00,2025-11-08 11:40:00,19,1
2025-10-11 20:50:00,2025-10-12 02:56:00,DL,ATL,DFW,4137,5.68,4.94,0.0,0.0,16.33,-0.9496,-0.5362,77,ATL-DFW,366,20,0,1,0,0,0,0,-3,2025-10-11 20:47:00,2025-10-12 02:57:00,1,0
2025-10-23 21:20:00,2025-10-23 23:28:00,AA,SEA,SFO,1168,13.27,11.27,0.0,0.0,1.94,-0.0259,0.095,56,SEA-SFO,128,21,0,1,0,1,0,1,6,2025-10-23 21:26:00,2025-10-23 23:56:00,28,1
2025-03-14 00:10:00,2025-03-14 04:53:00,DL,SFO,ATL,3101,5.33,10.77,0.0,0.67,16.7,0.6072,-0.5598,6,SFO-ATL,283,0,0,1,0,0,0,0,-10,2025-03-14 00:00:00,2025-03-14 04:50:00,-3,0
2025-01-06 06:00:00,2025-01-06 07:36:00,WN,DEN,DFW,763,1.76,4.62,0.0,0.0,16.66,-0.8361,-0.0664,64,DEN-DFW,96,6,0,0,0,0,0,0,1,2025-01-06 06:01:00,2025-01-06 07:33:00,-3,0
2025-11-29 17:15:00,2025-11-29 20:21:00,DL,DFW,ORD,1885,6.37,7.86,3.79,2.68,14.0,1.1156,0.1643,61,DFW-ORD,186,17,0,0,0,0,0,0,19,2025-11-29 17:34:00,2025-11-29 20:50:00,29,1
2025-04-16 18:50:00,2025-04-16 23:34:00,UA,LAX,SFO,3110,9.15,5.92,0.5,0.0,16.51,-0.393,0.4976,63,LAX-SFO,284,18,0,0,0,0,0,0,4,2025-04-16 18:54:00,2025-04-16 23:20:00,-14,0
2025-08-28 23:20:00,2025-08-29 01:52:00,UA,LAX,BOS,1465,4.22,4.53,0.0,0.0,18.95,-0.4453,0.1164,37,LAX-BOS,152,23,0,1,0,0,0,0,13,2025-08-28 23:33:00,2025-08-29 01:59:00,7,0
2025-11-28 13:50:00,2025-11-28 16:08:00,UA,ORD,LAX,1291,6.67,7.83,0.0,0.0,8.77,0.7482,0.3523,43,ORD-LAX,138,13,0,0,0,0,0,0,-10,2025-11-28 13:40:00,2025-11-28 15:50:00,-18,0
2025-01-14 00:20:00,2025-01-14 03:28:00,DL,DFW,BOS,1912,8.71,7.39,0.35,0.96,17.07,0.2676,-0.0939,55,DFW-BOS,188,0,0,1,0,0,0,0,-6,2025-01-14 00:14:00,2025-01-14 03:28:00,0,0
2025-01-02 20:45:00,2025-01-02 22:22:00,WN,SEA,ATL,781,12.84,13.77,0.0,0.0,18.44,-0.7336,0.8452,52,SEA-ATL,97,20,0,1,0,0,0,0,-10,2025-01-02 20:35:00,2025-01-02 22:09:00,-13,0
2025-01-02 03:45:00,2025-01-02 08:14:00,DL,SEA,DFW,2926,5.03,9.31,0.0,0.0,13.25,-1.3084,0.5278,81,SEA-DFW,269,3,0,1,0,0,0,0,12,2025-01-02 03:57:00,2025-01-02 08:12:00,-2,0
2025-02-27 02:00:00,2025-02-27 03:43:00,AA,SFO,LAX,851,21.69,22.08,0.83,1.36,16.0,1.7133,-0.1089,69,SFO-LAX,103,2,0,1,0,0,0,0,2,2025-02-27 02:02:00,2025-02-27 03:47:00,4,0
2025-01-19 16:00:00,2025-01-19 18:51:00,AA,LAX,DEN,1699,4.14,8.42,0.0,0.27,16.58,0.1747,-0.6392,50,LAX-DEN,171,16,0,0,0,0,0,0,-2,2025-01-19 15:58:00,2025-01-19 19:05:00,14,0
2025-10-27 14:50:00,2025-10-27 17:34:00,WN,ATL,SFO,1613,18.98,17.47,0.0,0.0,15.4,1.8722,0.4193,95,ATL-SFO,164,14,0,0,0,0,0,0,7,2025-10-27 14:57:00,2025-10-27 17:44:00,10,0
2025-08-10 01:50:00,2025-08-10 08:14:00,AA,SEA,LAX,4365,12.91,12.46,13.33,13.21,10.49,-0.4913,-0.1073,17,SEA-LAX,384,1,0,1,1,0,0,0,6,2025-08-10 01:56:00,2025-08-10 08:35:00,21,1
2025-12-24 04:10:00,2025-12-24 10:42:00,UA,ATL,DFW,4465,4.08,4.09,0.0,0.0,14.59,0.3325,-0.5508,40,ATL-DFW,392,4,1,1,0,0,1,0,26,2025-12-24 04:36:00,2025-12-24 11:13:00,31,1
2025-10-20 14:40:00,2025-10-20 16:06:00,AA,BOS,JFK,633,8.38,5.99,0.91,1.3,16.49,-1.2326,0.2017,28,BOS-JFK,86,14,0,0,0,0,0,0,-5,2025-10-20 14:35:00,2025-10-20 15:57:00,-9,0
2025-12-18 06:50:00,2025-12-18 08:42:00,UA,DEN,JFK,960,26.44,27.37,0.48,2.11,15.02,-1.0068,-0.2257,44,DEN-JFK,112,6,0,0,0,0,0,0,0,2025-12-18 06:50:00,2025-12-18 08:46:00,4,0
2025-03-29 16:50:00,2025-03-29 21:55:00,B6,BOS,ATL,3375,5.86,7.22,4.51,6.65,14.72,-0.4313,0.5547,17,BOS-ATL,305,16,0,0,0,0,0,0,-6,2025-03-29 16:44:00,2025-03-29 22:02:00,7,0
2025-04-16 09:15:00,2025-04-16 11:54:00,WN,ORD,LAX,1553,28.17,30.22,0.0,0.0,19.26,1.6641,-0.435,17,ORD-LAX,159,9,0,0,0,0,0,0,-4,2025-04-16 09:11:00,2025-04-16 11:49:00,-5,0
2025-11-07 14:45:00,2025-11-07 19:20:00,WN,DFW,SEA,3005,12.95,14.02,0.0,0.0,11.65,0.2322,-0.0615,63,DFW-SEA,275,14,0,0,0,0,0,0,5,2025-11-07 14:50:00,2025-11-07 19:31:00,11,0
2025-03-31 11:40:00,2025-03-31 17:48:00,DL,BOS,DFW,4167,12.9,8.6,0.0,0.0,18.98,1.0877,-0.2929,67,BOS-DFW,368,11,0,0,0,0,0,0,21,2025-03-31 12:01:00,2025-03-31 18:19:00,31,1
2025-01-21 08:50:00,2025-01-21 10:44:00,DL,ATL,DFW,983,11.12,13.62,0.55,0.0,13.39,2.0282,0.6975,48,ATL-DFW,114,8,0,0,0,0,0,0,13,2025-01-21 09:03:00,2025-01-21 10:41:00,-3,0
2025-09-02 08:10:00,2025-09-02 14:33:00,AA,BOS,SFO,4345,4.59,8.78,0.0,0.39,15.03,0.9517,-0.1494,91,BOS-SFO,383,8,0,0,0,0,0,0,-10,2025-09-02 08:00:00,2025-09-02 14:36:00,3,0
2025-10-20 16:30:00,2025-10-20 17:47:00,WN,ORD,LAX,520,7.16,4.38,0.0,0.0,16.0,0.9083,-0.5292,47,ORD-LAX,77,16,0,0,0,0,0,0,4,2025-10-20 16:34:00,2025-10-20 17:39:00,-8,0
2025-12-20 12:00:00,2025-12-20 14:16:00,UA,SEA,DEN,1261,9.41,10.21,11.86,12.21,11.09,0.1328,0.7241,53,SEA-DEN,136,12,0,0,0,0,0,0,2,2025-12-20 12:02:00,2025-12-20 14:26:00,10,0
2025-12-05 14:15:00,2025-12-05 18:04:00,B6,DEN,ATL,2431,12.46,11.31,16.25,14.86,8.8,1.4487,0.8543,22,DEN-ATL,229,14,0,0,1,0,0,0,22,2025-12-05 14:37:00,2025-12-05 18:41:00,37,1
2025-02-13 13:00:00,2025-02-13 18:55:00,AA,ATL,SEA,3997,12.14,13.51,10.87,10.61,4.97,0.3646,-0.2614,23,ATL-SEA,355,13,0,0,0,1,0,0,-5,2025-02-13 12:55:00,2025-02-13 18:56:00,1,0
2025-10-09 04:20:00,2025-10-09 08:25:00,B6,LAX,ORD,2626,11.72,15.1,0.02,1.38,16.07,1.1388,0.7561,51,LAX-ORD,245,4,0,1,0,0,0,0,-5,2025-10-09 04:15:00,2025-10-09 08:20:00,-5,0
2025-11-05 21:45:00,2025-11-05 23:31:00,AA,SEA,LAX,883,14.78,18.07,0.03,1.0,12.64,-0.3212,-0.0194,46,SEA-LAX,106,21,0,1,0,0,0,0,-8,2025-11-05 21:37:00,2025-11-05 23:37:00,6,0
2025-09-12 13:40:00,2025-09-12 16:03:00,UA,ATL,DEN,1345,33.79,30.8,0.0,0.73,14.0,0.695,0.4651,28,ATL-DEN,143,13,0,0,0,0,0,0,6,2025-09-12 13:46:00,2025-09-12 15:59:00,-4,0
2025-10-27 17:15:00,2025-10-27 22:30:00,WN,SEA,BOS,3498,10.76,10.57,1.18,0.64,12.6,0.4287,-0.4552,47,SEA-BOS,315,17,0,0,0,0,0,0,-3,2025-10-27 17:12:00,2025-10-27 22:17:00,-13,0
2025-11-02 21:20:00,2025-11-03 01:28:00,WN,BOS,JFK,2658,20.56,18.3,0.0,0.0,19.43,-0.3212,-0.6805,26,BOS-JFK,248,21,0,1,0,0,0,0,13,2025-11-02 21:33:00,2025-11-03 01:17:00,-11,0
2025-06-12 22:15:00,2025-06-12 23:18:00,WN,DEN,ORD,354,13.1,17.2,0.49,0.0,14.54,-1.4068,0.0387,23,DEN-ORD,63,22,0,1,0,0,0,0,6,2025-06-12 22:21:00,2025-06-12 23:18:00,0,0
2025-01-15 16:40:00,2025-01-15 20:27:00,WN,LAX,DEN,2406,36.68,36.64,0.89,0.0,19.01,0.3236,-0.1947,34,LAX-DEN,227,16,0,0,0,0,0,0,5,2025-01-15 16:45:00,2025-01-15 20:24:00,-3,0
2025-06-16 18:15:00,2025-06-16 21:31:00,AA,ATL,JFK,2007,11.45,6.92,0.0,0.0,16.05,0.4542,-0.9994,55,ATL-JFK,196,18,0,0,0,0,0,0,17,2025-06-16 18:32:00,2025-06-16 21:28:00,-3,0
2025-03-15 11:00:00,2025-03-15 11:59:00,DL,DEN,SFO,302,8.92,9.44,0.04,0.13,10.75,-0.9994,-0.9089,62,DEN-SFO,59,11,0,0,0,0,0,0,20,2025-03-15 11:20:00,2025-03-15 12:35:00,36,1
2025-02-11 17:30:00,2025-02-11 19:52:00,UA,BOS,DFW,1338,21.05,19.67,0.37,0.0,18.31,0.1491,0.2547,61,BOS-DFW,142,17,0,0,0,0,0,0,23,2025-02-11 17:53:00,2025-02-11 20:19:00,27,1
2025-02-15 07:45:00,2025-02-15 13:58:00,UA,BOS,DEN,4228,19.85,18.89,4.26,5.21,13.83,0.2989,-0.3091,55,BOS-DEN,373,7,0,0,0,0,0,0,-10,2025-02-15 07:35:00,2025-02-15 13:51:00,-7,0
2025-09-12 17:20:00,2025-09-12 22:15:00,B6,ORD,DEN,3256,7.55,9.75,0.0,0.0,15.72,1.1119,-0.9341,25,ORD-DEN,295,17,0,0,0,0,0,0,3,2025-09-12 17:23:00,2025-09-12 22:09:00,-6,0
2025-07-04 02:10:00,2025-07-04 03:33:00,B6,DEN,SFO,597,13.67,15.46,0.0,0.0,10.76,0.3116,-0.1404,50,DEN-SFO,83,2,1,1,0,0,1,0,26,2025-07-04 02:36:00,2025-07-04 04:06:00,33,1
2025-07-17 21:00:00,2025-07-17 22:04:00,B6,ATL,JFK,367,16.65,16.27,1.15,0.0,15.63,0.7041,-0.752,45,ATL-JFK,64,21,0,1,0,0,0,0,6,2025-07-17 21:06:00,2025-07-17 21:56:00,-8,0
2025-09-29 05:50:00,2025-09-29 08:45:00,DL,BOS,SFO,1752,14.08,14.15,0.4,0.45,10.16,-0.1454,-0.6988,87,BOS-SFO,175,5,0,0,0,0,0,0,-6,2025-09-29 05:44:00,2025-09-29 08:39:00,-6,0
2025-07-20 15:45:00,2025-07-20 19:20:00,UA,ATL,SFO,2252,13.47,11.74,0.05,0.68,16.2,-0.3087,0.5202,65,ATL-SFO,215,15,0,0,0,0,0,0,18,2025-07-20 16:03:00,2025-07-20 19:44:00,24,1
2025-08-18 00:10:00,2025-08-18 03:41:00,WN,LAX,DFW,2204,5.38,2.21,0.53,0.0,15.55,-0.1347,-0.845,44,LAX-DFW,211,0,0,1,0,0,0,0,-4,2025-08-18 00:06:00,2025-08-18 03:29:00,-12,0
2025-02-01 03:00:00,2025-02-01 07:53:00,B6,SFO,ATL,3226,15.62,14.61,0.0,0.0,19.66,-0.4492,-0.0796,90,SFO-ATL,293,3,0,1,0,0,0,0,1,2025-02-01 03:01:00,2025-02-01 08:00:00,7,0
2025-11-07 23:10:00,2025-11-08 01:07:00,DL,BOS,DEN,1028,15.9,15.84,0.02,0.0,18.67,-0.2376,-0.346,70,BOS-DEN,117,23,0,1,0,0,0,0,-2,2025-11-07 23:08:00,2025-11-08 01:06:00,-1,0
2025-06-13 20:20:00,2025-06-13 21:35:00,B6,ORD,JFK,496,13.06,14.12,0.0,0.32,17.08,0.5203,0.9581,8,ORD-JFK,75,20,0,1,0,0,0,0,5,2025-06-13 20:25:00,2025-06-13 21:41:00,6,0
2025-02-26 05:45:00,2025-02-26 10:30:00,DL,DFW,SEA,3125,7.98,4.75,0.33,0.31,18.27,0.5459,-0.9566,2,DFW-SEA,285,5,0,0,0,0,0,0,1,2025-02-26 05:46:00,2025-02-26 10:21:00,-9,0
2025-10-24 03:10:00,2025-10-24 09:11:00,AA,ATL,JFK,4069,22.29,23.09,0.0,0.0,10.87,0.4466,-0.0898,89,ATL-JFK,361,3,0,1,0,0,0,0,9,2025-10-24 03:19:00,2025-10-24 09:06:00,-5,0
2025-09-26 19:45:00,2025-09-26 21:40:00,WN,ORD,SFO,1004,6.92,4.65,0.0,0.71,10.38,0.3113,0.3983,51,ORD-SFO,115,19,0,0,0,0,0,0,8,2025-09-26 19:53:00,2025-09-26 21:33:00,-7,0
2025-01-20 23:00:00,2025-01-21 02:00:00,DL,BOS,DEN,1817,21.68,23.07,0.62,0.0,16.59,1.3232,0.8862,13,BOS-DEN,180,23,1,1,0,0,1,0,6,2025-01-20 23:06:00,2025-01-21 02:10:00,10,0
2025-03-12 04:40:00,2025-03-12 09:09:00,UA,JFK,LAX,2931,3.82,6.09,6.01,4.75,10.43,1.3156,-0.3693,13,JFK-LAX,269,4,0,1,0,0,0,0,5,2025-03-12 04:45:00,2025-03-12 09:01:00,-8,0
2025-01-06 15:15:00,2025-01-06 17:10:00,DL,JFK,SFO,994,18.86,18.81,0.4,1.34,10.61,0.155,0.2688,49,JFK-SFO,115,15,0,0,0,0,0,0,3,2025-01-06 15:18:00,2025-01-06 17:13:00,3,0
2025-04-09 06:50:00,2025-04-09 12:38:00,DL,LAX,JFK,3911,4.11,5.52,0.45,0.98,14.21,1.5572,-0.4889,39,LAX-JFK,348,6,0,0,0,0,0,0,-5,2025-04-09 06:45:00,2025-04-09 12:30:00,-8,0
2025-02-06 17:20:00,2025-02-06 19:35:00,AA,BOS,ORD,1246,18.5,17.94,0.0,0.0,16.65,1.4225,0.2593,88,BOS-ORD,135,17,0,0,0,0,0,0,1,2025-02-06 17:21:00,2025-02-06 19:37:00,2,0
2025-09-17 10:15:00,2025-09-17 14:13:00,WN,DEN,ATL,2536,27.92,29.67,0.0,0.18,16.42,0.1543,-0.8251,53,DEN-ATL,238,10,0,0,0,0,0,0,4,2025-09-17 10:19:00,2025-09-17 14:14:00,1,0
2025-07-10 03:10:00,2025-07-10 06:03:00,UA,ORD,ATL,1723,28.21,28.65,5.6,7.82,10.68,-0.6111,-0.4277,92,ORD-ATL,173,3,0,1,0,0,0,0,12,2025-07-10 03:22:00,2025-07-10 06:10:00,7,0
2025-12-24 07:45:00,2025-12-24 12:28:00,UA,SFO,SEA,3103,22.78,26.29,0.0,0.0,14.96,-0.3574,-0.1115,19,SFO-SEA,283,7,1,0,0,0,0,0,8,2025-12-24 07:53:00,2025-12-24 12:37:00,9,0
2025-10-01 12:20:00,2025-10-01 14:26:00,WN,ATL,SFO,1133,9.66,7.98,0.43,0.77,11.0,0.0879,-0.8798,79,ATL-SFO,126,12,0,0,0,0,0,0,6,2025-10-01 12:26:00,2025-10-01 14:19:00,-7,0
2025-08-12 19:15:00,2025-08-12 20:47:00,UA,DFW,ATL,712,7.95,5.09,0.41,1.11,15.33,-0.3093,-0.6093,6,DFW-ATL,92,19,0,0,0,0,0,0,17,2025-08-12 19:32:00,2025-08-12 21:02:00,15,1
2025-07-05 00:40:00,2025-07-05 04:31:00,AA,SEA,DEN,2444,8.47,9.63,0.0,0.27,17.44,-0.9777,-0.7891,9,SEA-DEN,231,0,0,1,0,0,0,0,5,2025-07-05 00:45:00,2025-07-05 04:15:00,-16,0
2025-01-20 22:30:00,2025-01-21 04:20:00,UA,DEN,ATL,3933,15.99,20.27,0.28,2.14,12.81,-1.0325,0.8903,15,DEN-ATL,350,22,1,1,0,0,1,0,13,2025-01-20 22:43:00,2025-01-21 04:42:00,22,1
2025-01-26 15:40:00,2025-01-26 20:12:00,UA,JFK,SFO,2958,15.03,19.31,0.15,0.65,12.48,-0.4227,0.0241,31,JFK-SFO,272,15,0,0,0,0,0,0,10,2025-01-26 15:50:00,2025-01-26 20:29:00,17,1
2025-08-13 21:20:00,2025-08-14 02:33:00,WN,SFO,DEN,3473,40.29,34.09,0.65,0.1,11.77,-0.5824,0.1744,38,SFO-DEN,313,21,0,1,0,0,0,0,16,2025-08-13 21:36:00,2025-08-14 03:06:00,33,1
2025-01-02 22:00:00,2025-01-03 01:25:00,DL,SFO,JFK,2120,8.05,6.89,1.52,0.0,18.8,-1.894,0.6366,19,SFO-JFK,205,22,0,1,0,0,0,0,24,2025-01-02 22:24:00,2025-01-03 01:56:00,31,1
2025-01-16 03:00:00,2025-01-16 04:46:00,DL,LAX,JFK,888,28.28,28.91,0.4,0.0,13.32,0.8414,-0.3136,5,LAX-JFK,106,3,0,1,0,0,0,0,3,2025-01-16 03:03:00,2025-01-16 05:06:00,20,1
2025-03-21 02:00:00,2025-03-21 05:22:00,DL,ORD,DFW,2093,9.61,10.08,0.0,0.0,17.98,1.0377,-0.7996,52,ORD-DFW,202,2,0,1,0,0,0,0,12,2025-03-21 02:12:00,2025-03-21 05:17:00,-5,0
2025-11-19 18:30:00,2025-11-20 01:01:00,UA,LAX,SFO,4447,5.53,7.59,10.64,9.01,9.85,0.5951,-0.662,8,LAX-SFO,391,18,0,0,0,0,0,0,-1,2025-11-19 18:29:00,2025-11-20 00:57:00,-4,0
2025-06-17 04:30:00,2025-06-17 09:52:00,AA,DEN,SFO,3583,10.25,14.02,0.0,0.0,14.33,-2.104,0.3757,39,DEN-SFO,322,4,0,1,0,0,0,0,-7,2025-06-17 04:23:00,2025-06-17 09:55:00,3,0
2025-09-16 03:40:00,2025-09-16 08:35:00,AA,SEA,LAX,3254,13.86,12.24,1.55,0.0,15.12,-0.1903,0.8946,30,SEA-LAX,295,3,0,1,0,0,0,0,15,2025-09-16 03:55:00,2025-09-16 08:48:00,13,0
2025-05-31 11:50:00,2025-05-31 14:30:00,AA,ATL,DEN,1564,23.23,25.32,0.0,0.8,14.58,0.4538,-0.0997,91,ATL-DEN,160,11,0,0,0,0,0,0,5,2025-05-31 11:55:00,2025-05-31 14:44:00,14,0
2025-03-05 21:10:00,2025-03-06 01:30:00,B6,ATL,BOS,2818,9.0,9.49,0.31,0.33,17.32,1.2467,-0.3834,11,ATL-BOS,260,21,0,1,0,0,0,0,12,2025-03-05 21:22:00,2025-03-06 01:47:00,17,1
2025-05-16 19:50:00,2025-05-17 00:18:00,WN,LAX,ATL,2915,11.96,12.97,0.0,0.17,17.14,2.1738,0.763,23,LAX-ATL,268,19,0,0,0,0,0,0,-3,2025-05-16 19:47:00,2025-05-17 00:24:00,6,0
2025-02-03 12:50:00,2025-02-03 17:29:00,DL,SEA,DFW,3047,12.45,7.66,0.0,2.12,17.92,0.0121,-0.2056,94,SEA-DFW,279,12,0,0,0,0,0,0,-5,2025-02-03 12:45:00,2025-02-03 17:22:00,-7,0
2025-10-09 04:30:00,2025-10-09 10:29:00,DL,SEA,LAX,4050,6.99,7.71,0.0,1.68,13.26,0.1561,-0.7417,84,SEA-LAX,359,4,0,1,0,0,0,0,9,2025-10-09 04:39:00,2025-10-09 10:23:00,-6,0
2025-03-08 08:30:00,2025-03-08 13:18:00,WN,ORD,SEA,3162,22.79,27.99,0.95,0.0,17.48,0.4881,-0.4834,83,ORD-SEA,288,8,0,0,0,0,0,0,3,2025-03-08 08:33:00,2025-03-08 13:25:00,7,0
2025-05-18 16:10:00,2025-05-18 18:23:00,B6,DFW,SEA,1230,16.08,16.81,0.4,0.7,18.51,-0.586,0.5612,35,DFW-SEA,133,16,0,0,0,0,0,0,8,2025-05-18 16:18:00,2025-05-18 18:29:00,6,0
2025-12-24 03:10:00,2025-12-24 05:23:00,B6,DFW,JFK,1230,2.0,0.0,0.0,0.0,16.06,-0.7663,0.7248,40,DFW-JFK,133,3,1,1,0,0,1,0,40,2025-12-24 03:50:00,2025-12-24 06:24:00,61,1
2025-08-05 12:00:00,2025-08-05 16:27:00,B6,DFW,LAX,2903,13.62,11.36,1.21,0.27,9.35,0.885,0.582,87,DFW-LAX,267,12,0,0,0,0,0,0,-1,2025-08-05 11:59:00,2025-08-05 16:17:00,-10,0
2025-06-17 00:40:00,2025-06-17 06:30:00,AA,DEN,BOS,3938,3.54,4.5,0.0,0.0,18.32,0.6802,0.9686,15,DEN-BOS,350,0,0,1,0,0,0,0,-4,2025-06-17 00:36:00,2025-06-17 06:28:00,-2,0
2025-07-18 07:20:00,2025-07-18 13:37:00,AA,DFW,SFO,4281,12.07,14.37,4.4,3.28,5.67,-0.2009,-0.7331,25,DFW-SFO,377,7,0,0,0,1,0,1,24,2025-07-18 07:44:00,2025-07-18 14:27:00,50,1
2025-10-14 05:10:00,2025-10-14 09:34:00,DL,ATL,DFW,2860,2.73,3.8,0.0,0.62,15.47,-1.5674,-0.0178,15,ATL-DFW,264,5,0,0,0,0,0,0,34,2025-10-14 05:44:00,2025-10-14 10:22:00,48,1
2025-04-03 16:10:00,2025-04-03 20:07:00,B6,DEN,ORD,2525,14.87,17.11,0.0,0.0,13.72,-2.1376,0.3204,41,DEN-ORD,237,16,0,0,0,0,0,0,2,2025-04-03 16:12:00,2025-04-03 20:10:00,3,0
2025-08-21 21:00:00,2025-08-22 02:33:00,B6,SFO,LAX,3727,2.0,3.37,0.5,0.0,13.96,-0.0726,0.9535,13,SFO-LAX,333,21,0,1,0,0,0,0,-4,2025-08-21 20:56:00,2025-08-22 02:32:00,-1,0
2025-11-15 03:40:00,2025-11-15 10:07:00,WN,ORD,SFO,4402,4.34,6.5,0.22,0.0,12.77,-0.0384,0.897,38,ORD-SFO,387,3,0,1,0,0,0,0,5,2025-11-15 03:45:00,2025-11-15 10:18:00,11,0
2025-07-28 19:40:00,2025-07-28 20:48:00,UA,BOS,SFO,417,15.1,17.7,1.5,0.0,16.17,-0.2454,-0.2857,39,BOS-SFO,68,19,0,0,0,0,0,0,14,2025-07-28 19:54:00,2025-07-28 20:56:00,8,0
2025-06-12 15:40:00,2025-06-12 18:23:00,UA,DEN,ORD,1602,8.7,11.1,0.0,0.41,14.94,0.8995,0.7772,76,DEN-ORD,163,15,0,0,0,0,0,0,5,2025-06-12 15:45:00,2025-06-12 18:23:00,0,0
2025-02-22 23:00:00,2025-02-23 01:51:00,WN,DEN,LAX,1702,3.12,1.25,0.47,1.2,15.72,0.2167,0.0304,28,DEN-LAX,171,23,0,1,0,0,0,0,2,2025-02-22 23:02:00,2025-02-23 01:38:00,-13,0
2025-04-01 21:00:00,2025-04-02 01:09:00,DL,DEN,BOS,2670,23.2,27.34,0.0,0.0,18.07,-1.9765,-0.8072,62,DEN-BOS,249,21,0,1,0,0,0,0,0,2025-04-01 21:00:00,2025-04-02 01:18:00,9,0
2025-12-12 02:00:00,2025-12-12 04:38:00,DL,ORD,ATL,1538,5.01,5.49,0.59,1.03,16.63,1.9992,-0.8837,57,ORD-ATL,158,2,0,1,0,0,0,0,3,2025-12-12 02:03:00,2025-12-12 04:29:00,-9,0
2025-07-17 17:45:00,2025-07-17 20:28:00,UA,SFO,JFK,1606,8.15,9.81,0.54,0.0,11.91,-2.5119,0.9984,94,SFO-JFK,163,17,0,0,0,0,0,0,-5,2025-07-17 17:40:00,2025-07-17 20:27:00,-1,0
2025-04-20 14:40:00,2025-04-20 15:47:00,UA,ORD,JFK,402,8.99,8.41,0.0,0.0,16.97,-0.5487,0.8839,33,ORD-JFK,67,14,0,0,0,0,0,0,-1,2025-04-20 14:39:00,2025-04-20 15:49:00,2,0
2025-06-02 02:15:00,2025-06-02 03:15:00,B6,JFK,ORD,315,15.58,16.62,0.0,1.78,8.36,-0.9996,0.264,15,JFK-ORD,60,2,0,1,0,0,0,0,9,2025-06-02 02:24:00,2025-06-02 03:15:00,0,0
2025-07-30 06:00:00,2025-07-30 09:30:00,AA,BOS,DEN,2189,4.97,6.44,0.0,0.0,16.7,0.4862,0.3997,9,BOS-DEN,210,6,0,0,0,0,0,0,-7,2025-07-30 05:53:00,2025-07-30 09:29:00,-1,0
2025-07-16 22:15:00,2025-07-17 04:49:00,AA,BOS,JFK,4488,11.44,8.56,0.0,1.07,19.66,-1.2855,0.1683,99,BOS-JFK,394,22,0,1,0,0,0,0,9,2025-07-16 22:24:00,2025-07-17 05:10:00,21,1
2025-09-13 13:45:00,2025-09-13 16:23:00,WN,SEA,JFK,1541,19.45,21.94,2.46,1.48,15.28,0.6614,0.5909,31,SEA-JFK,158,13,0,0,0,0,0,0,9,2025-09-13 13:54:00,2025-09-13 16:29:00,6,0
2025-04-04 08:10:00,2025-04-04 10:30:00,B6,ORD,ATL,1308,18.58,20.92,0.0,0.0,17.51,-0.3124,-0.4343,8,ORD-ATL,140,8,0,0,0,0,0,0,17,2025-04-04 08:27:00,2025-04-04 10:45:00,15,1
2025-08-25 07:45:00,2025-08-25 10:13:00,UA,JFK,DFW,1410,7.37,10.87,0.0,0.0,15.79,0.7215,-0.5015,15,JFK-DFW,148,7,0,0,0,0,0,0,2,2025-08-25 07:47:00,2025-08-25 10:25:00,12,0
2025-06-11 20:20:00,2025-06-12 02:46:00,WN,LAX,SFO,4387,10.92,7.28,0.63,0.07,13.48,-2.3937,0.0028,53,LAX-SFO,386,20,0,1,0,0,0,0,-2,2025-06-11 20:18:00,2025-06-12 02:44:00,-2,0
2025-12-10 06:10:00,2025-12-10 10:52:00,AA,SEA,BOS,3088,1.34,0.0,0.62,0.24,17.19,-0.1991,-0.5922,52,SEA-BOS,282,6,0,0,0,0,0,0,28,2025-12-10 06:38:00,2025-12-10 11:19:00,27,1
2025-02-27 03:50:00,2025-02-27 08:28:00,AA,SEA,DEN,3042,11.06,10.02,0.0,0.76,10.75,0.6992,0.0341,20,SEA-DEN,278,3,0,1,0,0,0,0,17,2025-02-27 04:07:00,2025-02-27 08:38:00,10,0
2025-02-24 13:30:00,2025-02-24 15:33:00,AA,ATL,JFK,1095,17.18,16.08,16.99,16.01,8.98,-1.1344,0.9111,52,ATL-JFK,123,13,0,0,1,0,0,0,39,2025-02-24 14:09:00,2025-02-24 16:38:00,65,1
2025-06-18 23:40:00,2025-06-19 05:43:00,UA,DFW,ORD,4096,7.98,10.41,14.34,14.97,10.36,0.3104,-0.3857,48,DFW-ORD,363,23,0,1,1,0,0,0,47,2025-06-19 00:27:00,2025-06-19 06:56:00,73,1
2025-07-05 04:00:00,2025-07-05 06:05:00,UA,ATL,DEN,1126,22.07,25.96,0.0,1.19,16.48,0.2774,0.2066,14,ATL-DEN,125,4,0,1,0,0,0,0,2,2025-07-05 04:02:00,2025-07-05 06:03:00,-2,0
2025-09-10 06:15:00,2025-09-10 12:39:00,AA,DFW,SEA,4362,2.82,0.63,0.54,0.0,18.35,0.2497,0.7958,76,DFW-SEA,384,6,0,0,0,0,0,0,6,2025-09-10 06:21:00,2025-09-10 12:36:00,-3,0
2025-05-28 11:40:00,2025-05-28 17:59:00,B6,LAX,DEN,4300,4.42,8.04,0.0,0.0,15.77,-0.3615,0.1437,7,LAX-DEN,379,11,0,0,0,0,0,0,-3,2025-05-28 11:37:00,2025-05-28 17:48:00,-11,0
2025-11-30 04:40:00,2025-11-30 08:50:00,WN,BOS,DFW,2684,23.18,24.68,1.0,0.0,17.16,0.7286,-0.7911,47,BOS-DFW,250,4,0,1,0,0,0,0,7,2025-11-30 04:47:00,2025-11-30 09:04:00,14,0
2025-06-23 15:00:00,2025-06-23 20:51:00,UA,BOS,LAX,3946,18.06,14.66,0.18,0.61,15.42,0.3484,0.2431,64,BOS-LAX,351,15,0,0,0,0,0,0,34,2025-06-23 15:34:00,2025-06-23 21:07:00,16,1
2025-02-17 06:30:00,2025-02-17 13:05:00,AA,JFK,ATL,4498,1.41,0.43,0.32,0.08,18.08,0.29,0.2032,85,JFK-ATL,395,6,1,0,0,0,0,0,9,2025-02-17 06:39:00,2025-02-17 13:07:00,2,0
2025-02-13 03:50:00,2025-02-13 08:04:00,AA,JFK,ORD,2737,0.0,0.0,0.75,0.0,16.25,-0.5786,-0.3664,23,JFK-ORD,254,3,0,1,0,0,0,0,4,2025-02-13 03:54:00,2025-02-13 07:52:00,-12,0
2025-12-22 06:45:00,2025-12-22 12:02:00,DL,ORD,SFO,3522,14.99,15.17,13.62,13.07,6.87,-0.9844,0.232,70,ORD-SFO,317,6,0,0,1,0,0,0,3,2025-12-22 06:48:00,2025-12-22 12:12:00,10,0
2025-02-18 22:10:00,2025-02-19 02:27:00,DL,ATL,SEA,2780,11.39,13.3,0.56,0.0,19.5,0.4784,0.5343,55,ATL-SEA,257,22,0,1,0,0,0,0,2,2025-02-18 22:12:00,2025-02-19 02:13:00,-14,0
2025-12-12 22:50:00,2025-12-13 02:45:00,AA,DEN,SFO,2500,8.58,8.51,0.0,0.0,11.96,-0.7058,0.6221,51,DEN-SFO,235,22,0,1,0,0,0,0,-1,2025-12-12 22:49:00,2025-12-13 02:44:00,-1,0
2025-04-12 12:40:00,2025-04-12 15:31:00,DL,SEA,DFW,1705,22.84,19.73,0.0,0.0,20.39,1.4428,0.5655,73,SEA-DFW,171,12,0,0,0,0,0,0,4,2025-04-12 12:44:00,2025-04-12 15:42:00,11,0
2025-02-04 09:00:00,2025-02-04 13:39:00,B6,ORD,SFO,3050,5.43,3.77,0.0,0.74,14.15,2.0378,0.0086,94,ORD-SFO,279,9,0,0,0,0,0,0,-1,2025-02-04 08:59:00,2025-02-04 13:45:00,6,0
2025-04-22 19:10:00,2025-04-22 21:39:00,WN,SFO,ATL,1422,0.0,1.82,0.33,0.0,17.16,-0.7064,0.5234,56,SFO-ATL,149,19,0,0,0,0,0,0,1,2025-04-22 19:11:00,2025-04-22 21:48:00,9,0
2025-08-13 04:50:00,2025-08-13 06:54:00,DL,SEA,JFK,1115,17.53,17.04,1.71,1.1,16.43,-0.8225,-0.8886,80,SEA-JFK,124,4,0,1,0,0,0,0,0,2025-08-13 04:50:00,2025-08-13 06:54:00,0,0
2025-06-06 15:10:00,2025-06-06 17:41:00,WN,SEA,JFK,1456,17.77,14.93,0.41,1.73,18.39,0.4428,0.4593,75,SEA-JFK,151,15,0,0,0,0,0,0,-9,2025-06-06 15:01:00,2025-06-06 17:39:00,-2,0
2025-10-14 16:00:00,2025-10-14 17:03:00,UA,JFK,DFW,346,9.54,4.3,0.26,0.0,15.74,0.3046,-0.4924,95,JFK-DFW,63,16,0,0,0,0,0,0,-9,2025-10-14 15:51:00,2025-10-14 17:11:00,8,0
2025-08-12 17:20:00,2025-08-12 23:33:00,WN,SFO,DFW,4222,4.06,5.75,4.87,5.37,13.25,-0.0314,-0.8283,74,SFO-DFW,373,17,0,0,0,0,0,0,20,2025-08-12 17:40:00,2025-08-13 00:13:00,40,1
2025-05-27 05:30:00,2025-05-27 07:55:00,DL,DFW,ORD,1378,1.91,0.0,0.04,0.84,15.54,0.5763,-0.0495,54,DFW-ORD,145,5,0,0,0,0,0,0,1,2025-05-27 05:31:00,2025-05-27 07:56:00,1,0
2025-08-20 17:30:00,2025-08-20 22:58:00,AA,SFO,BOS,3659,10.19,10.12,0.05,0.42,16.47,0.7066,-0.6317,52,SFO-BOS,328,17,0,0,0,0,0,0,-9,2025-08-20 17:21:00,2025-08-20 22:51:00,-7,0
2025-12-21 14:40:00,2025-12-21 18:05:00,UA,DFW,SFO,2126,13.27,10.58,0.31,0.0,15.82,-0.7717,0.9574,93,DFW-SFO,205,14,0,0,0,0,0,0,-10,2025-12-21 14:30:00,2025-12-21 17:58:00,-7,0
2025-05-31 21:50:00,2025-06-01 00:43:00,B6,DFW,SFO,1725,20.66,20.65,19.69,17.35,4.53,-0.8544,-0.6253,4,DFW-SFO,173,21,0,1,1,1,0,1,28,2025-05-31 22:18:00,2025-06-01 01:38:00,55,1
2025-02-26 04:45:00,2025-02-26 07:01:00,AA,ORD,BOS,1257,14.8,9.93,2.01,1.17,16.13,-1.8664,0.8686,14,ORD-BOS,136,4,0,1,0,0,0,0,2,2025-02-26 04:47:00,2025-02-26 06:56:00,-5,0
2025-05-30 14:00:00,2025-05-30 19:35:00,UA,DFW,SFO,3746,4.58,6.36,0.12,0.0,17.58,-1.6893,0.6788,39,DFW-SFO,335,14,0,0,0,0,0,0,9,2025-05-30 14:09:00,2025-05-30 19:47:00,12,0
2025-11-03 19:00:00,2025-11-03 22:52:00,WN,BOS,DEN,2458,12.79,13.28,0.0,0.97,13.45,-0.9529,0.6931,93,BOS-DEN,232,19,0,0,0,0,0,0,9,2025-11-03 19:09:00,2025-11-03 23:15:00,23,1
2025-03-21 06:00:00,2025-03-21 09:30:00,B6,SFO,ATL,2188,20.51,20.9,9.72,12.16,10.27,-0.3352,-0.1194,95,SFO-ATL,210,6,0,0,0,0,0,0,19,2025-03-21 06:19:00,2025-03-21 10:08:00,38,1
2025-12-13 17:20:00,2025-12-13 22:00:00,AA,JFK,DFW,3063,12.76,11.92,6.09,5.85,18.32,0.8013,-0.4696,50,JFK-DFW,280,17,0,0,0,0,0,0,13,2025-12-13 17:33:00,2025-12-13 22:20:00,20,1
2025-08-03 02:15:00,2025-08-03 07:44:00,B6,SFO,SEA,3671,20.27,16.85,0.0,0.0,15.69,0.6143,-0.0392,71,SFO-SEA,329,2,0,1,0,0,0,0,1,2025-08-03 02:16:00,2025-08-03 07:33:00,-11,0
2025-08-08 17:50:00,2025-08-08 22:29:00,B6,DFW,SEA,3054,6.46,3.79,0.48,0.0,9.22,0.4691,0.9084,0,DFW-SEA,279,17,0,0,0,0,0,0,-3,2025-08-08 17:47:00,2025-08-08 22:25:00,-4,0
2025-04-26 14:15:00,2025-04-26 17:51:00,AA,SFO,LAX,2264,16.76,13.39,0.0,0.92,13.83,-0.1965,-0.3976,18,SFO-LAX,216,14,0,0,0,0,0,0,10,2025-04-26 14:25:00,2025-04-26 17:54:00,3,0
2025-12-02 04:00:00,2025-12-02 09:59:00,UA,LAX,SEA,4053,12.67,13.21,11.73,10.84,9.73,2.2339,-0.7321,81,LAX-SEA,359,4,0,1,0,0,0,0,-2,2025-12-02 03:58:00,2025-12-02 09:55:00,-4,0
2025-01-14 01:50:00,2025-01-14 07:50:00,DL,ORD,DEN,4061,6.45,7.86,0.0,0.09,15.96,-1.1885,0.5224,69,ORD-DEN,360,1,0,1,0,0,0,0,14,2025-01-14 02:04:00,2025-01-14 08:02:00,12,0
2025-04-20 17:15:00,2025-04-20 23:39:00,B6,ORD,SEA,4358,21.08,19.39,0.32,0.0,16.5,-0.2503,-0.0446,89,ORD-SEA,384,17,0,0,0,0,0,0,20,2025-04-20 17:35:00,2025-04-20 23:59:00,20,1
2025-06-02 05:50:00,2025-06-02 07:20:00,WN,BOS,LAX,682,34.47,34.4,0.61,0.79,16.35,0.3415,-0.513,85,BOS-LAX,90,5,0,0,0,0,0,0,-4,2025-06-02 05:46:00,2025-06-02 07:32:00,12,0
2025-06-24 11:45:00,2025-06-24 17:43:00,AA,SEA,BOS,4040,0.0,0.29,4.29,3.94,13.56,-1.083,-0.9095,55,SEA-BOS,358,11,0,0,0,0,0,0,17,2025-06-24 12:02:00,2025-06-24 18:00:00,17,1
2025-06-23 01:50:00,2025-06-23 03:54:00,B6,SFO,BOS,1111,9.71,5.4,5.72,4.69,13.09,-0.3005,0.6138,96,SFO-BOS,124,1,0,1,0,0,0,0,6,2025-06-23 01:56:00,2025-06-23 03:47:00,-7,0
2025-02-23 23:45:00,2025-02-24 04:12:00,DL,LAX,DEN,2904,9.3,8.74,13.13,12.41,8.47,-1.442,-0.4853,44,LAX-DEN,267,23,0,1,1,0,0,0,58,2025-02-24 00:43:00,2025-02-24 05:34:00,82,1
2025-03-24 13:10:00,2025-03-24 17:50:00,WN,SFO,ATL,3063,7.8,10.36,0.0,0.0,11.72,-0.3381,-0.9753,61,SFO-ATL,280,13,0,0,0,0,0,0,-8,2025-03-24 13:02:00,2025-03-24 17:53:00,3,0
2025-02-04 22:40:00,2025-02-05 00:48:00,UA,SEA,DEN,1164,6.92,6.13,0.39,1.06,12.64,1.4762,0.9668,87,SEA-DEN,128,22,0,1,0,0,0,0,-3,2025-02-04 22:37:00,2025-02-05 00:42:00,-6,0
2025-07-28 03:20:00,2025-07-28 04:22:00,DL,LAX,SFO,334,3.71,2.27,0.29,0.0,14.76,0.1684,0.7002,77,LAX-SFO,62,3,0,1,0,0,0,0,-3,2025-07-28 03:17:00,2025-07-28 04:19:00,-3,0
2025-05-09 04:40:00,2025-05-09 10:56:00,UA,JFK,DEN,4262,8.16,6.7,0.42,0.0,14.28,1.9314,0.2431,5,JFK-DEN,376,4,0,1,0,0,0,0,13,2025-05-09 04:53:00,2025-05-09 11:01:00,5,0
2025-07-26 14:40:00,2025-07-26 20:38:00,B6,SEA,LAX,4043,8.31,8.02,0.67,0.0,13.36,1.4216,0.1806,96,SEA-LAX,358,14,0,0,0,0,0,0,25,2025-07-26 15:05:00,2025-07-26 21:02:00,24,1
2025-08-04 14:30:00,2025-08-04 16:28:00,B6,BOS,SFO,1034,10.31,7.25,0.0,0.0,15.48,-1.4751,-0.5804,84,BOS-SFO,118,14,0,0,0,0,0,0,-4,2025-08-04 14:26:00,2025-08-04 16:12:00,-16,0
2025-09-14 18:15:00,2025-09-14 22:36:00,B6,LAX,DEN,2825,8.98,8.89,0.0,0.0,16.61,-1.1497,-0.1533,70,LAX-DEN,261,18,0,0,0,0,0,0,-2,2025-09-14 18:13:00,2025-09-14 22:32:00,-4,0
2025-07-19 22:50:00,2025-07-20 00:40:00,AA,SEA,ORD,935,13.38,13.74,2.83,2.02,9.6,1.4348,0.2447,70,SEA-ORD,110,22,0,1,0,0,0,0,-10,2025-07-19 22:40:00,2025-07-20 00:35:00,-5,0
2025-08-25 19:40:00,2025-08-25 23:49:00,UA,SFO,JFK,2679,6.88,9.3,5.44,4.43,12.11,-0.0952,-0.3994,16,SFO-JFK,249,19,0,0,0,0,0,0,-1,2025-08-25 19:39:00,2025-08-25 23:46:00,-3,0
2025-08-03 03:50:00,2025-08-03 06:36:00,WN,DEN,SFO,1633,6.8,5.35,0.0,0.12,2.61,-1.475,0.3642,60,DEN-SFO,166,3,0,1,0,1,0,1,58,2025-08-03 04:48:00,2025-08-03 07:46:00,70,1
2025-08-27 07:10:00,2025-08-27 12:22:00,DL,ATL,SFO,3457,10.39,11.75,0.09,0.0,10.73,0.9551,0.2821,3,ATL-SFO,312,7,0,0,0,0,0,0,-9,2025-08-27 07:01:00,2025-08-27 12:28:00,6,0
2025-08-14 21:45:00,2025-08-15 01:57:00,UA,DFW,LAX,2709,13.63,13.26,0.0,0.0,14.33,1.541,0.8017,58,DFW-LAX,252,21,0,1,0,0,0,0,-10,2025-08-14 21:35:00,2025-08-15 01:59:00,2,0
2025-04-26 13:15:00,2025-04-26 17:01:00,B6,SEA,DFW,2391,12.45,8.21,0.0,0.89,15.87,1.4917,-0.8182,56,SEA-DFW,226,13,0,0,0,0,0,0,-5,2025-04-26 13:10:00,2025-04-26 16:53:00,-8,0
2025-03-31 20:20:00,2025-04-01 01:08:00,B6,JFK,SEA,3162,33.01,28.56,12.85,12.94,9.81,0.5007,-0.9171,27,JFK-SEA,288,20,0,1,1,0,0,0,17,2025-03-31 20:37:00,2025-04-01 01:34:00,26,1
2025-10-15 13:45:00,2025-10-15 17:24:00,DL,ATL,SFO,2298,13.78,10.85,5.51,4.15,13.42,1.191,-0.9984,18,ATL-SFO,219,13,0,0,0,0,0,0,1,2025-10-15 13:46:00,2025-10-15 17:24:00,0,0
2025-05-06 01:15:00,2025-05-06 02:18:00,B6,BOS,SEA,355,8.41,11.2,0.0,1.06,15.82,0.5222,0.9599,19,BOS-SEA,63,1,0,1,0,0,0,0,-6,2025-05-06 01:09:00,2025-05-06 02:17:00,-1,0
2025-07-20 11:15:00,2025-07-20 15:34:00,UA,DFW,SEA,2803,3.78,7.09,0.0,0.0,12.73,-0.9641,0.2127,62,DFW-SEA,259,11,0,0,0,0,0,0,6,2025-07-20 11:21:00,2025-07-20 15:37:00,3,0
2025-03-13 19:50:00,2025-03-14 01:10:00,DL,DFW,DEN,3567,4.92,2.85,0.46,0.0,16.59,1.1151,0.5088,58,DFW-DEN,320,19,0,0,0,0,0,0,1,2025-03-13 19:51:00,2025-03-14 01:03:00,-7,0
2025-06-07 15:50:00,2025-06-07 19:34:00,UA,BOS,DFW,2359,8.63,9.21,20.62,20.12,7.73,-0.2136,0.2944,27,BOS-DFW,224,15,0,0,1,0,0,0,22,2025-06-07 16:12:00,2025-06-07 19:55:00,21,1
2025-07-13 03:15:00,2025-07-13 05:13:00,AA,JFK,DEN,1035,10.46,9.33,0.0,0.0,13.4,1.8531,-0.539,35,JFK-DEN,118,3,0,1,0,0,0,0,-1,2025-07-13 03:14:00,2025-07-13 05:11:00,-2,0
2025-08-17 05:15:00,2025-08-17 06:17:00,DL,JFK,ORD,332,10.47,10.42,0.0,0.07,14.94,-0.342,0.3349,49,JFK-ORD,62,5,0,0,0,0,0,0,11,2025-08-17 05:26:00,2025-08-17 06:39:00,22,1
2025-07-12 20:10:00,2025-07-12 22:49:00,UA,BOS,SEA,1545,13.03,15.1,0.66,0.0,16.36,-0.2327,0.3185,25,BOS-SEA,159,20,0,1,0,0,0,0,10,2025-07-12 20:20:00,2025-07-12 22:56:00,7,0
2025-05-12 23:00:00,2025-05-13 04:17:00,WN,DEN,LAX,3525,20.08,21.99,0.01,0.0,16.31,-1.0816,0.8198,61,DEN-LAX,317,23,0,1,0,0,0,0,21,2025-05-12 23:21:00,2025-05-13 04:33:00,16,1
2025-12-18 18:30:00,2025-12-18 21:17:00,UA,LAX,ATL,1652,17.25,16.85,0.0,1.86,16.47,0.7269,-0.2896,57,LAX-ATL,167,18,0,0,0,0,0,0,-10,2025-12-18 18:20:00,2025-12-18 21:16:00,-1,0
2025-07-07 02:15:00,2025-07-07 08:35:00,WN,SFO,ORD,4315,15.81,15.59,0.71,0.0,16.21,1.9026,0.2642,44,SFO-ORD,380,2,0,1,0,0,0,0,7,2025-07-07 02:22:00,2025-07-07 08:26:00,-9,0
2025-10-23 14:45:00,2025-10-23 17:36:00,B6,SFO,BOS,1696,4.87,4.52,15.88,16.14,0.49,0.8031,-0.2158,54,SFO-BOS,171,14,0,0,1,1,0,0,14,2025-10-23 14:59:00,2025-10-23 18:13:00,37,1
2025-09-26 19:10:00,2025-09-26 22:33:00,UA,LAX,DFW,2095,21.67,22.97,12.69,14.15,12.03,0.0855,-0.6513,68,LAX-DFW,203,19,0,0,1,0,0,0,29,2025-09-26 19:39:00,2025-09-26 23:02:00,29,1
2025-07-23 15:40:00,2025-07-23 20:54:00,AA,ATL,ORD,3493,5.33,3.21,16.71,17.28,10.23,-0.4479,0.5362,32,ATL-ORD,314,15,0,0,1,0,0,0,13,2025-07-23 15:53:00,2025-07-23 21:33:00,39,1
2025-11-20 14:30:00,2025-11-20 18:55:00,B6,SFO,ATL,2878,12.02,12.05,2.27,0.29,15.23,-0.6531,-0.069,33,SFO-ATL,265,14,0,0,0,0,0,0,5,2025-11-20 14:35:00,2025-11-20 18:53:00,-2,0
2025-02-16 11:30:00,2025-02-16 12:43:00,UA,SFO,DEN,471,13.78,15.15,0.0,0.0,18.85,1.2273,-0.1896,64,SFO-DEN,73,11,0,0,0,0,0,0,4,2025-02-16 11:34:00,2025-02-16 12:41:00,-2,0
2025-12-03 05:00:00,2025-12-03 06:25:00,DL,DEN,BOS,620,21.82,24.37,0.66,0.0,15.99,-0.6276,-0.0803,51,DEN-BOS,85,5,0,0,0,0,0,0,3,2025-12-03 05:03:00,2025-12-03 06:30:00,5,0
2025-11-07 06:20:00,2025-11-07 08:25:00,B6,DFW,SEA,1125,29.75,29.46,0.0,0.0,16.33,-2.0817,0.8197,4,DFW-SEA,125,6,0,0,0,0,0,0,5,2025-11-07 06:25:00,2025-11-07 08:23:00,-2,0
2025-07-03 17:40:00,2025-07-03 23:32:00,WN,ATL,LAX,3960,6.37,9.49,8.02,8.04,6.77,3.0084,0.2093,94,ATL-LAX,352,17,0,0,0,0,0,0,5,2025-07-03 17:45:00,2025-07-03 23:27:00,-5,0
2025-09-25 01:15:00,2025-09-25 02:21:00,AA,SEA,DEN,393,12.73,11.27,0.0,1.27,15.98,0.2971,-0.5521,91,SEA-DEN,66,1,0,1,0,0,0,0,4,2025-09-25 01:19:00,2025-09-25 02:20:00,-1,0
2025-07-09 02:45:00,2025-07-09 04:08:00,B6,ORD,LAX,600,21.39,22.39,11.97,11.53,8.98,-0.3727,-0.1479,56,ORD-LAX,83,2,0,1,0,0,0,0,-6,2025-07-09 02:39:00,2025-07-09 04:00:00,-8,0
2025-04-09 09:30:00,2025-04-09 14:50:00,AA,ATL,JFK,3568,34.34,30.54,0.0,0.0,15.36,-0.6637,-0.7977,13,ATL-JFK,320,9,0,0,0,0,0,0,0,2025-04-09 09:30:00,2025-04-09 15:00:00,10,0
2025-10-19 18:15:00,2025-10-19 22:43:00,B6,ORD,LAX,2915,8.95,9.71,0.35,0.0,17.83,0.5543,-0.3704,98,ORD-LAX,268,18,0,0,0,0,0,0,15,2025-10-19 18:30:00,2025-10-19 22:59:00,16,1
2025-03-31 15:00:00,2025-03-31 21:29:00,AA,DFW,JFK,4431,4.76,5.14,0.0,0.52,16.96,-1.1478,-0.313,88,DFW-JFK,389,15,0,0,0,0,0,0,-8,2025-03-31 14:52:00,2025-03-31 21:22:00,-7,0
2025-04-25 14:10:00,2025-04-25 16:23:00,WN,JFK,LAX,1222,2.51,1.31,0.0,0.34,13.68,-0.6181,-0.7162,58,JFK-LAX,133,14,0,0,0,0,0,0,-8,2025-04-25 14:02:00,2025-04-25 16:34:00,11,0
2025-07-09 12:20:00,2025-07-09 17:01:00,AA,BOS,SFO,3070,2.28,1.95,0.0,0.0,8.07,0.4347,0.7466,45,BOS-SFO,281,12,0,0,0,0,0,0,-4,2025-07-09 12:16:00,2025-07-09 16:57:00,-4,0
2025-11-02 02:20:00,2025-11-02 04:04:00,AA,SEA,ATL,864,6.74,8.27,0.26,0.0,16.08,-0.8742,0.2491,70,SEA-ATL,104,2,0,1,0,0,0,0,-6,2025-11-02 02:14:00,2025-11-02 03:58:00,-6,0
2025-05-21 07:45:00,2025-05-21 12:02:00,DL,DFW,DEN,2778,17.84,16.43,0.0,1.08,13.93,-1.1697,-0.9672,76,DFW-DEN,257,7,0,0,0,0,0,0,5,2025-05-21 07:50:00,2025-05-21 12:02:00,0,0
2025-06-30 01:45:00,2025-06-30 03:20:00,DL,SEA,ATL,745,16.94,16.32,1.54,0.0,17.41,-0.5241,-0.799,54,SEA-ATL,95,1,0,1,0,0,0,0,2,2025-06-30 01:47:00,2025-06-30 03:13:00,-7,0
2025-01-16 18:10:00,2025-01-17 00:14:00,WN,BOS,JFK,4113,12.14,13.78,0.0,0.25,14.07,-0.2786,0.9515,64,BOS-JFK,364,18,0,0,0,0,0,0,10,2025-01-16 18:20:00,2025-01-17 00:16:00,2,0
2025-02-12 18:30:00,2025-02-12 21:49:00,AA,LAX,SEA,2047,8.23,5.35,0.87,0.0,16.25,-0.2397,-0.8024,65,LAX-SEA,199,18,0,0,0,0,0,0,8,2025-02-12 18:38:00,2025-02-12 21:37:00,-12,0
2025-01-21 06:20:00,2025-01-21 08:45:00,UA,DEN,ATL,1370,14.48,16.17,0.8,0.0,20.13,-0.2675,0.3759,54,DEN-ATL,145,6,0,0,0,0,0,0,5,2025-01-21 06:25:00,2025-01-21 08:35:00,-10,0
2025-01-27 07:00:00,2025-01-27 13:30:00,B6,SFO,JFK,4434,8.7,13.24,0.0,0.5,15.86,0.2834,0.5133,59,SFO-JFK,390,7,0,0,0,0,0,0,-6,2025-01-27 06:54:00,2025-01-27 13:33:00,3,0
2025-11-14 07:40:00,2025-11-14 09:01:00,AA,LAX,DFW,579,8.83,10.25,0.0,0.0,13.78,-0.6928,0.7709,86,LAX-DFW,81,7,0,0,0,0,0,0,6,2025-11-14 07:46:00,2025-11-14 08:56:00,-5,0
2025-11-04 21:30:00,2025-11-05 02:58:00,B6,ORD,SEA,3659,12.99,12.68,0.0,0.0,18.9,0.299,0.7377,21,ORD-SEA,328,21,0,1,0,0,0,0,19,2025-11-04 21:49:00,2025-11-05 03:03:00,5,0
2025-10-27 11:00:00,2025-10-27 14:50:00,DL,ATL,BOS,2441,7.36,10.78,0.79,1.51,12.23,-0.579,0.3358,16,ATL-BOS,230,11,0,0,0,0,0,0,0,2025-10-27 11:00:00,2025-10-27 14:47:00,-3,0
2025-01-21 18:20:00,2025-01-21 23:10:00,DL,ORD,BOS,3187,11.9,14.95,1.6,0.83,14.16,-0.1178,0.3293,23,ORD-BOS,290,18,0,0,0,0,0,0,8,2025-01-21 18:28:00,2025-01-21 23:14:00,4,0
2025-01-29 10:40:00,2025-01-29 13:06:00,UA,ATL,JFK,1393,13.06,13.11,0.0,0.42,13.81,-0.6339,-0.0373,98,ATL-JFK,146,10,0,0,0,0,0,0,-2,2025-01-29 10:38:00,2025-01-29 12:57:00,-9,0
2025-04-13 16:15:00,2025-04-13 22:10:00,AA,DFW,DEN,4001,16.51,18.77,0.01,0.0,16.1,-1.809,-0.8817,82,DFW-DEN,355,16,0,0,0,0,0,0,-10,2025-04-13 16:05:00,2025-04-13 22:19:00,9,0
2025-07-26 12:15:00,2025-07-26 15:46:00,WN,DEN,JFK,2194,4.09,1.08,6.98,7.62,11.29,0.3052,0.2041,81,DEN-JFK,211,12,0,0,0,0,0,0,3,2025-07-26 12:18:00,2025-07-26 15:58:00,12,0
2025-05-02 06:00:00,2025-05-02 09:20:00,AA,ATL,SFO,2057,23.32,21.42,0.0,0.0,9.31,1.0691,-0.2419,76,ATL-SFO,200,6,0,0,0,0,0,0,10,2025-05-02 06:10:00,2025-05-02 09:17:00,-3,0
2025-06-27 21:10:00,2025-06-28 00:42:00,DL,LAX,JFK,2216,8.22,6.63,1.19,0.0,14.16,0.2578,-0.0121,93,LAX-JFK,212,21,0,1,0,0,0,0,-1,2025-06-27 21:09:00,2025-06-28 00:43:00,1,0
2025-03-05 17:50:00,2025-03-05 20:29:00,UA,DEN,BOS,1544,30.24,30.73,0.0,0.0,17.97,-1.2328,0.3004,55,DEN-BOS,159,17,0,0,0,0,0,0,7,2025-03-05 17:57:00,2025-03-05 20:13:00,-16,0
2025-09-24 18:30:00,2025-09-24 21:16:00,AA,JFK,ORD,1639,15.39,17.74,8.88,8.57,13.36,-1.3254,0.2472,96,JFK-ORD,166,18,0,0,0,0,0,0,10,2025-09-24 18:40:00,2025-09-24 21:15:00,-1,0
2025-04-25 22:10:00,2025-04-25 23:56:00,AA,ORD,ATL,888,5.57,4.66,0.14,0.0,12.38,0.8497,0.5361,0,ORD-ATL,106,22,0,1,0,0,0,0,-4,2025-04-25 22:06:00,2025-04-25 23:54:00,-2,0
2025-01-25 05:20:00,2025-01-25 09:02:00,AA,BOS,DFW,2342,15.75,14.7,0.27,0.3,14.89,0.4175,0.3687,19,BOS-DFW,222,5,0,0,0,0,0,0,19,2025-01-25 05:39:00,2025-01-25 09:38:00,36,1
2025-09-29 02:10:00,2025-09-29 05:48:00,AA,ORD,LAX,2293,22.8,19.78,0.0,0.16,19.59,0.1583,0.695,69,ORD-LAX,218,2,0,1,0,0,0,0,19,2025-09-29 02:29:00,2025-09-29 06:23:00,35,1
2025-11-26 13:20:00,2025-11-26 16:27:00,AA,DEN,JFK,1896,6.47,8.86,0.0,0.25,18.31,0.8541,0.9652,97,DEN-JFK,187,13,0,0,0,0,0,0,-8,2025-11-26 13:12:00,2025-11-26 16:25:00,-2,0
2025-01-06 07:10:00,2025-01-06 13:40:00,DL,DEN,LAX,4439,3.69,7.29,0.11,0.77,14.01,0.6732,-0.2396,25,DEN-LAX,390,7,0,0,0,0,0,0,-1,2025-01-06 07:09:00,2025-01-06 13:38:00,-2,0
2025-06-09 10:30:00,2025-06-09 12:07:00,B6,LAX,JFK,774,4.63,2.64,0.0,0.51,20.27,0.1276,0.0165,57,LAX-JFK,97,10,0,0,0,0,0,0,-10,2025-06-09 10:20:00,2025-06-09 12:03:00,-4,0
2025-10-29 05:30:00,2025-10-29 11:35:00,UA,LAX,SFO,4123,1.13,4.7,0.3,1.48,16.35,1.3966,-0.9565,10,LAX-SFO,365,5,0,0,0,0,0,0,-10,2025-10-29 05:20:00,2025-10-29 11:32:00,-3,0
2025-09-15 09:40:00,2025-09-15 15:30:00,AA,LAX,DEN,3940,1.77,1.91,15.27,16.7,10.34,1.7189,-0.4908,59,LAX-DEN,350,9,0,0,1,0,0,0,28,2025-09-15 10:08:00,2025-09-15 16:08:00,38,1
2025-11-09 09:20:00,2025-11-09 10:26:00,AA,BOS,SFO,393,10.63,10.45,0.97,0.06,9.6,1.2835,0.0365,81,BOS-SFO,66,9,0,0,0,0,0,0,-2,2025-11-09 09:18:00,2025-11-09 10:29:00,3,0
2025-06-01 08:15:00,2025-06-01 13:10:00,DL,LAX,DFW,3245,2.97,4.58,0.22,0.16,19.68,0.767,-0.2562,28,LAX-DFW,295,8,0,0,0,0,0,0,-2,2025-06-01 08:13:00,2025-06-01 13:15:00,5,0
2025-05-16 17:10:00,2025-05-16 19:19:00,AA,DEN,ORD,1178,6.66,5.27,0.0,0.22,19.26,0.1165,-0.1267,59,DEN-ORD,129,17,0,0,0,0,0,0,9,2025-05-16 17:19:00,2025-05-16 19:23:00,4,0
2025-09-16 14:10:00,2025-09-16 15:23:00,DL,DEN,BOS,473,29.36,31.69,0.0,0.0,17.08,0.0486,0.0336,19,DEN-BOS,73,14,0,0,0,0,0,0,5,2025-09-16 14:15:00,2025-09-16 15:28:00,5,0
2025-02-26 11:20:00,2025-02-26 17:08:00,WN,SFO,ATL,3916,15.85,14.94,0.0,0.92,20.11,0.7495,0.6531,37,SFO-ATL,348,11,0,0,0,0,0,0,0,2025-02-26 11:20:00,2025-02-26 17:21:00,13,0
2025-03-29 02:20:00,2025-03-29 03:58:00,B6,ATL,ORD,786,5.56,3.93,0.0,0.59,17.63,-0.5604,-0.9122,17,ATL-ORD,98,2,0,1,0,0,0,0,3,2025-03-29 02:23:00,2025-03-29 04:00:00,2,0
2025-08-08 13:40:00,2025-08-08 16:19:00,UA,DFW,JFK,1555,39.08,37.64,0.0,0.0,15.02,-0.0595,0.2501,32,DFW-JFK,159,13,0,0,0,0,0,0,33,2025-08-08 14:13:00,2025-08-08 16:56:00,37,1
2025-09-01 04:00:00,2025-09-01 05:31:00,WN,DFW,DEN,705,10.98,12.74,0.04,1.55,18.86,-0.6009,0.1562,3,DFW-DEN,91,4,1,1,0,0,1,0,12,2025-09-01 04:12:00,2025-09-01 05:39:00,8,0
2025-02-13 07:15:00,2025-02-13 09:02:00,WN,DEN,SFO,896,38.26,39.04,0.0,0.0,16.28,-0.0712,-0.2846,9,DEN-SFO,107,7,0,0,0,0,0,0,13,2025-02-13 07:28:00,2025-02-13 09:10:00,8,0
2025-07-05 09:45:00,2025-07-05 11:05:00,WN,SEA,DEN,559,28.18,28.12,1.0,0.0,18.18,-0.8207,0.5127,36,SEA-DEN,80,9,0,0,0,0,0,0,21,2025-07-05 10:06:00,2025-07-05 11:37:00,32,1
2025-05-14 03:50:00,2025-05-14 09:32:00,DL,JFK,DFW,3837,11.89,14.93,3.35,3.39,12.02,-0.2158,0.9831,6,JFK-DFW,342,3,0,1,0,0,0,0,-3,2025-05-14 03:47:00,2025-05-14 09:28:00,-4,0
2025-07-03 09:50:00,2025-07-03 11:09:00,WN,ORD,SEA,548,9.19,10.39,0.0,0.0,17.47,-0.3925,0.3268,81,ORD-SEA,79,9,0,0,0,0,0,0,7,2025-07-03 09:57:00,2025-07-03 11:05:00,-4,0
2025-12-16 06:15:00,2025-12-16 11:29:00,B6,DFW,SFO,3488,17.03,17.56,0.0,2.39,15.83,1.072,0.3415,1,DFW-SFO,314,6,0,0,0,0,0,0,14,2025-12-16 06:29:00,2025-12-16 11:30:00,1,0
2025-01-28 20:10:00,2025-01-28 22:02:00,UA,SFO,ORD,959,14.18,12.15,1.61,1.66,16.02,1.1621,-0.5305,73,SFO-ORD,112,20,0,1,0,0,0,0,11,2025-01-28 20:21:00,2025-01-28 22:21:00,19,1
2025-12-30 20:10:00,2025-12-31 02:16:00,B6,ORD,LAX,4142,4.99,5.36,0.0,0.0,15.79,0.5749,0.7456,44,ORD-LAX,366,20,0,1,0,0,0,0,-4,2025-12-30 20:06:00,2025-12-31 01:59:00,-17,0
2025-06-14 00:10:00,2025-06-14 05:54:00,B6,DEN,ATL,3861,8.8,5.97,0.0,0.02,15.7,-1.4766,-0.7752,3,DEN-ATL,344,0,0,1,0,0,0,0,12,2025-06-14 00:22:00,2025-06-14 05:53:00,-1,0
2025-10-09 14:50:00,2025-10-09 19:20:00,WN,SFO,ATL,2943,19.39,19.79,0.0,0.0,14.42,0.5993,0.5628,10,SFO-ATL,270,14,0,0,0,0,0,0,-1,2025-10-09 14:49:00,2025-10-09 19:15:00,-5,0
2025-06-04 15:50:00,2025-06-04 21:27:00,AA,SEA,ORD,3778,5.19,4.83,5.52,5.01,10.76,0.8768,0.7878,81,SEA-ORD,337,15,0,0,0,0,0,0,-3,2025-06-04 15:47:00,2025-06-04 21:27:00,0,0
2025-04-24 09:45:00,2025-04-24 12:24:00,UA,LAX,JFK,1553,19.26,19.86,0.65,0.0,14.68,-0.3263,0.444,91,LAX-JFK,159,9,0,0,0,0,0,0,-4,2025-04-24 09:41:00,2025-04-24 12:14:00,-10,0
2025-10-09 11:40:00,2025-10-09 17:02:00,UA,ATL,BOS,3589,11.14,8.49,4.45,5.85,14.79,0.7677,-0.3704,55,ATL-BOS,322,11,0,0,0,0,0,0,4,2025-10-09 11:44:00,2025-10-09 17:02:00,0,0
2025-09-08 18:15:00,2025-09-08 20:28:00,DL,LAX,ORD,1230,1.78,0.77,0.03,0.0,16.61,0.938,0.0522,10,LAX-ORD,133,18,0,0,0,0,0,0,0,2025-09-08 18:15:00,2025-09-08 20:20:00,-8,0
2025-02-22 09:20:00,2025-02-22 13:45:00,WN,ORD,SFO,2881,22.09,22.03,0.3,0.0,15.53,-1.6159,0.7322,29,ORD-SFO,265,9,0,0,0,0,0,0,4,2025-02-22 09:24:00,2025-02-22 13:56:00,11,0
2025-09-15 01:45:00,2025-09-15 07:53:00,DL,DFW,ATL,4161,6.83,3.98,8.7,7.28,13.34,0.962,-0.8519,26,DFW-ATL,368,1,0,1,0,0,0,0,-1,2025-09-15 01:44:00,2025-09-15 07:48:00,-5,0
2025-10-02 08:45:00,2025-10-02 13:47:00,WN,BOS,SEA,3338,4.71,4.83,15.93,14.27,8.9,-0.2128,-0.5043,49,BOS-SEA,302,8,0,0,1,0,0,0,17,2025-10-02 09:02:00,2025-10-02 14:16:00,29,1
2025-05-22 06:30:00,2025-05-22 09:00:00,DL,LAX,DFW,1432,9.96,9.25,0.0,0.0,20.98,-1.3696,-0.5766,25,LAX-DFW,150,6,0,0,0,0,0,0,-3,2025-05-22 06:27:00,2025-05-22 08:53:00,-7,0
2025-12-04 09:45:00,2025-12-04 14:52:00,B6,SEA,DFW,3401,9.69,8.57,3.78,1.95,15.42,0.1598,0.2713,1,SEA-DFW,307,9,0,0,0,0,0,0,5,2025-12-04 09:50:00,2025-12-04 14:56:00,4,0
2025-08-22 05:15:00,2025-08-22 11:11:00,B6,DEN,ORD,4009,13.01,14.83,12.6,12.74,11.07,-0.3855,-0.7841,31,DEN-ORD,356,5,0,0,1,0,0,0,32,2025-08-22 05:47:00,2025-08-22 11:59:00,48,1
2025-05-02 03:20:00,2025-05-02 09:18:00,WN,JFK,DEN,4035,22.02,17.9,0.26,0.0,16.73,0.8531,-0.4614,44,JFK-DEN,358,3,0,1,0,0,0,0,2,2025-05-02 03:22:00,2025-05-02 09:17:00,-1,0
2025-01-04 23:45:00,2025-01-05 04:52:00,DL,ATL,BOS,3404,18.73,19.61,3.66,7.3,10.63,0.6138,0.6984,76,ATL-BOS,307,23,0,1,0,0,0,0,9,2025-01-04 23:54:00,2025-01-05 04:55:00,3,0
2025-09-04 03:20:00,2025-09-04 08:25:00,UA,ORD,SFO,3375,8.17,5.7,0.0,0.0,18.06,0.5448,0.2368,28,ORD-SFO,305,3,0,1,0,0,0,0,-9,2025-09-04 03:11:00,2025-09-04 08:16:00,-9,0
2025-03-18 16:45:00,2025-03-18 22:08:00,B6,SEA,DFW,3596,7.73,7.41,0.0,0.71,14.86,-0.7799,0.058,14,SEA-DFW,323,16,0,0,0,0,0,0,-10,2025-03-18 16:35:00,2025-03-18 21:59:00,-9,0
2025-10-04 17:20:00,2025-10-04 22:26:00,DL,ORD,BOS,3393,18.42,17.82,10.87,11.18,10.5,-0.3902,-0.8002,61,ORD-BOS,306,17,0,0,0,0,0,0,12,2025-10-04 17:32:00,2025-10-04 22:54:00,28,1
2025-07-11 14:15:00,2025-07-11 15:59:00,DL,DFW,ORD,861,5.14,4.62,1.45,0.0,18.45,-0.3054,-0.6808,82,DFW-ORD,104,14,0,0,0,0,0,0,2,2025-07-11 14:17:00,2025-07-11 16:02:00,3,0
2025-06-20 21:10:00,2025-06-21 02:39:00,B6,ATL,BOS,3677,11.15,12.9,5.29,4.24,18.31,0.6492,-0.7783,79,ATL-BOS,329,21,0,1,0,0,0,0,1,2025-06-20 21:11:00,2025-06-21 02:33:00,-6,0
2025-03-01 00:30:00,2025-03-01 02:29:00,UA,JFK,ORD,1055,23.69,24.02,0.0,0.74,14.53,1.3767,-0.6137,29,JFK-ORD,119,0,0,1,0,0,0,0,-5,2025-03-01 00:25:00,2025-03-01 02:13:00,-16,0
2025-09-17 07:20:00,2025-09-17 11:26:00,DL,SFO,ATL,2636,6.97,6.58,2.51,3.48,15.09,0.5481,-0.5295,53,SFO-ATL,246,7,0,0,0,0,0,0,5,2025-09-17 07:25:00,2025-09-17 11:35:00,9,0
2025-03-02 04:15:00,2025-03-02 07:08:00,UA,ATL,JFK,1725,1.83,2.65,0.0,0.87,15.9,-0.8295,-0.1376,22,ATL-JFK,173,4,0,1,0,0,0,0,-5,2025-03-02 04:10:00,2025-03-02 06:58:00,-10,0
2025-06-02 13:40:00,2025-06-02 15:51:00,WN,BOS,DFW,1194,5.04,7.9,0.91,0.0,14.23,-0.4267,-0.3372,62,BOS-DFW,131,13,0,0,0,0,0,0,-6,2025-06-02 13:34:00,2025-06-02 15:59:00,8,0
2025-11-02 15:00:00,2025-11-02 17:34:00,AA,SEA,SFO,1484,7.42,5.52,0.0,0.58,20.05,0.4111,-0.9375,94,SEA-SFO,154,15,0,0,0,0,0,0,-9,2025-11-02 14:51:00,2025-11-02 17:35:00,1,0
2025-12-02 21:00:00,2025-12-02 22:27:00,DL,LAX,JFK,655,5.8,7.14,0.0,0.0,16.77,1.1612,0.6485,97,LAX-JFK,87,21,0,1,0,0,0,0,4,2025-12-02 21:04:00,2025-12-02 22:19:00,-8,0
2025-12-28 09:50:00,2025-12-28 13:17:00,B6,BOS,SFO,2146,6.92,8.48,11.01,12.51,7.77,-0.107,0.6504,6,BOS-SFO,207,9,0,0,0,0,0,0,1,2025-12-28 09:51:00,2025-12-28 13:36:00,19,1
2025-12-16 05:40:00,2025-12-16 09:00:00,UA,ATL,DEN,2059,36.94,39.32,0.0,0.98,17.19,0.6756,-0.2585,73,ATL-DEN,200,5,0,0,0,0,0,0,7,2025-12-16 05:47:00,2025-12-16 08:51:00,-9,0
2025-07-22 22:30:00,2025-07-23 01:45:00,WN,DFW,JFK,1994,15.02,15.41,1.16,0.0,19.19,-1.5563,0.7981,74,DFW-JFK,195,22,0,1,0,0,0,0,2,2025-07-22 22:32:00,2025-07-23 01:47:00,2,0
2025-03-15 16:00:00,2025-03-15 17:30:00,UA,LAX,SEA,685,10.37,10.34,0.0,0.28,14.38,-0.5461,0.9356,19,LAX-SEA,90,16,0,0,0,0,0,0,-7,2025-03-15 15:53:00,2025-03-15 17:30:00,0,0
2025-11-03 18:30:00,2025-11-03 22:53:00,AA,SEA,BOS,2848,9.13,7.54,4.15,3.89,13.56,0.7253,-0.2406,68,SEA-BOS,263,18,0,0,0,0,0,0,1,2025-11-03 18:31:00,2025-11-03 22:56:00,3,0
2025-10-20 10:20:00,2025-10-20 12:16:00,UA,SEA,SFO,1011,4.66,3.57,1.12,0.83,14.63,-2.3952,0.3471,96,SEA-SFO,116,10,0,0,0,0,0,0,-4,2025-10-20 10:16:00,2025-10-20 12:20:00,4,0
2025-12-28 10:30:00,2025-12-28 16:17:00,AA,JFK,ORD,3894,9.88,11.77,41.99,40.93,0.2,1.0891,0.7184,41,JFK-ORD,347,10,0,0,1,1,0,0,49,2025-12-28 11:19:00,2025-12-28 17:15:00,58,1
2025-08-26 09:00:00,2025-08-26 10:07:00,UA,DFW,ORD,400,25.24,26.29,0.0,0.32,16.33,0.3858,0.5706,24,DFW-ORD,67,9,0,0,0,0,0,0,21,2025-08-26 09:21:00,2025-08-26 10:44:00,37,1
2025-02-21 17:30:00,2025-02-21 18:48:00,AA,SFO,DEN,532,11.38,15.19,0.0,0.74,12.85,0.0864,-0.5305,59,SFO-DEN,78,17,0,0,0,0,0,0,-8,2025-02-21 17:22:00,2025-02-21 18:30:00,-18,0
2025-07-03 05:30:00,2025-07-03 08:10:00,WN,ORD,SEA,1560,18.38,17.0,23.45,23.52,6.4,-2.0383,0.1114,49,ORD-SEA,160,5,0,0,1,0,0,0,49,2025-07-03 06:19:00,2025-07-03 08:57:00,47,1
2025-06-13 23:15:00,2025-06-14 02:31:00,WN,BOS,SEA,2013,20.17,18.71,0.0,0.86,19.58,0.9463,-0.1447,28,BOS-SEA,196,23,0,1,0,0,0,0,-1,2025-06-13 23:14:00,2025-06-14 02:25:00,-6,0
2025-11-04 04:00:00,2025-11-04 10:25:00,UA,ORD,DEN,4373,36.1,34.49,0.0,0.29,16.25,1.961,-0.4297,82,ORD-DEN,385,4,0,1,0,0,0,0,5,2025-11-04 04:05:00,2025-11-04 10:21:00,-4,0
2025-05-24 11:50:00,2025-05-24 15:45:00,B6,ORD,LAX,2506,17.93,16.42,5.74,8.29,12.57,-0.2482,0.2612,62,ORD-LAX,235,11,0,0,0,0,0,0,1,2025-05-24 11:51:00,2025-05-24 15:39:00,-6,0
2025-04-30 07:40:00,2025-04-30 10:46:00,UA,DEN,ATL,1891,33.82,33.82,7.48,6.35,12.9,-0.4881,-0.9839,51,DEN-ATL,186,7,0,0,0,0,0,0,4,2025-04-30 07:44:00,2025-04-30 10:49:00,3,0
2025-01-30 15:30:00,2025-01-30 21:10:00,B6,SFO,DFW,3817,21.91,21.12,0.0,0.0,17.0,-0.2913,-0.673,43,SFO-DFW,340,15,0,0,0,0,0,0,5,2025-01-30 15:35:00,2025-01-30 21:08:00,-2,0
2025-11-01 16:45:00,2025-11-01 19:05:00,UA,DEN,BOS,1311,13.69,11.82,0.0,0.0,16.25,0.7499,-0.7974,80,DEN-BOS,140,16,0,0,0,0,0,0,6,2025-11-01 16:51:00,2025-11-01 18:52:00,-13,0
2025-10-03 22:40:00,2025-10-04 04:40:00,AA,JFK,LAX,4067,6.27,5.92,2.86,2.1,18.62,1.0135,0.988,47,JFK-LAX,360,22,0,1,0,0,0,0,-6,2025-10-03 22:34:00,2025-10-04 04:35:00,-5,0
2025-01-16 18:10:00,2025-01-16 21:25:00,UA,JFK,BOS,1994,17.96,20.87,0.0,0.0,16.21,0.5752,-0.6905,62,JFK-BOS,195,18,0,0,0,0,0,0,1,2025-01-16 18:11:00,2025-01-16 21:27:00,2,0
2025-06-08 05:20:00,2025-06-08 08:04:00,AA,ORD,JFK,1613,21.95,22.44,0.0,0.0,13.85,-0.2594,0.6622,31,ORD-JFK,164,5,0,0,0,0,0,0,0,2025-06-08 05:20:00,2025-06-08 07:56:00,-8,0
2025-06-25 04:50:00,2025-06-25 07:30:00,B6,SFO,ORD,1565,21.86,22.06,1.17,0.0,17.73,1.0962,0.7261,79,SFO-ORD,160,4,0,1,0,0,0,0,2,2025-06-25 04:52:00,2025-06-25 07:36:00,6,0
2025-06-21 21:15:00,2025-06-21 22:17:00,UA,DFW,SFO,340,2.02,1.47,0.27,0.0,14.55,-1.1407,0.0055,22,DFW-SFO,62,21,0,1,0,0,0,0,39,2025-06-21 21:54:00,2025-06-21 23:03:00,46,1
2025-12-02 11:50:00,2025-12-02 16:35:00,UA,DFW,BOS,3130,7.66,7.37,0.0,0.25,14.19,1.1811,-0.8909,35,DFW-BOS,285,11,0,0,0,0,0,0,10,2025-12-02 12:00:00,2025-12-02 16:37:00,2,0
2025-02-24 02:00:00,2025-02-24 06:13:00,DL,ORD,BOS,2724,14.49,13.62,0.0,0.48,18.13,1.319,0.5215,22,ORD-BOS,253,2,0,1,0,0,0,0,5,2025-02-24 02:05:00,2025-02-24 06:46:00,33,1
2025-04-22 19:15:00,2025-04-22 23:47:00,UA,SFO,BOS,2964,7.81,8.96,0.83,1.93,12.71,-0.3926,0.1868,97,SFO-BOS,272,19,0,0,0,0,0,0,5,2025-04-22 19:20:00,2025-04-22 23:42:00,-5,0
2025-03-08 15:15:00,2025-03-08 19:53:00,B6,SFO,SEA,3037,10.06,5.31,0.55,0.94,14.59,1.7588,0.2835,39,SFO-SEA,278,15,0,0,0,0,0,0,7,2025-03-08 15:22:00,2025-03-08 19:58:00,5,0
2025-03-31 00:30:00,2025-03-31 01:38:00,AA,ORD,ATL,414,5.54,6.45,8.0,7.28,13.83,1.0016,0.1177,46,ORD-ATL,68,0,0,1,0,0,0,0,4,2025-03-31 00:34:00,2025-03-31 01:37:00,-1,0
2025-11-28 18:10:00,2025-11-29 00:04:00,DL,ORD,ATL,3986,1.26,0.98,5.73,5.02,13.23,0.0031,-0.3322,93,ORD-ATL,354,18,0,0,0,0,0,0,3,2025-11-28 18:13:00,2025-11-28 23:52:00,-12,0
2025-12-10 14:10:00,2025-12-10 18:01:00,DL,ORD,BOS,2447,13.59,14.0,0.0,0.19,14.33,-0.3409,0.9863,52,ORD-BOS,231,14,0,0,0,0,0,0,2,2025-12-10 14:12:00,2025-12-10 18:09:00,8,0
2025-01-17 14:40:00,2025-01-17 19:31:00,AA,SFO,ORD,3203,6.04,4.94,9.58,10.07,10.99,0.7816,0.3842,58,SFO-ORD,291,14,0,0,0,0,0,0,11,2025-01-17 14:51:00,2025-01-17 19:23:00,-8,0
2025-08-19 20:15:00,2025-08-19 21:26:00,B6,ATL,LAX,452,9.41,7.09,6.39,8.66,13.03,-0.6384,0.4187,45,ATL-LAX,71,20,0,1,0,0,0,0,-10,2025-08-19 20:05:00,2025-08-19 21:27:00,1,0
2025-03-26 11:50:00,2025-03-26 17:05:00,B6,LAX,SFO,3496,7.64,8.25,0.15,0.0,15.33,1.45,0.1011,22,LAX-SFO,315,11,0,0,0,0,0,0,1,2025-03-26 11:51:00,2025-03-26 17:28:00,23,1
2025-03-12 11:45:00,2025-03-12 16:32:00,B6,ATL,BOS,3144,14.89,14.26,0.06,0.77,18.17,-0.5611,-0.8813,10,ATL-BOS,287,11,0,0,0,0,0,0,-4,2025-03-12 11:41:00,2025-03-12 16:39:00,7,0
2025-04-17 14:15:00,2025-04-17 17:18:00,UA,LAX,DFW,1847,12.96,12.57,0.99,0.0,19.57,2.4642,0.1749,72,LAX-DFW,183,14,0,0,0,0,0,0,4,2025-04-17 14:19:00,2025-04-17 17:21:00,3,0
2025-03-12 04:30:00,2025-03-12 10:43:00,DL,DFW,JFK,4230,13.96,8.2,9.63,9.96,13.89,0.2992,-0.0475,11,DFW-JFK,373,4,0,1,0,0,0,0,-6,2025-03-12 04:24:00,2025-03-12 10:35:00,-8,0
2025-06-28 03:15:00,2025-06-28 07:53:00,DL,DEN,ATL,3032,2.22,0.0,0.0,0.39,15.41,-1.3249,-0.1679,43,DEN-ATL,278,3,0,1,0,0,0,0,6,2025-06-28 03:21:00,2025-06-28 08:01:00,8,0
2025-12-30 20:15:00,2025-12-31 02:19:00,AA,SFO,LAX,4111,21.88,21.14,0.97,0.0,15.74,1.3089,-0.0689,4,SFO-LAX,364,20,0,1,0,0,0,0,-6,2025-12-30 20:09:00,2025-12-31 02:09:00,-10,0
2025-08-03 05:40:00,2025-08-03 11:15:00,DL,ORD,SEA,3750,29.77,29.57,0.21,0.0,12.96,-0.3846,0.7049,41,ORD-SEA,335,5,0,0,0,0,0,0,-7,2025-08-03 05:33:00,2025-08-03 11:11:00,-4,0
2025-09-21 12:15:00,2025-09-21 14:23:00,WN,LAX,BOS,1163,11.82,10.86,8.06,8.25,13.44,-1.8653,0.7262,76,LAX-BOS,128,12,0,0,0,0,0,0,11,2025-09-21 12:26:00,2025-09-21 14:36:00,13,0
2025-06-30 06:10:00,2025-06-30 12:44:00,AA,SEA,DFW,4485,5.64,6.18,0.0,0.64,15.24,1.8938,0.7327,38,SEA-DFW,394,6,0,0,0,0,0,0,4,2025-06-30 06:14:00,2025-06-30 12:29:00,-15,0
2025-01-06 05:15:00,2025-01-06 10:24:00,B6,ATL,JFK,3419,5.46,6.15,0.06,0.11,15.56,2.7389,0.1369,17,ATL-JFK,309,5,0,0,0,0,0,0,15,2025-01-06 05:30:00,2025-01-06 10:20:00,-4,0
2025-01-31 14:50:00,2025-01-31 16:53:00,DL,LAX,DFW,1096,2.47,3.71,0.0,0.0,15.83,0.53,0.4956,72,LAX-DFW,123,14,0,0,0,0,0,0,6,2025-01-31 14:56:00,2025-01-31 17:00:00,7,0
2025-04-09 19:15:00,2025-04-10 00:40:00,WN,BOS,SFO,3630,28.44,25.84,0.0,0.0,15.62,0.6492,-0.4631,78,BOS-SFO,325,19,0,0,0,0,0,0,-3,2025-04-09 19:12:00,2025-04-10 00:34:00,-6,0
2025-03-30 10:15:00,2025-03-30 13:38:00,UA,DEN,JFK,2101,8.02,10.98,0.0,0.68,15.58,0.4676,-0.6904,96,DEN-JFK,203,10,0,0,0,0,0,0,-2,2025-03-30 10:13:00,2025-03-30 13:40:00,2,0
2025-11-03 03:40:00,2025-11-03 09:29:00,DL,BOS,DEN,3930,13.72,12.87,0.2,0.0,13.0,0.6237,0.261,91,BOS-DEN,349,3,0,1,0,0,0,0,4,2025-11-03 03:44:00,2025-11-03 09:57:00,28,1
2025-11-04 05:00:00,2025-11-04 06:57:00,UA,JFK,SEA,1027,8.02,9.46,0.73,1.07,14.18,-0.3023,0.8067,72,JFK-SEA,117,5,0,0,0,0,0,0,4,2025-11-04 05:04:00,2025-11-04 06:45:00,-12,0
2025-11-08 03:15:00,2025-11-08 05:41:00,UA,LAX,ORD,1390,16.81,15.93,0.63,0.0,17.67,-0.0022,0.3504,22,LAX-ORD,146,3,0,1,0,0,0,0,15,2025-11-08 03:30:00,2025-11-08 06:02:00,21,1
2025-08-21 21:10:00,2025-08-22 00:06:00,DL,ORD,BOS,1760,6.43,2.41,0.31,0.0,15.61,-0.1889,0.8508,80,ORD-BOS,176,21,0,1,0,0,0,0,6,2025-08-21 21:16:00,2025-08-22 00:17:00,11,0
2025-07-23 07:50:00,2025-07-23 11:20:00,B6,DFW,ORD,2193,12.1,11.13,14.05,15.52,11.2,0.0073,-0.1207,15,DFW-ORD,210,7,0,0,1,0,0,0,8,2025-07-23 07:58:00,2025-07-23 11:32:00,12,0
2025-08-25 08:50:00,2025-08-25 13:21:00,UA,SFO,LAX,2951,8.07,8.57,0.0,0.0,17.57,-1.201,-0.1674,25,SFO-LAX,271,8,0,0,0,0,0,0,-7,2025-08-25 08:43:00,2025-08-25 13:18:00,-3,0
2025-05-29 01:45:00,2025-05-29 03:58:00,AA,DFW,DEN,1230,21.92,21.46,3.05,5.29,11.78,0.9717,0.7591,86,DFW-DEN,133,1,0,1,0,0,0,0,-10,2025-05-29 01:35:00,2025-05-29 03:59:00,1,0
2025-09-02 10:10:00,2025-09-02 15:06:00,WN,BOS,DFW,3263,0.33,5.19,4.76,5.31,13.63,0.1096,0.1406,25,BOS-DFW,296,10,0,0,0,0,0,0,-1,2025-09-02 10:09:00,2025-09-02 15:03:00,-3,0
2025-10-17 21:30:00,2025-10-17 22:37:00,AA,ATL,SEA,402,7.94,7.53,0.0,0.0,16.32,0.7195,-0.5249,97,ATL-SEA,67,21,0,1,0,0,0,0,-2,2025-10-17 21:28:00,2025-10-17 22:38:00,1,0
2025-10-06 09:40:00,2025-10-06 12:30:00,UA,BOS,JFK,1690,20.6,21.77,0.0,0.0,15.23,0.5042,-0.9298,49,BOS-JFK,170,9,0,0,0,0,0,0,13,2025-10-06 09:53:00,2025-10-06 12:48:00,18,1
2025-08-13 15:45:00,2025-08-13 20:25:00,B6,JFK,ORD,3067,18.12,20.04,17.54,19.96,10.93,-2.2632,-0.4823,83,JFK-ORD,280,15,0,0,1,0,0,0,43,2025-08-13 16:28:00,2025-08-13 21:30:00,65,1
2025-01-22 04:10:00,2025-01-22 06:38:00,UA,DFW,SEA,1412,1.09,3.24,0.84,1.1,15.71,0.4591,-0.9906,29,DFW-SEA,148,4,0,1,0,0,0,0,1,2025-01-22 04:11:00,2025-01-22 06:35:00,-3,0
2025-09-22 03:40:00,2025-09-22 07:04:00,UA,SEA,SFO,2112,17.75,17.92,2.59,0.96,12.89,0.8324,0.9747,34,SEA-SFO,204,3,0,1,0,0,0,0,15,2025-09-22 03:55:00,2025-09-22 07:34:00,30,1
2025-05-14 17:10:00,2025-05-14 21:33:00,AA,BOS,DEN,2845,6.24,4.66,0.0,1.17,14.63,-0.8457,-0.6843,69,BOS-DEN,263,17,0,0,0,0,0,0,14,2025-05-14 17:24:00,2025-05-14 21:28:00,-5,0
2025-09-29 01:30:00,2025-09-29 03:52:00,WN,DEN,BOS,1342,7.81,3.07,0.04,0.0,16.4,0.0079,-0.6784,53,DEN-BOS,142,1,0,1,0,0,0,0,8,2025-09-29 01:38:00,2025-09-29 03:49:00,-3,0
2025-07-16 10:50:00,2025-07-16 17:13:00,UA,SFO,ATL,4350,20.15,20.05,0.09,0.61,16.76,-0.3343,0.4445,27,SFO-ATL,383,10,0,0,0,0,0,0,-7,2025-07-16 10:43:00,2025-07-16 17:11:00,-2,0
2025-11-18 07:00:00,2025-11-18 12:44:00,AA,ATL,JFK,3857,9.38,9.04,0.0,0.0,9.81,0.4035,0.8915,29,ATL-JFK,344,7,0,0,0,0,0,0,25,2025-11-18 07:25:00,2025-11-18 13:07:00,23,1
2025-05-04 00:10:00,2025-05-04 06:35:00,WN,DFW,LAX,4378,4.1,3.81,0.83,0.46,17.14,-0.1413,-0.6665,24,DFW-LAX,385,0,0,1,0,0,0,0,14,2025-05-04 00:24:00,2025-05-04 06:52:00,17,1
2025-12-06 12:45:00,2025-12-06 16:30:00,WN,BOS,JFK,2381,4.26,4.27,0.83,0.25,14.14,-1.7309,-0.56,54,BOS-JFK,225,12,0,0,0,0,0,0,-10,2025-12-06 12:35:00,2025-12-06 16:25:00,-5,0
2025-11-05 23:00:00,2025-11-06 01:54:00,UA,JFK,DFW,1742,8.16,12.56,0.02,0.13,17.13,-0.9738,-0.3052,19,JFK-DFW,174,23,0,1,0,0,0,0,12,2025-11-05 23:12:00,2025-11-06 01:59:00,5,0
2025-05-01 01:40:00,2025-05-01 08:13:00,UA,SFO,LAX,4477,9.62,6.64,0.0,0.59,16.85,0.6264,-0.0147,43,SFO-LAX,393,1,0,1,0,0,0,0,-3,2025-05-01 01:37:00,2025-05-01 08:11:00,-2,0
2025-06-26 19:30:00,2025-06-27 00:34:00,UA,DEN,DFW,3359,6.84,10.5,0.18,0.0,18.85,0.4495,-0.8457,59,DEN-DFW,304,19,0,0,0,0,0,0,1,2025-06-26 19:31:00,2025-06-27 00:40:00,6,0
2025-07-13 12:15:00,2025-07-13 17:41:00,DL,DFW,SEA,3632,13.5,13.29,0.0,0.0,5.44,2.3944,-0.9139,83,DFW-SEA,326,12,0,0,0,1,0,0,-1,2025-07-13 12:14:00,2025-07-13 17:42:00,1,0
2025-10-08 17:45:00,2025-10-08 19:45:00,AA,JFK,DFW,1067,11.78,13.03,2.37,2.35,15.99,0.032,-0.9945,16,JFK-DFW,120,17,0,0,0,0,0,0,2,2025-10-08 17:47:00,2025-10-08 19:46:00,1,0
2025-09-09 02:45:00,2025-09-09 08:36:00,WN,SEA,LAX,3950,11.77,9.7,1.05,0.01,18.43,-1.7054,0.9923,93,SEA-LAX,351,2,0,1,0,0,0,0,-2,2025-09-09 02:43:00,2025-09-09 08:29:00,-7,0
2025-11-07 20:15:00,2025-11-08 00:11:00,AA,SFO,SEA,2518,19.45,18.0,0.45,0.0,18.89,1.4601,0.3028,93,SFO-SEA,236,20,0,1,0,0,0,0,7,2025-11-07 20:22:00,2025-11-08 00:04:00,-7,0
2025-05-16 00:00:00,2025-05-16 05:19:00,B6,ATL,JFK,3547,13.7,16.33,0.0,0.0,14.86,1.0497,0.8018,33,ATL-JFK,319,0,0,1,0,0,0,0,12,2025-05-16 00:12:00,2025-05-16 05:20:00,1,0
2025-07-04 21:10:00,2025-07-05 02:46:00,B6,JFK,ORD,3765,11.8,12.1,0.0,0.0,18.14,-0.7599,0.5383,64,JFK-ORD,336,21,1,1,0,0,1,0,40,2025-07-04 21:50:00,2025-07-05 03:51:00,65,1
2025-06-07 15:00:00,2025-06-07 16:35:00,B6,ORD,DFW,744,7.19,7.4,0.0,0.0,14.69,0.8513,0.8124,97,ORD-DFW,95,15,0,0,0,0,0,0,-10,2025-06-07 14:50:00,2025-06-07 16:34:00,-1,0
2025-11-28 08:50:00,2025-11-28 10:22:00,UA,ATL,ORD,716,21.52,20.51,4.92,6.0,15.6,0.3227,-0.2002,78,ATL-ORD,92,8,0,0,0,0,0,0,9,2025-11-28 08:59:00,2025-11-28 10:40:00,18,1
2025-04-22 00:30:00,2025-04-22 01:51:00,AA,SEA,DFW,573,8.3,6.95,0.0,0.0,14.25,-0.8464,0.6152,85,SEA-DFW,81,0,0,1,0,0,0,0,-6,2025-04-22 00:24:00,2025-04-22 01:47:00,-4,0
2025-08-03 14:40:00,2025-08-03 19:15:00,WN,DEN,DFW,3000,7.26,12.3,0.11,1.52,16.2,0.3221,0.9492,97,DEN-DFW,275,14,0,0,0,0,0,0,-4,2025-08-03 14:36:00,2025-08-03 19:12:00,-3,0
2025-02-13 02:10:00,2025-02-13 08:16:00,AA,JFK,ATL,4143,27.97,26.13,0.32,0.22,20.18,-0.5579,0.0293,81,JFK-ATL,366,2,0,1,0,0,0,0,-8,2025-02-13 02:02:00,2025-02-13 08:19:00,3,0
2025-11-07 14:45:00,2025-11-07 15:54:00,B6,SFO,DEN,426,4.59,1.49,0.85,0.0,14.6,-1.4262,0.6169,81,SFO-DEN,69,14,0,0,0,0,0,0,3,2025-11-07 14:48:00,2025-11-07 15:53:00,-1,0
2025-05-21 18:40:00,2025-05-21 20:25:00,UA,LAX,ORD,880,6.68,3.96,0.0,0.28,16.14,-0.1476,0.9267,96,LAX-ORD,105,18,0,0,0,0,0,0,8,2025-05-21 18:48:00,2025-05-21 20:52:00,27,1
2025-05-05 06:45:00,2025-05-05 10:27:00,UA,SFO,ATL,2340,8.78,8.93,0.0,0.0,10.34,0.6847,0.4692,69,SFO-ATL,222,6,0,0,0,0,0,0,-8,2025-05-05 06:37:00,2025-05-05 10:27:00,0,0
2025-08-01 05:20:00,2025-08-01 08:30:00,WN,LAX,DEN,1943,3.51,3.85,0.0,0.0,18.47,-0.0217,-0.9786,23,LAX-DEN,190,5,0,0,0,0,0,0,13,2025-08-01 05:33:00,2025-08-01 08:33:00,3,0
2025-07-02 05:40:00,2025-07-02 07:14:00,WN,BOS,ORD,732,5.49,6.32,0.19,0.0,14.1,-0.6166,0.599,27,BOS-ORD,94,5,0,0,0,0,0,0,-2,2025-07-02 05:38:00,2025-07-02 07:27:00,13,0
2025-11-06 05:30:00,2025-11-06 09:54:00,B6,ORD,SEA,2861,27.56,28.73,0.0,0.68,18.33,0.5687,-0.7841,53,ORD-SEA,264,5,0,0,0,0,0,0,-9,2025-11-06 05:21:00,2025-11-06 09:54:00,0,0
2025-07-13 02:20:00,2025-07-13 08:23:00,UA,LAX,DFW,4102,7.99,8.07,4.87,5.73,15.52,-0.1879,0.8886,97,LAX-DFW,363,2,0,1,0,0,0,0,13,2025-07-13 02:33:00,2025-07-13 08:26:00,3,0
2025-07-08 05:30:00,2025-07-08 07:40:00,WN,DEN,DFW,1189,13.92,10.11,0.0,0.22,17.16,-0.8706,0.7502,97,DEN-DFW,130,5,0,0,0,0,0,0,-1,2025-07-08 05:29:00,2025-07-08 07:39:00,-1,0
2025-02-08 15:15:00,2025-02-08 16:15:00,B6,ATL,JFK,311,4.07,1.07,0.0,1.91,14.62,0.2558,-0.3549,70,ATL-JFK,60,15,0,0,0,0,0,0,-5,2025-02-08 15:10:00,2025-02-08 16:20:00,5,0
2025-01-09 07:50:00,2025-01-09 10:05:00,WN,LAX,ORD,1246,6.58,4.97,0.45,0.0,15.22,-0.1974,0.269,56,LAX-ORD,135,7,0,0,0,0,0,0,-7,2025-01-09 07:43:00,2025-01-09 09:54:00,-11,0
2025-05-26 18:40:00,2025-05-26 20:41:00,UA,LAX,JFK,1075,30.35,26.76,0.0,1.37,15.62,1.8657,0.9401,2,LAX-JFK,121,18,1,0,0,0,0,0,24,2025-05-26 19:04:00,2025-05-26 20:48:00,7,0
2025-12-31 19:40:00,2025-12-31 23:16:00,WN,ORD,BOS,2258,4.25,3.9,9.91,10.26,14.22,0.9182,-0.3446,1,ORD-BOS,216,19,1,0,0,0,0,0,16,2025-12-31 19:56:00,2025-12-31 23:32:00,16,1
2025-12-01 18:40:00,2025-12-01 20:15:00,AA,BOS,DFW,750,11.05,15.66,2.1,3.27,13.17,0.8349,0.5044,16,BOS-DFW,95,18,0,0,0,0,0,0,17,2025-12-01 18:57:00,2025-12-01 20:38:00,23,1
2025-08-18 12:20:00,2025-08-18 15:20:00,UA,JFK,DEN,1815,0.87,1.21,0.83,0.46,17.99,-1.741,-0.3464,79,JFK-DEN,180,12,0,0,0,0,0,0,6,2025-08-18 12:26:00,2025-08-18 15:15:00,-5,0
2025-08-19 07:50:00,2025-08-19 09:29:00,AA,SEA,ORD,801,3.49,3.12,0.0,0.95,19.48,0.7639,0.0193,96,SEA-ORD,99,7,0,0,0,0,0,0,3,2025-08-19 07:53:00,2025-08-19 09:38:00,9,0
2025-05-23 22:10:00,2025-05-24 02:56:00,DL,SFO,BOS,3141,8.58,6.74,0.0,0.0,14.79,0.9208,0.8776,92,SFO-BOS,286,22,0,1,0,0,0,0,3,2025-05-23 22:13:00,2025-05-24 02:59:00,3,0
2025-03-06 04:30:00,2025-03-06 08:07:00,UA,SFO,LAX,2270,14.59,18.82,0.3,0.0,16.6,-1.612,-0.0765,87,SFO-LAX,217,4,0,1,0,0,0,0,3,2025-03-06 04:33:00,2025-03-06 07:56:00,-11,0
2025-01-04 11:00:00,2025-01-04 12:24:00,WN,BOS,DFW,615,11.38,10.05,6.67,5.54,16.86,-0.8321,-0.9617,52,BOS-DFW,84,11,0,0,0,0,0,0,3,2025-01-04 11:03:00,2025-01-04 12:34:00,10,0
2025-05-04 10:15:00,2025-05-04 11:29:00,DL,BOS,SFO,483,7.88,9.47,14.04,13.63,8.46,-0.7453,0.0139,4,BOS-SFO,74,10,0,0,1,0,0,0,51,2025-05-04 11:06:00,2025-05-04 12:46:00,77,1
2025-04-26 17:30:00,2025-04-26 21:13:00,WN,LAX,DFW,2352,16.75,17.09,0.69,0.0,20.37,1.0831,-0.357,79,LAX-DFW,223,17,0,0,0,0,0,0,11,2025-04-26 17:41:00,2025-04-26 21:13:00,0,0
2025-03-11 13:20:00,2025-03-11 17:38:00,AA,JFK,BOS,2785,14.23,13.54,9.02,8.49,9.93,1.2237,0.7106,95,JFK-BOS,258,13,0,0,0,0,0,0,-8,2025-03-11 13:12:00,2025-03-11 17:37:00,-1,0
2025-04-05 19:50:00,2025-04-05 21:47:00,DL,DEN,SFO,1031,2.02,2.57,1.22,0.0,11.36,-0.7364,0.6099,35,DEN-SFO,117,19,0,0,0,0,0,0,-4,2025-04-05 19:46:00,2025-04-05 21:45:00,-2,0
2025-01-10 22:30:00,2025-01-11 01:18:00,AA,ATL,LAX,1658,10.59,10.89,0.38,0.0,8.4,-1.1529,0.5463,85,ATL-LAX,168,22,0,1,0,0,0,0,-4,2025-01-10 22:26:00,2025-01-11 01:16:00,-2,0
2025-08-10 09:20:00,2025-08-10 13:43:00,DL,BOS,LAX,2848,7.35,6.44,0.0,0.0,17.4,-2.1347,0.395,93,BOS-LAX,263,9,0,0,0,0,0,0,5,2025-08-10 09:25:00,2025-08-10 13:31:00,-12,0
2025-12-05 20:20:00,2025-12-05 23:57:00,DL,DFW,ATL,2278,9.51,10.75,0.0,0.0,17.44,-1.6327,0.9734,98,DFW-ATL,217,20,0,1,0,0,0,0,8,2025-12-05 20:28:00,2025-12-05 23:48:00,-9,0
2025-09-10 04:30:00,2025-09-10 06:08:00,AA,ORD,BOS,788,7.29,5.65,0.0,0.11,17.08,-0.7119,-0.4283,0,ORD-BOS,98,4,0,1,0,0,0,0,-10,2025-09-10 04:20:00,2025-09-10 05:55:00,-13,0
2025-06-13 21:45:00,2025-06-14 00:55:00,UA,ATL,SEA,1943,9.44,9.76,8.22,7.69,15.86,-0.6358,-0.8299,83,ATL-SEA,190,21,0,1,0,0,0,0,-2,2025-06-13 21:43:00,2025-06-14 00:52:00,-3,0
2025-06-03 04:15:00,2025-06-03 06:20:00,AA,ATL,JFK,1130,12.37,15.65,0.42,0.49,19.14,-0.0056,0.3865,39,ATL-JFK,125,4,0,1,0,0,0,0,3,2025-06-03 04:18:00,2025-06-03 06:33:00,13,0
2025-04-23 20:30:00,2025-04-24 02:40:00,WN,DEN,LAX,4192,5.68,2.8,2.84,4.62,11.87,0.5975,0.2718,53,DEN-LAX,370,20,0,1,0,0,0,0,3,2025-04-23 20:33:00,2025-04-24 02:36:00,-4,0
2025-02-21 09:30:00,2025-02-21 14:59:00,AA,SEA,SFO,3676,6.65,3.8,0.0,1.25,10.66,0.2327,-0.2651,45,SEA-SFO,329,9,0,0,0,0,0,0,2,2025-02-21 09:32:00,2025-02-21 15:02:00,3,0
2025-08-07 23:00:00,2025-08-08 01:44:00,B6,SFO,DFW,1610,16.6,14.82,1.02,0.0,15.75,-0.6635,-0.9615,63,SFO-DFW,164,23,0,1,0,0,0,0,16,2025-08-07 23:16:00,2025-08-08 01:59:00,15,1
2025-07-26 03:50:00,2025-07-26 06:08:00,WN,DFW,SFO,1287,17.34,19.18,0.0,0.0,10.01,-0.1027,-0.2601,74,DFW-SFO,138,3,0,1,0,0,0,0,13,2025-07-26 04:03:00,2025-07-26 05:56:00,-12,0
2025-01-03 11:30:00,2025-01-03 13:14:00,DL,ATL,SEA,865,25.92,20.79,0.0,0.0,13.96,-0.8256,-0.6648,77,ATL-SEA,104,11,0,0,0,0,0,0,-9,2025-01-03 11:21:00,2025-01-03 13:23:00,9,0
2025-06-01 21:10:00,2025-06-02 02:17:00,UA,ATL,SFO,3395,9.48,10.82,0.0,0.2,16.42,-0.444,-0.6979,21,ATL-SFO,307,21,0,1,0,0,0,0,-10,2025-06-01 21:00:00,2025-06-02 02:15:00,-2,0
2025-04-12 01:40:00,2025-04-12 07:47:00,UA,SEA,JFK,4156,5.92,4.74,0.28,0.25,16.05,-0.254,0.7625,20,SEA-JFK,367,1,0,1,0,0,0,0,17,2025-04-12 01:57:00,2025-04-12 08:13:00,26,1
2025-03-04 06:40:00,2025-03-04 09:11:00,B6,JFK,SEA,1446,6.82,5.88,2.72,2.67,15.28,0.7586,0.0065,7,JFK-SEA,151,6,0,0,0,0,0,0,3,2025-03-04 06:43:00,2025-03-04 09:10:00,-1,0
2025-09-14 02:50:00,2025-09-14 07:24:00,DL,ATL,DEN,2987,12.09,9.81,0.0,0.0,15.92,0.9115,0.0282,57,ATL-DEN,274,2,0,1,0,0,0,0,-6,2025-09-14 02:44:00,2025-09-14 07:23:00,-1,0
2025-07-11 07:00:00,2025-07-11 09:18:00,AA,SEA,DEN,1287,8.48,6.64,0.0,0.0,16.87,-0.8296,-0.7128,87,SEA-DEN,138,7,0,0,0,0,0,0,3,2025-07-11 07:03:00,2025-07-11 09:22:00,4,0
2025-08-20 09:20:00,2025-08-20 15:27:00,UA,JFK,ATL,4151,24.12,23.68,0.0,0.96,15.66,0.0182,0.8697,85,JFK-ATL,367,9,0,0,0,0,0,0,6,2025-08-20 09:26:00,2025-08-20 15:33:00,6,0
2025-09-18 14:10:00,2025-09-18 16:49:00,B6,DFW,ATL,1556,6.26,8.84,0.0,0.4,16.08,0.7117,-0.2578,27,DFW-ATL,159,14,0,0,0,0,0,0,-9,2025-09-18 14:01:00,2025-09-18 16:40:00,-9,0
2025-12-25 06:30:00,2025-12-25 08:01:00,DL,JFK,ATL,703,19.96,23.7,0.53,0.0,10.46,-0.137,0.175,51,JFK-ATL,91,6,1,0,0,0,0,0,2,2025-12-25 06:32:00,2025-12-25 07:50:00,-11,0
2025-10-21 03:30:00,2025-10-21 09:25:00,UA,DEN,ATL,3999,3.31,4.54,1.07,0.0,14.18,-0.3575,-0.8426,65,DEN-ATL,355,3,0,1,0,0,0,0,9,2025-10-21 03:39:00,2025-10-21 09:32:00,7,0
2025-08-15 04:20:00,2025-08-15 10:37:00,B6,SFO,ORD,4271,7.84,8.24,0.0,0.0,17.97,1.005,0.0733,89,SFO-ORD,377,4,0,1,0,0,0,0,0,2025-08-15 04:20:00,2025-08-15 10:37:00,0,0
2025-11-17 22:50:00,2025-11-18 02:02:00,WN,SEA,BOS,1968,4.14,8.56,0.21,0.0,16.75,0.6442,-0.8358,66,SEA-BOS,192,22,0,1,0,0,0,0,-5,2025-11-17 22:45:00,2025-11-18 02:10:00,8,0
2025-06-24 22:30:00,2025-06-25 04:34:00,AA,BOS,ORD,4110,2.3,4.14,0.05,0.0,14.76,-0.0391,-0.1143,38,BOS-ORD,364,22,0,1,0,0,0,0,-7,2025-06-24 22:23:00,2025-06-25 04:22:00,-12,0
2025-12-26 05:20:00,2025-12-26 07:41:00,DL,ORD,DFW,1323,9.3,6.4,0.93,0.0,19.66,-0.9232,0.7368,96,ORD-DFW,141,5,0,0,0,0,0,0,6,2025-12-26 05:26:00,2025-12-26 07:46:00,5,0
2025-10-05 04:00:00,2025-10-05 06:30:00,AA,BOS,ORD,1437,12.09,12.39,4.65,2.84,15.53,-1.5831,-0.9066,40,BOS-ORD,150,4,0,1,0,0,0,0,20,2025-10-05 04:20:00,2025-10-05 06:42:00,12,0
2025-08-26 01:15:00,2025-08-26 05:14:00,DL,JFK,DEN,2553,1.0,0.9,12.16,11.85,13.61,0.1873,-0.2044,95,JFK-DEN,239,1,0,1,1,0,0,0,45,2025-08-26 02:00:00,2025-08-26 06:18:00,64,1
2025-11-26 23:50:00,2025-11-27 04:11:00,DL,ORD,SEA,2821,12.28,13.68,23.81,23.38,6.11,0.6114,-0.4931,9,ORD-SEA,261,23,0,1,1,0,0,0,27,2025-11-27 00:17:00,2025-11-27 04:55:00,44,1
2025-07-08 16:20:00,2025-07-08 19:29:00,AA,ATL,DFW,1919,14.05,11.51,0.57,0.27,17.46,-1.0524,-0.6151,2,ATL-DFW,189,16,0,0,0,0,0,0,1,2025-07-08 16:21:00,2025-07-08 19:24:00,-5,0
2025-09-21 18:50:00,2025-09-22 00:18:00,AA,ORD,SEA,3658,10.61,8.89,10.41,10.29,8.32,0.9888,-0.2017,96,ORD-SEA,328,18,0,0,0,0,0,0,3,2025-09-21 18:53:00,2025-09-22 00:26:00,8,0
2025-04-14 06:30:00,2025-04-14 11:54:00,DL,DEN,SEA,3618,16.31,18.46,0.0,1.26,13.38,-0.3374,0.8437,13,DEN-SEA,324,6,0,0,0,0,0,0,2,2025-04-14 06:32:00,2025-04-14 11:53:00,-1,0
2025-12-18 15:30:00,2025-12-18 17:10:00,DL,ORD,DFW,808,14.2,16.44,0.0,0.2,16.48,-1.7413,-0.0718,75,ORD-DFW,100,15,0,0,0,0,0,0,6,2025-12-18 15:36:00,2025-12-18 17:14:00,4,0
2025-08-16 01:20:00,2025-08-16 07:52:00,DL,JFK,ORD,4459,44.36,46.94,14.1,15.35,11.11,0.4901,0.2334,16,JFK-ORD,392,1,0,1,1,0,0,0,6,2025-08-16 01:26:00,2025-08-16 08:18:00,26,1
2025-10-13 16:30:00,2025-10-13 18:22:00,DL,ATL,BOS,968,3.6,3.26,0.2,0.0,15.95,-0.0953,0.6744,33,ATL-BOS,112,16,0,0,0,0,0,0,9,2025-10-13 16:39:00,2025-10-13 18:17:00,-5,0
2025-06-18 13:00:00,2025-06-18 16:56:00,DL,ORD,JFK,2511,25.77,23.88,0.0,0.15,10.01,-0.1469,-0.7653,75,ORD-JFK,236,13,0,0,0,0,0,0,26,2025-06-18 13:26:00,2025-06-18 17:17:00,21,1
2025-11-13 07:00:00,2025-11-13 10:21:00,AA,DEN,DFW,2076,19.36,19.44,0.0,0.0,15.86,0.8405,-0.3166,25,DEN-DFW,201,7,0,0,0,0,0,0,-8,2025-11-13 06:52:00,2025-11-13 10:10:00,-11,0
2025-01-28 17:20:00,2025-01-28 20:51:00,B6,SFO,ORD,2197,13.57,10.66,0.0,0.72,12.06,1.5091,-0.9195,65,SFO-ORD,211,17,0,0,0,0,0,0,-5,2025-01-28 17:15:00,2025-01-28 20:51:00,0,0
2025-02-11 15:30:00,2025-02-11 17:12:00,DL,SEA,SFO,839,4.76,5.59,1.25,0.25,14.46,0.5841,-0.8119,3,SEA-SFO,102,15,0,0,0,0,0,0,5,2025-02-11 15:35:00,2025-02-11 17:02:00,-10,0
2025-07-05 10:30:00,2025-07-05 13:24:00,B6,BOS,SEA,1740,8.34,7.15,0.0,1.58,14.15,-0.4098,-0.4534,27,BOS-SEA,174,10,0,0,0,0,0,0,-2,2025-07-05 10:28:00,2025-07-05 13:18:00,-6,0
2025-09-25 04:20:00,2025-09-25 05:29:00,WN,LAX,SFO,427,5.63,8.18,0.0,0.0,15.33,-1.7303,0.2168,37,LAX-SFO,69,4,0,1,0,0,0,0,-8,2025-09-25 04:12:00,2025-09-25 05:21:00,-8,0
2025-10-23 00:15:00,2025-10-23 06:41:00,AA,DFW,SFO,4388,7.65,11.68,0.0,0.0,9.86,0.6232,-0.1234,54,DFW-SFO,386,0,0,1,0,0,0,0,-8,2025-10-23 00:07:00,2025-10-23 06:45:00,4,0
2025-06-10 22:40:00,2025-06-11 00:27:00,UA,LAX,ORD,904,16.53,12.96,1.34,0.34,16.64,0.0538,-0.6153,24,LAX-ORD,107,22,0,1,0,0,0,0,-1,2025-06-10 22:39:00,2025-06-11 00:17:00,-10,0
2025-08-26 06:30:00,2025-08-26 10:11:00,DL,LAX,SFO,2329,23.66,21.99,0.0,0.0,10.67,-0.78,-0.898,66,LAX-SFO,221,6,0,0,0,0,0,0,-9,2025-08-26 06:21:00,2025-08-26 10:01:00,-10,0
2025-07-21 07:00:00,2025-07-21 09:12:00,UA,DEN,BOS,1207,31.17,28.44,12.08,11.71,7.61,-0.5186,-0.0273,14,DEN-BOS,132,7,0,0,1,0,0,0,17,2025-07-21 07:17:00,2025-07-21 09:32:00,20,1
2025-12-17 16:20:00,2025-12-17 18:19:00,DL,LAX,SEA,1047,7.71,11.21,42.89,43.25,0.2,1.4973,-0.9251,31,LAX-SEA,119,16,0,0,1,1,0,0,50,2025-12-17 17:10:00,2025-12-17 19:36:00,77,1
2025-08-27 06:40:00,2025-08-27 09:50:00,WN,DEN,BOS,1938,10.93,10.61,0.09,0.0,9.06,0.9526,-0.6278,6,DEN-BOS,190,6,0,0,0,0,0,0,19,2025-08-27 06:59:00,2025-08-27 10:00:00,10,0
2025-06-02 09:45:00,2025-06-02 16:10:00,B6,SFO,BOS,4370,5.55,3.04,0.76,0.45,19.62,1.1324,-0.8831,61,SFO-BOS,385,9,0,0,0,0,0,0,9,2025-06-02 09:54:00,2025-06-02 16:11:00,1,0
2025-12-20 17:15:00,2025-12-20 20:55:00,DL,SFO,SEA,2308,20.17,23.49,15.86,13.47,10.92,1.0568,0.1457,98,SFO-SEA,220,17,0,0,1,0,0,0,25,2025-12-20 17:40:00,2025-12-20 21:34:00,39,1
2025-02-09 14:50:00,2025-02-09 21:12:00,WN,BOS,SFO,4335,13.8,12.0,19.56,19.79,0.2,0.2619,-0.6902,17,BOS-SFO,382,14,0,0,1,1,0,1,40,2025-02-09 15:30:00,2025-02-09 22:01:00,49,1
2025-12-26 15:40:00,2025-12-26 21:17:00,DL,ORD,BOS,3773,12.03,5.88,0.19,0.16,14.67,-1.034,-0.2531,54,ORD-BOS,337,15,0,0,0,0,0,0,-4,2025-12-26 15:36:00,2025-12-26 21:17:00,0,0
2025-02-26 00:20:00,2025-02-26 03:45:00,B6,SFO,JFK,2130,1.67,0.9,0.0,0.17,15.42,0.1073,-0.5584,60,SFO-JFK,205,0,0,1,0,0,0,0,-5,2025-02-26 00:15:00,2025-02-26 03:37:00,-8,0
2025-04-16 10:40:00,2025-04-16 16:42:00,DL,BOS,LAX,4084,15.66,11.71,0.0,0.7,15.64,0.6563,0.797,12,BOS-LAX,362,10,0,0,0,0,0,0,17,2025-04-16 10:57:00,2025-04-16 16:54:00,12,0
2025-10-27 11:45:00,2025-10-27 14:41:00,UA,ORD,ATL,1762,10.66,12.37,16.07,15.14,9.2,-0.1139,0.2721,75,ORD-ATL,176,11,0,0,1,0,0,0,52,2025-10-27 12:37:00,2025-10-27 15:41:00,60,1
2025-09-25 15:10:00,2025-09-25 18:57:00,DL,SFO,DFW,2406,2.62,0.7,12.99,13.29,11.35,0.2671,-0.1609,58,SFO-DFW,227,15,0,0,1,0,0,0,39,2025-09-25 15:49:00,2025-09-25 19:45:00,48,1
2025-12-21 03:10:00,2025-12-21 07:58:00,WN,DEN,LAX,3157,2.11,2.84,6.98,5.82,15.02,0.5603,0.6286,70,DEN-LAX,288,3,0,1,0,0,0,0,-8,2025-12-21 03:02:00,2025-12-21 07:54:00,-4,0
2025-10-01 03:20:00,2025-10-01 07:37:00,B6,LAX,DEN,2775,11.67,11.36,0.31,0.73,14.36,0.9694,0.6372,75,LAX-DEN,257,3,0,1,0,0,0,0,-9,2025-10-01 03:11:00,2025-10-01 07:34:00,-3,0
2025-08-21 18:00:00,2025-08-21 23:37:00,AA,SEA,BOS,3781,30.11,31.09,0.62,0.0,17.18,0.946,0.4239,7,SEA-BOS,337,18,0,0,0,0,0,0,26,2025-08-21 18:26:00,2025-08-22 00:09:00,32,1
2025-05-07 16:45:00,2025-05-07 18:39:00,DL,DFW,ORD,984,21.05,21.58,0.0,0.0,13.41,-0.3648,0.019,61,DFW-ORD,114,16,0,0,0,0,0,0,-6,2025-05-07 16:39:00,2025-05-07 18:32:00,-7,0
2025-01-02 19:50:00,2025-01-02 23:36:00,AA,DEN,JFK,2393,10.08,7.86,0.04,1.25,19.02,-1.3189,0.0396,27,DEN-JFK,226,19,0,0,0,0,0,0,-5,2025-01-02 19:45:00,2025-01-02 23:37:00,1,0
2025-02-15 06:30:00,2025-02-15 11:12:00,UA,DFW,SFO,3091,7.34,7.5,15.6,14.76,8.53,1.5369,0.6174,25,DFW-SFO,282,6,0,0,1,0,0,0,14,2025-02-15 06:44:00,2025-02-15 11:36:00,24,1
2025-04-19 23:50:00,2025-04-20 02:40:00,WN,DFW,ATL,1689,3.28,7.25,0.34,0.0,10.41,0.324,-0.7046,95,DFW-ATL,170,23,0,1,0,0,0,0,-5,2025-04-19 23:45:00,2025-04-20 02:30:00,-10,0
2025-01-15 06:00:00,2025-01-15 11:50:00,WN,ORD,ATL,3941,6.29,8.33,1.06,0.0,17.86,-0.2913,0.1168,65,ORD-ATL,350,6,0,0,0,0,0,0,13,2025-01-15 06:13:00,2025-01-15 11:41:00,-9,0
2025-07-05 15:40:00,2025-07-05 18:20:00,UA,DFW,SFO,1565,8.35,6.44,0.41,0.0,18.97,-1.8579,0.8458,28,DFW-SFO,160,15,0,0,0,0,0,0,12,2025-07-05 15:52:00,2025-07-05 18:21:00,1,0
2025-10-11 03:20:00,2025-10-11 06:00:00,WN,DFW,JFK,1564,33.66,36.18,0.0,0.37,12.03,0.7146,0.6539,20,DFW-JFK,160,3,0,1,0,0,0,0,11,2025-10-11 03:31:00,2025-10-11 05:51:00,-9,0
2025-12-18 22:15:00,2025-12-19 01:04:00,B6,SFO,ORD,1671,7.31,7.32,0.35,0.49,13.99,0.496,-0.1236,9,SFO-ORD,169,22,0,1,0,0,0,0,15,2025-12-18 22:30:00,2025-12-19 01:31:00,27,1
2025-06-28 07:15:00,2025-06-28 12:01:00,AA,LAX,DFW,3141,10.65,7.36,6.51,5.53,12.77,-0.2762,0.5456,10,LAX-DFW,286,7,0,0,0,0,0,0,12,2025-06-28 07:27:00,2025-06-28 11:56:00,-5,0
2025-11-16 19:30:00,2025-11-16 21:09:00,WN,SFO,LAX,795,2.83,0.79,0.0,0.93,15.71,0.3854,-0.7011,27,SFO-LAX,99,19,0,0,0,0,0,0,-1,2025-11-16 19:29:00,2025-11-16 21:02:00,-7,0
2025-12-26 07:40:00,2025-12-26 09:27:00,B6,ORD,SFO,900,15.25,17.03,4.36,3.46,13.51,1.4101,0.8181,46,ORD-SFO,107,7,0,0,0,0,0,0,5,2025-12-26 07:45:00,2025-12-26 09:21:00,-6,0
2025-11-10 18:10:00,2025-11-10 23:31:00,DL,SEA,JFK,3570,11.55,12.47,0.53,0.0,15.24,-1.2656,0.0257,65,SEA-JFK,321,18,0,0,0,0,0,0,6,2025-11-10 18:16:00,2025-11-10 23:26:00,-5,0
2025-06-19 10:30:00,2025-06-19 12:39:00,AA,BOS,LAX,1170,10.19,6.55,2.58,2.75,14.23,1.1258,0.5874,29,BOS-LAX,129,10,0,0,0,0,0,0,-5,2025-06-19 10:25:00,2025-06-19 12:35:00,-4,0
2025-04-29 01:50:00,2025-04-29 03:24:00,UA,SFO,DEN,740,6.52,4.33,0.74,0.0,15.0,-0.931,0.0561,98,SFO-DEN,94,1,0,1,0,0,0,0,6,2025-04-29 01:56:00,2025-04-29 03:22:00,-2,0
2025-12-23 04:00:00,2025-12-23 06:28:00,UA,SFO,JFK,1407,5.89,2.65,2.48,0.48,18.37,-1.1804,0.2262,20,SFO-JFK,148,4,0,1,0,0,0,0,-1,2025-12-23 03:59:00,2025-12-23 06:29:00,1,0
2025-03-30 16:50:00,2025-03-30 20:03:00,AA,ATL,BOS,1972,7.48,8.44,10.51,12.67,14.29,-0.2681,-0.2218,80,ATL-BOS,193,16,0,0,0,0,0,0,14,2025-03-30 17:04:00,2025-03-30 20:18:00,15,1
2025-05-31 04:30:00,2025-05-31 05:40:00,DL,DFW,ORD,439,6.97,7.44,0.02,0.0,17.21,1.3683,-0.669,16,DFW-ORD,70,4,0,1,0,0,0,0,-5,2025-05-31 04:25:00,2025-05-31 05:41:00,1,0
2025-01-28 06:15:00,2025-01-28 11:54:00,WN,DFW,ORD,3806,4.05,2.02,0.0,0.0,19.63,-0.7766,0.04,64,DFW-ORD,339,6,0,0,0,0,0,0,8,2025-01-28 06:23:00,2025-01-28 12:00:00,6,0
2025-10-17 13:40:00,2025-10-17 15:18:00,AA,DFW,DEN,793,10.49,9.71,0.41,0.77,20.04,-0.1375,0.9729,10,DFW-DEN,98,13,0,0,0,0,0,0,29,2025-10-17 14:09:00,2025-10-17 15:55:00,37,1
2025-08-26 06:30:00,2025-08-26 09:45:00,AA,SEA,ORD,1997,11.25,9.29,0.28,0.26,15.67,-1.4772,-0.9398,50,SEA-ORD,195,6,0,0,0,0,0,0,8,2025-08-26 06:38:00,2025-08-26 09:50:00,5,0
2025-01-31 03:45:00,2025-01-31 05:52:00,DL,ORD,ATL,1148,16.98,17.46,0.0,0.2,18.12,0.5187,-0.2986,53,ORD-ATL,127,3,0,1,0,0,0,0,44,2025-01-31 04:29:00,2025-01-31 06:37:00,45,1
2025-03-23 14:00:00,2025-03-23 16:38:00,UA,BOS,DEN,1537,26.59,26.0,0.12,0.0,17.38,-0.8544,-0.8057,2,BOS-DEN,158,14,0,0,0,0,0,0,18,2025-03-23 14:18:00,2025-03-23 16:50:00,12,0
2025-07-22 16:00:00,2025-07-22 17:14:00,UA,LAX,SEA,490,3.85,2.65,3.58,3.4,16.91,-0.4554,0.3758,17,LAX-SEA,74,16,0,0,0,0,0,0,-4,2025-07-22 15:56:00,2025-07-22 17:16:00,2,0
2025-07-17 17:40:00,2025-07-17 23:58:00,AA,SFO,LAX,4282,12.43,11.74,0.29,0.51,12.66,0.9006,-0.3438,43,SFO-LAX,378,17,0,0,0,0,0,0,2,2025-07-17 17:42:00,2025-07-18 00:10:00,12,0
2025-10-20 22:15:00,2025-10-21 04:29:00,DL,DFW,LAX,4236,9.54,4.1,0.67,0.0,15.55,-0.6812,0.9636,65,DFW-LAX,374,22,0,1,0,0,0,0,10,2025-10-20 22:25:00,2025-10-21 04:32:00,3,0
2025-04-08 02:10:00,2025-04-08 03:51:00,WN,SFO,LAX,831,0.61,3.22,0.0,0.0,15.44,0.4242,-0.6572,27,SFO-LAX,101,2,0,1,0,0,0,0,13,2025-04-08 02:23:00,2025-04-08 03:55:00,4,0
2025-12-04 10:20:00,2025-12-04 12:25:00,UA,LAX,BOS,1128,5.29,8.06,0.0,0.79,13.11,0.3137,-0.0682,62,LAX-BOS,125,10,0,0,0,0,0,0,-10,2025-12-04 10:10:00,2025-12-04 12:16:00,-9,0
2025-06-12 05:40:00,2025-06-12 11:36:00,WN,SFO,ORD,4016,17.13,14.51,5.75,9.18,8.59,0.2394,0.9723,25,SFO-ORD,356,5,0,0,0,0,0,0,4,2025-06-12 05:44:00,2025-06-12 11:38:00,2,0
2025-10-28 21:10:00,2025-10-29 00:28:00,UA,SFO,DEN,2042,13.29,14.57,7.27,7.96,14.64,-1.0233,-0.6032,10,SFO-DEN,198,21,0,1,0,0,0,0,-10,2025-10-28 21:00:00,2025-10-29 00:28:00,0,0
2025-03-29 12:50:00,2025-03-29 14:10:00,AA,ATL,SEA,560,8.87,11.66,0.07,0.0,15.36,0.1787,-0.7678,35,ATL-SEA,80,12,0,0,0,0,0,0,4,2025-03-29 12:54:00,2025-03-29 14:02:00,-8,0
2025-01-14 02:20:00,2025-01-14 04:05:00,DL,SEA,SFO,870,4.44,6.59,0.0,1.25,11.62,-0.1809,0.3116,22,SEA-SFO,105,2,0,1,0,0,0,0,7,2025-01-14 02:27:00,2025-01-14 04:04:00,-1,0
2025-01-21 16:10:00,2025-01-21 19:28:00,AA,BOS,DEN,2036,24.43,26.25,0.0,0.0,16.21,-0.2724,-0.8463,92,BOS-DEN,198,16,0,0,0,0,0,0,1,2025-01-21 16:11:00,2025-01-21 19:26:00,-2,0
2025-05-17 01:00:00,2025-05-17 05:06:00,WN,SEA,LAX,2643,5.19,4.91,29.54,31.0,1.22,0.7189,-0.196,27,SEA-LAX,246,1,0,1,1,1,0,0,26,2025-05-17 01:26:00,2025-05-17 05:46:00,40,1
2025-12-14 06:45:00,2025-12-14 11:16:00,DL,SEA,ATL,2953,6.6,6.98,0.73,0.0,17.68,-1.2629,-0.4293,42,SEA-ATL,271,6,0,0,0,0,0,0,11,2025-12-14 06:56:00,2025-12-14 11:35:00,19,1
2025-01-18 17:00:00,2025-01-18 18:50:00,UA,DEN,LAX,943,7.79,9.34,0.0,0.0,17.93,-0.6548,-0.0248,76,DEN-LAX,110,17,0,0,0,0,0,0,12,2025-01-18 17:12:00,2025-01-18 19:01:00,11,0
2025-05-15 12:20:00,2025-05-15 15:23:00,B6,ATL,DFW,1854,10.37,8.76,0.29,0.0,12.58,-0.0125,-0.816,25,ATL-DFW,183,12,0,0,0,0,0,0,6,2025-05-15 12:26:00,2025-05-15 15:25:00,2,0
2025-02-09 18:40:00,2025-02-09 21:07:00,AA,DFW,ATL,1396,40.02,36.5,0.28,0.0,16.01,1.5226,0.7725,45,DFW-ATL,147,18,0,0,0,0,0,0,27,2025-02-09 19:07:00,2025-02-09 21:37:00,30,1
2025-12-07 13:30:00,2025-12-07 17:29:00,B6,DEN,ORD,2545,26.31,28.47,0.0,0.0,18.42,-1.8106,-0.8424,62,DEN-ORD,239,13,0,0,0,0,0,0,14,2025-12-07 13:44:00,2025-12-07 17:45:00,16,1
2025-09-04 20:15:00,2025-09-04 23:02:00,UA,JFK,SFO,1650,14.53,14.72,0.0,0.94,14.09,0.1954,0.8412,82,JFK-SFO,167,20,0,1,0,0,0,0,-2,2025-09-04 20:13:00,2025-09-04 23:12:00,10,0
2025-10-06 13:00:00,2025-10-06 15:07:00,UA,ATL,LAX,1156,11.19,6.89,6.56,7.49,11.49,-0.1802,0.5977,78,ATL-LAX,127,13,0,0,0,0,0,0,-6,2025-10-06 12:54:00,2025-10-06 15:17:00,10,0
2025-09-18 01:40:00,2025-09-18 07:13:00,WN,ATL,SFO,3723,12.77,8.81,5.9,4.09,11.61,0.7572,0.686,80,ATL-SFO,333,1,0,1,0,0,0,0,-6,2025-09-18 01:34:00,2025-09-18 07:04:00,-9,0
2025-08-28 01:20:00,2025-08-28 05:30:00,B6,DFW,SEA,2689,14.64,17.43,5.08,5.77,13.98,-0.7171,0.4378,11,DFW-SEA,250,1,0,1,0,0,0,0,-1,2025-08-28 01:19:00,2025-08-28 05:27:00,-3,0
2025-10-10 18:00:00,2025-10-10 21:38:00,WN,ORD,JFK,2290,19.66,17.87,0.0,0.0,19.86,-0.207,0.9513,73,ORD-JFK,218,18,0,0,0,0,0,0,26,2025-10-10 18:26:00,2025-10-10 22:01:00,23,1
2025-01-03 00:10:00,2025-01-03 01:54:00,AA,DEN,SFO,865,3.46,2.84,0.7,0.0,14.29,-0.8986,0.6018,51,DEN-SFO,104,0,0,1,0,0,0,0,14,2025-01-03 00:24:00,2025-01-03 02:07:00,13,0
2025-11-12 09:30:00,2025-11-12 10:53:00,B6,DEN,DFW,597,29.08,32.53,0.72,2.53,18.77,-0.4173,-0.157,51,DEN-DFW,83,9,0,0,0,0,0,0,13,2025-11-12 09:43:00,2025-11-12 10:52:00,-1,0
2025-09-28 00:10:00,2025-09-28 05:36:00,AA,BOS,ORD,3643,13.03,12.8,0.29,0.37,11.75,0.6311,0.6454,79,BOS-ORD,326,0,0,1,0,0,0,0,13,2025-09-28 00:23:00,2025-09-28 05:48:00,12,0
2025-09-27 07:20:00,2025-09-27 13:44:00,UA,DEN,ORD,4368,7.11,8.55,0.0,0.0,16.38,0.4061,0.8834,42,DEN-ORD,384,7,0,0,0,0,0,0,8,2025-09-27 07:28:00,2025-09-27 13:38:00,-6,0
2025-05-24 14:00:00,2025-05-24 18:15:00,WN,DEN,LAX,2751,9.27,11.66,12.09,12.73,11.09,-0.2704,0.728,23,DEN-LAX,255,14,0,0,1,0,0,0,1,2025-05-24 14:01:00,2025-05-24 18:37:00,22,1
2025-10-20 04:45:00,2025-10-20 05:57:00,B6,DEN,SEA,464,13.84,12.29,5.81,6.44,14.52,0.894,0.2635,90,DEN-SEA,72,4,0,1,0,0,0,0,3,2025-10-20 04:48:00,2025-10-20 06:18:00,21,1
2025-05-20 11:40:00,2025-05-20 15:21:00,B6,DFW,SEA,2324,14.43,14.74,0.0,0.34,17.21,2.4321,0.8354,55,DFW-SEA,221,11,0,0,0,0,0,0,10,2025-05-20 11:50:00,2025-05-20 15:21:00,0,0
2025-01-18 23:45:00,2025-01-19 02:18:00,WN,DEN,SEA,1476,6.05,8.22,0.0,1.28,12.52,-0.7926,0.1129,44,DEN-SEA,153,23,0,1,0,0,0,0,5,2025-01-18 23:50:00,2025-01-19 02:23:00,5,0
2025-11-28 01:00:00,2025-11-28 02:17:00,AA,ORD,LAX,529,8.44,10.48,0.0,0.0,14.06,0.526,-0.5711,2,ORD-LAX,77,1,0,1,0,0,0,0,8,2025-11-28 01:08:00,2025-11-28 02:31:00,14,0
2025-03-27 01:20:00,2025-03-27 03:07:00,DL,DFW,SFO,898,11.43,15.64,0.0,0.0,6.65,0.0514,-0.6491,78,DFW-SFO,107,1,0,1,0,0,0,0,-6,2025-03-27 01:14:00,2025-03-27 03:18:00,11,0
2025-02-07 06:15:00,2025-02-07 10:02:00,WN,ORD,LAX,2399,19.15,19.65,0.41,0.0,18.14,1.0854,0.398,34,ORD-LAX,227,6,0,0,0,0,0,0,7,2025-02-07 06:22:00,2025-02-07 10:05:00,3,0
2025-08-15 19:30:00,2025-08-15 22:52:00,B6,LAX,DFW,2092,22.46,25.22,0.34,0.0,14.41,-0.5503,-0.2977,82,LAX-DFW,202,19,0,0,0,0,0,0,11,2025-08-15 19:41:00,2025-08-15 23:11:00,19,1
2025-03-27 09:45:00,2025-03-27 13:53:00,AA,LAX,BOS,2666,3.47,3.75,0.37,0.04,13.53,1.0052,-0.8167,46,LAX-BOS,248,9,0,0,0,0,0,0,-10,2025-03-27 09:35:00,2025-03-27 13:55:00,2,0
2025-11-10 15:10:00,2025-11-10 20:02:00,DL,LAX,DEN,3212,11.8,9.85,0.0,0.0,12.49,-0.1046,-0.863,80,LAX-DEN,292,15,0,0,0,0,0,0,5,2025-11-10 15:15:00,2025-11-10 19:51:00,-11,0
2025-06-11 00:45:00,2025-06-11 03:13:00,DL,SFO,ORD,1415,6.44,7.53,0.01,0.29,16.41,-0.2302,-0.745,52,SFO-ORD,148,0,0,1,0,0,0,0,0,2025-06-11 00:45:00,2025-06-11 03:15:00,2,0
2025-01-02 17:30:00,2025-01-02 20:05:00,B6,DEN,JFK,1502,13.05,13.44,0.0,0.63,14.74,0.1613,0.5463,52,DEN-JFK,155,17,0,0,0,0,0,0,4,2025-01-02 17:34:00,2025-01-02 20:13:00,8,0
2025-12-14 01:45:00,2025-12-14 06:32:00,WN,SFO,JFK,3145,36.8,36.97,0.64,0.0,17.58,0.1589,-0.9105,67,SFO-JFK,287,1,0,1,0,0,0,0,5,2025-12-14 01:50:00,2025-12-14 06:20:00,-12,0
2025-07-07 17:00:00,2025-07-07 19:05:00,WN,BOS,SEA,1128,21.44,20.02,0.0,0.0,17.73,-0.9011,0.543,76,BOS-SEA,125,17,0,0,0,0,0,0,-4,2025-07-07 16:56:00,2025-07-07 19:06:00,1,0
2025-04-06 03:50:00,2025-04-06 05:15:00,UA,BOS,DEN,622,12.39,11.36,0.0,0.0,17.05,0.0325,-0.9918,81,BOS-DEN,85,3,0,1,0,0,0,0,-4,2025-04-06 03:46:00,2025-04-06 05:22:00,7,0
2025-09-05 20:20:00,2025-09-06 02:06:00,AA,SEA,DEN,3884,16.33,15.79,0.67,0.0,15.91,1.3399,-0.8477,95,SEA-DEN,346,20,0,1,0,0,0,0,11,2025-09-05 20:31:00,2025-09-06 02:29:00,23,1
2025-07-13 07:15:00,2025-07-13 09:24:00,WN,SFO,ATL,1176,25.27,26.45,0.57,0.0,14.94,-1.1642,0.7444,71,SFO-ATL,129,7,0,0,0,0,0,0,8,2025-07-13 07:23:00,2025-07-13 09:27:00,3,0
2025-01-11 04:10:00,2025-01-11 05:50:00,WN,ATL,DEN,807,17.28,19.79,0.33,0.91,23.09,0.4719,0.6511,7,ATL-DEN,100,4,0,1,0,0,0,0,-4,2025-01-11 04:06:00,2025-01-11 05:56:00,6,0
2025-10-05 08:50:00,2025-10-05 13:57:00,DL,LAX,JFK,3397,4.92,4.89,1.11,0.98,15.47,1.02,0.1686,2,LAX-JFK,307,8,0,0,0,0,0,0,7,2025-10-05 08:57:00,2025-10-05 14:07:00,10,0
2025-05-27 00:50:00,2025-05-27 04:48:00,DL,JFK,ORD,2533,29.25,29.8,1.46,0.0,18.98,-0.0287,-0.549,20,JFK-ORD,238,0,0,1,0,0,0,0,20,2025-05-27 01:10:00,2025-05-27 05:08:00,20,1
2025-09-13 03:10:00,2025-09-13 04:58:00,WN,BOS,DEN,918,11.46,11.81,0.86,0.69,15.64,-0.233,-0.9051,28,BOS-DEN,108,3,0,1,0,0,0,0,2,2025-09-13 03:12:00,2025-09-13 05:01:00,3,0
2025-11-23 14:20:00,2025-11-23 20:05:00,AA,JFK,DFW,3872,13.42,14.9,0.0,1.37,18.33,0.0107,-0.2274,56,JFK-DFW,345,14,0,0,0,0,0,0,-4,2025-11-23 14:16:00,2025-11-23 19:47:00,-18,0
2025-08-11 07:40:00,2025-08-11 10:01:00,WN,ORD,BOS,1331,22.01,19.72,8.83,9.46,13.52,-0.9297,0.569,89,ORD-BOS,141,7,0,0,0,0,0,0,4,2025-08-11 07:44:00,2025-08-11 09:49:00,-12,0
2025-09-03 08:30:00,2025-09-03 13:16:00,UA,LAX,SEA,3139,34.32,35.14,0.08,0.2,15.81,-0.2055,0.0874,35,LAX-SEA,286,8,0,0,0,0,0,0,0,2025-09-03 08:30:00,2025-09-03 13:13:00,-3,0
2025-04-03 19:10:00,2025-04-03 23:48:00,AA,JFK,DFW,3033,7.8,7.44,11.72,12.06,15.18,1.7067,0.6324,78,JFK-DFW,278,19,0,0,0,0,0,0,-2,2025-04-03 19:08:00,2025-04-03 23:35:00,-13,0
2025-03-28 02:15:00,2025-03-28 07:53:00,UA,SEA,BOS,3784,19.09,21.71,0.0,0.0,19.1,-0.1266,0.3547,35,SEA-BOS,338,2,0,1,0,0,0,0,-5,2025-03-28 02:10:00,2025-03-28 07:45:00,-8,0
2025-06-01 09:15:00,2025-06-01 14:19:00,AA,DEN,LAX,3361,6.36,3.64,0.19,0.0,15.95,0.0141,0.7976,93,DEN-LAX,304,9,0,0,0,0,0,0,1,2025-06-01 09:16:00,2025-06-01 14:20:00,1,0
2025-11-08 04:15:00,2025-11-08 09:10:00,DL,LAX,DFW,3252,13.18,10.41,0.57,0.0,18.08,-0.9333,0.5214,58,LAX-DFW,295,4,0,1,0,0,0,0,6,2025-11-08 04:21:00,2025-11-08 09:09:00,-1,0
2025-07-11 11:50:00,2025-07-11 13:06:00,AA,DEN,SEA,516,4.73,3.16,0.97,1.14,15.26,0.4049,-0.6485,37,DEN-SEA,76,11,0,0,0,0,0,0,2,2025-07-11 11:52:00,2025-07-11 13:14:00,8,0
2025-05-08 07:10:00,2025-05-08 13:24:00,B6,SFO,DEN,4239,10.32,8.98,0.47,0.0,12.0,-1.0549,-0.5591,88,SFO-DEN,374,7,0,0,0,0,0,0,-1,2025-05-08 07:09:00,2025-05-08 13:15:00,-9,0
2025-10-12 01:40:00,2025-10-12 03:21:00,DL,DEN,SEA,831,11.57,11.41,0.4,0.0,17.35,-0.1972,-0.4067,84,DEN-SEA,101,1,0,1,0,0,0,0,8,2025-10-12 01:48:00,2025-10-12 03:24:00,3,0
2025-11-08 01:50:00,2025-11-08 04:14:00,WN,SEA,ORD,1364,13.83,13.82,0.0,0.0,16.82,-2.7151,-0.468,26,SEA-ORD,144,1,0,1,0,0,0,0,13,2025-11-08 02:03:00,2025-11-08 04:35:00,21,1
2025-11-26 20:45:00,2025-11-27 00:14:00,AA,LAX,BOS,2173,15.08,15.3,0.15,0.0,19.36,0.0243,-0.7318,57,LAX-BOS,209,20,0,1,0,0,0,0,0,2025-11-26 20:45:00,2025-11-27 00:15:00,1,0
2025-04-20 01:45:00,2025-04-20 04:21:00,B6,BOS,ORD,1511,22.09,19.11,14.33,16.09,9.79,0.1598,0.5875,59,BOS-ORD,156,1,0,1,1,0,0,0,25,2025-04-20 02:10:00,2025-04-20 05:14:00,53,1
2025-09-17 18:10:00,2025-09-17 22:28:00,UA,ORD,BOS,2789,10.05,9.56,0.4,0.5,13.87,-0.7508,-0.403,52,ORD-BOS,258,18,0,0,0,0,0,0,7,2025-09-17 18:17:00,2025-09-17 22:38:00,10,0
2025-08-04 21:10:00,2025-08-04 22:27:00,AA,DEN,JFK,522,8.45,9.42,13.32,13.95,8.91,-0.5366,0.0119,52,DEN-JFK,77,21,0,1,1,0,0,0,52,2025-08-04 22:02:00,2025-08-04 23:41:00,74,1
2025-06-13 11:45:00,2025-06-13 15:16:00,DL,DEN,BOS,2205,9.95,8.24,1.34,0.0,14.82,-0.6838,0.8909,97,DEN-BOS,211,11,0,0,0,0,0,0,-1,2025-06-13 11:44:00,2025-06-13 15:18:00,2,0
2025-05-25 07:40:00,2025-05-25 10:36:00,UA,DFW,JFK,1767,9.6,10.91,0.0,1.32,15.05,0.6719,-0.4089,63,DFW-JFK,176,7,0,0,0,0,0,0,1,2025-05-25 07:41:00,2025-05-25 10:31:00,-5,0
2025-02-11 18:40:00,2025-02-11 23:16:00,B6,ORD,LAX,3017,6.58,7.49,9.48,8.52,13.13,-0.5429,0.2107,47,ORD-LAX,276,18,0,0,0,0,0,0,-3,2025-02-11 18:37:00,2025-02-11 23:14:00,-2,0
2025-04-11 23:20:00,2025-04-12 03:14:00,B6,DFW,BOS,2483,11.95,9.55,6.5,7.61,12.04,1.3786,0.0217,85,DFW-BOS,234,23,0,1,0,0,0,0,-10,2025-04-11 23:10:00,2025-04-12 03:14:00,0,0
2025-07-20 02:30:00,2025-07-20 07:43:00,B6,LAX,DFW,3475,17.07,18.32,3.81,0.0,16.57,1.429,0.792,56,LAX-DFW,313,2,0,1,0,0,0,0,-10,2025-07-20 02:20:00,2025-07-20 07:37:00,-6,0
2025-11-20 23:00:00,2025-11-21 00:54:00,AA,JFK,ORD,990,13.84,12.53,4.04,3.44,15.74,0.055,0.8974,91,JFK-ORD,114,23,0,1,0,0,0,0,7,2025-11-20 23:07:00,2025-11-21 00:55:00,1,0
2025-11-13 22:15:00,2025-11-14 04:33:00,UA,BOS,JFK,4288,8.96,8.81,0.79,0.0,17.37,1.5423,0.9692,72,BOS-JFK,378,22,0,1,0,0,0,0,15,2025-11-13 22:30:00,2025-11-14 04:35:00,2,0
2025-03-10 03:30:00,2025-03-10 06:41:00,AA,DEN,SFO,1946,10.12,9.84,0.04,0.0,15.81,1.4492,-0.5277,29,DEN-SFO,191,3,0,1,0,0,0,0,11,2025-03-10 03:41:00,2025-03-10 06:43:00,2,0
2025-09-05 01:10:00,2025-09-05 04:07:00,B6,DEN,BOS,1769,9.14,8.9,0.0,0.0,17.3,0.3998,0.8652,69,DEN-BOS,177,1,0,1,0,0,0,0,-5,2025-09-05 01:05:00,2025-09-05 03:58:00,-9,0
2025-01-31 17:10:00,2025-01-31 21:13:00,AA,DEN,SEA,2602,16.49,17.23,0.0,0.0,17.54,-0.8872,0.6984,72,DEN-SEA,243,17,0,0,0,0,0,0,6,2025-01-31 17:16:00,2025-01-31 21:10:00,-3,0
2025-09-04 01:00:00,2025-09-04 02:54:00,B6,SFO,DFW,985,17.06,16.41,0.0,0.0,14.9,0.3665,0.0156,23,SFO-DFW,114,1,0,1,0,0,0,0,6,2025-09-04 01:06:00,2025-09-04 03:09:00,15,1
2025-05-05 14:10:00,2025-05-05 19:43:00,AA,DFW,DEN,3721,19.5,18.42,0.33,0.0,17.78,0.2257,0.1958,50,DFW-DEN,333,14,0,0,0,0,0,0,-4,2025-05-05 14:06:00,2025-05-05 19:45:00,2,0
2025-06-14 01:50:00,2025-06-14 04:18:00,WN,DFW,SFO,1409,10.16,11.17,0.0,0.03,14.48,-0.5413,-0.9793,27,DFW-SFO,148,1,0,1,0,0,0,0,17,2025-06-14 02:07:00,2025-06-14 04:30:00,12,0
2025-09-19 16:40:00,2025-09-19 22:51:00,B6,ORD,LAX,4195,8.64,5.83,0.27,1.31,17.88,2.0116,0.7479,60,ORD-LAX,371,16,0,0,0,0,0,0,-2,2025-09-19 16:38:00,2025-09-19 22:56:00,5,0
2025-06-05 05:50:00,2025-06-05 07:39:00,DL,SEA,JFK,922,21.71,18.53,9.67,10.66,11.06,0.6439,-0.5281,4,SEA-JFK,109,5,0,0,0,0,0,0,-2,2025-06-05 05:48:00,2025-06-05 07:34:00,-5,0
2025-10-22 02:15:00,2025-10-22 08:04:00,DL,ORD,DEN,3929,8.6,9.74,0.0,0.23,16.08,-1.1914,0.0183,12,ORD-DEN,349,2,0,1,0,0,0,0,-1,2025-10-22 02:14:00,2025-10-22 08:05:00,1,0
2025-07-14 01:30:00,2025-07-14 04:41:00,B6,JFK,SEA,1955,11.63,10.93,0.74,0.0,12.76,0.4096,0.3525,43,JFK-SEA,191,1,0,1,0,0,0,0,-5,2025-07-14 01:25:00,2025-07-14 04:28:00,-13,0
2025-12-31 04:50:00,2025-12-31 09:13:00,WN,SFO,ATL,2850,9.57,10.32,0.07,2.06,15.73,0.0564,0.6089,65,SFO-ATL,263,4,1,1,0,0,1,0,16,2025-12-31 05:06:00,2025-12-31 09:22:00,9,0
2025-08-21 12:15:00,2025-08-21 18:07:00,DL,SFO,BOS,3964,12.04,10.04,0.6,0.68,15.76,0.444,0.5915,59,SFO-BOS,352,12,0,0,0,0,0,0,10,2025-08-21 12:25:00,2025-08-21 18:01:00,-6,0
2025-04-19 01:40:00,2025-04-19 03:22:00,AA,BOS,SFO,842,17.94,19.59,0.0,0.59,13.96,-0.1636,0.2773,62,BOS-SFO,102,1,0,1,0,0,0,0,-10,2025-04-19 01:30:00,2025-04-19 03:22:00,0,0
2025-10-10 19:40:00,2025-10-10 22:36:00,DL,BOS,LAX,1757,5.27,7.02,16.32,15.52,8.98,-1.2561,-0.3807,36,BOS-LAX,176,19,0,0,1,0,0,0,38,2025-10-10 20:18:00,2025-10-10 23:30:00,54,1
2025-05-29 14:45:00,2025-05-29 21:03:00,DL,DFW,ATL,4283,13.08,13.22,0.0,0.26,18.49,1.0648,0.6838,14,DFW-ATL,378,14,0,0,0,0,0,0,-1,2025-05-29 14:44:00,2025-05-29 21:02:00,-1,0
2025-07-14 07:50:00,2025-07-14 09:39:00,WN,SEA,DFW,925,7.22,4.42,1.32,0.0,18.85,1.802,-0.4135,56,SEA-DFW,109,7,0,0,0,0,0,0,-5,2025-07-14 07:45:00,2025-07-14 09:29:00,-10,0
2025-02-19 23:30:00,2025-02-20 01:04:00,DL,SFO,BOS,732,9.29,7.18,0.0,2.08,16.31,-0.4122,0.6725,45,SFO-BOS,94,23,0,1,0,0,0,0,-3,2025-02-19 23:27:00,2025-02-20 01:00:00,-4,0
2025-02-13 15:30:00,2025-02-13 19:25:00,AA,ORD,DEN,2495,11.09,15.0,0.96,0.0,17.63,-0.1351,-0.4544,8,ORD-DEN,235,15,0,0,0,0,0,0,27,2025-02-13 15:57:00,2025-02-13 20:05:00,40,1
2025-07-29 16:45:00,2025-07-29 17:52:00,WN,ORD,SEA,403,4.16,4.22,0.72,0.0,15.4,1.1301,-0.1873,40,ORD-SEA,67,16,0,0,0,0,0,0,1,2025-07-29 16:46:00,2025-07-29 17:51:00,-1,0
2025-03-10 04:40:00,2025-03-10 11:12:00,AA,DEN,SEA,4466,10.05,11.93,0.0,0.0,17.25,-0.4724,-0.2385,48,DEN-SEA,392,4,0,1,0,0,0,0,8,2025-03-10 04:48:00,2025-03-10 11:18:00,6,0
2025-12-31 17:15:00,2025-12-31 23:18:00,AA,LAX,DEN,4095,6.15,10.06,14.44,12.01,15.29,0.8577,0.3899,44,LAX-DEN,363,17,1,0,1,0,0,0,26,2025-12-31 17:41:00,2025-12-31 23:50:00,32,1
2025-11-09 13:40:00,2025-11-09 15:42:00,UA,BOS,ATL,1090,10.56,7.56,0.0,0.67,14.82,-0.0666,0.3049,61,BOS-ATL,122,13,0,0,0,0,0,0,-10,2025-11-09 13:30:00,2025-11-09 15:42:00,0,0
2025-09-13 23:30:00,2025-09-14 01:27:00,DL,JFK,ORD,1025,7.04,6.43,0.9,0.0,12.75,-0.8066,-0.5321,9,JFK-ORD,117,23,0,1,0,0,0,0,22,2025-09-13 23:52:00,2025-09-14 02:02:00,35,1
2025-09-26 11:10:00,2025-09-26 16:30:00,AA,BOS,JFK,3567,9.07,10.07,0.0,0.04,21.95,-0.5783,-0.3804,70,BOS-JFK,320,11,0,0,0,0,0,0,28,2025-09-26 11:38:00,2025-09-26 17:16:00,46,1
2025-08-06 16:30:00,2025-08-06 20:24:00,WN,ATL,SFO,2487,7.7,6.33,0.44,0.72,13.33,-0.0419,0.4742,32,ATL-SFO,234,16,0,0,0,0,0,0,6,2025-08-06 16:36:00,2025-08-06 20:16:00,-8,0
2025-01-23 08:30:00,2025-01-23 14:06:00,B6,SFO,BOS,3758,10.23,9.16,0.66,0.0,14.2,0.0348,-0.8503,60,SFO-BOS,336,8,0,0,0,0,0,0,-10,2025-01-23 08:20:00,2025-01-23 14:03:00,-3,0
2025-05-24 00:50:00,2025-05-24 07:14:00,AA,SFO,LAX,4363,13.74,10.96,0.0,0.75,8.12,-1.1453,0.8039,74,SFO-LAX,384,0,0,1,0,0,0,0,18,2025-05-24 01:08:00,2025-05-24 07:22:00,8,0
2025-06-30 03:30:00,2025-06-30 06:44:00,B6,ORD,BOS,1985,20.35,21.2,1.22,0.13,17.56,0.1963,0.7679,36,ORD-BOS,194,3,0,1,0,0,0,0,11,2025-06-30 03:41:00,2025-06-30 07:01:00,17,1
2025-12-01 20:10:00,2025-12-01 22:34:00,AA,LAX,JFK,1366,23.9,23.12,2.84,2.68,16.75,-2.2062,-0.9641,82,LAX-JFK,144,20,0,1,0,0,0,0,2,2025-12-01 20:12:00,2025-12-01 22:30:00,-4,0
2025-03-22 17:50:00,2025-03-22 22:17:00,UA,DEN,ATL,2902,4.42,5.83,0.0,0.13,18.91,0.6727,0.535,88,DEN-ATL,267,17,0,0,0,0,0,0,9,2025-03-22 17:59:00,2025-03-22 22:51:00,34,1
2025-07-01 08:30:00,2025-07-01 13:02:00,WN,LAX,ORD,2967,22.42,21.52,0.0,0.11,18.26,0.7733,-0.9927,38,LAX-ORD,272,8,0,0,0,0,0,0,-2,2025-07-01 08:28:00,2025-07-01 13:01:00,-1,0
2025-05-06 16:15:00,2025-05-06 19:39:00,AA,ORD,LAX,2115,4.21,4.21,0.0,0.0,14.3,-0.7642,-0.385,83,ORD-LAX,204,16,0,0,0,0,0,0,4,2025-05-06 16:19:00,2025-05-06 19:57:00,18,1
2025-02-19 00:45:00,2025-02-19 03:24:00,B6,JFK,ATL,1555,10.63,10.69,0.0,1.37,12.59,0.0572,-0.4676,43,JFK-ATL,159,0,0,1,0,0,0,0,10,2025-02-19 00:55:00,2025-02-19 03:28:00,4,0
2025-02-07 00:20:00,2025-02-07 02:47:00,DL,DEN,JFK,1401,2.78,0.39,0.0,1.21,15.75,-0.4395,0.5775,99,DEN-JFK,147,0,0,1,0,0,0,0,20,2025-02-07 00:40:00,2025-02-07 03:23:00,36,1
2025-05-14 12:15:00,2025-05-14 16:09:00,WN,DFW,ATL,2490,2.67,0.0,0.53,0.0,16.79,-0.3982,-0.7149,72,DFW-ATL,234,12,0,0,0,0,0,0,-1,2025-05-14 12:14:00,2025-05-14 16:07:00,-2,0
2025-01-31 14:45:00,2025-01-31 18:07:00,UA,SEA,ORD,2089,36.11,36.87,0.08,0.0,16.27,-0.2572,-0.4077,0,SEA-ORD,202,14,0,0,0,0,0,0,7,2025-01-31 14:52:00,2025-01-31 18:26:00,19,1
2025-01-25 22:45:00,2025-01-26 02:18:00,DL,DEN,JFK,2221,9.76,12.29,11.28,12.73,3.43,-0.1403,0.4614,20,DEN-JFK,213,22,0,1,0,1,0,0,-6,2025-01-25 22:39:00,2025-01-26 02:19:00,1,0
2025-05-09 18:30:00,2025-05-09 20:01:00,AA,SFO,JFK,700,8.6,9.16,1.92,1.87,18.63,-0.5192,-0.9388,6,SFO-JFK,91,18,0,0,0,0,0,0,9,2025-05-09 18:39:00,2025-05-09 20:07:00,6,0
2025-03-15 06:15:00,2025-03-15 12:10:00,B6,ORD,SEA,3999,14.99,12.18,1.24,0.39,12.71,0.256,-0.4449,85,ORD-SEA,355,6,0,0,0,0,0,0,-7,2025-03-15 06:08:00,2025-03-15 12:10:00,0,0
2025-07-22 19:45:00,2025-07-23 00:42:00,DL,SFO,JFK,3269,6.99,6.91,0.0,0.44,16.16,1.5102,0.999,66,SFO-JFK,297,19,0,0,0,0,0,0,3,2025-07-22 19:48:00,2025-07-23 00:44:00,2,0
2025-01-07 11:10:00,2025-01-07 17:18:00,UA,JFK,SEA,4159,18.81,19.87,3.25,2.48,17.7,0.4645,0.712,87,JFK-SEA,368,11,0,0,0,0,0,0,-4,2025-01-07 11:06:00,2025-01-07 17:17:00,-1,0
2025-04-21 19:40:00,2025-04-22 01:18:00,AA,DEN,SEA,3782,13.99,13.22,3.27,2.22,13.41,-0.1899,0.308,55,DEN-SEA,338,19,0,0,0,0,0,0,18,2025-04-21 19:58:00,2025-04-22 01:42:00,24,1
2025-06-15 04:30:00,2025-06-15 08:57:00,UA,ATL,SEA,2898,16.84,16.58,3.77,4.15,13.48,1.2227,-0.138,18,ATL-SEA,267,4,0,1,0,0,0,0,12,2025-06-15 04:42:00,2025-06-15 09:06:00,9,0
2025-12-18 00:45:00,2025-12-18 03:27:00,UA,JFK,SFO,1591,8.58,6.01,13.1,13.8,10.42,1.1488,0.4813,30,JFK-SFO,162,0,0,1,1,0,0,0,42,2025-12-18 01:27:00,2025-12-18 04:31:00,64,1
2025-08-20 01:20:00,2025-08-20 05:59:00,B6,DFW,ORD,3046,4.55,2.53,0.0,0.66,18.6,0.8818,-0.1709,24,DFW-ORD,279,1,0,1,0,0,0,0,7,2025-08-20 01:27:00,2025-08-20 05:57:00,-2,0
2025-11-18 23:45:00,2025-11-19 03:54:00,B6,BOS,LAX,2679,19.68,17.28,0.6,0.28,18.07,0.4161,-0.8541,6,BOS-LAX,249,23,0,1,0,0,0,0,6,2025-11-18 23:51:00,2025-11-19 03:45:00,-9,0
2025-05-06 01:00:00,2025-05-06 07:09:00,B6,SFO,JFK,4179,12.6,13.64,0.1,0.0,16.46,0.428,0.0072,42,SFO-JFK,369,1,0,1,0,0,0,0,2,2025-05-06 01:02:00,2025-05-06 07:07:00,-2,0
2025-06-14 22:45:00,2025-06-15 01:02:00,B6,SFO,BOS,1275,4.81,3.37,0.25,0.99,18.37,0.666,0.3016,5,SFO-BOS,137,22,0,1,0,0,0,0,14,2025-06-14 22:59:00,2025-06-15 01:21:00,19,1
2025-06-03 17:00:00,2025-06-03 18:08:00,DL,DFW,SEA,407,5.23,3.63,0.0,0.0,16.23,1.1739,0.156,29,DFW-SEA,68,17,0,0,0,0,0,0,-6,2025-06-03 16:54:00,2025-06-03 18:04:00,-4,0
2025-11-20 03:40:00,2025-11-20 05:22:00,AA,ORD,JFK,835,11.42,14.34,0.0,1.48,16.13,-0.6828,0.0372,76,ORD-JFK,102,3,0,1,0,0,0,0,-2,2025-11-20 03:38:00,2025-11-20 05:26:00,4,0
2025-12-17 20:10:00,2025-12-17 22:08:00,UA,DFW,SEA,1035,14.33,15.21,0.52,0.0,17.87,-0.1418,0.965,96,DFW-SEA,118,20,0,1,0,0,0,0,15,2025-12-17 20:25:00,2025-12-17 22:28:00,20,1
2025-12-18 03:50:00,2025-12-18 08:32:00,AA,JFK,ORD,3087,3.76,1.16,0.0,0.0,16.1,0.9079,-0.9918,45,JFK-ORD,282,3,0,1,0,0,0,0,4,2025-12-18 03:54:00,2025-12-18 08:46:00,14,0
2025-10-02 03:45:00,2025-10-02 05:33:00,WN,LAX,JFK,915,26.22,25.07,0.28,0.03,16.38,0.1094,-0.2138,79,LAX-JFK,108,3,0,1,0,0,0,0,-1,2025-10-02 03:44:00,2025-10-02 05:36:00,3,0
2025-07-03 13:00:00,2025-07-03 14:44:00,WN,DFW,DEN,863,14.65,14.88,1.04,0.21,16.18,0.0932,-0.6961,56,DFW-DEN,104,13,0,0,0,0,0,0,6,2025-07-03 13:06:00,2025-07-03 14:46:00,2,0
2025-07-17 06:50:00,2025-07-17 10:02:00,WN,SEA,SFO,1967,19.42,19.79,0.0,0.1,10.44,0.8753,-0.2346,56,SEA-SFO,192,6,0,0,0,0,0,0,19,2025-07-17 07:09:00,2025-07-17 10:21:00,19,1
2025-12-24 06:15:00,2025-12-24 11:37:00,AA,BOS,ORD,3584,8.06,8.8,0.49,0.0,11.91,-0.9377,-0.2926,29,BOS-ORD,322,6,1,0,0,0,0,0,2,2025-12-24 06:17:00,2025-12-24 12:10:00,33,1
2025-04-14 04:30:00,2025-04-14 07:52:00,AA,ORD,SEA,2082,11.68,11.34,0.0,0.42,15.0,0.9489,-0.9078,90,ORD-SEA,202,4,0,1,0,0,0,0,10,2025-04-14 04:40:00,2025-04-14 08:08:00,16,1
2025-05-07 14:00:00,2025-05-07 16:30:00,UA,SFO,LAX,1441,5.48,3.48,0.0,0.98,12.88,-0.9097,-0.7153,21,SFO-LAX,150,14,0,0,0,0,0,0,6,2025-05-07 14:06:00,2025-05-07 16:31:00,1,0
2025-11-24 00:00:00,2025-11-24 02:35:00,UA,SEA,JFK,1494,6.16,5.25,0.0,0.0,18.37,-0.3635,0.5341,86,SEA-JFK,155,0,0,1,0,0,0,0,-3,2025-11-23 23:57:00,2025-11-24 02:30:00,-5,0
2025-05-22 05:10:00,2025-05-22 10:44:00,WN,ATL,SFO,3737,12.1,9.98,0.0,0.0,11.12,-1.5671,-0.1893,66,ATL-SFO,334,5,0,0,0,0,0,0,8,2025-05-22 05:18:00,2025-05-22 10:50:00,6,0
2025-03-27 13:30:00,2025-03-27 16:55:00,WN,BOS,ATL,2119,15.19,13.31,1.37,1.28,13.63,-0.4585,0.8194,87,BOS-ATL,205,13,0,0,0,0,0,0,4,2025-03-27 13:34:00,2025-03-27 16:48:00,-7,0
2025-07-24 11:30:00,2025-07-24 14:33:00,DL,LAX,ORD,1847,12.53,11.68,0.0,0.0,16.27,0.5716,0.9912,10,LAX-ORD,183,11,0,0,0,0,0,0,0,2025-07-24 11:30:00,2025-07-24 14:34:00,1,0
2025-04-29 16:45:00,2025-04-29 22:04:00,B6,SFO,DEN,3548,1.98,1.75,0.0,0.0,13.17,0.1922,0.7668,47,SFO-DEN,319,16,0,0,0,0,0,0,11,2025-04-29 16:56:00,2025-04-29 22:27:00,23,1
2025-11-22 05:10:00,2025-11-22 08:13:00,UA,SEA,ATL,1849,4.65,5.07,16.06,16.68,7.91,-0.243,0.2969,95,SEA-ATL,183,5,0,0,1,0,0,0,20,2025-11-22 05:30:00,2025-11-22 08:56:00,43,1
2025-11-28 15:40:00,2025-11-28 18:39:00,WN,SFO,ORD,1798,13.15,13.0,1.25,1.62,16.08,0.4376,0.1167,28,SFO-ORD,179,15,0,0,0,0,0,0,-8,2025-11-28 15:32:00,2025-11-28 18:44:00,5,0
2025-04-22 18:00:00,2025-04-22 23:11:00,UA,BOS,LAX,3452,13.47,14.03,0.03,0.0,17.83,0.4503,0.4733,32,BOS-LAX,311,18,0,0,0,0,0,0,8,2025-04-22 18:08:00,2025-04-22 23:21:00,10,0
2025-07-13 09:15:00,2025-07-13 12:04:00,AA,JFK,BOS,1675,8.65,9.86,5.63,6.36,11.89,-1.0718,-0.9838,74,JFK-BOS,169,9,0,0,0,0,0,0,-10,2025-07-13 09:05:00,2025-07-13 11:59:00,-5,0
2025-12-26 06:10:00,2025-12-26 10:00:00,DL,ORD,JFK,2443,16.49,14.75,0.0,0.71,14.25,1.095,-0.7662,85,ORD-JFK,230,6,0,0,0,0,0,0,5,2025-12-26 06:15:00,2025-12-26 09:52:00,-8,0
2025-09-28 13:00:00,2025-09-28 17:42:00,B6,LAX,JFK,3091,15.23,15.94,0.01,0.61,15.43,0.5795,-0.916,36,LAX-JFK,282,13,0,0,0,0,0,0,9,2025-09-28 13:09:00,2025-09-28 17:46:00,4,0
2025-03-20 13:30:00,2025-03-20 15:37:00,UA,ORD,ATL,1144,35.75,38.48,0.31,0.0,15.79,-1.4475,0.6234,52,ORD-ATL,127,13,0,0,0,0,0,0,6,2025-03-20 13:36:00,2025-03-20 15:37:00,0,0
2025-08-04 02:50:00,2025-08-04 04:32:00,UA,BOS,LAX,839,10.35,10.58,0.0,1.87,16.09,1.6215,-0.7004,79,BOS-LAX,102,2,0,1,0,0,0,0,-4,2025-08-04 02:46:00,2025-08-04 04:24:00,-8,0
2025-08-15 13:40:00,2025-08-15 19:25:00,B6,JFK,DFW,3871,7.76,7.73,1.41,0.2,14.82,-0.2778,0.8377,84,JFK-DFW,345,13,0,0,0,0,0,0,37,2025-08-15 14:17:00,2025-08-15 20:11:00,46,1
2025-08-27 03:45:00,2025-08-27 06:24:00,UA,JFK,SEA,1547,4.08,3.21,1.45,0.91,18.02,-1.0601,0.2028,73,JFK-SEA,159,3,0,1,0,0,0,0,-10,2025-08-27 03:35:00,2025-08-27 06:20:00,-4,0
2025-01-10 13:30:00,2025-01-10 16:23:00,B6,SFO,BOS,1728,3.22,2.36,0.89,0.03,15.07,-1.2767,0.9924,81,SFO-BOS,173,13,0,0,0,0,0,0,-4,2025-01-10 13:26:00,2025-01-10 16:18:00,-5,0
2025-04-20 22:00:00,2025-04-21 02:17:00,AA,BOS,SEA,2776,17.92,14.94,0.0,0.0,17.17,-1.5665,0.4478,25,BOS-SEA,257,22,0,1,0,0,0,0,-10,2025-04-20 21:50:00,2025-04-21 02:15:00,-2,0
2025-11-08 12:15:00,2025-11-08 13:48:00,UA,DEN,ATL,731,12.89,14.97,0.27,0.0,16.32,-0.4815,-0.825,84,DEN-ATL,93,12,0,0,0,0,0,0,2,2025-11-08 12:17:00,2025-11-08 13:41:00,-7,0
2025-03-30 18:45:00,2025-03-30 19:59:00,DL,ATL,ORD,491,4.53,5.06,0.0,0.0,15.91,-0.7452,-0.025,38,ATL-ORD,74,18,0,0,0,0,0,0,-5,2025-03-30 18:40:00,2025-03-30 19:49:00,-10,0
2025-04-20 07:00:00,2025-04-20 10:19:00,DL,BOS,SEA,2047,14.59,15.74,0.7,1.17,16.73,-1.1195,-0.6559,28,BOS-SEA,199,7,0,0,0,0,0,0,-2,2025-04-20 06:58:00,2025-04-20 10:27:00,8,0
2025-04-28 22:00:00,2025-04-29 04:24:00,DL,SFO,DFW,4366,8.75,13.0,2.21,0.67,16.47,-0.3169,-0.8391,22,SFO-DFW,384,22,0,1,0,0,0,0,-10,2025-04-28 21:50:00,2025-04-29 04:20:00,-4,0
2025-03-06 19:45:00,2025-03-06 23:57:00,UA,SEA,DEN,2710,9.28,6.86,0.0,0.03,15.01,1.5241,0.1951,16,SEA-DEN,252,19,0,0,0,0,0,0,2,2025-03-06 19:47:00,2025-03-06 23:58:00,1,0
2025-02-26 22:00:00,2025-02-27 02:13:00,UA,DEN,BOS,2729,1.24,2.8,1.86,2.87,15.17,-0.6996,-0.2847,44,DEN-BOS,253,22,0,1,0,0,0,0,-1,2025-02-26 21:59:00,2025-02-27 02:01:00,-12,0
2025-05-07 17:50:00,2025-05-07 22:14:00,WN,ORD,DFW,2861,14.39,13.99,0.4,0.43,15.61,-0.3282,-0.0965,69,ORD-DFW,264,17,0,0,0,0,0,0,-6,2025-05-07 17:44:00,2025-05-07 22:03:00,-11,0
2025-11-16 15:45:00,2025-11-16 21:33:00,B6,LAX,ORD,3915,29.47,28.4,0.0,0.0,17.13,0.5689,-0.0976,99,LAX-ORD,348,15,0,0,0,0,0,0,9,2025-11-16 15:54:00,2025-11-16 21:41:00,8,0
2025-01-01 12:40:00,2025-01-01 18:20:00,UA,SFO,ORD,3809,6.19,5.27,0.0,0.0,18.22,1.8035,-0.7821,30,SFO-ORD,340,12,1,0,0,0,0,0,-5,2025-01-01 12:35:00,2025-01-01 18:18:00,-2,0
2025-04-14 22:30:00,2025-04-14 23:37:00,UA,DEN,BOS,401,12.07,10.02,0.0,0.0,12.43,0.1868,-0.9894,65,DEN-BOS,67,22,0,1,0,0,0,0,4,2025-04-14 22:34:00,2025-04-14 23:28:00,-9,0
2025-01-23 20:00:00,2025-01-24 00:01:00,AA,SFO,ATL,2573,13.57,12.63,0.68,0.0,15.79,0.4571,0.8395,31,SFO-ATL,241,20,0,1,0,0,0,0,-10,2025-01-23 19:50:00,2025-01-23 23:52:00,-9,0
2025-07-24 10:20:00,2025-07-24 14:23:00,UA,DFW,LAX,2595,2.12,1.75,1.2,0.0,15.5,0.8433,-0.2954,21,DFW-LAX,243,10,0,0,0,0,0,0,46,2025-07-24 11:06:00,2025-07-24 15:17:00,54,1
2025-04-02 02:45:00,2025-04-02 04:59:00,WN,ORD,LAX,1239,4.94,6.03,0.27,0.0,16.75,0.4863,-0.8667,23,ORD-LAX,134,2,0,1,0,0,0,0,13,2025-04-02 02:58:00,2025-04-02 05:00:00,1,0
2025-10-17 00:50:00,2025-10-17 07:17:00,WN,DFW,SFO,4395,0.52,2.9,0.0,0.0,13.57,-1.6608,-0.2583,38,DFW-SFO,387,0,0,1,0,0,0,0,-4,2025-10-17 00:46:00,2025-10-17 07:10:00,-7,0
2025-08-02 05:20:00,2025-08-02 07:47:00,AA,ORD,BOS,1398,29.16,28.06,0.0,0.0,14.78,-0.7675,0.3576,77,ORD-BOS,147,5,0,0,0,0,0,0,9,2025-08-02 05:29:00,2025-08-02 07:45:00,-2,0
2025-10-14 01:45:00,2025-10-14 07:24:00,UA,DFW,JFK,3802,2.61,0.0,2.45,0.0,16.12,0.705,0.1096,25,DFW-JFK,339,1,0,1,0,0,0,0,-4,2025-10-14 01:41:00,2025-10-14 07:18:00,-6,0
2025-08-20 05:45:00,2025-08-20 07:18:00,B6,SEA,LAX,723,10.46,9.39,0.11,0.0,15.18,-0.5372,-0.4261,83,SEA-LAX,93,5,0,0,0,0,0,0,11,2025-08-20 05:56:00,2025-08-20 07:30:00,12,0
2025-06-10 02:00:00,2025-06-10 06:21:00,UA,LAX,DEN,2827,15.35,12.63,0.0,0.0,14.63,-1.3019,-0.4557,68,LAX-DEN,261,2,0,1,0,0,0,0,-10,2025-06-10 01:50:00,2025-06-10 06:18:00,-3,0
2025-11-11 23:30:00,2025-11-12 04:36:00,DL,DEN,JFK,3390,6.86,5.23,1.66,0.0,15.13,-0.2718,0.2604,2,DEN-JFK,306,23,0,1,0,0,0,0,1,2025-11-11 23:31:00,2025-11-12 04:46:00,10,0
2025-06-23 02:30:00,2025-06-23 06:18:00,WN,SFO,ORD,2417,2.07,2.87,7.31,8.28,10.38,0.5506,-0.2327,68,SFO-ORD,228,2,0,1,0,0,0,0,9,2025-06-23 02:39:00,2025-06-23 06:23:00,5,0
2025-12-13 15:30:00,2025-12-13 17:05:00,AA,ORD,BOS,744,10.2,9.88,0.4,0.0,18.11,0.5092,0.2103,93,ORD-BOS,95,15,0,0,0,0,0,0,12,2025-12-13 15:42:00,2025-12-13 17:00:00,-5,0
2025-12-30 08:45:00,2025-12-30 10:26:00,WN,DFW,SEA,820,4.63,3.17,0.0,0.0,16.15,0.0473,-0.5187,29,DFW-SEA,101,8,0,0,0,0,0,0,0,2025-12-30 08:45:00,2025-12-30 10:27:00,1,0
2025-08-03 04:50:00,2025-08-03 09:13:00,UA,BOS,SEA,2844,11.28,13.53,1.54,0.65,16.52,-1.8462,-0.299,72,BOS-SEA,263,4,0,1,0,0,0,0,-9,2025-08-03 04:41:00,2025-08-03 09:03:00,-10,0
2025-09-04 16:30:00,2025-09-04 22:19:00,DL,SFO,DFW,3923,16.12,15.11,9.0,8.52,10.86,0.2051,0.6653,76,SFO-DFW,349,16,0,0,0,0,0,0,28,2025-09-04 16:58:00,2025-09-04 22:59:00,40,1
2025-04-04 23:15:00,2025-04-05 03:35:00,WN,ORD,JFK,2807,5.64,4.22,0.0,0.65,20.65,-1.2947,0.1094,21,ORD-JFK,260,23,0,1,0,0,0,0,-10,2025-04-04 23:05:00,2025-04-05 03:30:00,-5,0
2025-10-25 18:50:00,2025-10-25 20:23:00,DL,ORD,JFK,723,5.38,0.88,0.73,0.39,14.29,0.556,-0.2136,44,ORD-JFK,93,18,0,0,0,0,0,0,-7,2025-10-25 18:43:00,2025-10-25 20:11:00,-12,0
2025-09-03 23:50:00,2025-09-04 05:13:00,WN,SEA,BOS,3599,7.09,6.82,0.0,0.0,19.95,0.3715,-0.583,69,SEA-BOS,323,23,0,1,0,0,0,0,-3,2025-09-03 23:47:00,2025-09-04 05:13:00,0,0
2025-11-26 14:40:00,2025-11-26 18:13:00,UA,LAX,BOS,2228,17.33,17.8,21.63,20.48,7.21,-0.547,0.2106,35,LAX-BOS,213,14,0,0,1,0,0,0,10,2025-11-26 14:50:00,2025-11-26 18:24:00,11,0
2025-04-08 16:40:00,2025-04-08 18:04:00,DL,DEN,DFW,613,11.1,10.6,0.58,0.04,16.45,-1.3465,-0.192,57,DEN-DFW,84,16,0,0,0,0,0,0,-2,2025-04-08 16:38:00,2025-04-08 18:12:00,8,0
2025-10-15 03:00:00,2025-10-15 06:03:00,B6,DEN,LAX,1845,2.45,2.14,0.12,0.45,17.93,1.1342,-0.3563,81,DEN-LAX,183,3,0,1,0,0,0,0,-3,2025-10-15 02:57:00,2025-10-15 06:02:00,-1,0
2025-06-21 20:20:00,2025-06-21 22:27:00,UA,ATL,ORD,1152,20.46,23.34,0.0,0.0,17.0,0.2935,0.2809,91,ATL-ORD,127,20,0,1,0,0,0,0,2,2025-06-21 20:22:00,2025-06-21 22:29:00,2,0
2025-03-09 17:10:00,2025-03-09 23:40:00,WN,ATL,DEN,4442,5.29,7.8,1.73,2.89,16.19,-0.933,0.1768,84,ATL-DEN,390,17,0,0,0,0,0,0,5,2025-03-09 17:15:00,2025-03-09 23:41:00,1,0
2025-03-04 06:30:00,2025-03-04 12:35:00,WN,ORD,BOS,4120,9.28,6.17,5.26,7.26,13.39,1.4752,-0.5738,69,ORD-BOS,365,6,0,0,0,0,0,0,-10,2025-03-04 06:20:00,2025-03-04 12:31:00,-4,0
2025-07-25 08:45:00,2025-07-25 10:20:00,B6,SEA,JFK,745,6.41,4.48,0.41,0.0,13.55,0.0438,0.5347,85,SEA-JFK,95,8,0,0,0,0,0,0,-4,2025-07-25 08:41:00,2025-07-25 10:20:00,0,0
2025-04-27 14:10:00,2025-04-27 18:21:00,B6,BOS,LAX,2703,10.85,7.98,0.57,1.3,14.99,-0.6468,0.5545,42,BOS-LAX,251,14,0,0,0,0,0,0,1,2025-04-27 14:11:00,2025-04-27 18:16:00,-5,0
2025-02-07 00:50:00,2025-02-07 01:51:00,AA,LAX,ORD,329,10.23,8.74,0.14,0.47,12.94,1.06,0.2192,17,LAX-ORD,61,0,0,1,0,0,0,0,1,2025-02-07 00:51:00,2025-02-07 01:39:00,-12,0
2025-06-05 19:10:00,2025-06-05 22:43:00,UA,BOS,ATL,2222,24.22,21.45,0.49,0.26,10.95,0.7984,0.2168,15,BOS-ATL,213,19,0,0,0,0,0,0,3,2025-06-05 19:13:00,2025-06-05 22:45:00,2,0
2025-08-27 06:00:00,2025-08-27 07:51:00,WN,DFW,ATL,954,8.71,12.02,0.0,0.0,20.5,0.5883,-0.4158,86,DFW-ATL,111,6,0,0,0,0,0,0,2,2025-08-27 06:02:00,2025-08-27 07:44:00,-7,0
2025-04-27 01:50:00,2025-04-27 07:00:00,AA,SEA,DFW,3440,5.07,6.91,0.21,0.0,14.88,0.2477,-0.2044,79,SEA-DFW,310,1,0,1,0,0,0,0,-2,2025-04-27 01:48:00,2025-04-27 06:45:00,-15,0
2025-12-15 07:00:00,2025-12-15 08:23:00,DL,SEA,LAX,602,12.22,9.97,0.0,0.0,12.11,-1.1182,0.7171,51,SEA-LAX,83,7,0,0,0,0,0,0,7,2025-12-15 07:07:00,2025-12-15 08:18:00,-5,0
2025-10-12 20:40:00,2025-10-13 02:42:00,UA,SFO,ATL,4090,24.83,24.09,0.35,0.94,16.98,-1.067,0.6745,97,SFO-ATL,362,20,0,1,0,0,0,0,5,2025-10-12 20:45:00,2025-10-13 02:35:00,-7,0
2025-07-07 06:45:00,2025-07-07 09:02:00,AA,DEN,BOS,1270,3.64,5.85,0.53,0.0,18.05,-0.4015,0.7216,71,DEN-BOS,137,6,0,0,0,0,0,0,46,2025-07-07 07:31:00,2025-07-07 10:00:00,58,1
2025-12-08 12:15:00,2025-12-08 14:42:00,WN,SFO,DFW,1404,12.19,13.97,0.0,1.76,17.97,-1.9822,0.7108,79,SFO-DFW,147,12,0,0,0,0,0,0,-3,2025-12-08 12:12:00,2025-12-08 14:45:00,3,0
2025-06-08 19:00:00,2025-06-09 00:57:00,DL,SEA,DEN,4020,0.43,2.15,0.0,0.44,15.19,0.2835,0.6832,35,SEA-DEN,357,19,0,0,0,0,0,0,-8,2025-06-08 18:52:00,2025-06-09 00:53:00,-4,0
2025-02-20 00:15:00,2025-02-20 06:17:00,AA,DFW,ORD,4086,21.65,21.15,0.93,0.39,15.28,-0.081,-0.0508,71,DFW-ORD,362,0,0,1,0,0,0,0,-2,2025-02-20 00:13:00,2025-02-20 06:17:00,0,0
2025-01-14 18:00:00,2025-01-14 19:31:00,UA,DEN,ATL,703,5.61,7.53,23.49,21.96,4.84,0.0502,-0.3012,77,DEN-ATL,91,18,0,0,1,1,0,0,15,2025-01-14 18:15:00,2025-01-14 19:54:00,23,1
2025-12-09 06:40:00,2025-12-09 08:15:00,B6,ATL,SEA,756,4.25,4.71,0.0,0.67,17.91,1.5647,0.9159,89,ATL-SEA,95,6,0,0,0,0,0,0,12,2025-12-09 06:52:00,2025-12-09 08:30:00,15,1
2025-12-17 16:50:00,2025-12-17 22:36:00,AA,SFO,BOS,3884,27.18,22.66,0.0,0.0,17.05,-1.1451,0.5244,22,SFO-BOS,346,16,0,0,0,0,0,0,-10,2025-12-17 16:40:00,2025-12-17 22:39:00,3,0
2025-09-27 04:50:00,2025-09-27 11:17:00,AA,BOS,DFW,4406,9.58,11.91,0.38,0.0,14.66,0.1356,-0.9716,71,BOS-DFW,387,4,0,1,0,0,0,0,-7,2025-09-27 04:43:00,2025-09-27 11:08:00,-9,0
2025-02-07 03:45:00,2025-02-07 07:28:00,AA,DEN,SFO,2352,10.91,12.88,0.0,0.0,14.48,-1.1376,-0.6872,40,DEN-SFO,223,3,0,1,0,0,0,0,0,2025-02-07 03:45:00,2025-02-07 07:36:00,8,0
2025-04-18 18:45:00,2025-04-18 20:39:00,AA,DFW,LAX,992,8.7,9.01,0.0,0.0,14.96,1.2736,0.3683,96,DFW-LAX,114,18,0,0,0,0,0,0,6,2025-04-18 18:51:00,2025-04-18 20:46:00,7,0
2025-01-15 19:50:00,2025-01-15 21:40:00,UA,BOS,SFO,941,6.08,9.0,0.0,0.01,15.59,-1.029,0.5277,96,BOS-SFO,110,19,0,0,0,0,0,0,-9,2025-01-15 19:41:00,2025-01-15 21:32:00,-8,0
2025-01-19 23:45:00,2025-01-20 02:13:00,AA,SEA,ATL,1418,0.71,4.79,19.6,19.15,6.17,1.893,-0.781,46,SEA-ATL,148,23,0,1,1,0,0,0,29,2025-01-20 00:14:00,2025-01-20 02:53:00,40,1
2025-03-31 16:40:00,2025-03-31 21:29:00,AA,ORD,ATL,3178,14.82,12.04,0.0,0.0,16.43,-0.9653,0.1262,41,ORD-ATL,289,16,0,0,0,0,0,0,2,2025-03-31 16:42:00,2025-03-31 21:47:00,18,1
2025-07-28 11:50:00,2025-07-28 13:21:00,DL,BOS,ATL,705,2.31,1.34,0.0,0.51,17.53,0.3103,0.1291,73,BOS-ATL,91,11,0,0,0,0,0,0,-6,2025-07-28 11:44:00,2025-07-28 13:13:00,-8,0
2025-01-24 04:15:00,2025-01-24 08:50:00,AA,BOS,LAX,2994,19.2,17.59,0.0,2.13,14.69,0.5102,-0.1861,42,BOS-LAX,275,4,0,1,0,0,0,0,-2,2025-01-24 04:13:00,2025-01-24 08:59:00,9,0
2025-12-26 07:20:00,2025-12-26 12:49:00,B6,ATL,DEN,3675,6.51,4.83,0.0,0.0,12.96,0.8642,0.0997,58,ATL-DEN,329,7,0,0,0,0,0,0,1,2025-12-26 07:21:00,2025-12-26 12:44:00,-5,0
2025-06-16 15:50:00,2025-06-16 17:37:00,DL,SFO,ORD,903,8.64,10.03,0.15,0.0,16.88,-1.0725,-0.8973,56,SFO-ORD,107,15,0,0,0,0,0,0,16,2025-06-16 16:06:00,2025-06-16 17:54:00,17,1
2025-04-07 08:15:00,2025-04-07 14:45:00,WN,DFW,BOS,4433,5.95,4.68,0.0,1.66,17.85,-1.1877,-0.1748,13,DFW-BOS,390,8,0,0,0,0,0,0,13,2025-04-07 08:28:00,2025-04-07 14:39:00,-6,0
2025-07-08 11:15:00,2025-07-08 17:46:00,WN,LAX,SFO,4447,7.02,7.29,0.0,0.0,9.1,-0.4654,-0.6553,49,LAX-SFO,391,11,0,0,0,0,0,0,14,2025-07-08 11:29:00,2025-07-08 18:04:00,18,1
2025-10-16 04:10:00,2025-10-16 06:49:00,AA,BOS,JFK,1547,7.66,8.18,0.12,0.44,17.53,0.6929,0.23,25,BOS-JFK,159,4,0,1,0,0,0,0,-2,2025-10-16 04:08:00,2025-10-16 06:38:00,-11,0
2025-04-25 10:15:00,2025-04-25 11:52:00,AA,DEN,JFK,771,11.64,13.86,0.7,0.39,18.1,0.0058,0.1029,0,DEN-JFK,97,10,0,0,0,0,0,0,10,2025-04-25 10:25:00,2025-04-25 12:13:00,21,1
2025-01-18 05:30:00,2025-01-18 08:18:00,B6,JFK,LAX,1667,23.83,24.55,0.52,0.66,18.14,1.0804,-0.9934,37,JFK-LAX,168,5,0,0,0,0,0,0,1,2025-01-18 05:31:00,2025-01-18 08:13:00,-5,0
2025-01-19 02:50:00,2025-01-19 05:16:00,UA,BOS,ATL,1385,7.13,3.91,12.76,15.5,6.02,-0.8338,0.9215,26,BOS-ATL,146,2,0,1,1,0,0,0,32,2025-01-19 03:22:00,2025-01-19 05:41:00,25,1
2025-11-07 03:10:00,2025-11-07 05:43:00,WN,LAX,DEN,1471,1.7,2.14,5.76,3.43,14.72,-0.2533,-0.1967,24,LAX-DEN,153,3,0,1,0,0,0,0,-1,2025-11-07 03:09:00,2025-11-07 05:50:00,7,0
2025-02-10 12:40:00,2025-02-10 18:50:00,WN,SFO,ORD,4184,22.45,23.9,0.96,0.19,17.94,-0.0769,-0.5556,56,SFO-ORD,370,12,0,0,0,0,0,0,36,2025-02-10 13:16:00,2025-02-10 19:27:00,37,1
2025-08-20 08:45:00,2025-08-20 10:36:00,UA,DEN,SFO,950,15.19,15.28,0.49,0.0,14.84,-0.1287,-0.0079,8,DEN-SFO,111,8,0,0,0,0,0,0,5,2025-08-20 08:50:00,2025-08-20 10:28:00,-8,0
2025-05-21 02:50:00,2025-05-21 05:35:00,WN,LAX,SFO,1631,5.64,5.87,4.25,5.89,8.88,0.5884,0.2224,28,LAX-SFO,165,2,0,1,0,0,0,0,10,2025-05-21 03:00:00,2025-05-21 05:58:00,23,1
2025-10-11 12:45:00,2025-10-11 18:09:00,AA,SFO,JFK,3607,2.82,2.73,14.79,14.65,5.57,1.2385,0.8965,0,SFO-JFK,324,12,0,0,1,1,0,0,38,2025-10-11 13:23:00,2025-10-11 19:08:00,59,1
2025-01-23 03:10:00,2025-01-23 04:28:00,B6,SFO,DEN,541,11.25,13.77,0.97,0.0,15.85,-0.5867,0.8951,86,SFO-DEN,78,3,0,1,0,0,0,0,-10,2025-01-23 03:00:00,2025-01-23 04:26:00,-2,0
2025-11-24 00:20:00,2025-11-24 01:39:00,B6,ATL,JFK,555,10.96,10.09,0.0,0.0,17.16,-0.4641,0.4425,39,ATL-JFK,79,0,0,1,0,0,0,0,3,2025-11-24 00:23:00,2025-11-24 01:29:00,-10,0
2025-09-12 03:50:00,2025-09-12 06:30:00,WN,ATL,JFK,1567,28.91,27.89,2.03,0.0,17.81,0.2986,0.5032,14,ATL-JFK,160,3,0,1,0,0,0,0,-8,2025-09-12 03:42:00,2025-09-12 06:22:00,-8,0
2025-06-13 10:50:00,2025-06-13 17:14:00,WN,SFO,DFW,4364,15.03,13.51,0.0,2.13,14.8,0.3347,-0.293,16,SFO-DFW,384,10,0,0,0,0,0,0,7,2025-06-13 10:57:00,2025-06-13 17:25:00,11,0
2025-03-17 22:30:00,2025-03-18 04:11:00,UA,SFO,DFW,3825,8.0,6.91,7.55,6.07,12.98,1.0789,-0.3549,57,SFO-DFW,341,22,0,1,0,0,0,0,6,2025-03-17 22:36:00,2025-03-18 04:22:00,11,0
2025-12-23 05:50:00,2025-12-23 12:01:00,AA,DEN,SEA,4194,5.46,3.68,4.62,5.34,14.58,0.0939,-0.2855,98,DEN-SEA,371,5,0,0,0,0,0,0,23,2025-12-23 06:13:00,2025-12-23 12:33:00,32,1
2025-04-21 06:40:00,2025-04-21 12:29:00,DL,JFK,DFW,3928,11.27,7.8,0.12,0.0,14.24,-0.2035,-0.239,21,JFK-DFW,349,6,0,0,0,0,0,0,-3,2025-04-21 06:37:00,2025-04-21 12:29:00,0,0
2025-06-29 05:00:00,2025-06-29 06:39:00,UA,LAX,ATL,797,3.67,2.69,0.11,0.1,14.86,1.7497,0.1935,47,LAX-ATL,99,5,0,0,0,0,0,0,2,2025-06-29 05:02:00,2025-06-29 06:30:00,-9,0
2025-05-24 08:50:00,2025-05-24 12:04:00,WN,ORD,LAX,1984,1.6,3.35,3.87,6.57,9.11,0.3306,0.0374,86,ORD-LAX,194,8,0,0,0,0,0,0,17,2025-05-24 09:07:00,2025-05-24 12:34:00,30,1
2025-03-26 17:10:00,2025-03-26 21:07:00,AA,ORD,LAX,2524,3.51,3.97,23.77,24.97,0.2,0.7165,-0.2931,84,ORD-LAX,237,17,0,0,1,1,0,0,31,2025-03-26 17:41:00,2025-03-26 21:59:00,52,1
2025-06-02 07:20:00,2025-06-02 09:15:00,UA,DFW,DEN,999,9.59,7.57,4.27,2.43,16.34,-1.5772,0.5339,25,DFW-DEN,115,7,0,0,0,0,0,0,3,2025-06-02 07:23:00,2025-06-02 09:15:00,0,0
2025-02-25 15:10:00,2025-02-25 21:43:00,AA,SFO,LAX,4469,10.64,9.18,0.0,0.0,16.82,-0.1376,0.9614,48,SFO-LAX,393,15,0,0,0,0,0,0,-10,2025-02-25 15:00:00,2025-02-25 21:38:00,-5,0
2025-01-01 21:40:00,2025-01-02 02:02:00,WN,ATL,SFO,2832,15.19,15.01,0.63,0.0,15.7,1.1301,0.082,97,ATL-SFO,262,21,1,1,0,0,1,0,23,2025-01-01 22:03:00,2025-01-02 02:35:00,33,1
2025-04-16 22:00:00,2025-04-17 03:45:00,AA,ATL,SFO,3881,23.18,21.42,8.75,9.86,5.16,0.1151,-0.2956,45,ATL-SFO,345,22,0,1,0,1,0,1,53,2025-04-16 22:53:00,2025-04-17 05:15:00,90,1
2025-02-10 13:40:00,2025-02-10 16:06:00,UA,SFO,SEA,1386,17.65,18.95,0.39,0.05,18.48,-0.068,0.5067,6,SFO-SEA,146,13,0,0,0,0,0,0,10,2025-02-10 13:50:00,2025-02-10 16:28:00,22,1
2025-06-01 17:45:00,2025-06-01 22:44:00,UA,BOS,LAX,3303,16.65,18.06,0.59,0.0,13.71,-1.8867,-0.6231,72,BOS-LAX,299,17,0,0,0,0,0,0,-3,2025-06-01 17:42:00,2025-06-01 22:55:00,11,0
2025-11-11 22:45:00,2025-11-12 00:20:00,UA,SFO,ATL,744,5.76,10.93,2.61,1.72,15.37,-0.13,0.1969,63,SFO-ATL,95,22,0,1,0,0,0,0,-1,2025-11-11 22:44:00,2025-11-12 00:36:00,16,1
2025-03-01 18:15:00,2025-03-01 19:22:00,B6,DEN,JFK,394,5.73,6.45,0.98,1.58,12.55,1.2526,-0.4349,89,DEN-JFK,67,18,0,0,0,0,0,0,-4,2025-03-01 18:11:00,2025-03-01 19:21:00,-1,0
2025-01-01 07:50:00,2025-01-01 12:24:00,AA,DFW,SEA,2990,12.16,13.57,16.42,17.96,8.88,0.0127,-0.6218,87,DFW-SEA,274,7,1,0,1,0,0,0,5,2025-01-01 07:55:00,2025-01-01 12:33:00,9,0
2025-02-10 03:15:00,2025-02-10 04:37:00,WN,ATL,SEA,587,13.3,14.49,1.51,0.0,16.09,0.4795,0.0653,30,ATL-SEA,82,3,0,1,0,0,0,0,14,2025-02-10 03:29:00,2025-02-10 04:56:00,19,1
2025-07-05 02:40:00,2025-07-05 05:12:00,DL,SFO,ORD,1459,3.71,0.13,5.39,4.64,12.71,-0.3177,-0.763,99,SFO-ORD,152,2,0,1,0,0,0,0,-1,2025-07-05 02:39:00,2025-07-05 05:04:00,-8,0
2025-04-11 21:30:00,2025-04-12 02:56:00,WN,DFW,SFO,3634,6.2,8.86,7.69,6.72,8.21,-0.3267,0.0812,34,DFW-SFO,326,21,0,1,0,0,0,0,3,2025-04-11 21:33:00,2025-04-12 02:45:00,-11,0
2025-06-28 13:00:00,2025-06-28 16:46:00,DL,BOS,JFK,2390,6.01,6.41,0.12,0.0,14.9,0.0629,0.7276,26,BOS-JFK,226,13,0,0,0,0,0,0,-4,2025-06-28 12:56:00,2025-06-28 16:43:00,-3,0
2025-01-11 07:00:00,2025-01-11 10:05:00,AA,JFK,ATL,1881,0.23,2.67,0.0,0.0,17.84,0.5051,0.4745,79,JFK-ATL,185,7,0,0,0,0,0,0,-3,2025-01-11 06:57:00,2025-01-11 09:53:00,-12,0
2025-05-02 08:10:00,2025-05-02 10:47:00,DL,BOS,JFK,1520,11.06,11.93,8.99,9.73,9.19,0.783,0.2704,56,BOS-JFK,157,8,0,0,0,0,0,0,10,2025-05-02 08:20:00,2025-05-02 10:45:00,-2,0
2025-05-30 06:50:00,2025-05-30 11:34:00,AA,SEA,DEN,3107,15.56,15.67,0.0,1.98,19.07,0.7155,-0.8545,22,SEA-DEN,284,6,0,0,0,0,0,0,8,2025-05-30 06:58:00,2025-05-30 11:39:00,5,0
2025-06-07 19:50:00,2025-06-08 02:10:00,UA,ATL,SEA,4308,25.55,25.96,0.9,1.27,13.43,-0.3273,-0.8246,13,ATL-SEA,380,19,0,0,0,0,0,0,8,2025-06-07 19:58:00,2025-06-08 02:29:00,19,1
2025-07-21 14:20:00,2025-07-21 19:27:00,UA,JFK,ORD,3404,9.04,7.36,0.0,0.0,15.58,0.2157,0.6444,98,JFK-ORD,307,14,0,0,0,0,0,0,5,2025-07-21 14:25:00,2025-07-21 19:39:00,12,0
2025-10-12 21:50:00,2025-10-13 00:50:00,B6,DFW,ORD,1807,3.7,3.79,13.94,14.27,10.46,-1.2631,0.5735,71,DFW-ORD,180,21,0,1,1,0,0,0,-7,2025-10-12 21:43:00,2025-10-13 00:49:00,-1,0
2025-06-20 07:00:00,2025-06-20 10:21:00,B6,ATL,DFW,2073,27.65,32.23,1.24,0.4,16.66,0.2612,-0.7118,76,ATL-DFW,201,7,0,0,0,0,0,0,12,2025-06-20 07:12:00,2025-06-20 10:27:00,6,0
2025-11-04 11:50:00,2025-11-04 13:24:00,AA,ATL,BOS,732,30.6,34.62,4.95,2.72,14.79,-1.9972,-0.0401,28,ATL-BOS,94,11,0,0,0,0,0,0,0,2025-11-04 11:50:00,2025-11-04 13:20:00,-4,0
2025-07-13 02:10:00,2025-07-13 03:57:00,WN,JFK,ATL,902,42.73,43.56,0.0,0.0,14.78,-1.5081,0.9261,38,JFK-ATL,107,2,0,1,0,0,0,0,-7,2025-07-13 02:03:00,2025-07-13 04:01:00,4,0
2025-04-06 23:00:00,2025-04-07 01:29:00,AA,DFW,DEN,1426,36.58,36.23,5.69,4.93,11.99,0.2055,0.6047,1,DFW-DEN,149,23,0,1,0,0,0,0,6,2025-04-06 23:06:00,2025-04-07 01:41:00,12,0
2025-03-25 12:45:00,2025-03-25 15:54:00,DL,BOS,DEN,1924,11.62,10.25,11.09,11.91,9.33,0.5406,-0.1092,13,BOS-DEN,189,12,0,0,0,0,0,0,-10,2025-03-25 12:35:00,2025-03-25 15:41:00,-13,0
2025-04-28 13:20:00,2025-04-28 19:52:00,DL,BOS,DEN,4458,10.83,8.1,0.0,0.39,17.88,-1.2072,-0.1544,38,BOS-DEN,392,13,0,0,0,0,0,0,-3,2025-04-28 13:17:00,2025-04-28 19:46:00,-6,0
2025-08-07 09:15:00,2025-08-07 15:07:00,AA,SEA,SFO,3958,13.35,14.4,0.0,0.0,17.47,0.5581,-0.0398,73,SEA-SFO,352,9,0,0,0,0,0,0,24,2025-08-07 09:39:00,2025-08-07 15:46:00,39,1
2025-03-30 06:45:00,2025-03-30 08:22:00,UA,ORD,DFW,774,3.71,2.12,0.0,0.0,16.51,-0.1625,-0.9363,10,ORD-DFW,97,6,0,0,0,0,0,0,-4,2025-03-30 06:41:00,2025-03-30 08:16:00,-6,0
2025-11-30 22:15:00,2025-12-01 01:05:00,AA,LAX,JFK,1690,4.47,7.22,0.15,0.45,17.0,1.1359,0.2871,42,LAX-JFK,170,22,0,1,0,0,0,0,1,2025-11-30 22:16:00,2025-12-01 01:05:00,0,0
2025-06-25 11:45:00,2025-06-25 13:03:00,DL,SEA,BOS,536,7.28,7.65,0.68,0.0,15.7,1.4578,-0.1364,81,SEA-BOS,78,11,0,0,0,0,0,0,3,2025-06-25 11:48:00,2025-06-25 13:06:00,3,0
2025-11-12 16:10:00,2025-11-12 17:30:00,AA,ATL,SEA,563,19.94,21.64,0.0,0.0,16.24,-2.2338,-0.7788,63,ATL-SEA,80,16,0,0,0,0,0,0,3,2025-11-12 16:13:00,2025-11-12 17:30:00,0,0
2025-09-07 00:00:00,2025-09-07 03:05:00,B6,ORD,LAX,1874,21.24,22.75,0.0,0.73,16.72,1.924,-0.9733,41,ORD-LAX,185,0,0,1,0,0,0,0,19,2025-09-07 00:19:00,2025-09-07 03:29:00,24,1
2025-05-02 06:15:00,2025-05-02 12:36:00,WN,ORD,JFK,4328,9.09,9.71,0.0,1.4,17.2,0.9173,0.227,11,ORD-JFK,381,6,0,0,0,0,0,0,12,2025-05-02 06:27:00,2025-05-02 12:44:00,8,0
2025-03-25 19:30:00,2025-03-25 21:31:00,AA,BOS,JFK,1077,1.85,5.36,0.0,1.22,18.05,0.6083,0.1891,15,BOS-JFK,121,19,0,0,0,0,0,0,2,2025-03-25 19:32:00,2025-03-25 21:28:00,-3,0
2025-09-29 02:10:00,2025-09-29 06:58:00,AA,JFK,LAX,3158,16.94,14.76,0.0,0.0,8.96,-0.3287,0.5395,5,JFK-LAX,288,2,0,1,0,0,0,0,-7,2025-09-29 02:03:00,2025-09-29 06:57:00,-1,0
2025-05-01 02:10:00,2025-05-01 05:21:00,B6,ORD,SEA,1949,2.13,2.12,6.03,7.38,13.7,0.5222,-0.7556,80,ORD-SEA,191,2,0,1,0,0,0,0,13,2025-05-01 02:23:00,2025-05-01 05:27:00,6,0
2025-04-01 19:40:00,2025-04-01 23:41:00,AA,LAX,ORD,2571,7.31,6.85,0.0,0.0,13.58,0.3716,-0.8737,24,LAX-ORD,241,19,0,0,0,0,0,0,20,2025-04-01 20:00:00,2025-04-01 23:50:00,9,0
2025-12-06 07:20:00,2025-12-06 13:11:00,UA,DEN,JFK,3950,12.86,11.85,0.0,1.06,13.67,0.8637,0.6772,91,DEN-JFK,351,7,0,0,0,0,0,0,-7,2025-12-06 07:13:00,2025-12-06 13:03:00,-8,0
2025-06-26 06:20:00,2025-06-26 11:58:00,UA,LAX,ORD,3782,4.07,5.19,0.0,0.0,17.88,0.3703,-0.7691,38,LAX-ORD,338,6,0,0,0,0,0,0,-6,2025-06-26 06:14:00,2025-06-26 11:54:00,-4,0
2025-01-18 13:10:00,2025-01-18 18:47:00,WN,ORD,SFO,3778,5.42,3.75,1.19,0.0,10.09,0.5681,-0.7593,29,ORD-SFO,337,13,0,0,0,0,0,0,7,2025-01-18 13:17:00,2025-01-18 18:45:00,-2,0
2025-06-30 04:00:00,2025-06-30 07:17:00,AA,ATL,DEN,2026,20.24,17.87,0.0,0.48,14.89,0.7562,0.8791,22,ATL-DEN,197,4,0,1,0,0,0,0,16,2025-06-30 04:16:00,2025-06-30 07:32:00,15,1
2025-06-18 01:00:00,2025-06-18 02:15:00,B6,LAX,SFO,504,14.79,15.97,0.71,0.53,4.8,-1.9258,-0.7537,74,LAX-SFO,75,1,0,1,0,1,0,1,28,2025-06-18 01:28:00,2025-06-18 03:04:00,49,1
2025-11-12 00:40:00,2025-11-12 07:10:00,DL,JFK,LAX,4437,5.98,2.78,1.17,0.0,14.5,-0.2729,-0.0806,30,JFK-LAX,390,0,0,1,0,0,0,0,-10,2025-11-12 00:30:00,2025-11-12 07:03:00,-7,0
2025-09-17 01:00:00,2025-09-17 07:33:00,AA,DFW,BOS,4474,11.09,10.65,0.68,1.85,16.45,0.0178,0.7711,79,DFW-BOS,393,1,0,1,0,0,0,0,-10,2025-09-17 00:50:00,2025-09-17 07:34:00,1,0
2025-03-11 03:10:00,2025-03-11 08:57:00,B6,ATL,SFO,3901,0.0,1.24,0.24,0.0,15.01,-0.3671,-0.4789,81,ATL-SFO,347,3,0,1,0,0,0,0,-5,2025-03-11 03:05:00,2025-03-11 08:55:00,-2,0
2025-02-24 16:50:00,2025-02-24 20:29:00,WN,ATL,ORD,2304,16.78,14.59,0.92,1.42,19.15,1.1419,-0.1041,1,ATL-ORD,219,16,0,0,0,0,0,0,9,2025-02-24 16:59:00,2025-02-24 20:17:00,-12,0
2025-08-09 07:15:00,2025-08-09 09:48:00,B6,ORD,DFW,1478,4.93,8.31,0.44,0.0,16.95,1.6328,0.9564,8,ORD-DFW,153,7,0,0,0,0,0,0,1,2025-08-09 07:16:00,2025-08-09 09:37:00,-11,0
2025-01-18 01:40:00,2025-01-18 03:38:00,B6,SEA,BOS,1033,8.59,6.71,0.78,0.28,19.11,0.1573,-0.4119,96,SEA-BOS,118,1,0,1,0,0,0,0,-3,2025-01-18 01:37:00,2025-01-18 03:30:00,-8,0
2025-04-27 00:15:00,2025-04-27 03:19:00,B6,DFW,SFO,1858,9.19,11.92,9.46,8.57,8.03,0.154,0.5313,53,DFW-SFO,184,0,0,1,0,0,0,0,10,2025-04-27 00:25:00,2025-04-27 03:10:00,-9,0
2025-02-20 11:50:00,2025-02-20 14:41:00,B6,SFO,SEA,1704,6.94,6.03,0.0,0.0,16.64,0.1295,0.2718,67,SFO-SEA,171,11,0,0,0,0,0,0,2,2025-02-20 11:52:00,2025-02-20 14:31:00,-10,0
2025-01-08 20:45:00,2025-01-08 23:17:00,AA,SFO,ATL,1458,7.86,4.62,0.81,0.76,14.18,-1.5514,0.4427,38,SFO-ATL,152,20,0,1,0,0,0,0,-3,2025-01-08 20:42:00,2025-01-08 23:17:00,0,0
2025-12-02 08:20:00,2025-12-02 14:38:00,DL,LAX,ATL,4291,29.34,27.77,1.83,0.0,12.86,-0.8643,-0.2506,47,LAX-ATL,378,8,0,0,0,0,0,0,-7,2025-12-02 08:13:00,2025-12-02 14:41:00,3,0
2025-02-02 01:40:00,2025-02-02 06:21:00,B6,LAX,BOS,3069,8.12,8.98,2.2,1.74,16.36,-0.8531,0.4325,33,LAX-BOS,281,1,0,1,0,0,0,0,4,2025-02-02 01:44:00,2025-02-02 06:38:00,17,1
2025-01-04 05:20:00,2025-01-04 07:34:00,UA,SFO,DEN,1236,12.22,11.64,0.02,0.0,14.72,0.82,0.1526,59,SFO-DEN,134,5,0,0,0,0,0,0,17,2025-01-04 05:37:00,2025-01-04 07:44:00,10,0
2025-12-07 11:50:00,2025-12-07 16:24:00,UA,LAX,DEN,2985,11.0,11.21,15.13,18.81,8.96,-0.3818,0.7422,49,LAX-DEN,274,11,0,0,1,0,0,0,41,2025-12-07 12:31:00,2025-12-07 17:29:00,65,1
2025-03-10 04:15:00,2025-03-10 09:11:00,UA,SFO,DEN,3261,23.86,21.24,0.0,0.2,17.29,-0.064,-0.4338,87,SFO-DEN,296,4,0,1,0,0,0,0,14,2025-03-10 04:29:00,2025-03-10 09:51:00,40,1
2025-10-26 23:45:00,2025-10-27 03:40:00,AA,SFO,JFK,2494,16.24,17.9,0.0,0.14,17.99,-0.1587,-0.8349,94,SFO-JFK,235,23,0,1,0,0,0,0,-3,2025-10-26 23:42:00,2025-10-27 03:35:00,-5,0
2025-01-12 18:30:00,2025-01-13 00:47:00,UA,BOS,DFW,4276,6.11,3.41,0.21,0.43,14.58,-0.2517,-0.3482,48,BOS-DFW,377,18,0,0,0,0,0,0,2,2025-01-12 18:32:00,2025-01-13 00:41:00,-6,0
2025-02-26 08:40:00,2025-02-26 15:03:00,DL,LAX,DFW,4356,23.62,24.27,0.0,0.0,14.17,2.1005,0.4942,74,LAX-DFW,383,8,0,0,0,0,0,0,13,2025-02-26 08:53:00,2025-02-26 15:23:00,20,1
2025-02-10 22:15:00,2025-02-11 01:39:00,DL,ORD,SEA,2115,29.52,30.27,0.01,0.92,14.93,0.1157,0.0283,93,ORD-SEA,204,22,0,1,0,0,0,0,13,2025-02-10 22:28:00,2025-02-11 01:44:00,5,0
2025-09-15 07:45:00,2025-09-15 11:23:00,AA,SEA,BOS,2283,3.42,5.48,0.02,0.71,17.14,1.4121,0.0675,64,SEA-BOS,218,7,0,0,0,0,0,0,10,2025-09-15 07:55:00,2025-09-15 11:29:00,6,0
2025-08-15 03:40:00,2025-08-15 05:52:00,WN,DFW,SEA,1211,7.88,10.91,0.0,0.0,16.54,-0.6956,-0.6994,27,DFW-SEA,132,3,0,1,0,0,0,0,-7,2025-08-15 03:33:00,2025-08-15 05:48:00,-4,0
2025-06-23 22:45:00,2025-06-24 04:07:00,DL,SEA,DEN,3591,8.56,7.81,0.0,2.4,14.29,-1.104,-0.6892,95,SEA-DEN,322,22,0,1,0,0,0,0,-5,2025-06-23 22:40:00,2025-06-24 04:03:00,-4,0
2025-03-30 23:45:00,2025-03-31 05:57:00,UA,JFK,ATL,4210,8.48,7.94,1.84,1.54,17.65,0.8992,-0.696,68,JFK-ATL,372,23,0,1,0,0,0,0,9,2025-03-30 23:54:00,2025-03-31 06:09:00,12,0
2025-02-02 07:10:00,2025-02-02 11:50:00,AA,DFW,JFK,3063,14.43,12.53,0.23,0.0,17.74,0.1636,-0.1002,36,DFW-JFK,280,7,0,0,0,0,0,0,3,2025-02-02 07:13:00,2025-02-02 11:49:00,-1,0
2025-07-27 14:50:00,2025-07-27 16:57:00,AA,BOS,DEN,1144,9.51,11.0,0.0,0.31,15.06,0.6356,0.071,98,BOS-DEN,127,14,0,0,0,0,0,0,2,2025-07-27 14:52:00,2025-07-27 17:09:00,12,0
2025-03-26 04:45:00,2025-03-26 08:38:00,DL,DEN,BOS,2476,8.58,6.68,0.29,0.0,13.86,1.8111,0.8879,74,DEN-BOS,233,4,0,1,0,0,0,0,5,2025-03-26 04:50:00,2025-03-26 08:35:00,-3,0
2025-08-04 15:10:00,2025-08-04 20:36:00,AA,SFO,DFW,3637,15.61,15.0,0.0,0.0,12.89,0.1936,-0.3757,99,SFO-DFW,326,15,0,0,0,0,0,0,-4,2025-08-04 15:06:00,2025-08-04 20:19:00,-17,0
2025-09-08 16:50:00,2025-09-08 18:03:00,AA,ORD,SEA,476,4.42,1.62,0.46,0.0,15.14,0.3977,-0.7968,17,ORD-SEA,73,16,0,0,0,0,0,0,4,2025-09-08 16:54:00,2025-09-08 17:58:00,-5,0
2025-11-07 17:30:00,2025-11-07 21:47:00,WN,ORD,LAX,2778,13.0,11.71,0.0,0.0,16.9,-0.331,-0.0833,20,ORD-LAX,257,17,0,0,0,0,0,0,3,2025-11-07 17:33:00,2025-11-07 21:52:00,5,0
2025-06-30 13:15:00,2025-06-30 17:55:00,DL,SFO,ORD,3061,16.68,12.66,2.33,0.48,18.9,0.1395,0.0639,6,SFO-ORD,280,13,0,0,0,0,0,0,4,2025-06-30 13:19:00,2025-06-30 18:01:00,6,0
2025-01-02 16:10:00,2025-01-02 20:09:00,UA,DEN,BOS,2554,23.17,25.27,0.12,0.0,17.12,0.2698,0.1902,11,DEN-BOS,239,16,0,0,0,0,0,0,5,2025-01-02 16:15:00,2025-01-02 20:14:00,5,0
2025-04-13 13:15:00,2025-04-13 17:50:00,DL,LAX,ATL,2998,8.23,11.48,0.0,0.0,16.54,0.4943,0.7523,53,LAX-ATL,275,13,0,0,0,0,0,0,2,2025-04-13 13:17:00,2025-04-13 17:51:00,1,0
2025-11-08 19:00:00,2025-11-09 01:00:00,WN,DFW,ATL,4062,1.29,3.54,0.23,0.0,18.84,0.2952,-0.1349,9,DFW-ATL,360,19,0,0,0,0,0,0,4,2025-11-08 19:04:00,2025-11-09 01:05:00,5,0
2025-07-14 04:40:00,2025-07-14 06:21:00,B6,SEA,ORD,824,10.04,9.67,0.59,0.65,17.73,-1.5464,-0.9034,75,SEA-ORD,101,4,0,1,0,0,0,0,3,2025-07-14 04:43:00,2025-07-14 06:27:00,6,0
2025-08-14 11:40:00,2025-08-14 15:51:00,B6,DFW,SEA,2696,0.8,0.8,11.87,11.93,12.1,1.5276,0.7844,66,DFW-SEA,251,11,0,0,0,0,0,0,6,2025-08-14 11:46:00,2025-08-14 15:49:00,-2,0
2025-06-17 09:40:00,2025-06-17 15:06:00,AA,SEA,ATL,3642,10.06,12.72,0.07,0.0,14.2,0.0895,-0.1979,65,SEA-ATL,326,9,0,0,0,0,0,0,15,2025-06-17 09:55:00,2025-06-17 15:01:00,-5,0
2025-03-01 12:30:00,2025-03-01 18:05:00,WN,ORD,JFK,3752,22.05,22.08,0.0,0.0,11.22,1.5874,-0.9551,47,ORD-JFK,335,12,0,0,0,0,0,0,7,2025-03-01 12:37:00,2025-03-01 18:05:00,0,0
2025-11-24 03:15:00,2025-11-24 06:51:00,B6,ORD,DFW,2261,6.99,10.27,0.0,0.0,15.98,-0.8242,-0.4256,37,ORD-DFW,216,3,0,1,0,0,0,0,-3,2025-11-24 03:12:00,2025-11-24 06:52:00,1,0
2025-10-10 07:40:00,2025-10-10 14:14:00,WN,SFO,ORD,4489,9.7,7.17,0.02,0.0,17.53,-0.4984,-0.0892,30,SFO-ORD,394,7,0,0,0,0,0,0,6,2025-10-10 07:46:00,2025-10-10 14:10:00,-4,0
2025-12-30 22:45:00,2025-12-31 01:33:00,B6,SEA,BOS,1661,19.37,17.66,0.0,0.0,17.06,-0.2023,0.874,91,SEA-BOS,168,22,0,1,0,0,0,0,4,2025-12-30 22:49:00,2025-12-31 01:30:00,-3,0
2025-11-09 02:00:00,2025-11-09 05:27:00,AA,DEN,JFK,2150,11.58,10.94,13.54,14.81,9.9,-0.4104,-0.9119,43,DEN-JFK,207,2,0,1,1,0,0,0,56,2025-11-09 02:56:00,2025-11-09 06:43:00,76,1
2025-04-17 15:20:00,2025-04-17 20:56:00,UA,JFK,SEA,3760,16.22,14.6,5.61,4.88,14.25,0.3615,0.747,35,JFK-SEA,336,15,0,0,0,0,0,0,17,2025-04-17 15:37:00,2025-04-17 21:17:00,21,1
2025-04-03 15:50:00,2025-04-03 19:17:00,AA,JFK,DFW,2145,36.35,37.13,5.95,6.55,15.63,1.0912,-0.8189,28,JFK-DFW,207,15,0,0,0,0,0,0,11,2025-04-03 16:01:00,2025-04-03 19:31:00,14,0
2025-04-01 11:45:00,2025-04-01 14:39:00,UA,ATL,SEA,1742,8.02,4.95,0.33,0.3,11.25,1.3743,0.3096,39,ATL-SEA,174,11,0,0,0,0,0,0,-10,2025-04-01 11:35:00,2025-04-01 14:38:00,-1,0
2025-12-02 00:50:00,2025-12-02 04:56:00,AA,LAX,JFK,2634,11.95,11.86,0.34,0.0,18.23,-0.4669,-0.6986,22,LAX-JFK,246,0,0,1,0,0,0,0,-4,2025-12-02 00:46:00,2025-12-02 04:50:00,-6,0
2025-07-23 00:10:00,2025-07-23 04:38:00,UA,DFW,LAX,2911,24.31,27.12,16.43,17.42,7.06,-0.5986,-0.318,14,DFW-LAX,268,0,0,1,1,0,0,0,28,2025-07-23 00:38:00,2025-07-23 05:12:00,34,1
2025-06-15 06:20:00,2025-06-15 12:45:00,WN,DFW,DEN,4373,26.18,27.05,0.08,0.0,16.92,0.7689,0.7207,28,DFW-DEN,385,6,0,0,0,0,0,0,8,2025-06-15 06:28:00,2025-06-15 12:43:00,-2,0
2025-12-20 02:10:00,2025-12-20 06:37:00,B6,ATL,SFO,2895,14.32,18.27,0.85,0.0,18.23,-1.0554,0.1911,91,ATL-SFO,267,2,0,1,0,0,0,0,-8,2025-12-20 02:02:00,2025-12-20 06:38:00,1,0
2025-08-09 02:45:00,2025-08-09 04:46:00,AA,JFK,DEN,1078,6.12,9.0,2.14,0.0,16.18,0.6708,0.6779,12,JFK-DEN,121,2,0,1,0,0,0,0,-8,2025-08-09 02:37:00,2025-08-09 04:30:00,-16,0
2025-11-28 03:30:00,2025-11-28 04:47:00,B6,LAX,SFO,521,17.2,16.68,0.36,0.18,13.23,-0.2366,-0.4951,8,LAX-SFO,77,3,0,1,0,0,0,0,5,2025-11-28 03:35:00,2025-11-28 04:41:00,-6,0
2025-12-26 04:10:00,2025-12-26 10:34:00,AA,ATL,SFO,4362,14.12,15.54,0.64,0.0,10.7,-0.4411,-0.0401,15,ATL-SFO,384,4,0,1,0,0,0,0,-3,2025-12-26 04:07:00,2025-12-26 10:34:00,0,0
2025-01-29 20:00:00,2025-01-29 23:21:00,WN,LAX,JFK,2075,17.68,16.98,0.2,0.0,20.05,-2.8135,-0.5894,70,LAX-JFK,201,20,0,1,0,0,0,0,2,2025-01-29 20:02:00,2025-01-29 23:18:00,-3,0
2025-05-12 15:40:00,2025-05-12 17:47:00,B6,BOS,SEA,1146,5.02,5.74,0.45,0.0,20.0,0.2651,0.7042,71,BOS-SEA,127,15,0,0,0,0,0,0,27,2025-05-12 16:07:00,2025-05-12 18:25:00,38,1
2025-09-25 00:45:00,2025-09-25 02:59:00,B6,BOS,ORD,1235,29.63,31.79,0.0,0.0,17.08,1.1676,0.1079,27,BOS-ORD,134,0,0,1,0,0,0,0,12,2025-09-25 00:57:00,2025-09-25 03:07:00,8,0
2025-10-24 15:50:00,2025-10-24 17:25:00,DL,DFW,ORD,745,27.84,25.88,0.0,0.0,16.41,-1.1849,0.0593,38,DFW-ORD,95,15,0,0,0,0,0,0,11,2025-10-24 16:01:00,2025-10-24 17:26:00,1,0
2025-02-24 03:50:00,2025-02-24 05:56:00,WN,DFW,ATL,1138,10.58,8.2,0.0,1.72,17.19,0.2827,-0.4295,35,DFW-ATL,126,3,0,1,0,0,0,0,5,2025-02-24 03:55:00,2025-02-24 06:14:00,18,1
2025-04-27 10:45:00,2025-04-27 16:06:00,WN,SFO,BOS,3577,22.76,23.69,0.0,0.0,19.74,0.4995,-0.7879,1,SFO-BOS,321,10,0,0,0,0,0,0,-4,2025-04-27 10:41:00,2025-04-27 16:08:00,2,0
2025-07-20 00:45:00,2025-07-20 05:24:00,WN,ATL,DFW,3050,9.94,7.84,6.05,5.43,13.31,-0.5278,0.0538,23,ATL-DFW,279,0,0,1,0,0,0,0,11,2025-07-20 00:56:00,2025-07-20 05:30:00,6,0
2025-10-19 02:45:00,2025-10-19 07:06:00,WN,DFW,ATL,2819,26.82,25.99,0.18,0.0,14.08,0.4316,-0.6939,77,DFW-ATL,261,2,0,1,0,0,0,0,9,2025-10-19 02:54:00,2025-10-19 07:21:00,15,1
2025-02-11 03:50:00,2025-02-11 04:53:00,DL,ORD,SEA,347,10.83,13.55,0.0,0.0,16.67,0.8965,-0.8541,36,ORD-SEA,63,3,0,1,0,0,0,0,20,2025-02-11 04:10:00,2025-02-11 05:20:00,27,1
2025-08-08 10:20:00,2025-08-08 15:05:00,DL,DEN,BOS,3123,5.35,2.99,0.4,0.9,13.3,0.183,0.429,5,DEN-BOS,285,10,0,0,0,0,0,0,-8,2025-08-08 10:12:00,2025-08-08 15:04:00,-1,0
2025-04-19 11:45:00,2025-04-19 18:10:00,UA,SFO,ATL,4370,33.25,37.5,0.25,0.58,16.5,0.5532,0.4231,35,SFO-ATL,385,11,0,0,0,0,0,0,20,2025-04-19 12:05:00,2025-04-19 18:43:00,33,1
2025-03-20 08:45:00,2025-03-20 14:54:00,WN,ORD,SFO,4177,17.39,18.05,0.0,0.56,14.98,-0.2609,-0.92,87,ORD-SFO,369,8,0,0,0,0,0,0,13,2025-03-20 08:58:00,2025-03-20 15:04:00,10,0
2025-07-08 14:00:00,2025-07-08 17:12:00,DL,SFO,DEN,1960,8.07,7.94,0.33,0.55,14.24,0.8122,0.6381,80,SFO-DEN,192,14,0,0,0,0,0,0,2,2025-07-08 14:02:00,2025-07-08 17:05:00,-7,0
2025-06-01 17:40:00,2025-06-01 22:01:00,AA,SFO,SEA,2821,25.49,28.07,0.58,0.0,16.46,-1.7136,0.8275,83,SFO-SEA,261,17,0,0,0,0,0,0,0,2025-06-01 17:40:00,2025-06-01 22:02:00,1,0
2025-08-21 17:15:00,2025-08-21 19:54:00,WN,ATL,SFO,1554,17.18,14.53,1.47,0.44,15.74,0.7701,0.7433,95,ATL-SFO,159,17,0,0,0,0,0,0,0,2025-08-21 17:15:00,2025-08-21 20:15:00,21,1
2025-04-26 13:10:00,2025-04-26 19:08:00,DL,JFK,DEN,4032,7.21,7.01,4.07,3.88,11.87,1.2319,-0.5716,24,JFK-DEN,358,13,0,0,0,0,0,0,14,2025-04-26 13:24:00,2025-04-26 19:45:00,37,1
2025-10-28 13:10:00,2025-10-28 19:18:00,DL,ORD,SFO,4163,28.36,28.3,1.19,0.0,15.97,-0.751,0.5239,9,ORD-SFO,368,13,0,0,0,0,0,0,19,2025-10-28 13:29:00,2025-10-28 19:37:00,19,1
2025-01-29 11:00:00,2025-01-29 13:14:00,B6,ATL,SFO,1237,16.54,16.97,7.21,10.95,13.39,-0.7758,0.3647,20,ATL-SFO,134,11,0,0,0,0,0,0,31,2025-01-29 11:31:00,2025-01-29 13:57:00,43,1
2025-11-11 05:50:00,2025-11-11 09:33:00,WN,JFK,BOS,2344,11.87,11.23,1.63,0.0,17.67,1.6182,0.3373,17,JFK-BOS,223,5,0,0,0,0,0,0,4,2025-11-11 05:54:00,2025-11-11 09:36:00,3,0
2025-01-11 11:45:00,2025-01-11 14:03:00,WN,ORD,BOS,1292,8.94,9.91,0.0,0.0,15.78,0.386,-0.8199,3,ORD-BOS,138,11,0,0,0,0,0,0,10,2025-01-11 11:55:00,2025-01-11 14:08:00,5,0
2025-09-26 00:00:00,2025-09-26 04:25:00,DL,SEA,DFW,2880,6.11,2.64,12.86,12.24,10.85,-1.5232,-0.1474,82,SEA-DFW,265,0,0,1,1,0,0,0,34,2025-09-26 00:34:00,2025-09-26 05:13:00,48,1
2025-05-07 23:40:00,2025-05-08 02:17:00,AA,DFW,LAX,1530,2.47,0.0,0.2,0.0,15.47,-0.2192,-0.9865,71,DFW-LAX,157,23,0,1,0,0,0,0,-5,2025-05-07 23:35:00,2025-05-08 02:19:00,2,0
2025-05-20 08:40:00,2025-05-20 13:33:00,AA,SEA,DEN,3222,16.44,14.22,1.04,0.0,12.64,-1.7218,0.9608,75,SEA-DEN,293,8,0,0,0,0,0,0,2,2025-05-20 08:42:00,2025-05-20 13:33:00,0,0
2025-01-07 18:30:00,2025-01-08 00:59:00,WN,ORD,BOS,4422,3.36,6.9,0.95,0.23,17.06,-0.2245,-0.5194,22,ORD-BOS,389,18,0,0,0,0,0,0,2,2025-01-07 18:32:00,2025-01-08 00:47:00,-12,0
2025-09-14 22:30:00,2025-09-15 04:22:00,B6,ATL,BOS,3959,2.67,5.56,0.0,0.0,17.23,-0.0286,0.9207,61,ATL-BOS,352,22,0,1,0,0,0,0,1,2025-09-14 22:31:00,2025-09-15 04:18:00,-4,0
2025-03-02 11:50:00,2025-03-02 13:50:00,B6,DEN,ORD,1065,10.08,10.06,0.0,0.28,21.41,0.6129,0.5401,99,DEN-ORD,120,11,0,0,0,0,0,0,3,2025-03-02 11:53:00,2025-03-02 13:32:00,-18,0
2025-08-29 20:30:00,2025-08-29 22:13:00,UA,SFO,DEN,844,8.33,9.23,1.49,0.16,16.15,0.0291,-0.5775,29,SFO-DEN,103,20,0,1,0,0,0,0,-1,2025-08-29 20:29:00,2025-08-29 22:00:00,-13,0
2025-09-22 11:40:00,2025-09-22 17:13:00,DL,ATL,SFO,3721,3.96,6.28,0.07,0.0,13.55,1.5965,-0.1434,43,ATL-SFO,333,11,0,0,0,0,0,0,-2,2025-09-22 11:38:00,2025-09-22 17:03:00,-10,0
2025-11-05 03:30:00,2025-11-05 04:56:00,DL,ATL,DFW,642,16.43,18.39,0.57,0.0,16.54,0.114,0.1947,22,ATL-DFW,86,3,0,1,0,0,0,0,-1,2025-11-05 03:29:00,2025-11-05 04:50:00,-6,0
2025-09-16 00:20:00,2025-09-16 03:33:00,B6,DFW,SEA,1980,1.92,3.05,0.0,1.58,10.06,-1.9071,-0.9149,95,DFW-SEA,193,0,0,1,0,0,0,0,19,2025-09-16 00:39:00,2025-09-16 03:52:00,19,1
2025-04-21 03:50:00,2025-04-21 10:23:00,UA,SFO,ATL,4473,14.2,18.97,0.0,0.58,14.48,0.6152,0.1087,94,SFO-ATL,393,3,0,1,0,0,0,0,12,2025-04-21 04:02:00,2025-04-21 10:13:00,-10,0
2025-09-27 22:20:00,2025-09-28 01:50:00,AA,ORD,ATL,2182,6.51,8.24,0.0,0.17,15.18,0.1076,-0.3018,58,ORD-ATL,210,22,0,1,0,0,0,0,0,2025-09-27 22:20:00,2025-09-28 01:49:00,-1,0
2025-10-29 11:45:00,2025-10-29 12:47:00,AA,BOS,SEA,337,5.63,6.21,0.65,0.42,12.98,-0.1709,-0.8359,24,BOS-SEA,62,11,0,0,0,0,0,0,5,2025-10-29 11:50:00,2025-10-29 12:43:00,-4,0
2025-04-26 07:30:00,2025-04-26 13:57:00,AA,DFW,DEN,4396,1.73,3.78,0.52,0.04,14.4,1.0553,0.3895,21,DFW-DEN,387,7,0,0,0,0,0,0,4,2025-04-26 07:34:00,2025-04-26 13:53:00,-4,0
2025-02-15 10:40:00,2025-02-15 15:37:00,AA,SFO,ATL,3274,12.2,9.95,7.51,7.2,14.46,0.8325,0.1326,27,SFO-ATL,297,10,0,0,0,0,0,0,14,2025-02-15 10:54:00,2025-02-15 15:31:00,-6,0
2025-11-21 06:45:00,2025-11-21 09:35:00,WN,BOS,LAX,1688,3.98,3.86,0.0,0.0,14.78,-0.8637,0.6237,67,BOS-LAX,170,6,0,0,0,0,0,0,12,2025-11-21 06:57:00,2025-11-21 09:28:00,-7,0
2025-02-23 20:40:00,2025-02-24 01:04:00,AA,LAX,BOS,2866,4.68,0.19,6.48,8.31,15.88,0.271,0.8033,33,LAX-BOS,264,20,0,1,0,0,0,0,2,2025-02-23 20:42:00,2025-02-24 01:06:00,2,0
2025-08-05 23:30:00,2025-08-06 03:55:00,WN,JFK,ATL,2871,23.23,24.09,0.01,0.19,19.0,1.52,-0.6089,60,JFK-ATL,265,23,0,1,0,0,0,0,-3,2025-08-05 23:27:00,2025-08-06 03:37:00,-18,0
2025-03-28 02:30:00,2025-03-28 06:35:00,B6,ORD,DFW,2620,3.33,2.55,0.0,2.83,15.24,0.0774,0.3123,68,ORD-DFW,245,2,0,1,0,0,0,0,0,2025-03-28 02:30:00,2025-03-28 06:57:00,22,1
2025-02-15 17:30:00,2025-02-15 23:52:00,B6,ORD,JFK,4335,3.14,1.73,0.32,2.22,11.86,-1.2875,-0.3607,50,ORD-JFK,382,17,0,0,0,0,0,0,16,2025-02-15 17:46:00,2025-02-16 00:14:00,22,1
2025-10-11 08:15:00,2025-10-11 13:38:00,WN,SEA,JFK,3600,14.51,14.64,0.9,0.0,20.63,0.3966,0.1216,55,SEA-JFK,323,8,0,0,0,0,0,0,10,2025-10-11 08:25:00,2025-10-11 13:50:00,12,0
2025-02-22 01:40:00,2025-02-22 04:06:00,WN,BOS,LAX,1387,13.66,13.06,1.1,0.24,17.25,-0.3108,-0.6935,36,BOS-LAX,146,1,0,1,0,0,0,0,2,2025-02-22 01:42:00,2025-02-22 04:07:00,1,0
2025-09-02 22:50:00,2025-09-03 05:22:00,B6,JFK,ATL,4468,4.39,5.05,0.0,0.37,15.0,0.0331,-0.5016,73,JFK-ATL,392,22,0,1,0,0,0,0,5,2025-09-02 22:55:00,2025-09-03 05:27:00,5,0
2025-09-10 01:40:00,2025-09-10 08:02:00,AA,ORD,DEN,4342,3.53,7.78,0.58,0.93,10.69,-0.9585,0.6235,55,ORD-DEN,382,1,0,1,0,0,0,0,4,2025-09-10 01:44:00,2025-09-10 08:00:00,-2,0
2025-01-22 04:45:00,2025-01-22 06:00:00,UA,DFW,ATL,496,3.49,6.67,0.38,0.13,16.56,0.3363,-0.5829,61,DFW-ATL,75,4,0,1,0,0,0,0,20,2025-01-22 05:05:00,2025-01-22 06:31:00,31,1
2025-03-05 00:45:00,2025-03-05 03:24:00,DL,ORD,DEN,1548,5.74,5.33,8.23,9.97,8.03,-0.5798,-0.2224,94,ORD-DEN,159,0,0,1,0,0,0,0,-7,2025-03-05 00:38:00,2025-03-05 03:20:00,-4,0
2025-10-17 11:15:00,2025-10-17 15:40:00,UA,LAX,DFW,2881,13.97,15.27,0.0,0.0,14.57,0.8074,0.7095,74,LAX-DFW,265,11,0,0,0,0,0,0,14,2025-10-17 11:29:00,2025-10-17 15:56:00,16,1
2025-07-05 14:00:00,2025-07-05 19:54:00,DL,DFW,DEN,3989,12.81,13.42,0.0,0.0,11.43,1.3507,-0.4729,55,DFW-DEN,354,14,0,0,0,0,0,0,6,2025-07-05 14:06:00,2025-07-05 20:03:00,9,0
2025-02-14 07:15:00,2025-02-14 12:15:00,AA,ATL,LAX,3310,7.43,8.26,0.0,0.0,14.97,0.1864,0.0529,87,ATL-LAX,300,7,0,0,0,0,0,0,-3,2025-02-14 07:12:00,2025-02-14 12:09:00,-6,0
2025-12-28 01:45:00,2025-12-28 05:57:00,WN,SFO,ORD,2710,6.79,5.86,0.06,0.0,16.82,-0.9508,-0.6467,6,SFO-ORD,252,1,0,1,0,0,0,0,14,2025-12-28 01:59:00,2025-12-28 05:53:00,-4,0
2025-04-07 02:45:00,2025-04-07 05:27:00,UA,SEA,LAX,1584,13.78,19.6,0.0,0.0,15.6,-0.7547,-0.5985,54,SEA-LAX,162,2,0,1,0,0,0,0,1,2025-04-07 02:46:00,2025-04-07 05:27:00,0,0
2025-01-02 22:30:00,2025-01-03 00:01:00,DL,SFO,DFW,706,3.6,6.27,0.15,0.88,8.06,0.1773,-0.5264,98,SFO-DFW,91,22,0,1,0,0,0,0,-4,2025-01-02 22:26:00,2025-01-02 23:57:00,-4,0
2025-12-04 19:45:00,2025-12-05 01:44:00,UA,DEN,DFW,4050,2.9,0.37,0.0,0.0,17.0,0.3192,-0.4416,25,DEN-DFW,359,19,0,0,0,0,0,0,5,2025-12-04 19:50:00,2025-12-05 01:46:00,2,0
2025-01-07 22:00:00,2025-01-08 01:58:00,AA,DEN,LAX,2537,23.78,22.99,16.42,14.68,7.35,-0.5265,-0.7825,62,DEN-LAX,238,22,0,1,1,0,0,0,59,2025-01-07 22:59:00,2025-01-08 03:05:00,67,1
2025-07-21 12:40:00,2025-07-21 16:13:00,B6,DEN,ORD,2219,7.09,7.26,0.0,0.75,20.36,-0.2005,0.1701,40,DEN-ORD,213,12,0,0,0,0,0,0,14,2025-07-21 12:54:00,2025-07-21 16:29:00,16,1
2025-12-29 13:40:00,2025-12-29 20:08:00,WN,ATL,DEN,4415,33.23,31.67,0.0,1.22,12.74,0.5808,-0.1201,11,ATL-DEN,388,13,0,0,0,0,0,0,5,2025-12-29 13:45:00,2025-12-29 20:20:00,12,0
2025-07-30 18:30:00,2025-07-30 20:24:00,B6,BOS,ATL,990,5.6,4.81,0.76,0.33,12.99,1.0705,-0.9614,15,BOS-ATL,114,18,0,0,0,0,0,0,18,2025-07-30 18:48:00,2025-07-30 20:22:00,-2,0
2025-08-02 14:40:00,2025-08-02 17:04:00,UA,DEN,ORD,1366,9.39,9.99,13.5,12.56,11.06,-0.0086,-0.9311,1,DEN-ORD,144,14,0,0,1,0,0,0,23,2025-08-02 15:03:00,2025-08-02 17:33:00,29,1
2025-05-22 10:20:00,2025-05-22 16:06:00,B6,SFO,LAX,3888,4.44,3.42,0.0,0.0,17.84,0.6117,0.5005,92,SFO-LAX,346,10,0,0,0,0,0,0,3,2025-05-22 10:23:00,2025-05-22 15:59:00,-7,0
2025-02-16 07:30:00,2025-02-16 10:05:00,DL,BOS,ATL,1494,13.85,11.26,0.0,1.11,14.46,-0.004,0.6572,24,BOS-ATL,155,7,0,0,0,0,0,0,11,2025-02-16 07:41:00,2025-02-16 10:30:00,25,1
2025-07-29 11:30:00,2025-07-29 17:46:00,B6,JFK,LAX,4260,7.88,8.37,0.17,1.17,16.5,0.3135,0.9676,43,JFK-LAX,376,11,0,0,0,0,0,0,0,2025-07-29 11:30:00,2025-07-29 17:43:00,-3,0
2025-11-24 01:45:00,2025-11-24 07:32:00,B6,JFK,ATL,3903,6.08,7.6,0.0,0.34,12.5,-0.6513,-0.8898,54,JFK-ATL,347,1,0,1,0,0,0,0,8,2025-11-24 01:53:00,2025-11-24 07:35:00,3,0
2025-02-03 04:10:00,2025-02-03 05:42:00,B6,DFW,LAX,717,11.91,10.18,0.27,0.25,16.91,0.3911,-0.0126,83,DFW-LAX,92,4,0,1,0,0,0,0,6,2025-02-03 04:16:00,2025-02-03 05:41:00,-1,0
2025-11-18 17:15:00,2025-11-18 20:48:00,WN,SFO,ORD,2222,9.36,8.35,8.34,8.18,12.84,1.3668,-0.8226,72,SFO-ORD,213,17,0,0,0,0,0,0,-10,2025-11-18 17:05:00,2025-11-18 20:44:00,-4,0
2025-06-01 20:20:00,2025-06-02 01:32:00,DL,ATL,SEA,3457,11.27,10.09,1.2,0.47,11.91,0.3667,0.1213,94,ATL-SEA,312,20,0,1,0,0,0,0,6,2025-06-01 20:26:00,2025-06-02 01:45:00,13,0
2025-07-15 02:10:00,2025-07-15 05:53:00,WN,SEA,ORD,2356,4.61,4.67,16.02,16.86,9.81,0.4195,0.2809,88,SEA-ORD,223,2,0,1,1,0,0,0,59,2025-07-15 03:09:00,2025-07-15 07:21:00,88,1
2025-03-02 02:15:00,2025-03-02 04:26:00,AA,ORD,BOS,1203,12.31,9.05,0.0,0.17,16.42,-0.8905,0.0689,35,ORD-BOS,131,2,0,1,0,0,0,0,7,2025-03-02 02:22:00,2025-03-02 04:51:00,25,1
2025-08-15 02:15:00,2025-08-15 03:29:00,DL,DEN,BOS,489,4.62,0.66,0.13,0.2,19.11,0.3413,-0.5446,21,DEN-BOS,74,2,0,1,0,0,0,0,-10,2025-08-15 02:05:00,2025-08-15 03:22:00,-7,0
2025-03-08 18:15:00,2025-03-08 19:16:00,DL,ORD,SEA,328,4.13,3.25,3.68,2.98,11.8,-2.0545,-0.1035,12,ORD-SEA,61,18,0,0,0,0,0,0,16,2025-03-08 18:31:00,2025-03-08 19:30:00,14,0
2025-04-10 07:20:00,2025-04-10 09:19:00,AA,DFW,SEA,1048,2.66,5.86,0.0,1.17,12.46,0.6539,-0.0811,13,DFW-SEA,119,7,0,0,0,0,0,0,0,2025-04-10 07:20:00,2025-04-10 09:08:00,-11,0
2025-09-21 07:30:00,2025-09-21 09:57:00,AA,SFO,DFW,1394,4.59,2.24,0.86,0.0,16.17,1.4384,0.8406,78,SFO-DFW,147,7,0,0,0,0,0,0,-2,2025-09-21 07:28:00,2025-09-21 09:49:00,-8,0
2025-01-19 00:40:00,2025-01-19 03:20:00,DL,ATL,SFO,1567,4.4,4.91,0.65,0.0,8.16,-0.5306,-0.5051,3,ATL-SFO,160,0,0,1,0,0,0,0,1,2025-01-19 00:41:00,2025-01-19 03:24:00,4,0
2025-06-13 23:15:00,2025-06-14 05:01:00,B6,ATL,SFO,3890,12.35,13.77,0.24,0.46,10.59,-0.2385,0.0009,59,ATL-SFO,346,23,0,1,0,0,0,0,6,2025-06-13 23:21:00,2025-06-14 05:04:00,3,0
2025-08-06 10:45:00,2025-08-06 14:35:00,UA,JFK,ATL,2436,9.54,5.51,0.05,1.14,18.25,0.9558,0.7518,66,JFK-ATL,230,10,0,0,0,0,0,0,19,2025-08-06 11:04:00,2025-08-06 14:59:00,24,1
2025-02-18 19:20:00,2025-02-18 21:06:00,UA,SFO,BOS,892,7.53,7.25,0.35,1.05,17.79,-0.8224,-0.2376,74,SFO-BOS,106,19,0,0,0,0,0,0,6,2025-02-18 19:26:00,2025-02-18 21:05:00,-1,0
2025-04-18 16:40:00,2025-04-18 18:07:00,B6,ATL,BOS,649,13.38,13.7,0.0,1.14,17.28,0.4682,-0.1721,3,ATL-BOS,87,16,0,0,0,0,0,0,3,2025-04-18 16:43:00,2025-04-18 17:59:00,-8,0
2025-05-06 03:00:00,2025-05-06 04:43:00,AA,SEA,LAX,848,10.91,9.07,0.13,0.0,18.3,-0.7506,-0.5278,38,SEA-LAX,103,3,0,1,0,0,0,0,5,2025-05-06 03:05:00,2025-05-06 04:35:00,-8,0
2025-08-31 19:10:00,2025-08-31 21:54:00,AA,SFO,DFW,1616,6.88,9.77,0.87,2.32,16.06,0.5731,0.2613,87,SFO-DFW,164,19,0,0,0,0,0,0,9,2025-08-31 19:19:00,2025-08-31 21:57:00,3,0
2025-12-23 13:20:00,2025-12-23 18:27:00,UA,JFK,ORD,3404,17.89,18.02,0.73,1.09,15.57,-0.2428,-0.2127,0,JFK-ORD,307,13,0,0,0,0,0,0,10,2025-12-23 13:30:00,2025-12-23 18:17:00,-10,0
2025-11-02 14:15:00,2025-11-02 15:31:00,WN,SEA,DEN,507,8.52,5.4,0.0,0.0,17.02,-2.754,0.5752,85,SEA-DEN,76,14,0,0,0,0,0,0,2,2025-11-02 14:17:00,2025-11-02 15:30:00,-1,0
2025-03-11 04:20:00,2025-03-11 07:35:00,UA,ORD,BOS,2006,16.39,14.7,0.13,0.0,15.09,-1.0505,0.2357,79,ORD-BOS,195,4,0,1,0,0,0,0,0,2025-03-11 04:20:00,2025-03-11 07:34:00,-1,0
2025-01-07 20:10:00,2025-01-07 23:39:00,B6,BOS,LAX,2179,3.91,7.18,0.0,0.76,15.02,-0.0935,0.1681,61,BOS-LAX,209,20,0,1,0,0,0,0,38,2025-01-07 20:48:00,2025-01-08 00:23:00,44,1
2025-01-19 22:20:00,2025-01-20 00:09:00,DL,SEA,LAX,923,9.58,10.88,16.01,15.43,4.36,1.867,0.3997,93,SEA-LAX,109,22,0,1,1,1,0,0,17,2025-01-19 22:37:00,2025-01-20 00:44:00,35,1
2025-08-06 09:40:00,2025-08-06 10:59:00,WN,ORD,SEA,546,16.62,15.91,1.54,0.79,16.69,-0.244,-0.908,5,ORD-SEA,79,9,0,0,0,0,0,0,-4,2025-08-06 09:36:00,2025-08-06 10:53:00,-6,0
2025-02-27 02:40:00,2025-02-27 04:56:00,DL,ATL,DEN,1266,14.2,17.82,0.0,0.08,16.01,-0.7164,-0.5259,87,ATL-DEN,136,2,0,1,0,0,0,0,23,2025-02-27 03:03:00,2025-02-27 05:24:00,28,1
2025-03-26 20:10:00,2025-03-26 22:00:00,DL,LAX,JFK,937,14.87,13.7,0.25,0.0,14.6,0.3112,-0.2695,7,LAX-JFK,110,20,0,1,0,0,0,0,15,2025-03-26 20:25:00,2025-03-26 22:14:00,14,0
2025-11-06 21:15:00,2025-11-07 02:41:00,UA,LAX,SFO,3637,4.49,10.61,0.0,0.36,11.33,-3.0828,0.6057,76,LAX-SFO,326,21,0,1,0,0,0,0,0,2025-11-06 21:15:00,2025-11-07 02:49:00,8,0
2025-11-15 12:30:00,2025-11-15 18:37:00,UA,SEA,LAX,4150,3.54,5.62,0.0,0.64,16.44,1.2749,-0.8658,66,SEA-LAX,367,12,0,0,0,0,0,0,4,2025-11-15 12:34:00,2025-11-15 18:38:00,1,0
2025-11-03 13:30:00,2025-11-03 17:58:00,DL,ORD,SFO,2917,4.02,3.21,0.25,0.0,14.28,0.6164,-0.3509,31,ORD-SFO,268,13,0,0,0,0,0,0,-1,2025-11-03 13:29:00,2025-11-03 17:54:00,-4,0
2025-04-03 05:45:00,2025-04-03 10:59:00,B6,JFK,DFW,3485,6.98,7.2,0.0,1.15,17.87,-0.5052,0.396,43,JFK-DFW,314,5,0,0,0,0,0,0,17,2025-04-03 06:02:00,2025-04-03 11:29:00,30,1
2025-08-15 01:20:00,2025-08-15 06:35:00,DL,DEN,ATL,3495,4.02,5.8,5.1,6.17,14.58,0.7228,0.2298,27,DEN-ATL,315,1,0,1,0,0,0,0,1,2025-08-15 01:21:00,2025-08-15 06:26:00,-9,0
2025-08-11 22:40:00,2025-08-12 04:34:00,UA,BOS,ORD,3985,16.1,12.85,0.0,0.0,19.32,0.3014,0.5946,23,BOS-ORD,354,22,0,1,0,0,0,0,6,2025-08-11 22:46:00,2025-08-12 04:30:00,-4,0
2025-03-09 11:50:00,2025-03-09 13:22:00,WN,ATL,JFK,710,9.9,10.58,0.0,0.04,11.78,-0.133,-0.1782,32,ATL-JFK,92,11,0,0,0,0,0,0,12,2025-03-09 12:02:00,2025-03-09 13:29:00,7,0
2025-07-22 06:15:00,2025-07-22 12:49:00,DL,LAX,ATL,4487,1.46,2.52,6.0,4.66,15.24,0.5466,-0.5129,58,LAX-ATL,394,6,0,0,0,0,0,0,9,2025-07-22 06:24:00,2025-07-22 12:42:00,-7,0
2025-07-11 16:45:00,2025-07-11 20:18:00,B6,SFO,BOS,2224,17.6,14.84,10.62,10.58,6.45,-0.0876,-0.0737,62,SFO-BOS,213,16,0,0,0,0,0,0,3,2025-07-11 16:48:00,2025-07-11 20:17:00,-1,0
2025-05-25 00:15:00,2025-05-25 04:16:00,WN,ATL,DEN,2580,11.49,13.18,0.0,1.15,18.93,0.1692,-0.3104,46,ATL-DEN,241,0,0,1,0,0,0,0,1,2025-05-25 00:16:00,2025-05-25 04:22:00,6,0
2025-10-02 01:15:00,2025-10-02 06:42:00,AA,ORD,BOS,3647,6.54,6.91,0.6,0.63,17.63,0.5556,-0.2907,73,ORD-BOS,327,1,0,1,0,0,0,0,-1,2025-10-02 01:14:00,2025-10-02 06:36:00,-6,0
2025-09-05 05:40:00,2025-09-05 09:25:00,DL,LAX,ORD,2373,7.19,3.57,1.13,0.0,16.19,-0.3769,0.0653,78,LAX-ORD,225,5,0,0,0,0,0,0,14,2025-09-05 05:54:00,2025-09-05 09:47:00,22,1
2025-07-14 10:30:00,2025-07-14 12:58:00,B6,BOS,LAX,1416,22.26,22.82,0.18,0.22,15.38,-0.1262,-0.2985,43,BOS-LAX,148,10,0,0,0,0,0,0,-8,2025-07-14 10:22:00,2025-07-14 12:51:00,-7,0
2025-09-22 08:30:00,2025-09-22 09:35:00,WN,BOS,DEN,379,1.37,5.36,19.64,18.17,6.45,-1.169,-0.7357,8,BOS-DEN,65,8,0,0,1,0,0,0,36,2025-09-22 09:06:00,2025-09-22 10:42:00,67,1
2025-10-06 04:10:00,2025-10-06 06:06:00,UA,DEN,ATL,1010,23.9,24.87,0.69,0.59,17.63,-1.2853,-0.924,46,DEN-ATL,116,4,0,1,0,0,0,0,-10,2025-10-06 04:00:00,2025-10-06 06:07:00,1,0
2025-07-26 08:00:00,2025-07-26 09:27:00,B6,ORD,ATL,654,5.58,6.54,0.04,1.54,18.84,-1.6997,0.0602,67,ORD-ATL,87,8,0,0,0,0,0,0,-3,2025-07-26 07:57:00,2025-07-26 09:16:00,-11,0
2025-04-08 08:50:00,2025-04-08 11:57:00,B6,DEN,SFO,1903,9.69,9.78,0.01,2.55,15.07,0.3645,-0.4212,58,DEN-SFO,187,8,0,0,0,0,0,0,7,2025-04-08 08:57:00,2025-04-08 12:17:00,20,1
2025-10-04 12:45:00,2025-10-04 18:06:00,UA,SEA,DFW,3571,10.76,11.74,0.23,1.78,20.34,-0.3142,0.5344,30,SEA-DFW,321,12,0,0,0,0,0,0,2,2025-10-04 12:47:00,2025-10-04 18:04:00,-2,0
2025-09-19 13:50:00,2025-09-19 16:41:00,WN,DFW,ATL,1700,3.26,3.1,0.68,0.28,16.0,-1.177,0.2239,22,DFW-ATL,171,13,0,0,0,0,0,0,-3,2025-09-19 13:47:00,2025-09-19 16:32:00,-9,0
2025-12-25 21:30:00,2025-12-26 01:50:00,WN,ATL,ORD,2808,10.05,9.34,0.0,0.18,18.53,-0.3846,0.6041,92,ATL-ORD,260,21,1,1,0,0,1,0,17,2025-12-25 21:47:00,2025-12-26 02:01:00,11,0
2025-02-24 19:50:00,2025-02-24 21:51:00,B6,ATL,SEA,1078,14.54,7.94,0.0,1.02,10.51,-1.0605,-0.3724,96,ATL-SEA,121,19,0,0,0,0,0,0,4,2025-02-24 19:54:00,2025-02-24 21:51:00,0,0
2025-06-03 07:20:00,2025-06-03 11:37:00,AA,DFW,BOS,2779,5.53,5.25,0.0,0.1,17.92,0.1834,0.199,19,DFW-BOS,257,7,0,0,0,0,0,0,-10,2025-06-03 07:10:00,2025-06-03 11:36:00,-1,0
2025-12-04 21:00:00,2025-12-05 03:19:00,AA,DFW,SFO,4306,10.01,10.0,0.0,0.0,11.76,0.9864,0.9207,27,DFW-SFO,379,21,0,1,0,0,0,0,-1,2025-12-04 20:59:00,2025-12-05 03:28:00,9,0
2025-07-07 12:10:00,2025-07-07 14:55:00,DL,ORD,LAX,1624,31.3,31.76,0.16,1.82,14.54,1.3274,-0.5227,11,ORD-LAX,165,12,0,0,0,0,0,0,11,2025-07-07 12:21:00,2025-07-07 15:15:00,20,1
2025-12-11 04:15:00,2025-12-11 07:56:00,AA,JFK,DEN,2329,17.27,17.38,0.15,0.0,16.37,-0.1546,0.8966,97,JFK-DEN,221,4,0,1,0,0,0,0,-3,2025-12-11 04:12:00,2025-12-11 07:50:00,-6,0
2025-01-05 08:20:00,2025-01-05 14:43:00,DL,BOS,ORD,4344,3.7,6.36,0.04,1.21,17.1,-0.1768,-0.6419,23,BOS-ORD,383,8,0,0,0,0,0,0,3,2025-01-05 08:23:00,2025-01-05 14:52:00,9,0
2025-01-13 17:50:00,2025-01-13 22:13:00,AA,BOS,DFW,2853,5.97,5.71,0.0,0.76,16.17,-1.8049,-0.6965,10,BOS-DFW,263,17,0,0,0,0,0,0,-10,2025-01-13 17:40:00,2025-01-13 22:09:00,-4,0
2025-10-18 19:15:00,2025-10-18 22:28:00,B6,LAX,ORD,1976,7.59,6.81,0.94,1.86,13.99,-1.4614,0.47,12,LAX-ORD,193,19,0,0,0,0,0,0,9,2025-10-18 19:24:00,2025-10-18 22:38:00,10,0
2025-05-11 08:30:00,2025-05-11 10:10:00,DL,DFW,BOS,808,17.16,13.24,3.37,4.08,16.53,1.3355,0.9613,57,DFW-BOS,100,8,0,0,0,0,0,0,-3,2025-05-11 08:27:00,2025-05-11 10:04:00,-6,0
2025-07-09 03:15:00,2025-07-09 09:29:00,DL,ORD,DEN,4236,3.26,1.83,0.0,0.0,11.64,0.1738,0.625,24,ORD-DEN,374,3,0,1,0,0,0,0,-7,2025-07-09 03:08:00,2025-07-09 09:09:00,-20,0
2025-06-06 04:40:00,2025-06-06 09:04:00,WN,SFO,ORD,2862,15.16,11.96,9.99,11.03,8.28,1.1237,-0.8777,85,SFO-ORD,264,4,0,1,0,0,0,0,-8,2025-06-06 04:32:00,2025-06-06 09:02:00,-2,0
2025-05-29 02:30:00,2025-05-29 03:48:00,DL,DFW,SEA,539,13.95,15.25,0.52,0.0,15.68,-1.8848,-0.6432,84,DFW-SEA,78,2,0,1,0,0,0,0,-1,2025-05-29 02:29:00,2025-05-29 03:43:00,-5,0
2025-12-09 16:10:00,2025-12-09 20:16:00,UA,JFK,ATL,2632,10.2,8.95,0.15,0.0,14.73,-0.076,0.3851,10,JFK-ATL,246,16,0,0,0,0,0,0,16,2025-12-09 16:26:00,2025-12-09 20:06:00,-10,0
2025-02-04 12:20:00,2025-02-04 18:44:00,AA,SEA,BOS,4367,17.31,16.42,0.0,0.0,14.9,-1.7347,0.7272,85,SEA-BOS,384,12,0,0,0,0,0,0,-3,2025-02-04 12:17:00,2025-02-04 18:39:00,-5,0
2025-10-09 10:00:00,2025-10-09 16:12:00,WN,BOS,LAX,4214,5.6,3.73,1.23,0.0,15.25,-2.1693,-0.0946,60,BOS-LAX,372,10,0,0,0,0,0,0,8,2025-10-09 10:08:00,2025-10-09 16:16:00,4,0
2025-11-21 16:50:00,2025-11-21 18:55:00,B6,JFK,SFO,1122,19.09,18.3,4.38,2.37,12.21,-0.8952,0.3211,13,JFK-SFO,125,16,0,0,0,0,0,0,7,2025-11-21 16:57:00,2025-11-21 18:55:00,0,0
2025-08-28 19:40:00,2025-08-28 22:57:00,B6,DEN,ORD,2031,0.94,3.54,5.25,7.5,14.22,1.8228,-0.1386,12,DEN-ORD,197,19,0,0,0,0,0,0,-4,2025-08-28 19:36:00,2025-08-28 22:53:00,-4,0
2025-05-25 19:50:00,2025-05-26 02:20:00,B6,LAX,ORD,4442,5.0,4.6,0.0,0.0,14.31,-0.806,-0.0468,11,LAX-ORD,390,19,0,0,0,0,0,0,1,2025-05-25 19:51:00,2025-05-26 02:14:00,-6,0
2025-02-28 03:50:00,2025-02-28 09:12:00,AA,ORD,DFW,3584,1.37,3.7,0.48,0.0,15.68,1.2513,0.6897,20,ORD-DFW,322,3,0,1,0,0,0,0,-8,2025-02-28 03:42:00,2025-02-28 09:01:00,-11,0
2025-09-07 14:10:00,2025-09-07 18:17:00,DL,BOS,ATL,2652,6.96,1.34,1.52,0.27,18.35,-0.2579,0.6129,28,BOS-ATL,247,14,0,0,0,0,0,0,-10,2025-09-07 14:00:00,2025-09-07 18:18:00,1,0
2025-06-21 21:40:00,2025-06-22 00:21:00,DL,BOS,ORD,1577,14.57,15.38,0.32,0.17,16.52,1.2306,0.177,13,BOS-ORD,161,21,0,1,0,0,0,0,19,2025-06-21 21:59:00,2025-06-22 00:49:00,28,1
2025-02-24 18:00:00,2025-02-24 23:15:00,B6,ATL,SEA,3503,10.28,11.24,0.43,0.0,17.45,0.6814,-0.5844,68,ATL-SEA,315,18,0,0,0,0,0,0,21,2025-02-24 18:21:00,2025-02-24 23:47:00,32,1
2025-05-12 07:50:00,2025-05-12 12:03:00,DL,ATL,DFW,2731,10.07,10.36,0.45,1.13,18.91,1.3182,-0.104,36,ATL-DFW,253,7,0,0,0,0,0,0,1,2025-05-12 07:51:00,2025-05-12 12:13:00,10,0
2025-12-17 09:45:00,2025-12-17 13:40:00,WN,ATL,JFK,2500,3.7,7.3,0.0,0.16,17.69,-0.4762,0.3965,44,ATL-JFK,235,9,0,0,0,0,0,0,10,2025-12-17 09:55:00,2025-12-17 13:42:00,2,0
2025-04-07 21:40:00,2025-04-08 03:50:00,WN,ORD,DEN,4193,10.37,8.31,0.0,0.0,15.2,0.2667,-0.9166,25,ORD-DEN,370,21,0,1,0,0,0,0,3,2025-04-07 21:43:00,2025-04-08 03:42:00,-8,0
2025-03-07 00:50:00,2025-03-07 03:56:00,B6,SFO,JFK,1884,20.76,20.59,0.0,0.0,13.53,0.1198,0.2184,61,SFO-JFK,186,0,0,1,0,0,0,0,0,2025-03-07 00:50:00,2025-03-07 04:18:00,22,1
2025-09-06 12:45:00,2025-09-06 17:14:00,AA,DFW,DEN,2925,5.09,3.44,0.56,0.55,16.63,2.5397,0.2426,92,DFW-DEN,269,12,0,0,0,0,0,0,0,2025-09-06 12:45:00,2025-09-06 17:20:00,6,0
2025-03-14 02:45:00,2025-03-14 03:59:00,AA,SEA,DFW,482,5.74,5.43,0.41,1.4,17.62,0.8987,0.1812,84,SEA-DFW,74,2,0,1,0,0,0,0,1,2025-03-14 02:46:00,2025-03-14 03:41:00,-18,0
2025-12-02 21:00:00,2025-12-03 01:58:00,DL,ORD,BOS,3286,5.44,2.84,0.0,2.69,15.19,-0.1439,-0.0103,97,ORD-BOS,298,21,0,1,0,0,0,0,7,2025-12-02 21:07:00,2025-12-03 02:02:00,4,0
2025-11-10 00:00:00,2025-11-10 04:03:00,WN,SEA,LAX,2598,11.56,10.34,0.0,0.0,16.68,2.0333,-0.1128,47,SEA-LAX,243,0,0,1,0,0,0,0,33,2025-11-10 00:33:00,2025-11-10 04:50:00,47,1
2025-12-25 00:50:00,2025-12-25 06:43:00,UA,ORD,DEN,3979,14.3,14.28,0.12,0.0,17.08,2.1162,0.3245,27,ORD-DEN,353,0,1,1,0,0,1,0,18,2025-12-25 01:08:00,2025-12-25 07:08:00,25,1
2025-11-30 07:15:00,2025-11-30 10:06:00,DL,BOS,ORD,1698,16.66,17.63,0.0,0.0,17.31,-0.643,-0.2789,5,BOS-ORD,171,7,0,0,0,0,0,0,7,2025-11-30 07:22:00,2025-11-30 10:09:00,3,0
2025-03-30 04:20:00,2025-03-30 10:30:00,AA,JFK,ORD,4186,7.28,6.13,10.13,10.86,13.28,0.2794,0.806,78,JFK-ORD,370,4,0,1,0,0,0,0,7,2025-03-30 04:27:00,2025-03-30 10:57:00,27,1
2025-03-19 11:00:00,2025-03-19 15:12:00,AA,JFK,SFO,2717,6.19,6.11,0.09,0.0,16.11,-0.3813,-0.9163,32,JFK-SFO,252,11,0,0,0,0,0,0,-1,2025-03-19 10:59:00,2025-03-19 15:11:00,-1,0
2025-05-06 07:30:00,2025-05-06 09:39:00,B6,LAX,BOS,1174,6.92,4.96,0.0,0.28,15.67,-1.5736,0.8021,77,LAX-BOS,129,7,0,0,0,0,0,0,-6,2025-05-06 07:24:00,2025-05-06 09:34:00,-5,0
2025-06-21 08:45:00,2025-06-21 10:38:00,B6,SEA,DEN,973,15.07,12.62,0.56,1.23,12.25,0.1833,0.7927,76,SEA-DEN,113,8,0,0,0,0,0,0,40,2025-06-21 09:25:00,2025-06-21 11:22:00,44,1
2025-11-18 13:45:00,2025-11-18 15:50:00,B6,BOS,DEN,1122,3.96,0.89,0.0,0.0,16.18,-3.0536,0.3736,33,BOS-DEN,125,13,0,0,0,0,0,0,8,2025-11-18 13:53:00,2025-11-18 15:57:00,7,0
2025-09-25 13:30:00,2025-09-25 16:10:00,WN,ORD,LAX,1568,10.34,4.61,0.34,0.0,17.3,0.0806,0.6294,89,ORD-LAX,160,13,0,0,0,0,0,0,26,2025-09-25 13:56:00,2025-09-25 16:45:00,35,1
2025-08-24 22:40:00,2025-08-25 02:44:00,B6,SEA,ATL,2611,8.53,6.55,0.04,1.32,16.01,-0.0519,-0.088,22,SEA-ATL,244,22,0,1,0,0,0,0,4,2025-08-24 22:44:00,2025-08-25 02:44:00,0,0
2025-11-17 11:30:00,2025-11-17 17:21:00,UA,BOS,ORD,3946,13.18,14.35,1.08,0.71,13.29,-0.0634,-0.5139,95,BOS-ORD,351,11,0,0,0,0,0,0,8,2025-11-17 11:38:00,2025-11-17 17:35:00,14,0
2025-08-24 13:20:00,2025-08-24 19:53:00,UA,DFW,SEA,4481,2.09,2.98,0.38,0.0,13.71,-0.213,-0.1323,77,DFW-SEA,393,13,0,0,0,0,0,0,6,2025-08-24 13:26:00,2025-08-24 20:13:00,20,1
2025-05-19 16:30:00,2025-05-19 21:17:00,B6,SFO,ORD,3148,16.98,16.12,0.29,0.14,16.82,-0.4315,0.6824,49,SFO-ORD,287,16,0,0,0,0,0,0,0,2025-05-19 16:30:00,2025-05-19 21:13:00,-4,0
2025-05-31 04:50:00,2025-05-31 08:34:00,UA,ATL,BOS,2358,10.1,13.95,0.26,0.0,17.53,-1.7088,0.1736,31,ATL-BOS,224,4,0,1,0,0,0,0,4,2025-05-31 04:54:00,2025-05-31 08:35:00,1,0
2025-07-08 16:15:00,2025-07-08 20:40:00,WN,BOS,JFK,2875,29.58,26.86,1.46,1.06,16.15,-1.4008,0.7226,37,BOS-JFK,265,16,0,0,0,0,0,0,14,2025-07-08 16:29:00,2025-07-08 20:37:00,-3,0
2025-02-02 20:20:00,2025-02-02 23:10:00,AA,SEA,JFK,1689,23.35,21.68,0.0,0.12,19.05,-0.0572,0.5599,0,SEA-JFK,170,20,0,1,0,0,0,0,12,2025-02-02 20:32:00,2025-02-02 23:15:00,5,0
2025-09-28 07:30:00,2025-09-28 09:51:00,AA,BOS,DFW,1328,21.36,19.54,8.56,9.97,9.77,-0.0499,-0.6173,74,BOS-DFW,141,7,0,0,0,0,0,0,-6,2025-09-28 07:24:00,2025-09-28 09:46:00,-5,0
2025-08-27 04:30:00,2025-08-27 08:29:00,B6,ORD,JFK,2556,1.37,1.45,0.07,0.0,17.25,0.8601,0.6378,33,ORD-JFK,239,4,0,1,0,0,0,0,4,2025-08-27 04:34:00,2025-08-27 08:20:00,-9,0
2025-09-24 08:00:00,2025-09-24 13:37:00,UA,SFO,ORD,3775,4.45,3.08,0.0,0.23,20.48,-0.475,-0.9843,54,SFO-ORD,337,8,0,0,0,0,0,0,6,2025-09-24 08:06:00,2025-09-24 13:31:00,-6,0
2025-07-14 06:15:00,2025-07-14 07:36:00,AA,JFK,SEA,570,20.48,19.45,10.53,10.45,9.82,-1.0742,0.9499,67,JFK-SEA,81,6,0,0,0,0,0,0,-6,2025-07-14 06:09:00,2025-07-14 07:40:00,4,0
2025-10-13 14:40:00,2025-10-13 16:16:00,WN,JFK,DEN,765,7.71,8.9,0.71,0.25,15.18,-0.3112,-0.475,86,JFK-DEN,96,14,0,0,0,0,0,0,-1,2025-10-13 14:39:00,2025-10-13 16:19:00,3,0
2025-12-13 20:40:00,2025-12-13 22:39:00,WN,DFW,DEN,1044,23.9,24.56,0.36,0.0,15.01,-2.2003,-0.4104,29,DFW-DEN,119,20,0,1,0,0,0,0,-1,2025-12-13 20:39:00,2025-12-13 22:41:00,2,0
2025-07-28 14:40:00,2025-07-28 16:49:00,DL,DFW,BOS,1181,8.75,9.94,1.06,0.0,17.86,0.1767,-0.3448,75,DFW-BOS,129,14,0,0,0,0,0,0,-1,2025-07-28 14:39:00,2025-07-28 17:01:00,12,0
2025-06-12 03:50:00,2025-06-12 05:39:00,AA,DFW,SEA,925,12.8,15.55,0.55,0.68,15.22,0.5724,0.8862,30,DFW-SEA,109,3,0,1,0,0,0,0,-3,2025-06-12 03:47:00,2025-06-12 05:39:00,0,0
2025-02-08 07:40:00,2025-02-08 09:23:00,UA,JFK,SFO,846,13.01,12.27,0.35,0.05,16.57,1.3206,0.3206,5,JFK-SFO,103,7,0,0,0,0,0,0,-1,2025-02-08 07:39:00,2025-02-08 09:24:00,1,0
2025-10-12 16:30:00,2025-10-12 17:38:00,WN,SFO,ORD,417,8.76,7.98,0.62,0.0,18.07,0.276,-0.4241,17,SFO-ORD,68,16,0,0,0,0,0,0,6,2025-10-12 16:36:00,2025-10-12 17:31:00,-7,0
2025-11-26 07:15:00,2025-11-26 10:11:00,AA,SFO,DEN,1763,15.94,17.17,0.26,0.0,16.59,-1.1286,-0.371,7,SFO-DEN,176,7,0,0,0,0,0,0,-2,2025-11-26 07:13:00,2025-11-26 10:05:00,-6,0
2025-09-13 14:15:00,2025-09-13 19:17:00,UA,SEA,BOS,3333,14.57,12.84,0.0,0.0,15.94,-0.6924,0.6641,23,SEA-BOS,302,14,0,0,0,0,0,0,-1,2025-09-13 14:14:00,2025-09-13 19:23:00,6,0
2025-11-12 16:45:00,2025-11-12 18:37:00,UA,BOS,ATL,959,4.39,3.73,0.0,0.0,14.91,-0.1845,-0.8389,98,BOS-ATL,112,16,0,0,0,0,0,0,-3,2025-11-12 16:42:00,2025-11-12 18:33:00,-4,0
2025-11-11 07:20:00,2025-11-11 10:08:00,AA,DEN,ATL,1666,32.31,33.64,0.0,1.04,19.1,-0.7042,0.588,72,DEN-ATL,168,7,0,0,0,0,0,0,10,2025-11-11 07:30:00,2025-11-11 10:09:00,1,0
2025-10-19 15:40:00,2025-10-19 22:06:00,UA,ORD,ATL,4387,3.31,3.4,14.21,13.67,8.65,-1.1744,0.4955,58,ORD-ATL,386,15,0,0,1,0,0,0,28,2025-10-19 16:08:00,2025-10-19 22:41:00,35,1
2025-07-03 09:00:00,2025-07-03 10:56:00,AA,JFK,BOS,1007,7.18,4.74,0.0,0.0,19.46,-0.6081,-0.3055,71,JFK-BOS,116,9,0,0,0,0,0,0,8,2025-07-03 09:08:00,2025-07-03 11:23:00,27,1
2025-02-06 03:10:00,2025-02-06 09:41:00,DL,DFW,ORD,4446,12.1,16.76,0.0,2.52,18.35,0.9674,0.2346,61,DFW-ORD,391,3,0,1,0,0,0,0,20,2025-02-06 03:30:00,2025-02-06 10:11:00,30,1
2025-01-02 08:10:00,2025-01-02 12:01:00,DL,DEN,ORD,2451,14.77,13.86,23.07,22.2,5.44,0.3718,0.6028,86,DEN-ORD,231,8,0,0,1,1,0,0,51,2025-01-02 09:01:00,2025-01-02 13:27:00,86,1
2025-03-16 10:10:00,2025-03-16 15:12:00,UA,BOS,SFO,3341,14.8,15.51,1.23,0.71,12.58,0.8519,-0.7303,60,BOS-SFO,302,10,0,0,0,0,0,0,-10,2025-03-16 10:00:00,2025-03-16 15:12:00,0,0
2025-06-07 00:30:00,2025-06-07 03:18:00,B6,DEN,JFK,1658,8.2,8.1,6.81,6.77,11.22,-0.7895,0.8997,48,DEN-JFK,168,0,0,1,0,0,0,0,15,2025-06-07 00:45:00,2025-06-07 03:43:00,25,1
2025-09-29 21:40:00,2025-09-30 00:28:00,DL,DFW,JFK,1663,14.54,15.21,0.18,0.0,19.74,1.3706,-0.5367,5,DFW-JFK,168,21,0,1,0,0,0,0,11,2025-09-29 21:51:00,2025-09-30 00:22:00,-6,0
2025-06-16 12:30:00,2025-06-16 15:41:00,AA,DFW,SFO,1950,7.7,4.65,1.46,0.35,14.97,0.3455,0.3081,48,DFW-SFO,191,12,0,0,0,0,0,0,3,2025-06-16 12:33:00,2025-06-16 15:38:00,-3,0
2025-01-09 00:15:00,2025-01-09 01:57:00,UA,JFK,BOS,837,10.27,8.01,0.58,0.0,16.5,0.402,0.3372,36,JFK-BOS,102,0,0,1,0,0,0,0,0,2025-01-09 00:15:00,2025-01-09 02:02:00,5,0
2025-03-18 20:30:00,2025-03-18 23:15:00,UA,DEN,LAX,1625,21.61,22.9,0.0,0.0,15.94,-0.0576,-0.5861,47,DEN-LAX,165,20,0,1,0,0,0,0,7,2025-03-18 20:37:00,2025-03-18 23:16:00,1,0
2025-12-24 20:00:00,2025-12-25 01:59:00,AA,BOS,SEA,4056,2.49,4.21,0.0,1.32,16.12,-2.4764,-0.775,99,BOS-SEA,359,20,1,1,0,0,1,0,51,2025-12-24 20:51:00,2025-12-25 03:11:00,72,1
2025-12-27 00:20:00,2025-12-27 01:20:00,DL,SEA,JFK,316,17.52,19.1,6.49,6.67,13.59,1.3771,0.531,30,SEA-JFK,60,0,0,1,0,0,0,0,16,2025-12-27 00:36:00,2025-12-27 01:49:00,29,1
2025-05-18 03:10:00,2025-05-18 07:21:00,WN,DFW,DEN,2702,10.82,9.77,0.0,0.72,14.03,0.3035,-0.178,88,DFW-DEN,251,3,0,1,0,0,0,0,23,2025-05-18 03:33:00,2025-05-18 07:44:00,23,1
2025-10-21 08:00:00,2025-10-21 12:50:00,WN,DEN,LAX,3190,4.21,3.47,0.46,0.0,16.44,-1.0206,0.3355,96,DEN-LAX,290,8,0,0,0,0,0,0,3,2025-10-21 08:03:00,2025-10-21 13:06:00,16,1
2025-09-20 12:10:00,2025-09-20 13:56:00,B6,LAX,SFO,893,5.4,2.59,11.78,12.16,9.53,2.0696,-0.8921,45,LAX-SFO,106,12,0,0,0,0,0,0,9,2025-09-20 12:19:00,2025-09-20 13:50:00,-6,0
2025-12-06 17:00:00,2025-12-06 18:36:00,WN,JFK,DEN,764,6.83,7.19,0.29,0.0,15.91,0.0169,0.5508,8,JFK-DEN,96,17,0,0,0,0,0,0,6,2025-12-06 17:06:00,2025-12-06 18:39:00,3,0
2025-11-20 10:20:00,2025-11-20 14:25:00,DL,LAX,SEA,2620,17.31,19.81,0.63,0.5,15.1,-0.374,0.5694,19,LAX-SEA,245,10,0,0,0,0,0,0,1,2025-11-20 10:21:00,2025-11-20 14:23:00,-2,0
2025-08-18 14:30:00,2025-08-18 16:43:00,B6,BOS,ATL,1220,12.86,11.25,0.0,0.0,11.99,-0.978,-0.1171,72,BOS-ATL,133,14,0,0,0,0,0,0,-2,2025-08-18 14:28:00,2025-08-18 16:40:00,-3,0
2025-05-25 00:30:00,2025-05-25 06:58:00,UA,ORD,DEN,4407,2.83,0.0,0.09,0.0,16.49,-0.632,-0.4624,84,ORD-DEN,388,0,0,1,0,0,0,0,-10,2025-05-25 00:20:00,2025-05-25 06:55:00,-3,0
2025-08-17 15:20:00,2025-08-17 17:23:00,UA,BOS,ORD,1099,17.34,17.91,11.86,13.23,10.66,-1.6099,-0.907,47,BOS-ORD,123,15,0,0,0,0,0,0,1,2025-08-17 15:21:00,2025-08-17 17:34:00,11,0
2025-04-27 21:10:00,2025-04-27 22:53:00,AA,SEA,JFK,849,13.88,14.84,0.2,0.0,19.9,-0.4483,-0.4374,6,SEA-JFK,103,21,0,1,0,0,0,0,0,2025-04-27 21:10:00,2025-04-27 22:51:00,-2,0
2025-05-08 12:00:00,2025-05-08 14:50:00,UA,DFW,BOS,1691,1.89,0.0,0.35,0.57,14.52,-0.1288,-0.2037,92,DFW-BOS,170,12,0,0,0,0,0,0,-5,2025-05-08 11:55:00,2025-05-08 14:42:00,-8,0
2025-08-11 10:40:00,2025-08-11 13:31:00,B6,DFW,BOS,1694,6.55,4.66,31.29,30.5,3.68,0.5525,-0.5162,79,DFW-BOS,171,10,0,0,1,1,0,0,33,2025-08-11 11:13:00,2025-08-11 14:31:00,60,1
2025-07-28 07:50:00,2025-07-28 09:43:00,DL,DFW,BOS,972,18.97,19.42,0.0,0.0,15.6,-1.8215,-0.9328,4,DFW-BOS,113,7,0,0,0,0,0,0,29,2025-07-28 08:19:00,2025-07-28 10:25:00,42,1
2025-08-01 22:15:00,2025-08-02 02:57:00,B6,DFW,SEA,3092,10.68,12.36,3.44,5.75,17.49,-0.8064,-0.7681,73,DFW-SEA,282,22,0,1,0,0,0,0,-9,2025-08-01 22:06:00,2025-08-02 02:54:00,-3,0
2025-05-21 00:10:00,2025-05-21 03:06:00,WN,LAX,SFO,1757,13.09,17.75,0.0,0.36,13.44,-1.2366,0.257,68,LAX-SFO,176,0,0,1,0,0,0,0,0,2025-05-21 00:10:00,2025-05-21 03:07:00,1,0
2025-05-30 06:15:00,2025-05-30 10:11:00,DL,JFK,ATL,2513,0.01,2.05,0.08,2.2,16.36,0.903,-0.4543,14,JFK-ATL,236,6,0,0,0,0,0,0,3,2025-05-30 06:18:00,2025-05-30 10:27:00,16,1
2025-01-04 03:10:00,2025-01-04 05:31:00,B6,BOS,DEN,1321,0.0,0.59,0.37,0.89,16.96,0.6724,0.6808,43,BOS-DEN,141,3,0,1,0,0,0,0,-8,2025-01-04 03:02:00,2025-01-04 05:31:00,0,0
2025-08-08 20:10:00,2025-08-08 21:41:00,B6,LAX,SEA,705,16.2,13.58,0.0,0.0,15.13,-1.9116,-0.5994,95,LAX-SEA,91,20,0,1,0,0,0,0,9,2025-08-08 20:19:00,2025-08-08 21:40:00,-1,0
2025-07-30 11:20:00,2025-07-30 12:40:00,DL,DEN,SEA,557,7.22,5.25,5.95,5.81,14.49,-0.2775,-0.69,0,DEN-SEA,80,11,0,0,0,0,0,0,2,2025-07-30 11:22:00,2025-07-30 12:55:00,15,1
2025-12-08 22:45:00,2025-12-09 00:02:00,B6,ATL,ORD,521,13.8,16.98,16.25,18.01,7.37,1.3983,-0.2234,55,ATL-ORD,77,22,0,1,1,0,0,0,4,2025-12-08 22:49:00,2025-12-09 00:32:00,30,1
2025-07-04 15:40:00,2025-07-04 21:31:00,WN,SEA,ORD,3956,18.13,19.02,0.0,0.22,17.09,0.736,0.2612,42,SEA-ORD,351,15,1,0,0,0,0,0,13,2025-07-04 15:53:00,2025-07-04 21:32:00,1,0
2025-06-20 13:50:00,2025-06-20 16:18:00,AA,DEN,SEA,1410,7.73,3.64,0.0,0.65,17.22,-0.3482,0.7183,55,DEN-SEA,148,13,0,0,0,0,0,0,-4,2025-06-20 13:46:00,2025-06-20 16:18:00,0,0
2025-01-25 12:15:00,2025-01-25 14:57:00,WN,LAX,DFW,1583,10.65,6.77,0.0,1.41,16.11,0.4264,0.4869,45,LAX-DFW,162,12,0,0,0,0,0,0,-7,2025-01-25 12:08:00,2025-01-25 14:47:00,-10,0
2025-03-13 04:20:00,2025-03-13 08:34:00,B6,BOS,SFO,2732,6.99,5.49,5.37,2.38,14.28,0.7961,0.2549,1,BOS-SFO,254,4,0,1,0,0,0,0,5,2025-03-13 04:25:00,2025-03-13 08:20:00,-14,0
2025-05-04 13:20:00,2025-05-04 14:51:00,B6,DFW,SEA,700,3.22,7.89,0.98,0.7,16.79,1.7625,-0.3009,73,DFW-SEA,91,13,0,0,0,0,0,0,-5,2025-05-04 13:15:00,2025-05-04 14:48:00,-3,0
2025-05-18 16:00:00,2025-05-18 20:21:00,UA,DFW,DEN,2822,9.92,8.14,0.0,1.35,19.96,-0.4348,0.9817,99,DFW-DEN,261,16,0,0,0,0,0,0,6,2025-05-18 16:06:00,2025-05-18 20:35:00,14,0
2025-05-13 23:20:00,2025-05-14 03:14:00,WN,BOS,ATL,2490,17.58,17.92,0.61,0.0,17.34,1.3608,-0.4828,65,BOS-ATL,234,23,0,1,0,0,0,0,-1,2025-05-13 23:19:00,2025-05-14 03:13:00,-1,0
2025-05-24 13:15:00,2025-05-24 18:40:00,WN,SFO,JFK,3624,8.11,6.06,0.99,1.05,15.95,-0.5504,-0.5639,96,SFO-JFK,325,13,0,0,0,0,0,0,14,2025-05-24 13:29:00,2025-05-24 18:57:00,17,1
2025-10-08 22:20:00,2025-10-09 00:00:00,UA,DEN,ORD,817,5.29,5.61,0.0,0.0,16.57,-0.5993,0.1976,71,DEN-ORD,100,22,0,1,0,0,0,0,17,2025-10-08 22:37:00,2025-10-09 00:21:00,21,1
2025-02-17 22:10:00,2025-02-17 23:15:00,DL,LAX,SEA,371,5.42,5.41,0.22,0.0,16.61,-0.1838,0.5909,80,LAX-SEA,65,22,1,1,0,0,1,0,36,2025-02-17 22:46:00,2025-02-17 23:55:00,40,1
2025-05-02 12:40:00,2025-05-02 17:59:00,UA,LAX,BOS,3546,17.08,15.98,0.13,0.79,14.47,0.1596,0.95,73,LAX-BOS,319,12,0,0,0,0,0,0,9,2025-05-02 12:49:00,2025-05-02 18:00:00,1,0
2025-03-01 10:45:00,2025-03-01 13:48:00,AA,DFW,LAX,1854,18.2,17.86,5.37,4.61,17.71,0.7542,-0.2271,9,DFW-LAX,183,10,0,0,0,0,0,0,15,2025-03-01 11:00:00,2025-03-01 14:11:00,23,1
2025-04-23 03:50:00,2025-04-23 05:10:00,AA,LAX,ORD,558,5.83,4.97,3.11,3.62,14.69,-0.0965,-0.2174,55,LAX-ORD,80,3,0,1,0,0,0,0,16,2025-04-23 04:06:00,2025-04-23 05:20:00,10,0
2025-09-07 06:00:00,2025-09-07 10:06:00,B6,LAX,ATL,2636,1.4,0.0,0.22,0.65,19.98,-0.5093,0.6354,6,LAX-ATL,246,6,0,0,0,0,0,0,11,2025-09-07 06:11:00,2025-09-07 10:12:00,6,0
2025-01-18 21:00:00,2025-01-19 00:35:00,B6,ATL,ORD,2251,5.37,1.28,0.0,0.0,15.35,-0.8574,0.8098,69,ATL-ORD,215,21,0,1,0,0,0,0,-4,2025-01-18 20:56:00,2025-01-19 00:35:00,0,0
2025-05-04 03:50:00,2025-05-04 10:09:00,UA,ORD,DEN,4294,7.0,9.13,0.3,0.77,10.63,0.593,0.1572,26,ORD-DEN,379,3,0,1,0,0,0,0,12,2025-05-04 04:02:00,2025-05-04 10:17:00,8,0
2025-01-09 09:45:00,2025-01-09 16:01:00,AA,BOS,ATL,4264,5.87,7.26,0.85,0.0,15.58,0.0389,-0.9848,52,BOS-ATL,376,9,0,0,0,0,0,0,40,2025-01-09 10:25:00,2025-01-09 16:33:00,32,1
2025-12-15 16:30:00,2025-12-15 20:30:00,AA,DFW,DEN,2563,1.14,5.07,1.03,1.51,15.59,0.2953,0.0152,90,DFW-DEN,240,16,0,0,0,0,0,0,21,2025-12-15 16:51:00,2025-12-15 21:07:00,37,1
2025-09-23 05:15:00,2025-09-23 07:07:00,DL,DFW,ORD,967,7.97,9.59,0.86,1.14,15.2,0.3947,-0.2066,52,DFW-ORD,112,5,0,0,0,0,0,0,1,2025-09-23 05:16:00,2025-09-23 07:02:00,-5,0
2025-03-30 23:30:00,2025-03-31 04:40:00,DL,JFK,SEA,3441,37.7,36.24,3.01,5.24,18.02,1.3946,-0.0525,17,JFK-SEA,310,23,0,1,0,0,0,0,-10,2025-03-30 23:20:00,2025-03-31 04:27:00,-13,0
2025-03-14 15:30:00,2025-03-14 17:37:00,UA,ATL,LAX,1145,3.94,2.51,5.83,6.63,9.43,1.1192,-0.6356,89,ATL-LAX,127,15,0,0,0,0,0,0,3,2025-03-14 15:33:00,2025-03-14 17:31:00,-6,0
2025-02-06 00:45:00,2025-02-06 06:26:00,DL,ORD,JFK,3819,11.59,9.48,16.3,15.17,11.38,0.7484,0.3545,81,ORD-JFK,341,0,0,1,1,0,0,0,29,2025-02-06 01:14:00,2025-02-06 07:03:00,37,1
2025-06-22 05:30:00,2025-06-22 09:51:00,UA,DFW,BOS,2821,14.34,13.44,0.42,0.0,15.19,-0.1517,0.9928,2,DFW-BOS,261,5,0,0,0,0,0,0,2,2025-06-22 05:32:00,2025-06-22 09:46:00,-5,0
2025-10-03 17:00:00,2025-10-03 19:58:00,WN,ATL,ORD,1788,17.45,16.6,0.0,0.0,17.07,-1.2794,0.3223,49,ATL-ORD,178,17,0,0,0,0,0,0,19,2025-10-03 17:19:00,2025-10-03 20:23:00,25,1
2025-08-02 20:40:00,2025-08-03 03:08:00,AA,ATL,SEA,4415,8.12,11.44,0.0,0.0,13.9,-0.4805,-0.4602,92,ATL-SEA,388,20,0,1,0,0,0,0,7,2025-08-02 20:47:00,2025-08-03 03:08:00,0,0
2025-11-18 22:45:00,2025-11-19 02:37:00,UA,JFK,SFO,2460,2.97,2.54,0.0,0.0,9.86,-0.0914,-0.1369,53,JFK-SFO,232,22,0,1,0,0,0,0,-5,2025-11-18 22:40:00,2025-11-19 02:32:00,-5,0
2025-05-06 20:15:00,2025-05-06 23:24:00,UA,LAX,DFW,1920,15.59,12.71,0.0,0.32,16.32,-0.6835,0.2642,89,LAX-DFW,189,20,0,1,0,0,0,0,-6,2025-05-06 20:09:00,2025-05-06 23:19:00,-5,0
2025-04-12 01:00:00,2025-04-12 03:02:00,WN,JFK,DEN,1093,3.71,0.32,0.0,0.0,19.95,0.5648,0.5177,33,JFK-DEN,122,1,0,1,0,0,0,0,5,2025-04-12 01:05:00,2025-04-12 03:00:00,-2,0
2025-06-24 17:10:00,2025-06-24 21:47:00,WN,ORD,DEN,3024,9.9,10.45,0.0,0.0,17.84,0.0671,0.7507,72,ORD-DEN,277,17,0,0,0,0,0,0,4,2025-06-24 17:14:00,2025-06-24 21:41:00,-6,0
2025-03-15 02:45:00,2025-03-15 05:15:00,B6,ORD,SEA,1433,7.23,8.21,3.79,3.13,15.93,-0.8984,-0.0927,63,ORD-SEA,150,2,0,1,0,0,0,0,-3,2025-03-15 02:42:00,2025-03-15 05:06:00,-9,0
2025-12-23 01:20:00,2025-12-23 03:10:00,UA,SEA,JFK,939,6.31,3.02,21.76,20.57,0.2,1.3599,0.8625,83,SEA-JFK,110,1,0,1,1,1,0,0,8,2025-12-23 01:28:00,2025-12-23 03:19:00,9,0
2025-03-09 16:30:00,2025-03-09 18:09:00,DL,SFO,ATL,796,5.29,5.49,5.63,3.7,16.28,0.4417,0.8343,69,SFO-ATL,99,16,0,0,0,0,0,0,-2,2025-03-09 16:28:00,2025-03-09 18:06:00,-3,0
2025-06-24 11:50:00,2025-06-24 16:24:00,UA,SEA,SFO,2993,15.27,12.65,0.0,0.58,16.47,0.101,0.4758,3,SEA-SFO,274,11,0,0,0,0,0,0,20,2025-06-24 12:10:00,2025-06-24 16:44:00,20,1
2025-07-10 15:00:00,2025-07-10 21:08:00,AA,SEA,ATL,4168,10.31,6.38,5.1,5.58,11.91,1.0881,0.768,53,SEA-ATL,368,15,0,0,0,0,0,0,10,2025-07-10 15:10:00,2025-07-10 21:16:00,8,0
2025-01-21 20:10:00,2025-01-21 22:34:00,AA,DFW,SFO,1361,0.94,6.23,0.0,0.0,13.41,-0.7872,0.1615,55,DFW-SFO,144,20,0,1,0,0,0,0,3,2025-01-21 20:13:00,2025-01-21 22:34:00,0,0
2025-06-20 01:45:00,2025-06-20 03:57:00,WN,JFK,BOS,1212,16.0,18.17,1.17,0.0,15.24,-0.6226,-0.9996,79,JFK-BOS,132,1,0,1,0,0,0,0,-4,2025-06-20 01:41:00,2025-06-20 03:57:00,0,0
2025-06-15 12:30:00,2025-06-15 16:55:00,B6,LAX,JFK,2875,23.58,25.73,0.01,0.0,17.27,-0.3589,-0.0061,38,LAX-JFK,265,12,0,0,0,0,0,0,13,2025-06-15 12:43:00,2025-06-15 17:26:00,31,1
2025-04-05 20:00:00,2025-04-05 21:47:00,UA,BOS,DEN,900,4.15,0.09,0.71,1.34,18.62,0.5243,-0.0122,74,BOS-DEN,107,20,0,1,0,0,0,0,5,2025-04-05 20:05:00,2025-04-05 21:44:00,-3,0
2025-02-16 10:40:00,2025-02-16 12:09:00,B6,ORD,DFW,672,7.5,9.22,0.0,0.0,18.6,0.3301,-0.8545,61,ORD-DFW,89,10,0,0,0,0,0,0,19,2025-02-16 10:59:00,2025-02-16 11:59:00,-10,0
2025-01-17 12:10:00,2025-01-17 16:43:00,UA,LAX,DFW,2977,9.91,8.92,0.0,0.05,17.26,3.128,-0.3698,56,LAX-DFW,273,12,0,0,0,0,0,0,1,2025-01-17 12:11:00,2025-01-17 16:34:00,-9,0
2025-01-04 11:45:00,2025-01-04 15:40:00,WN,JFK,DFW,2504,3.99,4.07,12.55,14.21,8.57,-0.9693,-0.2105,31,JFK-DFW,235,11,0,0,1,0,0,0,27,2025-01-04 12:12:00,2025-01-04 16:34:00,54,1
2025-06-25 21:45:00,2025-06-25 22:54:00,WN,SEA,JFK,420,21.97,21.97,8.67,7.64,12.17,0.0869,0.3283,35,SEA-JFK,69,21,0,1,0,0,0,0,12,2025-06-25 21:57:00,2025-06-25 22:49:00,-5,0
2025-02-02 01:45:00,2025-02-02 04:04:00,UA,ORD,SFO,1297,10.47,7.32,0.01,0.0,17.54,-0.2656,0.0254,71,ORD-SFO,139,1,0,1,0,0,0,0,12,2025-02-02 01:57:00,2025-02-02 04:06:00,2,0
2025-12-17 21:20:00,2025-12-17 23:26:00,DL,SFO,DEN,1133,16.96,19.06,0.61,0.0,18.21,0.4425,-0.9639,1,SFO-DEN,126,21,0,1,0,0,0,0,10,2025-12-17 21:30:00,2025-12-17 23:24:00,-2,0
2025-03-31 19:15:00,2025-04-01 00:03:00,WN,SFO,BOS,3163,11.14,11.04,14.11,14.5,11.99,0.8677,0.9596,52,SFO-BOS,288,19,0,0,1,0,0,0,16,2025-03-31 19:31:00,2025-04-01 00:30:00,27,1
2025-08-27 19:50:00,2025-08-28 00:33:00,UA,SEA,ATL,3095,19.93,21.06,1.39,1.83,15.61,0.2331,-0.3381,90,SEA-ATL,283,19,0,0,0,0,0,0,-3,2025-08-27 19:47:00,2025-08-28 00:28:00,-5,0
2025-09-03 09:30:00,2025-09-03 14:40:00,B6,DEN,ORD,3440,10.07,11.08,0.0,1.86,11.98,0.3687,-0.1705,8,DEN-ORD,310,9,0,0,0,0,0,0,21,2025-09-03 09:51:00,2025-09-03 15:17:00,37,1
2025-06-30 12:40:00,2025-06-30 14:12:00,AA,BOS,ORD,717,6.46,8.31,0.17,1.27,18.98,-0.3593,0.2005,94,BOS-ORD,92,12,0,0,0,0,0,0,-3,2025-06-30 12:37:00,2025-06-30 14:06:00,-6,0
2025-11-19 08:10:00,2025-11-19 13:54:00,AA,DEN,LAX,3862,12.85,9.21,0.0,0.0,15.94,1.6342,0.9239,74,DEN-LAX,344,8,0,0,0,0,0,0,1,2025-11-19 08:11:00,2025-11-19 13:45:00,-9,0
2025-02-10 06:30:00,2025-02-10 08:39:00,WN,ORD,ATL,1179,3.92,6.2,0.0,0.0,19.3,-0.4715,-0.2863,70,ORD-ATL,129,6,0,0,0,0,0,0,1,2025-02-10 06:31:00,2025-02-10 08:43:00,4,0
2025-03-27 21:30:00,2025-03-28 04:02:00,UA,SEA,DEN,4468,11.84,12.69,7.79,8.89,11.6,-3.132,-0.2316,33,SEA-DEN,392,21,0,1,0,0,0,0,11,2025-03-27 21:41:00,2025-03-28 04:18:00,16,1
2025-04-03 12:15:00,2025-04-03 18:07:00,UA,SEA,ORD,3962,2.64,4.42,0.0,1.53,19.18,-0.5982,0.0938,64,SEA-ORD,352,12,0,0,0,0,0,0,8,2025-04-03 12:23:00,2025-04-03 18:15:00,8,0
2025-02-19 17:45:00,2025-02-19 21:18:00,UA,ORD,SFO,2229,4.62,10.83,7.72,7.36,13.74,2.3827,-0.563,75,ORD-SFO,213,17,0,0,0,0,0,0,-2,2025-02-19 17:43:00,2025-02-19 21:18:00,0,0
2025-04-18 02:10:00,2025-04-18 07:33:00,WN,ORD,SFO,3599,7.12,6.16,0.0,0.81,12.3,-1.1828,-0.7584,60,ORD-SFO,323,2,0,1,0,0,0,0,-9,2025-04-18 02:01:00,2025-04-18 07:30:00,-3,0
2025-04-25 18:40:00,2025-04-25 23:24:00,AA,SFO,DEN,3116,11.44,9.34,0.0,0.0,15.83,0.4816,0.0257,66,SFO-DEN,284,18,0,0,0,0,0,0,-5,2025-04-25 18:35:00,2025-04-25 23:27:00,3,0
2025-10-07 15:50:00,2025-10-07 21:09:00,UA,ORD,SFO,3549,18.64,21.49,5.44,8.03,12.29,-0.7983,0.9144,21,ORD-SFO,319,15,0,0,0,0,0,0,16,2025-10-07 16:06:00,2025-10-07 21:35:00,26,1
2025-04-21 23:30:00,2025-04-22 00:35:00,UA,BOS,DFW,377,6.36,5.31,0.24,0.0,17.77,0.4656,-0.0394,94,BOS-DFW,65,23,0,1,0,0,0,0,3,2025-04-21 23:33:00,2025-04-22 00:38:00,3,0
2025-11-16 03:00:00,2025-11-16 04:27:00,UA,JFK,LAX,652,16.03,14.41,0.0,0.0,18.9,1.1061,-0.2264,32,JFK-LAX,87,3,0,1,0,0,0,0,-10,2025-11-16 02:50:00,2025-11-16 04:21:00,-6,0
2025-10-10 12:30:00,2025-10-10 18:33:00,B6,DFW,DEN,4101,18.92,20.63,0.0,0.8,15.61,-0.458,-0.8254,73,DFW-DEN,363,12,0,0,0,0,0,0,-2,2025-10-10 12:28:00,2025-10-10 18:30:00,-3,0
2025-11-26 12:30:00,2025-11-26 17:51:00,AA,LAX,SFO,3581,15.31,16.14,0.0,0.0,16.07,1.2798,0.1272,80,LAX-SFO,321,12,0,0,0,0,0,0,11,2025-11-26 12:41:00,2025-11-26 18:03:00,12,0
2025-02-08 12:30:00,2025-02-08 16:56:00,AA,LAX,SFO,2886,12.28,11.7,0.0,0.0,15.04,1.0831,0.0007,20,LAX-SFO,266,12,0,0,0,0,0,0,8,2025-02-08 12:38:00,2025-02-08 17:00:00,4,0
2025-12-26 01:15:00,2025-12-26 03:59:00,UA,DEN,LAX,1611,9.27,9.14,0.0,0.88,16.07,0.3189,-0.1785,53,DEN-LAX,164,1,0,1,0,0,0,0,23,2025-12-26 01:38:00,2025-12-26 04:29:00,30,1
2025-08-13 11:40:00,2025-08-13 15:01:00,AA,DEN,SFO,2069,5.87,4.16,9.52,7.18,12.87,-0.0722,0.5064,26,DEN-SFO,201,11,0,0,0,0,0,0,11,2025-08-13 11:51:00,2025-08-13 15:08:00,7,0
2025-12-25 07:15:00,2025-12-25 10:26:00,UA,ATL,SFO,1950,2.79,2.14,19.45,19.97,9.05,-0.2228,-0.5415,6,ATL-SFO,191,7,1,0,1,0,0,0,26,2025-12-25 07:41:00,2025-12-25 11:00:00,34,1
2025-05-10 14:30:00,2025-05-10 17:55:00,WN,DEN,BOS,2124,8.48,9.13,14.44,14.08,8.13,-0.8139,0.6299,90,DEN-BOS,205,14,0,0,1,0,0,0,10,2025-05-10 14:40:00,2025-05-10 18:29:00,34,1
2025-12-14 05:30:00,2025-12-14 10:00:00,B6,SEA,SFO,2938,22.9,21.2,0.39,1.6,12.48,-1.1236,0.5816,67,SEA-SFO,270,5,0,0,0,0,0,0,-2,2025-12-14 05:28:00,2025-12-14 09:59:00,-1,0
2025-08-03 10:40:00,2025-08-03 15:54:00,DL,LAX,SEA,3483,24.03,22.31,2.84,3.75,13.27,0.5844,-0.8281,24,LAX-SEA,314,10,0,0,0,0,0,0,6,2025-08-03 10:46:00,2025-08-03 15:56:00,2,0
2025-01-27 14:45:00,2025-01-27 17:53:00,AA,SFO,DFW,1911,2.49,3.38,0.0,1.07,13.39,0.3444,0.9438,44,SFO-DFW,188,14,0,0,0,0,0,0,-7,2025-01-27 14:38:00,2025-01-27 17:52:00,-1,0
2025-05-30 01:50:00,2025-05-30 07:29:00,AA,SFO,LAX,3800,26.13,21.45,0.0,0.0,18.25,0.4156,-0.5568,55,SFO-LAX,339,1,0,1,0,0,0,0,5,2025-05-30 01:55:00,2025-05-30 07:25:00,-4,0
2025-02-20 18:45:00,2025-02-20 20:14:00,WN,SEA,LAX,679,14.96,13.43,7.17,5.67,11.97,1.0094,0.0101,15,SEA-LAX,89,18,0,0,0,0,0,0,-5,2025-02-20 18:40:00,2025-02-20 20:25:00,11,0
2025-12-10 17:45:00,2025-12-10 23:15:00,B6,BOS,SEA,3693,10.43,12.11,0.0,0.0,17.49,-0.0233,-0.2785,68,BOS-SEA,330,17,0,0,0,0,0,0,10,2025-12-10 17:55:00,2025-12-10 23:03:00,-12,0
2025-04-22 01:45:00,2025-04-22 06:31:00,DL,DFW,SEA,3141,20.98,21.43,7.75,7.97,15.19,1.3367,0.1876,46,DFW-SEA,286,1,0,1,0,0,0,0,20,2025-04-22 02:05:00,2025-04-22 07:01:00,30,1
2025-03-23 01:10:00,2025-03-23 05:01:00,UA,ATL,BOS,2444,20.9,19.7,17.04,17.21,6.52,-1.63,0.0815,10,ATL-BOS,231,1,0,1,1,0,0,0,9,2025-03-23 01:19:00,2025-03-23 05:27:00,26,1
2025-07-21 20:15:00,2025-07-21 23:20:00,B6,ATL,SFO,1875,2.96,2.0,6.23,6.67,15.25,1.7968,0.9807,51,ATL-SFO,185,20,0,1,0,0,0,0,-7,2025-07-21 20:08:00,2025-07-21 23:07:00,-13,0
2025-06-05 06:30:00,2025-06-05 09:34:00,DL,DEN,SEA,1858,5.34,1.19,17.4,17.7,8.11,-0.0312,0.8401,16,DEN-SEA,184,6,0,0,1,0,0,0,5,2025-06-05 06:35:00,2025-06-05 09:38:00,4,0
2025-02-05 20:20:00,2025-02-05 23:20:00,AA,DEN,JFK,1813,3.67,1.06,0.0,0.0,16.13,-0.7046,-0.4741,61,DEN-JFK,180,20,0,1,0,0,0,0,29,2025-02-05 20:49:00,2025-02-06 00:08:00,48,1
2025-10-26 11:40:00,2025-10-26 17:57:00,UA,ATL,SEA,4271,13.1,10.29,7.26,9.51,13.29,-0.1123,-0.3018,61,ATL-SEA,377,11,0,0,0,0,0,0,18,2025-10-26 11:58:00,2025-10-26 18:06:00,9,0
2025-11-05 08:00:00,2025-11-05 09:08:00,UA,SEA,LAX,412,5.7,0.0,0.0,0.17,13.75,1.5818,0.7646,90,SEA-LAX,68,8,0,0,0,0,0,0,31,2025-11-05 08:31:00,2025-11-05 09:59:00,51,1
2025-09-29 06:10:00,2025-09-29 10:42:00,AA,JFK,BOS,2963,7.52,9.53,0.1,1.27,16.93,-0.6609,0.2606,54,JFK-BOS,272,6,0,0,0,0,0,0,2,2025-09-29 06:12:00,2025-09-29 10:43:00,1,0
2025-08-14 15:40:00,2025-08-14 22:11:00,UA,LAX,ORD,4454,19.9,20.82,0.26,0.0,16.59,0.0988,0.5623,40,LAX-ORD,391,15,0,0,0,0,0,0,11,2025-08-14 15:51:00,2025-08-14 22:04:00,-7,0
2025-05-27 02:45:00,2025-05-27 06:47:00,DL,LAX,JFK,2583,12.33,14.5,0.0,0.0,13.76,-1.0349,0.1467,3,LAX-JFK,242,2,0,1,0,0,0,0,3,2025-05-27 02:48:00,2025-05-27 06:42:00,-5,0
2025-07-17 09:15:00,2025-07-17 13:49:00,AA,SFO,DFW,2984,14.17,13.11,0.08,0.4,17.78,0.4018,0.8996,53,SFO-DFW,274,9,0,0,0,0,0,0,-3,2025-07-17 09:12:00,2025-07-17 13:47:00,-2,0
2025-07-10 08:15:00,2025-07-10 12:35:00,UA,BOS,ORD,2812,32.53,33.77,0.92,1.41,18.1,1.2527,0.0434,71,BOS-ORD,260,8,0,0,0,0,0,0,11,2025-07-10 08:26:00,2025-07-10 12:57:00,22,1
2025-03-02 03:30:00,2025-03-02 07:19:00,B6,DFW,DEN,2424,0.0,0.0,0.01,0.0,15.03,0.2871,0.0425,90,DFW-DEN,229,3,0,1,0,0,0,0,9,2025-03-02 03:39:00,2025-03-02 07:22:00,3,0
2025-01-30 08:20:00,2025-01-30 12:51:00,AA,DEN,LAX,2945,6.81,6.27,0.24,0.6,16.07,-0.3619,-0.6417,6,DEN-LAX,271,8,0,0,0,0,0,0,50,2025-01-30 09:10:00,2025-01-30 13:51:00,60,1
2025-04-03 12:10:00,2025-04-03 18:13:00,AA,JFK,BOS,4094,7.0,7.81,18.38,17.3,7.71,-0.4091,-0.4673,32,JFK-BOS,363,12,0,0,1,0,0,0,24,2025-04-03 12:34:00,2025-04-03 18:57:00,44,1
2025-06-15 16:30:00,2025-06-15 21:29:00,B6,JFK,DFW,3294,7.37,5.09,0.0,0.0,13.15,0.1125,0.9079,74,JFK-DFW,299,16,0,0,0,0,0,0,-4,2025-06-15 16:26:00,2025-06-15 21:24:00,-5,0
2025-02-28 02:45:00,2025-02-28 08:29:00,B6,SEA,LAX,3868,17.13,16.86,1.2,1.15,16.41,0.5478,0.2673,9,SEA-LAX,344,2,0,1,0,0,0,0,-4,2025-02-28 02:41:00,2025-02-28 08:15:00,-14,0
2025-02-08 20:40:00,2025-02-09 00:45:00,DL,LAX,BOS,2623,7.95,10.65,0.0,0.11,16.85,0.8695,-0.0484,18,LAX-BOS,245,20,0,1,0,0,0,0,2,2025-02-08 20:42:00,2025-02-09 00:37:00,-8,0
2025-11-07 21:45:00,2025-11-08 03:04:00,DL,DEN,SFO,3548,1.5,4.15,0.0,0.0,0.58,-1.0406,0.5956,55,DEN-SFO,319,21,0,1,0,1,0,1,33,2025-11-07 22:18:00,2025-11-08 03:35:00,31,1
2025-05-17 16:40:00,2025-05-17 22:33:00,DL,LAX,DEN,3976,14.29,9.79,6.44,6.33,14.58,-0.4846,0.8085,52,LAX-DEN,353,16,0,0,0,0,0,0,6,2025-05-17 16:46:00,2025-05-17 22:20:00,-13,0
2025-08-02 22:50:00,2025-08-03 01:00:00,UA,SFO,ATL,1190,12.87,13.45,0.0,0.0,14.73,1.4482,0.1298,15,SFO-ATL,130,22,0,1,0,0,0,0,3,2025-08-02 22:53:00,2025-08-03 01:03:00,3,0
2025-07-11 10:10:00,2025-07-11 15:58:00,WN,LAX,SEA,3910,1.19,4.97,0.0,0.0,16.04,0.498,0.6096,63,LAX-SEA,348,10,0,0,0,0,0,0,2,2025-07-11 10:12:00,2025-07-11 15:54:00,-4,0
2025-09-26 19:00:00,2025-09-26 23:50:00,WN,LAX,DFW,3183,9.73,8.2,0.0,0.0,16.8,0.1476,-0.5331,56,LAX-DFW,290,19,0,0,0,0,0,0,4,2025-09-26 19:04:00,2025-09-26 23:42:00,-8,0
2025-09-28 17:00:00,2025-09-28 20:28:00,B6,BOS,JFK,2157,13.02,13.0,0.52,0.06,17.58,0.7835,-0.5682,26,BOS-JFK,208,17,0,0,0,0,0,0,-10,2025-09-28 16:50:00,2025-09-28 20:17:00,-11,0
2025-04-19 13:50:00,2025-04-19 19:09:00,B6,ATL,DEN,3551,19.38,18.78,0.5,0.29,17.11,-2.3391,-0.9595,32,ATL-DEN,319,13,0,0,0,0,0,0,3,2025-04-19 13:53:00,2025-04-19 19:10:00,1,0
2025-11-06 04:40:00,2025-11-06 06:36:00,AA,BOS,LAX,1007,6.8,5.75,0.12,0.0,16.68,0.6732,-0.5878,37,BOS-LAX,116,4,0,1,0,0,0,0,37,2025-11-06 05:17:00,2025-11-06 07:06:00,30,1
2025-05-16 13:10:00,2025-05-16 18:04:00,WN,ATL,SEA,3233,10.75,12.0,0.78,0.0,16.88,2.525,0.5647,42,ATL-SEA,294,13,0,0,0,0,0,0,-5,2025-05-16 13:05:00,2025-05-16 17:52:00,-12,0
2025-11-01 21:45:00,2025-11-02 01:58:00,UA,JFK,LAX,2721,5.33,5.83,22.07,21.25,7.54,0.0754,0.2135,55,JFK-LAX,253,21,0,1,1,0,0,0,16,2025-11-01 22:01:00,2025-11-02 02:48:00,50,1
2025-05-28 23:15:00,2025-05-29 05:12:00,B6,SEA,ORD,4030,9.72,8.97,0.0,0.0,16.49,0.2796,0.5815,19,SEA-ORD,357,23,0,1,0,0,0,0,17,2025-05-28 23:32:00,2025-05-29 05:20:00,8,0
2025-02-10 10:30:00,2025-02-10 14:58:00,WN,JFK,ATL,2907,5.56,6.13,0.08,0.0,14.61,-0.3261,0.0036,81,JFK-ATL,268,10,0,0,0,0,0,0,-2,2025-02-10 10:28:00,2025-02-10 15:01:00,3,0
2025-10-05 05:10:00,2025-10-05 09:06:00,B6,LAX,JFK,2507,16.69,16.42,0.0,0.9,9.34,-0.9551,-0.2825,22,LAX-JFK,236,5,0,0,0,0,0,0,1,2025-10-05 05:11:00,2025-10-05 09:03:00,-3,0
2025-01-12 17:00:00,2025-01-12 20:55:00,B6,SEA,SFO,2498,18.08,16.46,5.58,7.8,10.78,-0.4968,-0.7728,62,SEA-SFO,235,17,0,0,0,0,0,0,6,2025-01-12 17:06:00,2025-01-12 20:54:00,-1,0
2025-10-09 01:15:00,2025-10-09 05:20:00,B6,ORD,DFW,2630,9.32,8.71,0.3,0.0,16.86,0.8968,-0.2176,71,ORD-DFW,245,1,0,1,0,0,0,0,6,2025-10-09 01:21:00,2025-10-09 05:14:00,-6,0
2025-01-16 03:10:00,2025-01-16 09:08:00,AA,LAX,SFO,4040,11.51,7.41,1.31,1.65,11.26,0.5664,0.7512,31,LAX-SFO,358,3,0,1,0,0,0,0,11,2025-01-16 03:21:00,2025-01-16 09:03:00,-5,0
2025-03-17 13:30:00,2025-03-17 18:53:00,WN,SEA,BOS,3597,7.4,8.18,0.0,0.0,13.9,-0.8712,-0.1911,8,SEA-BOS,323,13,0,0,0,0,0,0,18,2025-03-17 13:48:00,2025-03-17 19:14:00,21,1
2025-08-09 23:00:00,2025-08-10 00:30:00,B6,DEN,SFO,690,4.1,3.66,0.0,0.08,14.81,-0.6322,0.1293,37,DEN-SFO,90,23,0,1,0,0,0,0,3,2025-08-09 23:03:00,2025-08-10 00:23:00,-7,0
2025-12-10 07:10:00,2025-12-10 11:08:00,UA,DFW,SEA,2536,14.01,14.96,0.05,0.69,16.18,-0.6126,0.8179,64,DFW-SEA,238,7,0,0,0,0,0,0,8,2025-12-10 07:18:00,2025-12-10 11:08:00,0,0
2025-05-30 10:30:00,2025-05-30 13:06:00,AA,DFW,LAX,1507,22.8,20.42,0.0,0.0,22.55,0.1661,0.2861,59,DFW-LAX,156,10,0,0,0,0,0,0,-6,2025-05-30 10:24:00,2025-05-30 13:12:00,6,0
2025-02-14 07:20:00,2025-02-14 09:14:00,AA,SEA,LAX,990,4.41,4.97,0.4,0.0,13.73,-0.1984,0.1845,5,SEA-LAX,114,7,0,0,0,0,0,0,25,2025-02-14 07:45:00,2025-02-14 09:34:00,20,1
2025-03-27 10:40:00,2025-03-27 16:30:00,B6,DFW,SFO,3936,11.42,13.77,0.0,2.45,9.92,-0.0694,0.8643,52,DFW-SFO,350,10,0,0,0,0,0,0,-10,2025-03-27 10:30:00,2025-03-27 16:33:00,3,0
2025-11-24 00:40:00,2025-11-24 06:27:00,B6,SFO,DFW,3901,13.84,12.18,0.0,0.0,17.13,-1.0742,-0.3625,41,SFO-DFW,347,0,0,1,0,0,0,0,1,2025-11-24 00:41:00,2025-11-24 06:12:00,-15,0
2025-09-23 14:50:00,2025-09-23 21:05:00,AA,BOS,ORD,4245,6.28,6.61,0.04,0.9,14.59,1.6235,0.951,96,BOS-ORD,375,14,0,0,0,0,0,0,2,2025-09-23 14:52:00,2025-09-23 21:05:00,0,0
2025-02-06 14:45:00,2025-02-06 17:56:00,B6,BOS,SFO,1954,22.88,24.31,0.0,1.49,16.8,0.2996,0.7295,70,BOS-SFO,191,14,0,0,0,0,0,0,5,2025-02-06 14:50:00,2025-02-06 17:55:00,-1,0
2025-05-21 07:10:00,2025-05-21 10:32:00,WN,ORD,ATL,2088,11.53,11.96,0.0,0.0,18.45,-0.5226,0.1229,54,ORD-ATL,202,7,0,0,0,0,0,0,-10,2025-05-21 07:00:00,2025-05-21 10:24:00,-8,0
2025-04-07 06:40:00,2025-04-07 12:00:00,DL,ORD,LAX,3567,5.1,2.31,10.76,11.59,9.14,-0.7956,-0.2132,19,ORD-LAX,320,6,0,0,0,0,0,0,-7,2025-04-07 06:33:00,2025-04-07 12:03:00,3,0
2025-03-06 18:40:00,2025-03-06 20:44:00,DL,ORD,DEN,1109,22.0,21.36,0.0,0.0,16.14,-0.3846,-0.7638,30,ORD-DEN,124,18,0,0,0,0,0,0,21,2025-03-06 19:01:00,2025-03-06 21:09:00,25,1
2025-11-05 04:30:00,2025-11-05 05:47:00,DL,DEN,SFO,528,8.74,5.42,0.0,0.02,14.11,1.171,-0.2179,40,DEN-SFO,77,4,0,1,0,0,0,0,10,2025-11-05 04:40:00,2025-11-05 05:47:00,0,0
2025-08-14 01:45:00,2025-08-14 05:05:00,DL,ATL,SFO,2065,6.41,5.14,1.53,2.37,12.08,1.5089,-0.2443,96,ATL-SFO,200,1,0,1,0,0,0,0,0,2025-08-14 01:45:00,2025-08-14 05:09:00,4,0
2025-03-07 00:10:00,2025-03-07 04:40:00,AA,DEN,JFK,2942,13.8,15.98,0.0,0.12,16.21,-0.6339,-0.472,9,DEN-JFK,270,0,0,1,0,0,0,0,2,2025-03-07 00:12:00,2025-03-07 04:48:00,8,0
2025-08-26 21:20:00,2025-08-27 00:52:00,DL,JFK,LAX,2215,9.82,4.84,0.0,0.04,14.96,-0.4378,-0.032,99,JFK-LAX,212,21,0,1,0,0,0,0,8,2025-08-26 21:28:00,2025-08-27 01:08:00,16,1
2025-05-31 08:45:00,2025-05-31 10:55:00,AA,DFW,JFK,1187,22.69,20.93,4.51,4.92,14.26,-1.6719,0.9535,72,DFW-JFK,130,8,0,0,0,0,0,0,12,2025-05-31 08:57:00,2025-05-31 11:01:00,6,0
2025-01-23 02:50:00,2025-01-23 06:44:00,WN,SFO,DFW,2482,20.92,18.67,0.0,0.82,15.85,-1.6108,-0.2472,26,SFO-DFW,234,2,0,1,0,0,0,0,11,2025-01-23 03:01:00,2025-01-23 06:39:00,-5,0
2025-06-14 21:00:00,2025-06-15 03:16:00,WN,SEA,SFO,4259,25.39,23.15,0.0,0.71,15.7,0.1337,-0.372,59,SEA-SFO,376,21,0,1,0,0,0,0,10,2025-06-14 21:10:00,2025-06-15 03:31:00,15,1
2025-03-09 03:20:00,2025-03-09 05:51:00,DL,ORD,DEN,1452,34.79,33.0,0.0,0.0,16.7,-0.3144,-0.4404,65,ORD-DEN,151,3,0,1,0,0,0,0,6,2025-03-09 03:26:00,2025-03-09 05:57:00,6,0
2025-03-31 08:15:00,2025-03-31 11:28:00,B6,ATL,SFO,1980,13.07,14.93,4.44,1.46,10.15,-0.3594,-0.9376,0,ATL-SFO,193,8,0,0,0,0,0,0,-4,2025-03-31 08:11:00,2025-03-31 11:21:00,-7,0
2025-11-17 00:10:00,2025-11-17 02:54:00,B6,BOS,LAX,1613,8.13,9.72,20.4,20.33,8.51,-0.4955,-0.7026,0,BOS-LAX,164,0,0,1,1,0,0,0,28,2025-11-17 00:38:00,2025-11-17 03:38:00,44,1
2025-09-17 16:00:00,2025-09-17 18:38:00,WN,DFW,SFO,1532,8.56,7.93,9.91,10.44,10.91,0.321,-0.5417,51,DFW-SFO,158,16,0,0,0,0,0,0,3,2025-09-17 16:03:00,2025-09-17 18:31:00,-7,0
2025-02-18 16:30:00,2025-02-18 21:09:00,AA,LAX,SFO,3053,15.44,11.91,0.0,0.76,12.16,0.1298,0.7126,95,LAX-SFO,279,16,0,0,0,0,0,0,10,2025-02-18 16:40:00,2025-02-18 21:15:00,6,0
2025-11-07 18:40:00,2025-11-07 21:45:00,UA,ORD,SEA,1873,31.97,31.51,0.0,0.12,12.96,1.041,0.5394,32,ORD-SEA,185,18,0,0,0,0,0,0,0,2025-11-07 18:40:00,2025-11-07 21:54:00,9,0
2025-07-29 06:30:00,2025-07-29 10:58:00,AA,DEN,JFK,2911,5.51,5.81,0.22,0.04,15.78,2.6014,0.4584,89,DEN-JFK,268,6,0,0,0,0,0,0,6,2025-07-29 06:36:00,2025-07-29 10:53:00,-5,0
2025-11-16 07:15:00,2025-11-16 08:21:00,AA,ATL,JFK,382,12.53,13.53,0.37,0.37,16.94,-1.0704,-0.6614,5,ATL-JFK,66,7,0,0,0,0,0,0,-5,2025-11-16 07:10:00,2025-11-16 08:24:00,3,0
2025-09-30 22:45:00,2025-10-01 03:26:00,AA,DEN,DFW,3080,4.82,5.22,0.0,0.0,15.5,-1.2354,0.9588,27,DEN-DFW,281,22,0,1,0,0,0,0,-10,2025-09-30 22:35:00,2025-10-01 03:15:00,-11,0
2025-05-04 19:40:00,2025-05-04 21:14:00,WN,SEA,BOS,743,3.0,1.67,0.0,0.0,12.03,1.6158,0.9153,66,SEA-BOS,94,19,0,0,0,0,0,0,12,2025-05-04 19:52:00,2025-05-04 21:22:00,8,0
2025-07-15 00:50:00,2025-07-15 03:56:00,B6,SFO,ATL,1884,21.86,22.24,0.0,0.0,17.32,-0.0575,0.3131,3,SFO-ATL,186,0,0,1,0,0,0,0,3,2025-07-15 00:53:00,2025-07-15 03:57:00,1,0
2025-07-13 16:15:00,2025-07-13 22:07:00,AA,SFO,DFW,3964,19.28,17.87,1.04,0.0,13.39,0.8072,0.8971,79,SFO-DFW,352,16,0,0,0,0,0,0,18,2025-07-13 16:33:00,2025-07-13 22:17:00,10,0
2025-09-20 19:10:00,2025-09-20 22:02:00,WN,LAX,SFO,1713,5.48,6.91,0.0,0.0,14.78,-1.1218,0.5627,17,LAX-SFO,172,19,0,0,0,0,0,0,-7,2025-09-20 19:03:00,2025-09-20 21:56:00,-6,0
2025-04-01 13:20:00,2025-04-01 18:13:00,UA,ATL,SFO,3231,3.81,6.3,2.32,0.0,13.69,-1.0597,-0.746,24,ATL-SFO,293,13,0,0,0,0,0,0,7,2025-04-01 13:27:00,2025-04-01 18:06:00,-7,0
2025-05-02 15:30:00,2025-05-02 18:27:00,WN,SFO,ORD,1776,24.58,23.74,0.0,0.0,13.46,0.8675,0.1406,89,SFO-ORD,177,15,0,0,0,0,0,0,-2,2025-05-02 15:28:00,2025-05-02 18:23:00,-4,0
2025-03-31 00:20:00,2025-03-31 06:22:00,UA,BOS,DFW,4089,4.67,1.17,0.0,1.93,18.03,-1.2507,-0.3954,3,BOS-DFW,362,0,0,1,0,0,0,0,8,2025-03-31 00:28:00,2025-03-31 06:17:00,-5,0
2025-04-19 00:45:00,2025-04-19 07:04:00,B6,DEN,JFK,4294,2.67,6.4,15.56,15.24,10.39,1.4362,-0.3597,55,DEN-JFK,379,0,0,1,1,0,0,0,18,2025-04-19 01:03:00,2025-04-19 07:30:00,26,1
2025-02-28 00:00:00,2025-02-28 06:04:00,DL,SFO,ORD,4117,5.01,5.28,1.7,1.01,13.26,0.8442,0.4588,24,SFO-ORD,364,0,0,1,0,0,0,0,3,2025-02-28 00:03:00,2025-02-28 06:12:00,8,0
2025-01-14 03:30:00,2025-01-14 06:42:00,UA,JFK,ATL,1960,13.23,12.53,0.33,0.02,14.47,-0.6862,0.2538,48,JFK-ATL,192,3,0,1,0,0,0,0,-6,2025-01-14 03:24:00,2025-01-14 06:34:00,-8,0
2025-12-10 23:20:00,2025-12-11 02:06:00,WN,BOS,SFO,1633,34.96,34.42,0.14,0.21,14.76,1.5581,0.1179,85,BOS-SFO,166,23,0,1,0,0,0,0,4,2025-12-10 23:24:00,2025-12-11 02:08:00,2,0
2025-01-28 15:10:00,2025-01-28 19:33:00,DL,JFK,SEA,2845,6.5,2.65,0.0,0.0,18.1,0.5444,0.9881,75,JFK-SEA,263,15,0,0,0,0,0,0,10,2025-01-28 15:20:00,2025-01-28 19:48:00,15,1
2025-11-21 18:40:00,2025-11-22 00:13:00,B6,ATL,SFO,3730,19.78,20.87,0.0,0.0,16.38,-0.1999,-0.4769,69,ATL-SFO,333,18,0,0,0,0,0,0,9,2025-11-21 18:49:00,2025-11-22 00:33:00,20,1
2025-01-02 07:45:00,2025-01-02 11:40:00,AA,DEN,ATL,2495,10.09,9.56,21.61,22.69,4.59,0.0952,0.7484,53,DEN-ATL,235,7,0,0,1,1,0,0,19,2025-01-02 08:04:00,2025-01-02 11:58:00,18,1
2025-10-11 22:30:00,2025-10-12 03:37:00,WN,SFO,ATL,3399,0.0,1.66,0.6,0.0,17.12,-1.9323,0.3788,30,SFO-ATL,307,22,0,1,0,0,0,0,26,2025-10-11 22:56:00,2025-10-12 04:09:00,32,1
2025-04-30 04:00:00,2025-04-30 09:53:00,DL,DEN,LAX,3980,6.21,6.42,0.0,1.17,13.56,-1.3338,-0.9442,78,DEN-LAX,353,4,0,1,0,0,0,0,-10,2025-04-30 03:50:00,2025-04-30 09:51:00,-2,0
2025-07-08 21:00:00,2025-07-09 02:12:00,AA,SFO,JFK,3458,17.45,12.99,12.29,10.61,10.05,0.7756,-0.0567,47,SFO-JFK,312,21,0,1,1,0,0,0,17,2025-07-08 21:17:00,2025-07-09 02:45:00,33,1
2025-04-14 00:20:00,2025-04-14 03:23:00,UA,JFK,BOS,1850,18.22,18.92,0.0,1.6,15.93,0.2213,-0.6943,82,JFK-BOS,183,0,0,1,0,0,0,0,4,2025-04-14 00:24:00,2025-04-14 03:14:00,-9,0
2025-06-29 00:40:00,2025-06-29 03:03:00,UA,LAX,JFK,1349,4.74,5.99,11.37,10.64,11.27,1.4657,-0.7619,30,LAX-JFK,143,0,0,1,0,0,0,0,1,2025-06-29 00:41:00,2025-06-29 03:11:00,8,0
2025-06-14 01:15:00,2025-06-14 04:40:00,AA,ORD,DFW,2123,12.9,16.11,0.87,0.0,17.45,0.398,0.386,25,ORD-DFW,205,1,0,1,0,0,0,0,-2,2025-06-14 01:13:00,2025-06-14 04:48:00,8,0
2025-07-13 19:15:00,2025-07-13 23:27:00,WN,JFK,SFO,2715,11.76,8.52,0.94,1.94,14.35,-1.1956,0.7756,51,JFK-SFO,252,19,0,0,0,0,0,0,-8,2025-07-13 19:07:00,2025-07-13 23:29:00,2,0
2025-05-24 06:45:00,2025-05-24 12:27:00,B6,ATL,DFW,3839,12.08,12.46,0.59,0.0,19.77,-1.0316,0.3588,53,ATL-DFW,342,6,0,0,0,0,0,0,-8,2025-05-24 06:37:00,2025-05-24 12:16:00,-11,0
2025-07-15 10:00:00,2025-07-15 12:40:00,AA,SFO,BOS,1562,23.14,21.55,0.0,0.0,8.75,-0.8167,-0.3177,81,SFO-BOS,160,10,0,0,0,0,0,0,4,2025-07-15 10:04:00,2025-07-15 12:41:00,1,0
2025-10-29 11:00:00,2025-10-29 12:53:00,UA,JFK,SFO,976,5.17,6.32,0.0,0.0,15.64,-0.5827,-0.9102,46,JFK-SFO,113,11,0,0,0,0,0,0,-2,2025-10-29 10:58:00,2025-10-29 12:54:00,1,0
2025-06-08 18:10:00,2025-06-08 20:55:00,B6,LAX,BOS,1625,9.45,8.05,0.49,0.0,15.51,0.1559,-0.0624,61,LAX-BOS,165,18,0,0,0,0,0,0,5,2025-06-08 18:15:00,2025-06-08 21:20:00,25,1
2025-05-12 08:50:00,2025-05-12 13:09:00,B6,JFK,SFO,2796,20.01,21.99,0.0,0.0,10.8,1.1897,-0.6107,67,JFK-SFO,259,8,0,0,0,0,0,0,-6,2025-05-12 08:44:00,2025-05-12 13:01:00,-8,0
2025-02-18 00:20:00,2025-02-18 02:37:00,UA,LAX,SFO,1274,32.67,35.59,0.05,0.0,8.11,0.6282,0.6508,69,LAX-SFO,137,0,0,1,0,0,0,0,-3,2025-02-18 00:17:00,2025-02-18 02:33:00,-4,0
2025-05-12 09:10:00,2025-05-12 12:23:00,WN,DFW,DEN,1979,15.83,16.01,6.01,3.83,13.65,1.2627,-0.3028,41,DFW-DEN,193,9,0,0,0,0,0,0,30,2025-05-12 09:40:00,2025-05-12 13:05:00,42,1
2025-02-15 06:15:00,2025-02-15 08:40:00,DL,SEA,ORD,1378,15.24,11.22,0.18,1.09,15.72,0.4054,0.8027,10,SEA-ORD,145,6,0,0,0,0,0,0,-8,2025-02-15 06:07:00,2025-02-15 08:38:00,-2,0
2025-03-08 17:50:00,2025-03-09 00:20:00,WN,DEN,SEA,4440,16.82,20.02,0.0,0.42,16.2,-0.4193,-0.7541,39,DEN-SEA,390,17,0,0,0,0,0,0,-3,2025-03-08 17:47:00,2025-03-09 00:36:00,16,1
2025-12-14 18:40:00,2025-12-14 22:31:00,AA,LAX,JFK,2452,7.42,6.08,0.72,0.0,17.08,-1.3862,-0.8755,8,LAX-JFK,231,18,0,0,0,0,0,0,2,2025-12-14 18:42:00,2025-12-14 22:32:00,1,0
2025-02-02 02:10:00,2025-02-02 07:11:00,WN,LAX,ORD,3329,10.63,11.62,0.0,0.0,17.98,0.6312,-0.9931,89,LAX-ORD,301,2,0,1,0,0,0,0,2,2025-02-02 02:12:00,2025-02-02 07:00:00,-11,0
2025-06-25 19:10:00,2025-06-25 23:04:00,UA,JFK,BOS,2485,2.61,2.88,0.41,0.0,15.76,-0.0943,0.9591,90,JFK-BOS,234,19,0,0,0,0,0,0,17,2025-06-25 19:27:00,2025-06-25 23:16:00,12,0
2025-11-01 01:00:00,2025-11-01 02:03:00,WN,ATL,JFK,344,7.12,6.06,6.55,7.35,13.66,0.7928,-0.0532,80,ATL-JFK,63,1,0,1,0,0,0,0,26,2025-11-01 01:26:00,2025-11-01 02:30:00,27,1
2025-12-14 14:45:00,2025-12-14 17:13:00,B6,DFW,JFK,1408,14.67,14.58,1.34,1.08,17.51,-0.6038,0.4468,80,DFW-JFK,148,14,0,0,0,0,0,0,-1,2025-12-14 14:44:00,2025-12-14 17:19:00,6,0
2025-02-23 09:10:00,2025-02-23 14:51:00,UA,ATL,LAX,3825,11.94,11.95,1.01,0.0,15.67,1.6338,-0.7915,96,ATL-LAX,341,9,0,0,0,0,0,0,5,2025-02-23 09:15:00,2025-02-23 14:46:00,-5,0
2025-03-01 07:15:00,2025-03-01 11:06:00,DL,JFK,SFO,2447,1.29,0.0,1.49,0.0,13.18,1.6382,-0.7879,65,JFK-SFO,231,7,0,0,0,0,0,0,5,2025-03-01 07:20:00,2025-03-01 11:02:00,-4,0
2025-05-16 11:15:00,2025-05-16 16:10:00,WN,ORD,SEA,3253,8.76,8.38,1.16,0.0,18.69,-0.8721,-0.4627,11,ORD-SEA,295,11,0,0,0,0,0,0,-5,2025-05-16 11:10:00,2025-05-16 16:12:00,2,0
2025-07-22 07:30:00,2025-07-22 12:45:00,DL,JFK,LAX,3499,13.41,9.23,0.0,0.3,14.77,0.3291,-0.7822,13,JFK-LAX,315,7,0,0,0,0,0,0,1,2025-07-22 07:31:00,2025-07-22 12:43:00,-2,0
2025-12-17 19:30:00,2025-12-17 23:37:00,B6,ORD,DFW,2656,10.67,13.37,5.33,6.59,14.02,-1.57,-0.9113,44,ORD-DFW,247,19,0,0,0,0,0,0,-2,2025-12-17 19:28:00,2025-12-17 23:34:00,-3,0
2025-03-17 23:45:00,2025-03-18 03:58:00,UA,DFW,BOS,2725,0.79,6.18,5.95,6.6,9.16,-0.8202,-0.8684,83,DFW-BOS,253,23,0,1,0,0,0,0,-1,2025-03-17 23:44:00,2025-03-18 03:51:00,-7,0
2025-03-02 19:15:00,2025-03-02 21:33:00,WN,DEN,ATL,1291,14.33,18.94,0.19,0.0,15.76,-0.8736,-0.1475,81,DEN-ATL,138,19,0,0,0,0,0,0,-3,2025-03-02 19:12:00,2025-03-02 21:29:00,-4,0
2025-04-03 10:20:00,2025-04-03 12:43:00,B6,JFK,DEN,1347,28.28,30.21,7.65,8.41,15.27,-0.6037,-0.1426,93,JFK-DEN,143,10,0,0,0,0,0,0,10,2025-04-03 10:30:00,2025-04-03 12:34:00,-9,0
2025-11-16 12:20:00,2025-11-16 14:09:00,WN,DEN,BOS,927,15.87,16.23,5.68,7.21,13.2,-0.2724,-0.0046,75,DEN-BOS,109,12,0,0,0,0,0,0,7,2025-11-16 12:27:00,2025-11-16 14:00:00,-9,0
2025-01-11 10:00:00,2025-01-11 12:39:00,UA,SEA,SFO,1549,8.94,10.59,0.0,0.0,18.55,-0.7775,0.2341,58,SEA-SFO,159,10,0,0,0,0,0,0,7,2025-01-11 10:07:00,2025-01-11 12:38:00,-1,0
2025-05-19 19:40:00,2025-05-20 00:10:00,B6,SEA,ORD,2939,25.44,23.87,0.25,0.08,12.88,0.1535,-0.449,44,SEA-ORD,270,19,0,0,0,0,0,0,10,2025-05-19 19:50:00,2025-05-20 00:02:00,-8,0
2025-02-13 13:30:00,2025-02-13 19:41:00,B6,DFW,SFO,4199,6.67,10.34,0.0,0.0,17.79,-1.5304,0.057,65,DFW-SFO,371,13,0,0,0,0,0,0,-5,2025-02-13 13:25:00,2025-02-13 19:37:00,-4,0
2025-02-27 11:20:00,2025-02-27 14:47:00,DL,SEA,SFO,2147,14.74,16.46,0.0,0.08,15.62,0.9928,0.9748,40,SEA-SFO,207,11,0,0,0,0,0,0,-2,2025-02-27 11:18:00,2025-02-27 14:45:00,-2,0
2025-12-01 09:50:00,2025-12-01 14:11:00,DL,ATL,DFW,2828,8.35,9.82,5.33,4.29,14.23,-1.0628,0.2959,64,ATL-DFW,261,9,0,0,0,0,0,0,4,2025-12-01 09:54:00,2025-12-01 14:10:00,-1,0
2025-01-01 09:10:00,2025-01-01 14:58:00,DL,BOS,DFW,3918,26.94,27.34,0.0,1.42,14.46,-0.1568,0.6316,65,BOS-DFW,348,9,1,0,0,0,0,0,-7,2025-01-01 09:03:00,2025-01-01 14:41:00,-17,0
2025-04-28 13:50:00,2025-04-28 18:37:00,B6,DEN,LAX,3144,5.29,3.76,0.0,0.89,16.94,-0.4248,0.7607,73,DEN-LAX,287,13,0,0,0,0,0,0,9,2025-04-28 13:59:00,2025-04-28 18:30:00,-7,0
2025-12-01 16:40:00,2025-12-01 19:07:00,UA,DFW,JFK,1401,6.65,2.71,0.0,1.74,14.09,1.0288,-0.557,72,DFW-JFK,147,16,0,0,0,0,0,0,-3,2025-12-01 16:37:00,2025-12-01 19:09:00,2,0
2025-08-10 10:10:00,2025-08-10 12:43:00,AA,DEN,ORD,1480,22.93,18.06,0.37,0.0,16.2,-0.3283,-0.5709,30,DEN-ORD,153,10,0,0,0,0,0,0,-10,2025-08-10 10:00:00,2025-08-10 12:43:00,0,0
2025-01-27 19:40:00,2025-01-28 00:13:00,DL,JFK,ORD,2977,13.29,13.88,0.0,2.07,11.28,1.4583,-0.5739,79,JFK-ORD,273,19,0,0,0,0,0,0,-3,2025-01-27 19:37:00,2025-01-28 00:10:00,-3,0
2025-06-19 19:45:00,2025-06-19 22:21:00,DL,SEA,JFK,1508,24.66,22.61,12.77,14.38,10.69,0.358,-0.1972,63,SEA-JFK,156,19,0,0,1,0,0,0,54,2025-06-19 20:39:00,2025-06-19 23:49:00,88,1
2025-12-21 10:15:00,2025-12-21 12:38:00,WN,JFK,SFO,1345,5.33,5.85,0.49,0.0,7.25,-0.9353,0.8634,16,JFK-SFO,143,10,0,0,0,0,0,0,3,2025-12-21 10:18:00,2025-12-21 12:34:00,-4,0
2025-05-27 21:15:00,2025-05-28 01:33:00,UA,JFK,BOS,2786,6.77,5.76,0.0,1.26,17.39,-0.2131,0.7322,54,JFK-BOS,258,21,0,1,0,0,0,0,-10,2025-05-27 21:05:00,2025-05-28 01:32:00,-1,0
2025-07-12 04:45:00,2025-07-12 09:18:00,WN,ATL,DFW,2972,13.11,12.98,0.0,0.0,12.45,-0.0441,-0.1432,44,ATL-DFW,273,4,0,1,0,0,0,0,1,2025-07-12 04:46:00,2025-07-12 09:13:00,-5,0
2025-07-14 22:10:00,2025-07-15 00:34:00,UA,DEN,JFK,1363,2.59,4.13,0.0,0.03,11.02,0.7344,-0.0627,9,DEN-JFK,144,22,0,1,0,0,0,0,9,2025-07-14 22:19:00,2025-07-15 00:46:00,12,0
2025-08-30 07:00:00,2025-08-30 08:15:00,AA,SEA,SFO,503,11.73,9.11,0.12,0.0,13.25,0.1686,0.7355,62,SEA-SFO,75,7,0,0,0,0,0,0,13,2025-08-30 07:13:00,2025-08-30 08:18:00,3,0
2025-03-10 13:40:00,2025-03-10 18:57:00,DL,SEA,LAX,3526,6.99,8.64,0.0,0.42,15.68,-0.2218,0.1111,37,SEA-LAX,317,13,0,0,0,0,0,0,-3,2025-03-10 13:37:00,2025-03-10 18:52:00,-5,0
2025-11-03 06:50:00,2025-11-03 10:01:00,WN,ATL,SFO,1945,8.15,8.57,0.29,0.0,17.55,-0.7644,-0.2466,77,ATL-SFO,191,6,0,0,0,0,0,0,2,2025-11-03 06:52:00,2025-11-03 10:01:00,0,0
2025-12-27 10:30:00,2025-12-27 15:02:00,DL,ATL,DFW,2958,12.91,16.57,0.69,0.0,15.74,0.4776,-0.8878,32,ATL-DFW,272,10,0,0,0,0,0,0,-2,2025-12-27 10:28:00,2025-12-27 14:56:00,-6,0
2025-02-22 08:10:00,2025-02-22 10:07:00,AA,SEA,BOS,1025,15.33,17.97,0.62,0.0,15.28,-0.3532,-0.1237,6,SEA-BOS,117,8,0,0,0,0,0,0,10,2025-02-22 08:20:00,2025-02-22 10:23:00,16,1
2025-10-26 16:30:00,2025-10-26 19:15:00,B6,BOS,DEN,1620,28.94,30.43,0.81,0.0,17.55,-0.7213,-0.6149,86,BOS-DEN,165,16,0,0,0,0,0,0,-4,2025-10-26 16:26:00,2025-10-26 19:16:00,1,0
2025-10-26 01:15:00,2025-10-26 05:38:00,AA,LAX,DFW,2844,21.14,19.95,0.0,0.08,16.33,-1.0286,-0.8951,65,LAX-DFW,263,1,0,1,0,0,0,0,22,2025-10-26 01:37:00,2025-10-26 05:47:00,9,0
2025-09-28 20:45:00,2025-09-28 22:26:00,WN,SEA,BOS,821,2.66,1.92,0.72,1.29,14.56,1.0255,-0.8738,92,SEA-BOS,101,20,0,1,0,0,0,0,-2,2025-09-28 20:43:00,2025-09-28 22:22:00,-4,0
2025-05-16 21:30:00,2025-05-17 00:15:00,AA,SEA,ORD,1630,4.55,6.43,0.19,0.0,18.53,-1.4856,0.1736,10,SEA-ORD,165,21,0,1,0,0,0,0,7,2025-05-16 21:37:00,2025-05-17 00:26:00,11,0
2025-06-21 13:15:00,2025-06-21 18:16:00,WN,JFK,BOS,3319,4.38,2.71,0.0,0.77,17.12,0.4802,-0.149,64,JFK-BOS,301,13,0,0,0,0,0,0,8,2025-06-21 13:23:00,2025-06-21 18:17:00,1,0
2025-11-03 13:30:00,2025-11-03 18:48:00,DL,DFW,SFO,3540,18.21,16.82,0.33,0.0,12.9,0.0212,0.6676,38,DFW-SFO,318,13,0,0,0,0,0,0,-3,2025-11-03 13:27:00,2025-11-03 18:51:00,3,0
2025-02-25 16:40:00,2025-02-25 19:38:00,UA,ORD,BOS,1782,24.85,25.64,0.31,0.0,15.75,-0.5466,0.2524,7,ORD-BOS,178,16,0,0,0,0,0,0,14,2025-02-25 16:54:00,2025-02-25 19:41:00,3,0
2025-10-30 04:40:00,2025-10-30 06:17:00,B6,ORD,SFO,781,0.84,1.33,1.08,0.0,12.36,-0.717,-0.8624,22,ORD-SFO,97,4,0,1,0,0,0,0,6,2025-10-30 04:46:00,2025-10-30 06:22:00,5,0
2025-12-03 17:15:00,2025-12-03 18:23:00,AA,SEA,BOS,409,16.74,18.28,0.84,0.05,17.77,0.0183,-0.0341,79,SEA-BOS,68,17,0,0,0,0,0,0,3,2025-12-03 17:18:00,2025-12-03 18:18:00,-5,0
2025-09-06 05:30:00,2025-09-06 09:36:00,UA,JFK,DEN,2636,11.85,9.5,0.0,0.0,18.18,-0.5375,0.1838,9,JFK-DEN,246,5,0,0,0,0,0,0,1,2025-09-06 05:31:00,2025-09-06 09:36:00,0,0
2025-05-05 16:00:00,2025-05-05 20:52:00,B6,SFO,BOS,3213,11.48,9.22,0.24,0.0,18.08,-0.5769,0.6752,12,SFO-BOS,292,16,0,0,0,0,0,0,9,2025-05-05 16:09:00,2025-05-05 21:04:00,12,0
2025-07-24 07:20:00,2025-07-24 11:38:00,AA,ORD,DFW,2793,7.25,6.18,0.23,0.58,15.85,0.9939,0.9284,16,ORD-DFW,258,7,0,0,0,0,0,0,-1,2025-07-24 07:19:00,2025-07-24 11:34:00,-4,0
2025-01-19 17:20:00,2025-01-19 20:35:00,UA,ATL,SFO,2001,8.1,9.99,0.18,0.64,14.44,-0.1541,-0.1271,26,ATL-SFO,195,17,0,0,0,0,0,0,7,2025-01-19 17:27:00,2025-01-19 20:32:00,-3,0
2025-12-07 18:30:00,2025-12-07 19:36:00,B6,DEN,ORD,392,9.82,12.61,0.0,1.42,16.36,0.0075,-0.5165,59,DEN-ORD,66,18,0,0,0,0,0,0,-10,2025-12-07 18:20:00,2025-12-07 19:30:00,-6,0
2025-05-05 05:50:00,2025-05-05 08:05:00,B6,SEA,DEN,1250,6.64,6.73,1.23,0.0,16.76,-0.8021,-0.0074,46,SEA-DEN,135,5,0,0,0,0,0,0,7,2025-05-05 05:57:00,2025-05-05 08:02:00,-3,0
2025-01-21 14:50:00,2025-01-21 16:01:00,UA,BOS,DFW,451,14.08,12.72,0.0,0.68,13.03,0.9947,-0.5762,50,BOS-DFW,71,14,0,0,0,0,0,0,3,2025-01-21 14:53:00,2025-01-21 15:56:00,-5,0
2025-10-17 11:20:00,2025-10-17 14:54:00,AA,ORD,SFO,2241,10.18,9.02,1.17,0.63,10.09,1.2215,-0.4527,4,ORD-SFO,214,11,0,0,0,0,0,0,15,2025-10-17 11:35:00,2025-10-17 14:50:00,-4,0
2025-08-29 07:40:00,2025-08-29 10:23:00,UA,DFW,JFK,1594,9.28,8.33,0.0,0.09,17.76,0.2185,-0.7074,88,DFW-JFK,163,7,0,0,0,0,0,0,7,2025-08-29 07:47:00,2025-08-29 10:13:00,-10,0
2025-08-16 14:00:00,2025-08-16 15:23:00,AA,BOS,LAX,598,16.56,19.27,0.0,1.69,17.49,1.4273,0.2883,33,BOS-LAX,83,14,0,0,0,0,0,0,-7,2025-08-16 13:53:00,2025-08-16 15:18:00,-5,0
2025-01-20 23:20:00,2025-01-21 03:44:00,WN,JFK,SEA,2858,14.93,9.93,0.54,0.0,19.36,-0.5438,0.3913,22,JFK-SEA,264,23,1,1,0,0,1,0,26,2025-01-20 23:46:00,2025-01-21 04:20:00,36,1
2025-10-02 00:40:00,2025-10-02 03:43:00,DL,SFO,ORD,1855,0.62,0.0,7.32,8.21,12.56,0.9193,-0.2654,69,SFO-ORD,183,0,0,1,0,0,0,0,12,2025-10-02 00:52:00,2025-10-02 03:41:00,-2,0
2025-08-21 22:40:00,2025-08-22 05:02:00,B6,SFO,LAX,4343,17.32,11.85,0.0,0.3,17.84,-0.3794,-0.9831,7,SFO-LAX,382,22,0,1,0,0,0,0,0,2025-08-21 22:40:00,2025-08-22 05:01:00,-1,0
2025-10-17 20:50:00,2025-10-18 00:09:00,UA,DFW,LAX,2053,9.31,12.39,0.37,0.0,17.66,-0.4822,0.2083,75,DFW-LAX,199,20,0,1,0,0,0,0,-1,2025-10-17 20:49:00,2025-10-18 00:14:00,5,0
2025-10-29 12:20:00,2025-10-29 13:49:00,UA,ATL,JFK,681,19.53,20.93,0.0,1.26,16.65,1.3985,-0.5296,40,ATL-JFK,89,12,0,0,0,0,0,0,10,2025-10-29 12:30:00,2025-10-29 13:52:00,3,0
2025-03-19 14:50:00,2025-03-19 19:46:00,AA,SEA,BOS,3261,12.53,11.29,0.77,0.0,15.33,-0.3628,-0.7704,11,SEA-BOS,296,14,0,0,0,0,0,0,0,2025-03-19 14:50:00,2025-03-19 19:46:00,0,0
2025-03-18 08:50:00,2025-03-18 13:45:00,WN,SFO,DFW,3253,8.55,9.36,15.06,14.46,12.24,-0.9559,-0.0118,76,SFO-DFW,295,8,0,0,1,0,0,0,7,2025-03-18 08:57:00,2025-03-18 14:02:00,17,1
2025-12-04 03:30:00,2025-12-04 09:41:00,UA,LAX,SEA,4202,5.85,6.72,11.48,11.99,13.84,-1.8148,-0.3437,47,LAX-SEA,371,3,0,1,0,0,0,0,-9,2025-12-04 03:21:00,2025-12-04 09:35:00,-6,0
2025-07-13 13:00:00,2025-07-13 17:52:00,AA,LAX,ATL,3209,1.67,3.91,0.23,0.22,15.36,0.0082,-0.2416,10,LAX-ATL,292,13,0,0,0,0,0,0,4,2025-07-13 13:04:00,2025-07-13 17:45:00,-7,0
2025-06-09 19:20:00,2025-06-09 22:21:00,WN,JFK,SEA,1819,12.82,12.0,0.0,0.04,13.72,-1.0262,0.5382,12,JFK-SEA,181,19,0,0,0,0,0,0,-9,2025-06-09 19:11:00,2025-06-09 22:22:00,1,0
2025-04-15 05:45:00,2025-04-15 10:29:00,AA,ATL,LAX,3111,4.61,1.69,0.0,0.07,18.0,1.9747,0.7624,0,ATL-LAX,284,5,0,0,0,0,0,0,7,2025-04-15 05:52:00,2025-04-15 10:22:00,-7,0
2025-08-22 17:30:00,2025-08-22 22:57:00,B6,BOS,DFW,3652,21.22,23.71,0.2,0.0,17.53,1.7402,0.677,22,BOS-DFW,327,17,0,0,0,0,0,0,3,2025-08-22 17:33:00,2025-08-22 22:47:00,-10,0
2025-10-03 17:50:00,2025-10-03 21:42:00,DL,BOS,ORD,2467,12.46,8.07,0.09,0.0,14.19,-2.9993,0.1674,73,BOS-ORD,232,17,0,0,0,0,0,0,-6,2025-10-03 17:44:00,2025-10-03 21:43:00,1,0
2025-01-01 18:45:00,2025-01-02 00:11:00,UA,SFO,ORD,3637,5.27,4.59,2.48,2.6,12.58,1.6352,-0.712,3,SFO-ORD,326,18,1,0,0,0,0,0,9,2025-01-01 18:54:00,2025-01-02 00:05:00,-6,0
2025-07-21 08:00:00,2025-07-21 14:24:00,UA,ATL,SEA,4360,3.16,1.61,1.11,0.1,13.71,-0.7818,-0.2781,7,ATL-SEA,384,8,0,0,0,0,0,0,11,2025-07-21 08:11:00,2025-07-21 14:42:00,18,1
2025-12-29 09:45:00,2025-12-29 14:58:00,WN,LAX,JFK,3469,2.7,2.39,0.0,1.38,13.03,1.2521,-0.0814,64,LAX-JFK,313,9,0,0,0,0,0,0,-5,2025-12-29 09:40:00,2025-12-29 14:47:00,-11,0
2025-04-13 09:15:00,2025-04-13 13:03:00,B6,DFW,BOS,2407,11.13,10.87,1.01,0.93,18.99,1.0594,0.1012,36,DFW-BOS,228,9,0,0,0,0,0,0,3,2025-04-13 09:18:00,2025-04-13 13:22:00,19,1
2025-04-13 20:45:00,2025-04-14 00:30:00,UA,ATL,SFO,2370,24.31,25.95,0.07,0.0,9.28,1.3413,-0.6999,19,ATL-SFO,225,20,0,1,0,0,0,0,-4,2025-04-13 20:41:00,2025-04-14 00:35:00,5,0
2025-11-17 21:30:00,2025-11-18 03:11:00,AA,SFO,BOS,3820,12.79,12.56,0.03,0.0,13.27,1.7992,-0.4018,34,SFO-BOS,341,21,0,1,0,0,0,0,24,2025-11-17 21:54:00,2025-11-18 03:45:00,34,1
2025-01-23 09:20:00,2025-01-23 15:12:00,B6,ATL,SEA,3966,9.56,10.52,0.36,1.4,13.98,-1.1578,0.679,92,ATL-SEA,352,9,0,0,0,0,0,0,-1,2025-01-23 09:19:00,2025-01-23 14:59:00,-13,0
2025-05-26 23:00:00,2025-05-27 01:27:00,B6,SEA,LAX,1402,33.7,30.41,5.33,3.25,14.59,-1.046,0.9762,0,SEA-LAX,147,23,1,1,0,0,1,0,41,2025-05-26 23:41:00,2025-05-27 02:31:00,64,1
2025-06-17 13:00:00,2025-06-17 14:02:00,DL,ORD,ATL,341,18.31,16.88,0.0,0.0,16.04,0.8096,-0.5426,26,ORD-ATL,62,13,0,0,0,0,0,0,15,2025-06-17 13:15:00,2025-06-17 14:28:00,26,1
2025-10-19 09:30:00,2025-10-19 15:00:00,DL,SEA,ORD,3686,12.22,15.41,6.95,5.25,5.57,0.1124,0.5075,98,SEA-ORD,330,9,0,0,0,1,0,0,36,2025-10-19 10:06:00,2025-10-19 15:33:00,33,1
2025-02-17 00:30:00,2025-02-17 02:48:00,WN,BOS,SEA,1291,8.65,11.69,0.48,2.44,17.2,0.6761,-0.4553,88,BOS-SEA,138,0,1,1,0,0,1,0,37,2025-02-17 01:07:00,2025-02-17 03:32:00,44,1
2025-06-08 14:30:00,2025-06-08 21:04:00,B6,SEA,BOS,4485,23.82,22.25,1.16,0.77,14.31,-0.3499,-0.7138,62,SEA-BOS,394,14,0,0,0,0,0,0,23,2025-06-08 14:53:00,2025-06-08 21:20:00,16,1
2025-02-25 15:10:00,2025-02-25 16:21:00,AA,LAX,SFO,451,9.49,7.04,0.05,0.0,13.73,0.8851,-0.7124,97,LAX-SFO,71,15,0,0,0,0,0,0,-3,2025-02-25 15:07:00,2025-02-25 16:15:00,-6,0
2025-10-15 23:30:00,2025-10-16 05:35:00,DL,DFW,SEA,4122,6.17,4.41,4.96,5.47,14.11,-1.2956,0.6794,24,DFW-SEA,365,23,0,1,0,0,0,0,6,2025-10-15 23:36:00,2025-10-16 05:35:00,0,0
2025-08-19 17:00:00,2025-08-19 21:47:00,DL,ORD,BOS,3148,8.49,13.36,0.0,0.0,16.26,1.9605,-0.0806,16,ORD-BOS,287,17,0,0,0,0,0,0,0,2025-08-19 17:00:00,2025-08-19 21:54:00,7,0
2025-07-01 00:10:00,2025-07-01 02:51:00,UA,DFW,SFO,1577,11.61,10.8,11.99,12.33,4.01,2.469,0.2635,37,DFW-SFO,161,0,0,1,0,1,0,1,0,2025-07-01 00:10:00,2025-07-01 03:15:00,24,1
2025-05-24 13:20:00,2025-05-24 14:31:00,UA,DEN,BOS,446,19.3,19.71,0.0,0.0,14.52,-1.8043,0.7729,21,DEN-BOS,71,13,0,0,0,0,0,0,8,2025-05-24 13:28:00,2025-05-24 14:54:00,23,1
2025-02-25 17:30:00,2025-02-25 23:13:00,WN,DEN,DFW,3853,5.3,5.71,0.0,0.33,16.17,1.5636,0.1934,66,DEN-DFW,343,17,0,0,0,0,0,0,17,2025-02-25 17:47:00,2025-02-25 23:21:00,8,0
2025-12-03 11:40:00,2025-12-03 13:19:00,B6,LAX,SEA,801,4.93,3.96,0.02,0.0,18.5,-1.7369,-0.9962,42,LAX-SEA,99,11,0,0,0,0,0,0,3,2025-12-03 11:43:00,2025-12-03 13:11:00,-8,0
2025-08-25 10:50:00,2025-08-25 12:21:00,B6,LAX,SEA,700,6.48,3.09,0.0,0.0,18.26,0.5819,0.2297,78,LAX-SEA,91,10,0,0,0,0,0,0,9,2025-08-25 10:59:00,2025-08-25 12:04:00,-17,0
2025-04-27 19:45:00,2025-04-28 01:09:00,UA,DEN,LAX,3618,9.89,8.13,0.57,0.0,16.55,-0.9544,-0.8638,7,DEN-LAX,324,19,0,0,0,0,0,0,2,2025-04-27 19:47:00,2025-04-28 01:25:00,16,1
2025-06-01 14:20:00,2025-06-01 19:07:00,DL,DEN,SEA,3146,3.16,8.18,9.01,6.87,12.12,0.4597,-0.0912,40,DEN-SEA,287,14,0,0,0,0,0,0,7,2025-06-01 14:27:00,2025-06-01 19:18:00,11,0
2025-09-23 16:45:00,2025-09-23 18:27:00,AA,SFO,DFW,835,21.06,22.81,0.0,1.57,16.6,-1.2501,0.5471,30,SFO-DFW,102,16,0,0,0,0,0,0,0,2025-09-23 16:45:00,2025-09-23 18:28:00,1,0
2025-09-20 11:00:00,2025-09-20 13:54:00,WN,JFK,ATL,1737,3.15,4.26,7.59,6.57,14.19,0.4072,0.6756,55,JFK-ATL,174,11,0,0,0,0,0,0,-10,2025-09-20 10:50:00,2025-09-20 13:50:00,-4,0
2025-06-18 06:45:00,2025-06-18 11:28:00,DL,SEA,ATL,3099,26.53,23.05,0.0,0.92,15.11,-0.1875,-0.1616,42,SEA-ATL,283,6,0,0,0,0,0,0,10,2025-06-18 06:55:00,2025-06-18 11:22:00,-6,0
2025-04-21 12:20:00,2025-04-21 17:00:00,B6,DEN,LAX,3066,19.53,16.18,0.0,0.0,18.02,-0.266,0.1742,33,DEN-LAX,280,12,0,0,0,0,0,0,5,2025-04-21 12:25:00,2025-04-21 16:56:00,-4,0
2025-08-29 23:45:00,2025-08-30 02:46:00,DL,DEN,LAX,1821,5.81,6.27,1.1,1.34,17.73,0.3583,0.5654,83,DEN-LAX,181,23,0,1,0,0,0,0,-2,2025-08-29 23:43:00,2025-08-30 02:48:00,2,0
2025-08-29 14:50:00,2025-08-29 18:07:00,DL,DEN,LAX,2031,7.07,6.78,0.0,0.03,15.83,-1.7077,-0.4067,1,DEN-LAX,197,14,0,0,0,0,0,0,10,2025-08-29 15:00:00,2025-08-29 17:51:00,-16,0
2025-08-07 16:40:00,2025-08-07 18:06:00,WN,JFK,SEA,634,8.25,5.49,0.24,1.07,18.6,0.6194,0.1526,30,JFK-SEA,86,16,0,0,0,0,0,0,-10,2025-08-07 16:30:00,2025-08-07 18:03:00,-3,0
2025-01-27 02:50:00,2025-01-27 03:52:00,AA,SEA,ORD,337,18.29,15.43,1.1,0.57,17.07,-0.3133,-0.5592,24,SEA-ORD,62,2,0,1,0,0,0,0,3,2025-01-27 02:53:00,2025-01-27 03:55:00,3,0
2025-06-22 23:00:00,2025-06-23 05:24:00,DL,JFK,ORD,4363,21.18,25.19,0.0,0.0,19.18,-1.5492,-0.5671,29,JFK-ORD,384,23,0,1,0,0,0,0,1,2025-06-22 23:01:00,2025-06-23 05:27:00,3,0
2025-08-13 05:10:00,2025-08-13 07:27:00,UA,DEN,SEA,1271,43.66,45.68,0.0,1.0,13.96,0.6795,-0.4941,52,DEN-SEA,137,5,0,0,0,0,0,0,7,2025-08-13 05:17:00,2025-08-13 07:42:00,15,1
2025-12-13 23:40:00,2025-12-14 05:50:00,UA,SFO,DEN,4193,13.49,15.29,0.66,4.19,16.32,-0.6222,-0.0524,15,SFO-DEN,370,23,0,1,0,0,0,0,14,2025-12-13 23:54:00,2025-12-14 05:57:00,7,0
2025-07-11 10:30:00,2025-07-11 11:43:00,DL,LAX,ORD,478,3.62,4.01,7.88,6.94,14.96,-0.0533,-0.8108,29,LAX-ORD,73,10,0,0,0,0,0,0,15,2025-07-11 10:45:00,2025-07-11 12:05:00,22,1
2025-05-06 22:00:00,2025-05-07 04:32:00,DL,DFW,SFO,4457,1.54,4.24,0.04,0.0,12.26,0.327,0.517,72,DFW-SFO,392,22,0,1,0,0,0,0,-7,2025-05-06 21:53:00,2025-05-07 04:21:00,-11,0
2025-07-22 21:40:00,2025-07-23 01:03:00,AA,ATL,DEN,2094,13.5,15.36,0.13,0.0,18.49,-0.0687,-0.3659,10,ATL-DEN,203,21,0,1,0,0,0,0,2,2025-07-22 21:42:00,2025-07-23 01:02:00,-1,0
2025-03-06 18:00:00,2025-03-06 23:30:00,B6,LAX,BOS,3685,9.93,7.91,0.22,0.41,17.32,-0.0327,0.6147,31,LAX-BOS,330,18,0,0,0,0,0,0,-4,2025-03-06 17:56:00,2025-03-06 23:29:00,-1,0
2025-02-03 21:50:00,2025-02-04 03:31:00,WN,LAX,ORD,3828,12.89,17.64,0.0,0.23,18.06,0.5889,-0.7674,89,LAX-ORD,341,21,0,1,0,0,0,0,6,2025-02-03 21:56:00,2025-02-04 03:43:00,12,0
2025-09-05 14:10:00,2025-09-05 17:07:00,B6,SFO,JFK,1778,13.47,9.14,0.54,1.94,18.23,-0.2755,0.3722,43,SFO-JFK,177,14,0,0,0,0,0,0,6,2025-09-05 14:16:00,2025-09-05 16:59:00,-8,0
2025-12-26 20:20:00,2025-12-27 01:27:00,DL,DEN,SFO,3399,6.13,3.73,13.72,13.29,11.14,1.0229,0.8822,71,DEN-SFO,307,20,0,1,1,0,0,0,14,2025-12-26 20:34:00,2025-12-27 01:56:00,29,1
2025-11-05 04:45:00,2025-11-05 07:36:00,B6,BOS,DFW,1703,6.8,11.84,0.0,0.95,12.91,1.147,0.7957,21,BOS-DFW,171,4,0,1,0,0,0,0,2,2025-11-05 04:47:00,2025-11-05 07:32:00,-4,0
2025-08-02 01:30:00,2025-08-02 06:54:00,DL,SFO,BOS,3613,15.61,18.15,4.8,3.05,13.79,-0.5852,0.8031,86,SFO-BOS,324,1,0,1,0,0,0,0,-3,2025-08-02 01:27:00,2025-08-02 06:52:00,-2,0
2025-01-15 13:40:00,2025-01-15 20:01:00,DL,JFK,BOS,4327,11.86,14.02,0.0,0.15,19.54,-0.5602,-0.5251,30,JFK-BOS,381,13,0,0,0,0,0,0,5,2025-01-15 13:45:00,2025-01-15 20:06:00,5,0
2025-12-27 19:40:00,2025-12-28 01:10:00,B6,ATL,SEA,3690,13.23,15.3,0.15,0.0,18.59,0.6256,0.0178,38,ATL-SEA,330,19,0,0,0,0,0,0,4,2025-12-27 19:44:00,2025-12-28 01:10:00,0,0
2025-06-14 18:50:00,2025-06-14 23:54:00,DL,ATL,ORD,3357,2.95,1.51,0.34,0.59,16.46,1.6745,0.9423,96,ATL-ORD,304,18,0,0,0,0,0,0,14,2025-06-14 19:04:00,2025-06-14 23:44:00,-10,0
2025-04-16 12:20:00,2025-04-16 15:24:00,AA,JFK,LAX,1862,5.58,4.84,0.15,1.15,15.33,1.0972,-0.7826,72,JFK-LAX,184,12,0,0,0,0,0,0,16,2025-04-16 12:36:00,2025-04-16 15:40:00,16,1
2025-11-22 12:50:00,2025-11-22 14:25:00,WN,LAX,DFW,756,19.75,21.22,0.38,0.0,15.33,-0.8982,0.7061,35,LAX-DFW,95,12,0,0,0,0,0,0,14,2025-11-22 13:04:00,2025-11-22 14:30:00,5,0
2025-09-30 14:30:00,2025-09-30 18:19:00,UA,DEN,DFW,2425,4.76,6.75,0.09,0.54,14.93,-0.2915,0.2946,63,DEN-DFW,229,14,0,0,0,0,0,0,-1,2025-09-30 14:29:00,2025-09-30 18:08:00,-11,0
2025-10-01 20:50:00,2025-10-01 22:33:00,B6,DFW,SFO,844,16.18,17.78,6.07,5.18,12.68,-0.8173,-0.4198,37,DFW-SFO,103,20,0,1,0,0,0,0,18,2025-10-01 21:08:00,2025-10-01 23:09:00,36,1
2025-04-12 20:40:00,2025-04-13 00:30:00,WN,ORD,SEA,2435,3.48,3.33,23.2,23.34,4.95,1.4692,-0.5297,34,ORD-SEA,230,20,0,1,1,1,0,0,32,2025-04-12 21:12:00,2025-04-13 01:27:00,57,1
2025-12-29 02:10:00,2025-12-29 08:01:00,B6,SFO,JFK,3950,10.28,10.91,0.49,0.41,15.86,0.4238,0.9469,35,SFO-JFK,351,2,0,1,0,0,0,0,5,2025-12-29 02:15:00,2025-12-29 08:00:00,-1,0
2025-06-15 14:40:00,2025-06-15 16:17:00,WN,JFK,SEA,775,8.03,8.35,0.0,0.0,16.94,-1.0018,-0.9071,33,JFK-SEA,97,14,0,0,0,0,0,0,15,2025-06-15 14:55:00,2025-06-15 16:12:00,-5,0
2025-07-13 09:50:00,2025-07-13 15:52:00,AA,DFW,ORD,4084,6.62,2.7,0.0,0.0,18.21,-0.4375,0.2112,12,DFW-ORD,362,9,0,0,0,0,0,0,20,2025-07-13 10:10:00,2025-07-13 16:23:00,31,1
2025-10-02 19:10:00,2025-10-02 23:30:00,WN,DFW,JFK,2812,10.88,8.15,0.06,0.87,15.5,-0.9441,-0.3465,58,DFW-JFK,260,19,0,0,0,0,0,0,12,2025-10-02 19:22:00,2025-10-02 23:29:00,-1,0
2025-08-29 12:45:00,2025-08-29 14:00:00,UA,BOS,DEN,497,21.66,21.93,0.48,0.0,17.01,-0.3998,0.4532,13,BOS-DEN,75,12,0,0,0,0,0,0,-9,2025-08-29 12:36:00,2025-08-29 14:02:00,2,0
2025-03-04 23:00:00,2025-03-05 04:01:00,B6,ATL,LAX,3324,6.89,6.01,0.0,1.28,16.14,0.5665,0.7276,1,ATL-LAX,301,23,0,1,0,0,0,0,7,2025-03-04 23:07:00,2025-03-05 04:07:00,6,0
2025-04-21 10:45:00,2025-04-21 11:44:00,AA,SEA,ORD,300,1.93,0.0,0.45,0.0,19.34,-0.6198,0.6437,99,SEA-ORD,59,10,0,0,0,0,0,0,-1,2025-04-21 10:44:00,2025-04-21 11:36:00,-8,0
2025-05-12 16:45:00,2025-05-12 21:09:00,DL,ATL,JFK,2866,11.28,5.54,0.22,0.94,17.25,0.093,0.6777,9,ATL-JFK,264,16,0,0,0,0,0,0,-2,2025-05-12 16:43:00,2025-05-12 21:03:00,-6,0
2025-12-12 02:10:00,2025-12-12 05:59:00,AA,SEA,ATL,2431,3.96,6.42,0.0,0.01,17.76,0.3099,0.8829,8,SEA-ATL,229,2,0,1,0,0,0,0,0,2025-12-12 02:10:00,2025-12-12 06:00:00,1,0
2025-09-18 22:40:00,2025-09-19 03:50:00,UA,DEN,SFO,3433,16.79,16.46,1.63,0.0,9.86,-1.91,0.5898,65,DEN-SFO,310,22,0,1,0,0,0,0,-4,2025-09-18 22:36:00,2025-09-19 03:47:00,-3,0
2025-05-14 03:00:00,2025-05-14 06:05:00,B6,ORD,SEA,1880,6.04,7.73,0.0,0.15,16.98,-1.7038,0.1861,80,ORD-SEA,185,3,0,1,0,0,0,0,19,2025-05-14 03:19:00,2025-05-14 06:32:00,27,1
2025-09-26 09:30:00,2025-09-26 11:09:00,DL,SFO,DFW,799,7.0,5.61,5.66,4.88,12.28,-0.4792,-0.5394,77,SFO-DFW,99,9,0,0,0,0,0,0,2,2025-09-26 09:32:00,2025-09-26 11:10:00,1,0
2025-09-27 20:50:00,2025-09-27 23:59:00,AA,ORD,JFK,1925,7.29,7.59,0.8,1.12,16.16,-0.8911,-0.4285,91,ORD-JFK,189,20,0,1,0,0,0,0,5,2025-09-27 20:55:00,2025-09-27 23:52:00,-7,0
2025-05-24 23:10:00,2025-05-25 04:25:00,DL,ORD,BOS,3497,19.76,19.65,0.01,0.0,20.48,0.4118,-0.6493,6,ORD-BOS,315,23,0,1,0,0,0,0,0,2025-05-24 23:10:00,2025-05-25 04:18:00,-7,0
2025-05-28 11:10:00,2025-05-28 17:29:00,WN,DEN,SFO,4305,15.59,13.3,0.0,0.0,13.58,-0.347,0.3452,89,DEN-SFO,379,11,0,0,0,0,0,0,9,2025-05-28 11:19:00,2025-05-28 17:41:00,12,0
2025-11-23 11:20:00,2025-11-23 13:29:00,DL,LAX,DEN,1174,6.67,5.3,37.77,40.26,0.2,0.717,-0.854,46,LAX-DEN,129,11,0,0,1,1,0,0,17,2025-11-23 11:37:00,2025-11-23 13:53:00,24,1
2025-07-25 01:15:00,2025-07-25 04:12:00,DL,LAX,DFW,1775,2.94,2.9,13.45,13.72,13.17,0.5004,-0.7925,38,LAX-DFW,177,1,0,1,1,0,0,0,15,2025-07-25 01:30:00,2025-07-25 04:39:00,27,1
2025-02-24 23:00:00,2025-02-25 04:54:00,DL,DFW,DEN,3982,23.45,24.66,0.0,0.0,17.02,0.8611,0.0191,73,DFW-DEN,354,23,0,1,0,0,0,0,-4,2025-02-24 22:56:00,2025-02-25 04:46:00,-8,0
2025-09-20 00:20:00,2025-09-20 03:04:00,WN,ATL,DEN,1614,8.37,6.98,14.35,14.61,5.44,-0.528,-0.3335,31,ATL-DEN,164,0,0,1,1,1,0,0,3,2025-09-20 00:23:00,2025-09-20 03:09:00,5,0
2025-08-04 00:15:00,2025-08-04 02:36:00,UA,SFO,LAX,1328,21.68,22.21,0.0,0.26,19.39,-0.2204,0.8381,40,SFO-LAX,141,0,0,1,0,0,0,0,10,2025-08-04 00:25:00,2025-08-04 03:07:00,31,1
2025-07-05 11:00:00,2025-07-05 16:38:00,DL,BOS,SFO,3792,9.38,6.9,0.0,1.01,11.76,2.0078,0.653,66,BOS-SFO,338,11,0,0,0,0,0,0,-5,2025-07-05 10:55:00,2025-07-05 16:31:00,-7,0
2025-09-22 00:15:00,2025-09-22 03:59:00,B6,SFO,SEA,2366,5.49,5.31,0.0,0.08,15.53,-1.0479,-0.2032,12,SFO-SEA,224,0,0,1,0,0,0,0,-9,2025-09-22 00:06:00,2025-09-22 04:01:00,2,0
2025-11-28 03:00:00,2025-11-28 07:15:00,UA,SFO,JFK,2749,4.66,4.81,0.0,0.96,18.54,0.6682,0.7927,34,SFO-JFK,255,3,0,1,0,0,0,0,-4,2025-11-28 02:56:00,2025-11-28 07:09:00,-6,0
2025-05-01 15:50:00,2025-05-01 19:33:00,DL,ATL,BOS,2346,8.6,9.16,7.21,9.78,10.47,1.0112,0.1676,64,ATL-BOS,223,15,0,0,0,0,0,0,9,2025-05-01 15:59:00,2025-05-01 19:45:00,12,0
2025-06-03 16:50:00,2025-06-03 21:11:00,B6,ORD,SEA,2831,2.19,3.75,0.0,0.0,14.65,0.4742,-0.0675,43,ORD-SEA,261,16,0,0,0,0,0,0,-5,2025-06-03 16:45:00,2025-06-03 21:15:00,4,0
2025-03-11 07:15:00,2025-03-11 09:44:00,UA,LAX,DEN,1429,4.92,6.11,10.29,9.59,9.26,0.8946,0.6326,93,LAX-DEN,149,7,0,0,0,0,0,0,-2,2025-03-11 07:13:00,2025-03-11 09:37:00,-7,0
2025-08-25 19:50:00,2025-08-26 00:55:00,DL,DEN,SFO,3374,31.72,34.83,0.0,0.0,10.27,0.0002,0.9686,35,DEN-SFO,305,19,0,0,0,0,0,0,25,2025-08-25 20:15:00,2025-08-26 01:30:00,35,1
2025-05-27 14:20:00,2025-05-27 17:21:00,UA,SEA,DFW,1819,37.06,37.42,0.0,0.38,19.4,0.483,0.4614,90,SEA-DFW,181,14,0,0,0,0,0,0,4,2025-05-27 14:24:00,2025-05-27 17:24:00,3,0
2025-05-05 05:50:00,2025-05-05 09:45:00,WN,BOS,JFK,2499,4.59,5.68,0.0,0.13,10.46,0.2225,0.3978,56,BOS-JFK,235,5,0,0,0,0,0,0,2,2025-05-05 05:52:00,2025-05-05 09:42:00,-3,0
2025-09-12 17:10:00,2025-09-12 19:11:00,DL,DEN,DFW,1079,17.6,15.46,0.97,1.26,13.55,-1.4083,0.5557,86,DEN-DFW,121,17,0,0,0,0,0,0,-9,2025-09-12 17:01:00,2025-09-12 19:09:00,-2,0
2025-05-29 14:15:00,2025-05-29 15:18:00,AA,SFO,JFK,347,13.95,13.42,1.52,0.0,14.16,-0.2177,-0.1336,69,SFO-JFK,63,14,0,0,0,0,0,0,3,2025-05-29 14:18:00,2025-05-29 15:16:00,-2,0
2025-06-19 19:40:00,2025-06-19 23:51:00,UA,ORD,BOS,2694,4.23,4.34,0.03,0.0,17.85,-1.5194,0.514,96,ORD-BOS,251,19,0,0,0,0,0,0,8,2025-06-19 19:48:00,2025-06-20 00:05:00,14,0
2025-06-10 03:10:00,2025-06-10 04:56:00,B6,BOS,JFK,882,16.39,13.98,0.51,0.2,16.56,0.6325,0.0153,53,BOS-JFK,106,3,0,1,0,0,0,0,16,2025-06-10 03:26:00,2025-06-10 05:03:00,7,0
2025-04-05 05:45:00,2025-04-05 11:51:00,B6,BOS,DFW,4134,5.19,7.12,0.0,0.0,15.27,0.2231,0.7992,80,BOS-DFW,366,5,0,0,0,0,0,0,0,2025-04-05 05:45:00,2025-04-05 11:31:00,-20,0
2025-02-15 07:20:00,2025-02-15 13:41:00,B6,DEN,SEA,4328,9.85,9.26,0.0,0.37,16.78,0.9531,0.7209,59,DEN-SEA,381,7,0,0,0,0,0,0,5,2025-02-15 07:25:00,2025-02-15 13:39:00,-2,0
2025-10-29 08:20:00,2025-10-29 11:05:00,DL,ATL,JFK,1629,15.8,19.53,0.31,0.23,17.75,-1.1378,-0.7884,26,ATL-JFK,165,8,0,0,0,0,0,0,-2,2025-10-29 08:18:00,2025-10-29 10:52:00,-13,0
2025-02-03 21:20:00,2025-02-03 23:56:00,B6,BOS,SFO,1513,8.06,4.63,0.0,0.54,7.33,0.0988,-0.1175,31,BOS-SFO,156,21,0,1,0,0,0,0,-2,2025-02-03 21:18:00,2025-02-03 23:49:00,-7,0
2025-04-29 17:45:00,2025-04-29 21:35:00,UA,LAX,DEN,2433,8.26,8.1,0.54,0.0,15.86,0.1327,0.401,84,LAX-DEN,230,17,0,0,0,0,0,0,14,2025-04-29 17:59:00,2025-04-29 22:05:00,30,1
2025-09-01 13:00:00,2025-09-01 15:08:00,DL,ATL,DEN,1157,14.72,11.96,0.0,0.55,17.45,2.0117,-0.7862,45,ATL-DEN,128,13,1,0,0,0,0,0,-8,2025-09-01 12:52:00,2025-09-01 15:28:00,20,1
2025-02-17 12:45:00,2025-02-17 18:34:00,UA,DEN,ATL,3919,23.0,22.2,0.37,1.74,12.41,-0.1939,-0.3414,78,DEN-ATL,349,12,1,0,0,0,0,0,-3,2025-02-17 12:42:00,2025-02-17 18:40:00,6,0
2025-08-28 21:45:00,2025-08-28 23:18:00,WN,DEN,ORD,728,12.04,13.31,0.27,0.0,13.63,-0.5509,-0.2899,52,DEN-ORD,93,21,0,1,0,0,0,0,7,2025-08-28 21:52:00,2025-08-28 23:17:00,-1,0
2025-09-25 10:45:00,2025-09-25 14:16:00,WN,SFO,ATL,2200,7.09,5.04,21.75,20.66,7.96,0.032,0.3253,71,SFO-ATL,211,10,0,0,1,0,0,0,15,2025-09-25 11:00:00,2025-09-25 14:39:00,23,1
2025-08-30 05:50:00,2025-08-30 07:52:00,WN,SFO,DEN,1093,20.55,21.61,0.0,0.0,19.25,1.6516,-0.8287,91,SFO-DEN,122,5,0,0,0,0,0,0,26,2025-08-30 06:16:00,2025-08-30 08:22:00,30,1
2025-04-22 03:45:00,2025-04-22 09:23:00,UA,SEA,SFO,3791,13.16,8.53,0.2,0.0,18.36,0.858,0.6984,86,SEA-SFO,338,3,0,1,0,0,0,0,12,2025-04-22 03:57:00,2025-04-22 09:27:00,4,0
2025-01-08 07:30:00,2025-01-08 09:17:00,AA,DFW,LAX,905,22.76,24.42,0.32,0.0,11.97,0.6527,-0.1781,77,DFW-LAX,107,7,0,0,0,0,0,0,-5,2025-01-08 07:25:00,2025-01-08 09:16:00,-1,0
2025-11-20 15:20:00,2025-11-20 18:49:00,DL,JFK,LAX,2174,30.26,29.88,5.15,5.75,13.89,-0.2331,-0.9823,0,JFK-LAX,209,15,0,0,0,0,0,0,20,2025-11-20 15:40:00,2025-11-20 19:11:00,22,1
2025-04-30 11:20:00,2025-04-30 16:59:00,DL,JFK,SEA,3800,15.84,16.17,0.0,0.85,18.79,-0.2203,0.8645,90,JFK-SEA,339,11,0,0,0,0,0,0,-10,2025-04-30 11:10:00,2025-04-30 16:56:00,-3,0
2025-10-21 10:45:00,2025-10-21 14:12:00,DL,SEA,ORD,2149,23.92,20.63,0.16,0.34,15.41,1.4918,0.2272,51,SEA-ORD,207,10,0,0,0,0,0,0,-4,2025-10-21 10:41:00,2025-10-21 14:16:00,4,0
2025-03-14 11:20:00,2025-03-14 13:21:00,AA,ORD,SEA,1075,21.86,22.94,0.13,0.0,13.01,-0.419,-0.6455,89,ORD-SEA,121,11,0,0,0,0,0,0,0,2025-03-14 11:20:00,2025-03-14 13:18:00,-3,0
2025-03-01 23:30:00,2025-03-02 01:22:00,AA,SFO,LAX,960,9.71,11.35,0.0,0.98,12.44,-0.4978,0.6762,78,SFO-LAX,112,23,0,1,0,0,0,0,3,2025-03-01 23:33:00,2025-03-02 01:24:00,2,0
2025-10-12 23:00:00,2025-10-13 03:22:00,WN,JFK,DEN,2840,24.26,25.77,0.6,1.85,19.48,-1.679,0.6271,6,JFK-DEN,262,23,0,1,0,0,0,0,3,2025-10-12 23:03:00,2025-10-13 03:24:00,2,0
2025-12-10 03:15:00,2025-12-10 04:56:00,AA,SFO,BOS,824,10.48,13.01,9.73,11.38,10.1,-1.5574,0.7266,30,SFO-BOS,101,3,0,1,0,0,0,0,13,2025-12-10 03:28:00,2025-12-10 04:55:00,-1,0
2025-11-11 02:15:00,2025-11-11 05:13:00,UA,ORD,DFW,1792,18.43,21.04,0.09,0.0,19.22,1.1371,0.1729,32,ORD-DFW,178,2,0,1,0,0,0,0,11,2025-11-11 02:26:00,2025-11-11 04:59:00,-14,0
2025-10-02 05:20:00,2025-10-02 09:44:00,AA,ORD,JFK,2868,9.93,9.22,1.06,0.0,16.53,-2.0259,0.1843,17,ORD-JFK,264,5,0,0,0,0,0,0,2,2025-10-02 05:22:00,2025-10-02 09:32:00,-12,0
2025-04-01 20:30:00,2025-04-01 23:36:00,DL,LAX,DEN,1893,5.6,3.5,0.0,0.0,14.96,1.6104,0.6964,15,LAX-DEN,186,20,0,1,0,0,0,0,0,2025-04-01 20:30:00,2025-04-01 23:28:00,-8,0
2025-11-30 11:40:00,2025-11-30 17:17:00,AA,DFW,ORD,3774,35.01,33.41,0.0,0.0,16.07,-0.2558,0.2517,13,DFW-ORD,337,11,0,0,0,0,0,0,21,2025-11-30 12:01:00,2025-11-30 17:35:00,18,1
2025-09-01 20:20:00,2025-09-02 01:10:00,UA,LAX,BOS,3188,16.6,12.88,0.39,0.0,4.94,0.3686,-0.9956,57,LAX-BOS,290,20,1,1,0,1,1,0,32,2025-09-01 20:52:00,2025-09-02 02:05:00,55,1
2025-03-04 15:10:00,2025-03-04 16:54:00,AA,DFW,ATL,868,18.4,17.05,19.93,20.24,8.57,1.062,0.3354,59,DFW-ATL,104,15,0,0,1,0,0,0,30,2025-03-04 15:40:00,2025-03-04 17:36:00,42,1
2025-02-17 13:30:00,2025-02-17 19:03:00,B6,LAX,DFW,3731,13.58,8.2,3.52,5.18,13.98,-0.6025,0.8913,45,LAX-DFW,333,13,1,0,0,0,0,0,5,2025-02-17 13:35:00,2025-02-17 19:27:00,24,1
2025-11-14 06:00:00,2025-11-14 12:05:00,AA,DEN,SFO,4122,24.87,22.82,0.0,0.0,6.55,0.5989,0.0575,51,DEN-SFO,365,6,0,0,0,0,0,0,2,2025-11-14 06:02:00,2025-11-14 12:02:00,-3,0
2025-04-11 08:45:00,2025-04-11 10:52:00,DL,SEA,LAX,1149,9.25,6.85,0.83,0.09,15.94,-1.0236,-0.6921,65,SEA-LAX,127,8,0,0,0,0,0,0,16,2025-04-11 09:01:00,2025-04-11 10:47:00,-5,0
2025-10-07 03:45:00,2025-10-07 06:45:00,DL,LAX,DFW,1807,8.95,10.55,0.6,0.0,15.96,-0.6409,0.9927,37,LAX-DFW,180,3,0,1,0,0,0,0,8,2025-10-07 03:53:00,2025-10-07 06:37:00,-8,0
2025-02-20 12:10:00,2025-02-20 15:22:00,AA,ORD,DFW,1960,2.91,3.05,0.27,0.0,16.25,0.4376,-0.0614,66,ORD-DFW,192,12,0,0,0,0,0,0,2,2025-02-20 12:12:00,2025-02-20 15:15:00,-7,0
2025-04-13 06:15:00,2025-04-13 09:37:00,AA,BOS,DFW,2086,9.27,9.41,0.0,0.0,16.62,0.4166,-0.3211,90,BOS-DFW,202,6,0,0,0,0,0,0,6,2025-04-13 06:21:00,2025-04-13 09:37:00,0,0
2025-04-14 07:00:00,2025-04-14 10:35:00,UA,SEA,DEN,2247,23.16,24.4,0.42,0.83,18.42,0.3611,0.7949,49,SEA-DEN,215,7,0,0,0,0,0,0,-2,2025-04-14 06:58:00,2025-04-14 10:50:00,15,1
2025-04-13 00:15:00,2025-04-13 06:14:00,UA,SEA,SFO,4056,8.93,8.41,9.36,9.82,6.32,1.4774,0.3618,73,SEA-SFO,359,0,0,1,0,0,0,0,8,2025-04-13 00:23:00,2025-04-13 06:18:00,4,0
2025-09-04 19:00:00,2025-09-04 23:38:00,UA,BOS,ORD,3035,3.43,3.13,1.51,0.0,17.38,-0.0772,-0.1131,25,BOS-ORD,278,19,0,0,0,0,0,0,1,2025-09-04 19:01:00,2025-09-04 23:35:00,-3,0
2025-11-30 22:50:00,2025-12-01 04:50:00,DL,DFW,BOS,4064,21.23,18.23,0.0,0.0,15.54,1.6081,-0.2565,53,DFW-BOS,360,22,0,1,0,0,0,0,9,2025-11-30 22:59:00,2025-12-01 04:36:00,-14,0
2025-11-29 11:10:00,2025-11-29 14:07:00,B6,ORD,BOS,1772,14.49,16.58,0.11,0.91,12.65,0.0603,0.7835,44,ORD-BOS,177,11,0,0,0,0,0,0,4,2025-11-29 11:14:00,2025-11-29 13:56:00,-11,0
2025-09-28 12:40:00,2025-09-28 16:35:00,B6,SEA,ATL,2504,33.94,31.94,1.67,2.51,13.97,0.6032,-0.3671,77,SEA-ATL,235,12,0,0,0,0,0,0,-8,2025-09-28 12:32:00,2025-09-28 16:21:00,-14,0
2025-03-15 22:30:00,2025-03-16 00:05:00,DL,ORD,DEN,746,4.96,4.66,0.68,0.0,17.02,0.7329,-0.1053,84,ORD-DEN,95,22,0,1,0,0,0,0,13,2025-03-15 22:43:00,2025-03-16 00:08:00,3,0
2025-12-17 12:10:00,2025-12-17 14:42:00,AA,JFK,LAX,1462,15.02,13.03,0.66,0.0,14.74,-0.505,-0.1931,38,JFK-LAX,152,12,0,0,0,0,0,0,-1,2025-12-17 12:09:00,2025-12-17 14:35:00,-7,0
2025-07-17 14:45:00,2025-07-17 19:00:00,UA,DEN,SFO,2752,2.09,7.99,19.45,20.52,7.96,0.2102,0.9426,4,DEN-SFO,255,14,0,0,1,0,0,0,42,2025-07-17 15:27:00,2025-07-17 19:44:00,44,1
2025-07-19 10:00:00,2025-07-19 11:57:00,WN,SFO,JFK,1022,11.23,13.65,0.83,0.0,16.14,-1.4525,0.7561,47,SFO-JFK,117,10,0,0,0,0,0,0,3,2025-07-19 10:03:00,2025-07-19 12:03:00,6,0
2025-09-14 12:50:00,2025-09-14 19:12:00,B6,SEA,ATL,4333,13.23,14.18,1.16,1.06,18.29,0.1083,0.3944,38,SEA-ATL,382,12,0,0,0,0,0,0,-6,2025-09-14 12:44:00,2025-09-14 19:02:00,-10,0
2025-10-08 12:40:00,2025-10-08 15:10:00,AA,SFO,ATL,1440,1.8,1.38,0.0,0.0,13.08,0.0701,0.1732,87,SFO-ATL,150,12,0,0,0,0,0,0,-8,2025-10-08 12:32:00,2025-10-08 15:10:00,0,0
2025-12-14 17:40:00,2025-12-14 19:33:00,DL,DEN,DFW,978,20.47,21.0,0.0,0.0,17.15,0.5378,0.0004,38,DEN-DFW,113,17,0,0,0,0,0,0,-10,2025-12-14 17:30:00,2025-12-14 19:30:00,-3,0
2025-08-01 14:50:00,2025-08-01 20:11:00,B6,DFW,DEN,3578,20.07,18.76,13.68,11.59,9.21,-0.1238,-0.7901,83,DFW-DEN,321,14,0,0,1,0,0,0,22,2025-08-01 15:12:00,2025-08-01 20:36:00,25,1
2025-08-11 12:20:00,2025-08-11 13:49:00,DL,DEN,LAX,678,12.75,13.11,0.79,0.0,14.6,1.785,0.7966,84,DEN-LAX,89,12,0,0,0,0,0,0,-2,2025-08-11 12:18:00,2025-08-11 13:51:00,2,0
2025-09-30 01:15:00,2025-09-30 04:03:00,WN,SFO,BOS,1663,5.26,2.26,0.22,0.0,18.2,-1.6984,0.9536,65,SFO-BOS,168,1,0,1,0,0,0,0,8,2025-09-30 01:23:00,2025-09-30 04:07:00,4,0
2025-04-04 21:10:00,2025-04-04 23:16:00,WN,SEA,DEN,1134,5.42,8.64,0.19,0.0,17.25,-1.1751,0.4838,73,SEA-DEN,126,21,0,1,0,0,0,0,-5,2025-04-04 21:05:00,2025-04-04 23:17:00,1,0
2025-04-23 21:50:00,2025-04-24 02:42:00,B6,BOS,LAX,3217,20.0,19.39,4.21,4.09,9.27,-0.957,-0.4282,43,BOS-LAX,292,21,0,1,0,0,0,0,4,2025-04-23 21:54:00,2025-04-24 02:43:00,1,0
2025-08-17 04:20:00,2025-08-17 10:02:00,B6,DEN,ORD,3841,11.61,8.31,3.48,4.09,15.73,-0.0401,-0.2177,30,DEN-ORD,342,4,0,1,0,0,0,0,7,2025-08-17 04:27:00,2025-08-17 10:15:00,13,0
2025-01-24 07:45:00,2025-01-24 09:50:00,AA,JFK,DFW,1119,9.4,10.4,0.95,0.0,18.95,-0.7794,0.6235,76,JFK-DFW,125,7,0,0,0,0,0,0,0,2025-01-24 07:45:00,2025-01-24 09:49:00,-1,0
2025-04-27 23:15:00,2025-04-28 02:34:00,DL,DFW,BOS,2047,22.97,22.37,0.0,0.0,16.46,-1.1716,0.6706,54,DFW-BOS,199,23,0,1,0,0,0,0,7,2025-04-27 23:22:00,2025-04-28 02:38:00,4,0
2025-09-20 07:50:00,2025-09-20 11:30:00,WN,JFK,ATL,2309,13.24,8.06,0.3,0.0,15.99,-0.5045,-0.3886,74,JFK-ATL,220,7,0,0,0,0,0,0,38,2025-09-20 08:28:00,2025-09-20 12:17:00,47,1
2025-12-23 19:45:00,2025-12-24 00:36:00,AA,DFW,SEA,3201,4.62,2.31,4.65,5.41,14.61,-1.4728,0.3608,51,DFW-SEA,291,19,0,0,0,0,0,0,4,2025-12-23 19:49:00,2025-12-24 00:35:00,-1,0
2025-07-09 18:15:00,2025-07-09 21:12:00,AA,ORD,DEN,1778,24.11,18.44,0.66,0.62,14.84,0.3634,0.887,38,ORD-DEN,177,18,0,0,0,0,0,0,22,2025-07-09 18:37:00,2025-07-09 21:29:00,17,1
2025-05-26 20:20:00,2025-05-27 00:15:00,UA,SFO,SEA,2496,1.56,4.16,0.0,0.0,17.04,0.3067,0.4713,67,SFO-SEA,235,20,1,1,0,0,1,0,2,2025-05-26 20:22:00,2025-05-27 00:36:00,21,1
2025-06-10 00:45:00,2025-06-10 04:33:00,DL,SFO,DFW,2415,8.04,10.57,1.45,0.0,16.6,-1.269,-0.1834,34,SFO-DFW,228,0,0,1,0,0,0,0,-4,2025-06-10 00:41:00,2025-06-10 04:38:00,5,0
2025-09-08 11:10:00,2025-09-08 12:13:00,AA,JFK,DFW,347,13.87,14.66,2.37,2.54,15.94,0.871,0.0037,39,JFK-DFW,63,11,0,0,0,0,0,0,1,2025-09-08 11:11:00,2025-09-08 12:20:00,7,0
2025-07-18 13:00:00,2025-07-18 17:10:00,B6,SEA,DEN,2693,16.66,16.3,14.19,13.18,8.77,-1.3342,0.5345,82,SEA-DEN,250,13,0,0,1,0,0,0,20,2025-07-18 13:20:00,2025-07-18 17:35:00,25,1
2025-01-09 20:15:00,2025-01-10 00:25:00,UA,ORD,DFW,2685,4.08,2.26,0.0,0.0,13.21,-0.5395,-0.9404,73,ORD-DFW,250,20,0,1,0,0,0,0,-8,2025-01-09 20:07:00,2025-01-10 00:29:00,4,0
2025-07-16 05:30:00,2025-07-16 12:02:00,DL,BOS,LAX,4461,0.0,3.19,0.0,0.31,7.67,0.2258,0.746,84,BOS-LAX,392,5,0,0,0,0,0,0,-7,2025-07-16 05:23:00,2025-07-16 11:56:00,-6,0
2025-05-27 07:10:00,2025-05-27 11:00:00,B6,SEA,DFW,2442,1.2,2.79,15.04,15.09,8.31,0.0654,-0.7041,92,SEA-DFW,230,7,0,0,1,0,0,0,42,2025-05-27 07:52:00,2025-05-27 12:01:00,61,1
2025-09-13 04:15:00,2025-09-13 10:16:00,UA,DFW,ORD,4079,25.86,24.9,0.25,0.0,14.41,-1.5629,0.7778,15,DFW-ORD,361,4,0,1,0,0,0,0,8,2025-09-13 04:23:00,2025-09-13 10:34:00,18,1
2025-11-16 18:50:00,2025-11-16 21:46:00,DL,LAX,SFO,1766,1.88,3.08,0.0,0.0,9.98,0.4453,0.9862,89,LAX-SFO,176,18,0,0,0,0,0,0,-10,2025-11-16 18:40:00,2025-11-16 21:39:00,-7,0
2025-12-18 23:00:00,2025-12-19 03:53:00,UA,ORD,DFW,3222,29.78,28.67,0.0,0.0,13.97,-0.0475,-0.8979,80,ORD-DFW,293,23,0,1,0,0,0,0,27,2025-12-18 23:27:00,2025-12-19 04:30:00,37,1
2025-08-11 03:00:00,2025-08-11 09:02:00,WN,SFO,BOS,4087,18.93,18.73,0.06,0.0,15.81,1.8945,0.924,67,SFO-BOS,362,3,0,1,0,0,0,0,-2,2025-08-11 02:58:00,2025-08-11 08:57:00,-5,0
2025-05-13 05:20:00,2025-05-13 07:11:00,DL,SFO,BOS,945,5.42,8.64,2.39,1.38,15.01,0.595,-0.546,48,SFO-BOS,111,5,0,0,0,0,0,0,-7,2025-05-13 05:13:00,2025-05-13 07:14:00,3,0
2025-06-12 07:00:00,2025-06-12 11:09:00,DL,SEA,ORD,2681,3.45,0.64,0.0,0.63,14.89,1.4706,-0.0688,99,SEA-ORD,249,7,0,0,0,0,0,0,6,2025-06-12 07:06:00,2025-06-12 11:17:00,8,0
2025-03-06 21:00:00,2025-03-07 03:08:00,AA,JFK,DFW,4159,9.24,11.35,11.8,11.43,8.06,-0.9425,-0.8348,43,JFK-DFW,368,21,0,1,0,0,0,0,-10,2025-03-06 20:50:00,2025-03-07 03:13:00,5,0
2025-12-08 10:10:00,2025-12-08 14:16:00,UA,DFW,DEN,2635,5.25,4.36,0.0,0.0,13.9,-1.5777,-0.5354,46,DFW-DEN,246,10,0,0,0,0,0,0,1,2025-12-08 10:11:00,2025-12-08 14:27:00,11,0
2025-11-06 06:00:00,2025-11-06 11:59:00,B6,DFW,LAX,4048,25.15,24.85,0.35,1.08,10.87,1.3256,-0.5108,33,DFW-LAX,359,6,0,0,0,0,0,0,12,2025-11-06 06:12:00,2025-11-06 11:56:00,-3,0
2025-11-08 07:45:00,2025-11-08 11:05:00,AA,SFO,DEN,2063,10.78,10.44,0.59,0.35,13.07,0.3482,-0.6278,59,SFO-DEN,200,7,0,0,0,0,0,0,6,2025-11-08 07:51:00,2025-11-08 11:04:00,-1,0
2025-04-30 14:00:00,2025-04-30 19:57:00,WN,BOS,DFW,4024,11.45,13.21,4.51,4.53,14.16,1.8281,0.6917,37,BOS-DFW,357,14,0,0,0,0,0,0,-1,2025-04-30 13:59:00,2025-04-30 19:48:00,-9,0
2025-04-28 09:30:00,2025-04-28 14:00:00,AA,JFK,DEN,2941,8.89,11.88,21.52,20.63,8.04,1.1246,0.9526,85,JFK-DEN,270,9,0,0,1,0,0,0,9,2025-04-28 09:39:00,2025-04-28 14:08:00,8,0
2025-11-09 03:40:00,2025-11-09 07:20:00,B6,ORD,SEA,2311,16.13,17.63,0.0,0.0,16.53,1.0682,-0.39,79,ORD-SEA,220,3,0,1,0,0,0,0,-9,2025-11-09 03:31:00,2025-11-09 07:18:00,-2,0
2025-07-18 19:40:00,2025-07-18 21:51:00,AA,ATL,LAX,1202,11.59,9.88,0.0,0.0,16.96,0.4558,0.478,10,ATL-LAX,131,19,0,0,0,0,0,0,27,2025-07-18 20:07:00,2025-07-18 22:15:00,24,1
2025-09-15 10:40:00,2025-09-15 12:36:00,WN,LAX,SEA,1016,34.45,32.93,0.11,0.23,11.81,-0.8566,-0.6963,64,LAX-SEA,116,10,0,0,0,0,0,0,4,2025-09-15 10:44:00,2025-09-15 12:40:00,4,0
2025-06-28 06:15:00,2025-06-28 08:51:00,B6,DEN,JFK,1512,2.86,2.41,9.03,11.33,9.83,-1.011,0.8909,78,DEN-JFK,156,6,0,0,0,0,0,0,15,2025-06-28 06:30:00,2025-06-28 09:13:00,22,1
2025-06-11 17:50:00,2025-06-11 23:02:00,AA,DEN,ATL,3468,5.33,8.83,0.0,0.08,15.85,-2.0266,0.3947,39,DEN-ATL,312,17,0,0,0,0,0,0,9,2025-06-11 17:59:00,2025-06-11 23:15:00,13,0
2025-08-19 17:00:00,2025-08-19 20:36:00,UA,LAX,DEN,2265,16.02,15.25,0.0,1.08,15.92,-0.5236,0.3996,2,LAX-DEN,216,17,0,0,0,0,0,0,0,2025-08-19 17:00:00,2025-08-19 20:36:00,0,0
2025-10-24 03:00:00,2025-10-24 06:09:00,UA,ATL,ORD,1931,12.38,15.44,0.0,2.29,16.78,-0.0104,-0.5066,67,ATL-ORD,189,3,0,1,0,0,0,0,19,2025-10-24 03:19:00,2025-10-24 06:39:00,30,1
2025-05-02 01:45:00,2025-05-02 05:21:00,AA,BOS,ORD,2260,32.9,31.63,30.32,32.23,0.59,-0.1005,0.05,90,BOS-ORD,216,1,0,1,1,1,0,0,31,2025-05-02 02:16:00,2025-05-02 05:54:00,33,1
2025-10-23 01:00:00,2025-10-23 03:55:00,DL,JFK,BOS,1747,5.8,8.39,8.18,8.12,14.78,0.0165,-0.1858,47,JFK-BOS,175,1,0,1,0,0,0,0,27,2025-10-23 01:27:00,2025-10-23 04:32:00,37,1
2025-03-31 18:10:00,2025-03-31 23:40:00,WN,LAX,DEN,3690,3.0,0.0,0.0,1.15,18.17,-2.1285,0.7359,37,LAX-DEN,330,18,0,0,0,0,0,0,1,2025-03-31 18:11:00,2025-03-31 23:47:00,7,0
2025-05-28 15:10:00,2025-05-28 18:20:00,B6,ATL,SFO,1941,19.33,18.39,0.0,0.13,10.41,0.1979,0.3127,47,ATL-SFO,190,15,0,0,0,0,0,0,-1,2025-05-28 15:09:00,2025-05-28 18:18:00,-2,0
2025-11-30 19:00:00,2025-11-30 22:38:00,WN,DFW,ORD,2283,10.23,12.7,0.08,0.0,17.11,1.5288,-0.4405,62,DFW-ORD,218,19,0,0,0,0,0,0,20,2025-11-30 19:20:00,2025-11-30 22:55:00,17,1
2025-12-15 15:00:00,2025-12-15 19:07:00,DL,DEN,ORD,2648,21.69,20.5,22.35,22.1,5.05,-0.7959,-0.7923,94,DEN-ORD,247,15,0,0,1,1,0,0,22,2025-12-15 15:22:00,2025-12-15 19:27:00,20,1
2025-12-04 09:30:00,2025-12-04 14:06:00,UA,JFK,BOS,3014,14.26,10.36,0.0,0.88,16.62,-1.4343,0.6142,83,JFK-BOS,276,9,0,0,0,0,0,0,-2,2025-12-04 09:28:00,2025-12-04 14:17:00,11,0
2025-04-26 14:40:00,2025-04-26 17:31:00,UA,DEN,LAX,1700,1.89,0.08,0.0,0.51,12.7,-1.5739,-0.8684,50,DEN-LAX,171,14,0,0,0,0,0,0,1,2025-04-26 14:41:00,2025-04-26 17:26:00,-5,0
2025-11-04 17:00:00,2025-11-04 18:24:00,DL,ATL,ORD,607,15.84,10.21,0.0,0.0,16.62,-0.6327,-0.0761,3,ATL-ORD,84,17,0,0,0,0,0,0,-10,2025-11-04 16:50:00,2025-11-04 18:23:00,-1,0
2025-12-08 09:50:00,2025-12-08 14:41:00,B6,JFK,ATL,3197,7.99,4.61,1.27,0.0,14.01,-0.3766,0.2966,72,JFK-ATL,291,9,0,0,0,0,0,0,2,2025-12-08 09:52:00,2025-12-08 14:42:00,1,0
2025-12-24 21:00:00,2025-12-25 01:07:00,AA,SEA,DEN,2652,6.98,7.06,12.41,10.2,11.15,0.187,0.2018,97,SEA-DEN,247,21,1,1,1,0,1,0,46,2025-12-24 21:46:00,2025-12-25 02:25:00,78,1
2025-01-08 21:40:00,2025-01-09 02:17:00,AA,LAX,SEA,3020,7.64,9.95,17.49,16.99,11.96,0.7678,-0.761,64,LAX-SEA,277,21,0,1,1,0,0,0,3,2025-01-08 21:43:00,2025-01-09 02:36:00,19,1
2025-09-29 19:45:00,2025-09-29 23:47:00,DL,DFW,SFO,2583,4.87,2.44,0.49,0.24,13.37,-0.9688,0.2949,32,DFW-SFO,242,19,0,0,0,0,0,0,9,2025-09-29 19:54:00,2025-09-29 23:45:00,-2,0
2025-12-30 23:30:00,2025-12-31 03:20:00,WN,JFK,BOS,2437,5.25,4.66,0.5,0.83,14.75,-0.522,-0.5195,66,JFK-BOS,230,23,0,1,0,0,0,0,8,2025-12-30 23:38:00,2025-12-31 03:18:00,-2,0
2025-10-07 09:20:00,2025-10-07 15:38:00,DL,BOS,ORD,4284,17.21,19.65,10.79,9.5,9.66,-1.6445,0.1136,29,BOS-ORD,378,9,0,0,0,0,0,0,8,2025-10-07 09:28:00,2025-10-07 15:59:00,21,1
2025-03-27 02:00:00,2025-03-27 03:17:00,WN,DEN,JFK,526,15.96,20.93,0.61,0.1,12.7,0.5649,-0.5028,61,DEN-JFK,77,2,0,1,0,0,0,0,15,2025-03-27 02:15:00,2025-03-27 03:36:00,19,1
2025-10-06 11:10:00,2025-10-06 12:40:00,UA,DFW,LAX,687,2.97,0.65,13.09,12.25,10.7,-0.3963,-0.226,71,DFW-LAX,90,11,0,0,1,0,0,0,57,2025-10-06 12:07:00,2025-10-06 14:09:00,89,1
2025-02-08 17:45:00,2025-02-08 23:59:00,UA,LAX,JFK,4233,12.7,13.91,0.59,0.0,15.54,-0.2467,0.4922,29,LAX-JFK,374,17,0,0,0,0,0,0,-1,2025-02-08 17:44:00,2025-02-08 23:44:00,-15,0
2025-06-25 18:15:00,2025-06-26 00:12:00,DL,JFK,SEA,4024,18.52,19.38,0.0,1.25,17.15,1.296,-0.4929,4,JFK-SEA,357,18,0,0,0,0,0,0,8,2025-06-25 18:23:00,2025-06-26 00:16:00,4,0
2025-08-17 09:00:00,2025-08-17 12:17:00,AA,SFO,JFK,2029,9.51,8.36,0.0,1.28,15.67,0.0941,0.7044,93,SFO-JFK,197,9,0,0,0,0,0,0,5,2025-08-17 09:05:00,2025-08-17 12:21:00,4,0
2025-06-16 07:40:00,2025-06-16 11:41:00,DL,LAX,SFO,2570,14.24,11.33,0.0,1.02,17.26,1.6815,-0.0925,71,LAX-SFO,241,7,0,0,0,0,0,0,0,2025-06-16 07:40:00,2025-06-16 11:33:00,-8,0
2025-09-13 10:40:00,2025-09-13 14:10:00,B6,ATL,ORD,2187,2.72,0.0,0.7,0.09,15.64,0.735,0.9847,26,ATL-ORD,210,10,0,0,0,0,0,0,17,2025-09-13 10:57:00,2025-09-13 14:07:00,-3,0
2025-03-29 19:00:00,2025-03-30 01:34:00,B6,JFK,ORD,4487,24.47,23.57,0.21,0.0,16.64,-0.4406,0.2204,69,JFK-ORD,394,19,0,0,0,0,0,0,0,2025-03-29 19:00:00,2025-03-30 01:26:00,-8,0
2025-08-10 01:00:00,2025-08-10 04:32:00,AA,LAX,SEA,2215,1.35,2.26,0.27,1.2,18.51,-1.1282,-0.6802,68,LAX-SEA,212,1,0,1,0,0,0,0,0,2025-08-10 01:00:00,2025-08-10 04:33:00,1,0
2025-08-24 07:00:00,2025-08-24 12:14:00,UA,ATL,DEN,3491,7.89,8.05,0.4,1.71,18.0,-0.1715,0.4978,0,ATL-DEN,314,7,0,0,0,0,0,0,-10,2025-08-24 06:50:00,2025-08-24 12:16:00,2,0
2025-08-20 05:00:00,2025-08-20 08:02:00,WN,DFW,SFO,1833,17.9,23.21,0.0,1.6,18.7,1.008,0.2209,55,DFW-SFO,182,5,0,0,0,0,0,0,16,2025-08-20 05:16:00,2025-08-20 08:02:00,0,0
2025-04-16 19:30:00,2025-04-16 22:37:00,WN,SEA,ORD,1901,28.4,31.06,0.62,0.49,20.37,-1.4016,-0.7632,9,SEA-ORD,187,19,0,0,0,0,0,0,-7,2025-04-16 19:23:00,2025-04-16 22:39:00,2,0
2025-04-22 11:10:00,2025-04-22 15:56:00,WN,DFW,SFO,3133,9.55,7.02,22.43,22.84,5.12,-0.6171,-0.8632,46,DFW-SFO,286,11,0,0,1,1,0,1,58,2025-04-22 12:08:00,2025-04-22 17:11:00,75,1
2025-04-05 02:30:00,2025-04-05 05:43:00,UA,JFK,DFW,1976,38.98,36.79,1.84,2.84,17.59,-0.8427,0.6494,66,JFK-DFW,193,2,0,1,0,0,0,0,-7,2025-04-05 02:23:00,2025-04-05 05:39:00,-4,0
2025-06-18 06:10:00,2025-06-18 07:14:00,AA,BOS,JFK,358,11.62,13.8,0.0,0.76,17.5,-0.4331,-0.0251,22,BOS-JFK,64,6,0,0,0,0,0,0,-1,2025-06-18 06:09:00,2025-06-18 07:04:00,-10,0
2025-08-02 01:50:00,2025-08-02 03:47:00,AA,ATL,LAX,1026,10.7,8.97,10.84,10.39,13.36,0.3878,0.3875,79,ATL-LAX,117,1,0,1,0,0,0,0,5,2025-08-02 01:55:00,2025-08-02 03:39:00,-8,0
2025-05-13 11:40:00,2025-05-13 17:32:00,UA,DEN,SFO,3968,2.59,6.31,0.0,0.0,11.89,0.189,0.002,71,DEN-SFO,352,11,0,0,0,0,0,0,17,2025-05-13 11:57:00,2025-05-13 17:28:00,-4,0
2025-05-30 23:15:00,2025-05-31 02:17:00,WN,ORD,SEA,1840,6.77,12.6,0.0,3.05,16.87,0.1689,0.6554,69,ORD-SEA,182,23,0,1,0,0,0,0,-3,2025-05-30 23:12:00,2025-05-31 02:21:00,4,0
2025-04-15 13:20:00,2025-04-15 14:53:00,WN,SFO,DEN,730,13.79,13.48,6.95,7.8,11.08,-1.402,-0.6774,6,SFO-DEN,93,13,0,0,0,0,0,0,11,2025-04-15 13:31:00,2025-04-15 14:45:00,-8,0
2025-03-21 20:00:00,2025-03-22 02:15:00,UA,LAX,ATL,4244,14.57,17.24,0.0,0.85,16.13,0.7026,-0.7779,51,LAX-ATL,375,20,0,1,0,0,0,0,-5,2025-03-21 19:55:00,2025-03-22 02:14:00,-1,0
2025-08-28 17:00:00,2025-08-28 23:35:00,DL,SEA,ORD,4498,16.23,16.56,34.98,33.9,2.99,0.9909,-0.2216,86,SEA-ORD,395,17,0,0,1,1,0,0,42,2025-08-28 17:42:00,2025-08-29 00:36:00,61,1
2025-10-25 21:30:00,2025-10-26 01:17:00,B6,LAX,ORD,2398,8.39,6.37,8.71,8.08,10.94,-0.2452,0.0392,85,LAX-ORD,227,21,0,1,0,0,0,0,1,2025-10-25 21:31:00,2025-10-26 01:30:00,13,0
2025-04-17 07:00:00,2025-04-17 11:30:00,B6,LAX,JFK,2937,26.26,25.61,18.45,16.83,6.42,-0.9005,0.2393,78,LAX-JFK,270,7,0,0,1,0,0,0,54,2025-04-17 07:54:00,2025-04-17 12:51:00,81,1
2025-11-11 22:40:00,2025-11-12 03:53:00,AA,DFW,BOS,3470,11.37,9.31,0.0,0.0,17.13,0.8108,-0.5278,72,DFW-BOS,313,22,0,1,0,0,0,0,30,2025-11-11 23:10:00,2025-11-12 04:33:00,40,1
2025-07-28 05:20:00,2025-07-28 06:41:00,B6,ATL,SFO,578,9.86,12.62,0.0,0.62,10.85,1.3337,0.5156,75,ATL-SFO,81,5,0,0,0,0,0,0,11,2025-07-28 05:31:00,2025-07-28 06:48:00,7,0
2025-03-03 10:10:00,2025-03-03 12:49:00,AA,DFW,JFK,1546,4.15,2.5,7.4,7.97,13.18,0.3753,0.4707,28,DFW-JFK,159,10,0,0,0,0,0,0,6,2025-03-03 10:16:00,2025-03-03 12:44:00,-5,0
2025-05-14 16:30:00,2025-05-14 20:38:00,WN,SEA,ORD,2662,17.13,17.49,4.09,5.37,17.74,-0.7288,-0.0184,3,SEA-ORD,248,16,0,0,0,0,0,0,2,2025-05-14 16:32:00,2025-05-14 20:42:00,4,0
2025-01-03 06:30:00,2025-01-03 10:34:00,WN,JFK,SEA,2609,7.24,11.92,1.13,0.03,13.8,-1.0633,-0.0557,79,JFK-SEA,244,6,0,0,0,0,0,0,-3,2025-01-03 06:27:00,2025-01-03 10:29:00,-5,0
2025-01-15 06:40:00,2025-01-15 09:30:00,AA,ORD,JFK,1691,10.02,7.57,0.0,0.16,13.99,0.5646,0.4359,97,ORD-JFK,170,6,0,0,0,0,0,0,8,2025-01-15 06:48:00,2025-01-15 09:30:00,0,0
2025-05-03 03:10:00,2025-05-03 04:09:00,UA,ATL,JFK,306,2.57,2.0,0.0,0.0,15.58,-1.5661,0.9948,38,ATL-JFK,59,3,0,1,0,0,0,0,11,2025-05-03 03:21:00,2025-05-03 03:56:00,-13,0
2025-06-15 00:30:00,2025-06-15 06:49:00,DL,BOS,SEA,4302,3.24,3.06,0.02,0.0,18.37,-1.3971,-0.243,10,BOS-SEA,379,0,0,1,0,0,0,0,-8,2025-06-15 00:22:00,2025-06-15 06:43:00,-6,0
2025-10-19 12:45:00,2025-10-19 17:10:00,AA,DEN,ORD,2880,13.15,11.73,0.0,0.59,17.43,0.2102,-0.4515,47,DEN-ORD,265,12,0,0,0,0,0,0,-1,2025-10-19 12:44:00,2025-10-19 17:05:00,-5,0
2025-02-19 23:15:00,2025-02-20 04:28:00,B6,DFW,SFO,3472,27.47,27.79,5.23,5.47,12.63,1.5688,-0.0391,35,DFW-SFO,313,23,0,1,0,0,0,0,-4,2025-02-19 23:11:00,2025-02-20 04:28:00,0,0
2025-11-03 05:45:00,2025-11-03 09:11:00,UA,SFO,LAX,2136,7.19,7.34,0.0,0.0,16.57,1.1494,-0.5084,30,SFO-LAX,206,5,0,0,0,0,0,0,6,2025-11-03 05:51:00,2025-11-03 09:16:00,5,0
2025-03-27 10:40:00,2025-03-27 14:29:00,DL,JFK,SFO,2429,9.05,7.42,0.0,1.11,9.77,0.3798,-0.8802,47,JFK-SFO,229,10,0,0,0,0,0,0,5,2025-03-27 10:45:00,2025-03-27 14:43:00,14,0
2025-02-20 22:20:00,2025-02-21 01:48:00,AA,LAX,SEA,2167,17.21,17.36,0.51,0.0,16.17,-2.0893,0.9064,99,LAX-SEA,208,22,0,1,0,0,0,0,1,2025-02-20 22:21:00,2025-02-21 01:44:00,-4,0
2025-09-13 18:50:00,2025-09-13 22:13:00,AA,LAX,BOS,2105,19.82,23.53,11.55,10.84,12.98,-2.457,-0.2956,91,LAX-BOS,203,18,0,0,0,0,0,0,7,2025-09-13 18:57:00,2025-09-13 22:13:00,0,0
2025-10-10 00:50:00,2025-10-10 05:34:00,UA,DFW,BOS,3116,5.1,6.29,16.06,16.63,8.1,-0.1739,0.0212,36,DFW-BOS,284,0,0,1,1,0,0,0,-5,2025-10-10 00:45:00,2025-10-10 05:45:00,11,0
2025-08-09 12:10:00,2025-08-09 18:44:00,AA,SFO,BOS,4482,5.57,1.61,1.16,0.21,13.53,1.7646,-0.7939,74,SFO-BOS,394,12,0,0,0,0,0,0,-4,2025-08-09 12:06:00,2025-08-09 18:40:00,-4,0
2025-02-12 03:50:00,2025-02-12 09:10:00,AA,DEN,SEA,3564,10.73,11.79,0.0,0.0,14.85,-0.8921,0.4715,29,DEN-SEA,320,3,0,1,0,0,0,0,5,2025-02-12 03:55:00,2025-02-12 09:18:00,8,0
2025-02-12 05:00:00,2025-02-12 09:43:00,B6,ATL,DEN,3103,15.0,13.85,0.0,1.4,12.88,0.8624,-0.0385,29,ATL-DEN,283,5,0,0,0,0,0,0,-6,2025-02-12 04:54:00,2025-02-12 09:29:00,-14,0
2025-05-23 05:10:00,2025-05-23 06:13:00,AA,ORD,JFK,350,0.25,4.64,0.48,0.0,15.73,0.3089,-0.6444,81,ORD-JFK,63,5,0,0,0,0,0,0,3,2025-05-23 05:13:00,2025-05-23 06:09:00,-4,0
2025-06-14 14:00:00,2025-06-14 17:52:00,DL,LAX,SEA,2458,8.48,7.32,0.0,0.0,12.72,-0.5738,-0.4714,71,LAX-SEA,232,14,0,0,0,0,0,0,-8,2025-06-14 13:52:00,2025-06-14 17:49:00,-3,0
2025-12-31 04:15:00,2025-12-31 10:35:00,DL,DEN,DFW,4314,7.52,9.32,0.44,0.85,15.29,-0.4108,0.2319,70,DEN-DFW,380,4,1,1,0,0,1,0,12,2025-12-31 04:27:00,2025-12-31 10:50:00,15,1
2025-04-15 06:50:00,2025-04-15 10:03:00,UA,SEA,ATL,1971,8.03,7.48,0.18,0.82,12.92,-1.6838,0.7244,19,SEA-ATL,193,6,0,0,0,0,0,0,0,2025-04-15 06:50:00,2025-04-15 09:55:00,-8,0
2025-03-12 05:30:00,2025-03-12 09:34:00,WN,BOS,DFW,2607,1.24,3.35,0.0,0.0,18.54,0.4397,-0.7838,9,BOS-DFW,244,5,0,0,0,0,0,0,-4,2025-03-12 05:26:00,2025-03-12 09:36:00,2,0
2025-12-12 08:30:00,2025-12-12 11:18:00,UA,DEN,ATL,1663,7.36,13.48,0.0,0.0,7.83,-0.6549,-0.6231,49,DEN-ATL,168,8,0,0,0,0,0,0,5,2025-12-12 08:35:00,2025-12-12 11:40:00,22,1
2025-02-26 15:00:00,2025-02-26 17:03:00,AA,BOS,DFW,1102,7.86,8.6,0.0,1.08,14.48,0.8487,0.7262,71,BOS-DFW,123,15,0,0,0,0,0,0,3,2025-02-26 15:03:00,2025-02-26 16:43:00,-20,0
2025-01-10 09:30:00,2025-01-10 14:26:00,B6,BOS,ORD,3262,6.02,7.21,0.72,1.41,13.61,-0.2254,0.4645,14,BOS-ORD,296,9,0,0,0,0,0,0,14,2025-01-10 09:44:00,2025-01-10 14:27:00,1,0
2025-06-04 07:20:00,2025-06-04 10:04:00,WN,ORD,JFK,1616,12.96,12.55,16.38,17.15,10.28,-0.2963,0.8539,98,ORD-JFK,164,7,0,0,1,0,0,0,21,2025-06-04 07:41:00,2025-06-04 10:28:00,24,1
2025-05-27 12:20:00,2025-05-27 16:37:00,WN,ORD,SEA,2769,17.34,20.08,0.22,0.83,15.28,-2.1143,-0.685,12,ORD-SEA,257,12,0,0,0,0,0,0,6,2025-05-27 12:26:00,2025-05-27 16:39:00,2,0
2025-08-15 14:15:00,2025-08-15 18:33:00,WN,LAX,ATL,2792,19.94,15.24,0.0,0.72,18.02,0.2882,0.3115,37,LAX-ATL,258,14,0,0,0,0,0,0,1,2025-08-15 14:16:00,2025-08-15 18:38:00,5,0
2025-11-17 00:10:00,2025-11-17 05:54:00,B6,SEA,ORD,3862,4.83,9.38,0.0,0.0,18.24,0.5108,-0.536,92,SEA-ORD,344,0,0,1,0,0,0,0,25,2025-11-17 00:35:00,2025-11-17 06:32:00,38,1
2025-12-07 21:50:00,2025-12-08 04:04:00,B6,ATL,DFW,4240,14.37,15.0,0.23,0.0,15.78,1.2588,-0.3949,79,ATL-DFW,374,21,0,1,0,0,0,0,-7,2025-12-07 21:43:00,2025-12-08 03:56:00,-8,0
2025-04-16 21:30:00,2025-04-17 01:35:00,DL,LAX,DEN,2624,12.8,13.14,0.36,0.0,15.7,-0.8449,0.0776,67,LAX-DEN,245,21,0,1,0,0,0,0,-4,2025-04-16 21:26:00,2025-04-17 01:37:00,2,0
2025-12-24 14:20:00,2025-12-24 15:36:00,UA,BOS,LAX,511,32.44,33.01,11.35,12.38,14.16,0.265,-0.2349,19,BOS-LAX,76,14,1,0,0,0,0,0,16,2025-12-24 14:36:00,2025-12-24 15:54:00,18,1
2025-08-19 13:00:00,2025-08-19 17:15:00,B6,SFO,BOS,2745,15.3,14.71,0.0,1.11,17.98,0.3998,0.1355,10,SFO-BOS,255,13,0,0,0,0,0,0,14,2025-08-19 13:14:00,2025-08-19 17:49:00,34,1
2025-01-26 16:45:00,2025-01-26 22:41:00,WN,LAX,JFK,4015,16.76,13.11,0.0,0.2,19.14,-1.2763,-0.2326,6,LAX-JFK,356,16,0,0,0,0,0,0,1,2025-01-26 16:46:00,2025-01-26 22:45:00,4,0
2025-12-09 10:20:00,2025-12-09 13:59:00,DL,ORD,DFW,2304,20.63,16.4,0.0,0.0,14.31,-0.6261,0.5051,39,ORD-DFW,219,10,0,0,0,0,0,0,-4,2025-12-09 10:16:00,2025-12-09 14:02:00,3,0
2025-02-20 08:20:00,2025-02-20 12:29:00,UA,LAX,BOS,2671,0.0,6.74,0.0,1.73,13.64,-1.1867,-0.5281,77,LAX-BOS,249,8,0,0,0,0,0,0,16,2025-02-20 08:36:00,2025-02-20 12:56:00,27,1
2025-08-03 08:40:00,2025-08-03 13:55:00,DL,DFW,SFO,3503,10.17,10.36,0.01,0.12,15.77,-1.1031,-0.8554,86,DFW-SFO,315,8,0,0,0,0,0,0,-7,2025-08-03 08:33:00,2025-08-03 13:53:00,-2,0
2025-10-16 03:10:00,2025-10-16 06:36:00,UA,ORD,DFW,2143,30.67,27.59,19.19,21.05,8.56,-0.3959,0.5676,69,ORD-DFW,206,3,0,1,1,0,0,0,-2,2025-10-16 03:08:00,2025-10-16 06:54:00,18,1
2025-04-02 20:30:00,2025-04-02 23:48:00,B6,SEA,ATL,2042,28.59,28.1,0.43,0.0,17.94,-0.6923,0.789,25,SEA-ATL,198,20,0,1,0,0,0,0,3,2025-04-02 20:33:00,2025-04-02 23:48:00,0,0
2025-04-09 07:45:00,2025-04-09 11:26:00,DL,BOS,DFW,2325,5.07,10.06,0.22,0.0,16.55,-0.0171,0.646,13,BOS-DFW,221,7,0,0,0,0,0,0,0,2025-04-09 07:45:00,2025-04-09 11:22:00,-4,0
2025-06-23 06:20:00,2025-06-23 12:05:00,UA,SEA,SFO,3878,28.72,27.3,7.31,8.8,7.8,0.6265,-0.1054,83,SEA-SFO,345,6,0,0,0,0,0,0,6,2025-06-23 06:26:00,2025-06-23 12:01:00,-4,0
2025-11-19 23:00:00,2025-11-20 02:43:00,B6,ORD,DEN,2349,9.11,9.53,0.0,0.0,18.09,0.5922,-0.112,91,ORD-DEN,223,23,0,1,0,0,0,0,24,2025-11-19 23:24:00,2025-11-20 03:04:00,21,1
2025-03-23 12:10:00,2025-03-23 14:59:00,DL,ATL,LAX,1673,11.76,12.14,0.0,0.0,15.58,0.7866,-0.3824,6,ATL-LAX,169,12,0,0,0,0,0,0,6,2025-03-23 12:16:00,2025-03-23 15:04:00,5,0
2025-08-31 14:00:00,2025-08-31 18:19:00,B6,SFO,SEA,2806,2.19,0.37,0.0,0.41,14.58,-0.2656,-0.0655,84,SFO-SEA,259,14,0,0,0,0,0,0,6,2025-08-31 14:06:00,2025-08-31 18:20:00,1,0
2025-06-15 05:30:00,2025-06-15 10:22:00,WN,BOS,ATL,3209,23.27,25.91,0.0,1.43,18.67,-0.5151,-0.9307,27,BOS-ATL,292,5,0,0,0,0,0,0,7,2025-06-15 05:37:00,2025-06-15 10:24:00,2,0
2025-02-10 06:15:00,2025-02-10 12:21:00,AA,LAX,JFK,4133,8.8,10.0,0.0,0.98,12.85,-1.231,0.3403,42,LAX-JFK,366,6,0,0,0,0,0,0,14,2025-02-10 06:29:00,2025-02-10 12:24:00,3,0
2025-09-17 17:10:00,2025-09-17 23:09:00,WN,BOS,DEN,4050,3.11,1.88,0.64,1.69,17.49,0.6996,0.4066,59,BOS-DEN,359,17,0,0,0,0,0,0,-6,2025-09-17 17:04:00,2025-09-17 23:04:00,-5,0
2025-10-31 10:40:00,2025-10-31 16:02:00,DL,BOS,ORD,3589,7.85,9.3,0.33,0.83,14.76,0.9764,0.6357,62,BOS-ORD,322,10,0,0,0,0,0,0,-2,2025-10-31 10:38:00,2025-10-31 16:00:00,-2,0
2025-07-30 03:10:00,2025-07-30 08:27:00,UA,LAX,SEA,3530,0.78,0.96,0.87,0.89,19.29,1.253,0.2919,41,LAX-SEA,317,3,0,1,0,0,0,0,-4,2025-07-30 03:06:00,2025-07-30 08:23:00,-4,0
2025-03-06 20:15:00,2025-03-06 23:45:00,AA,ORD,ATL,2187,15.0,16.71,12.79,11.76,10.59,0.3143,-0.6444,64,ORD-ATL,210,20,0,1,1,0,0,0,30,2025-03-06 20:45:00,2025-03-07 00:30:00,45,1
2025-02-26 09:50:00,2025-02-26 12:44:00,B6,ORD,BOS,1738,23.42,24.87,0.0,0.0,15.09,-0.4667,0.7168,76,ORD-BOS,174,9,0,0,0,0,0,0,17,2025-02-26 10:07:00,2025-02-26 13:18:00,34,1
2025-06-04 16:00:00,2025-06-04 20:08:00,DL,DFW,SFO,2663,5.69,3.98,1.22,1.68,13.37,-1.0864,-0.2495,44,DFW-SFO,248,16,0,0,0,0,0,0,-7,2025-06-04 15:53:00,2025-06-04 20:04:00,-4,0
2025-07-04 08:10:00,2025-07-04 13:06:00,WN,SEA,JFK,3266,4.23,3.82,6.02,5.79,14.81,-1.3405,0.2795,81,SEA-JFK,296,8,1,0,0,0,0,0,-4,2025-07-04 08:06:00,2025-07-04 13:01:00,-5,0
2025-07-21 13:15:00,2025-07-21 17:08:00,AA,ATL,DEN,2477,15.29,14.89,0.0,0.0,17.28,-1.9615,-0.573,44,ATL-DEN,233,13,0,0,0,0,0,0,-6,2025-07-21 13:09:00,2025-07-21 17:09:00,1,0
2025-03-30 18:30:00,2025-03-30 20:39:00,B6,SEA,BOS,1169,17.77,14.85,8.25,5.78,10.97,1.0281,-0.1804,6,SEA-BOS,129,18,0,0,0,0,0,0,-5,2025-03-30 18:25:00,2025-03-30 20:21:00,-18,0
2025-07-02 21:10:00,2025-07-02 22:14:00,WN,DEN,DFW,362,6.07,3.37,0.0,1.06,15.35,0.3824,0.2581,0,DEN-DFW,64,21,0,1,0,0,0,0,-10,2025-07-02 21:00:00,2025-07-02 22:11:00,-3,0
2025-04-18 04:50:00,2025-04-18 06:09:00,B6,LAX,ATL,544,6.05,5.29,0.0,0.0,17.71,2.3361,0.3123,33,LAX-ATL,79,4,0,1,0,0,0,0,18,2025-04-18 05:08:00,2025-04-18 06:15:00,6,0
2025-09-08 16:00:00,2025-09-08 19:22:00,WN,SFO,DEN,2090,21.01,19.99,0.0,0.0,13.76,-0.1205,-0.3922,24,SFO-DEN,202,16,0,0,0,0,0,0,-6,2025-09-08 15:54:00,2025-09-08 19:22:00,0,0
2025-10-18 21:50:00,2025-10-19 03:15:00,WN,DEN,BOS,3623,2.12,2.76,0.37,1.09,13.65,0.0573,0.1941,89,DEN-BOS,325,21,0,1,0,0,0,0,7,2025-10-18 21:57:00,2025-10-19 03:11:00,-4,0
2025-08-27 15:30:00,2025-08-27 20:54:00,WN,DFW,ATL,3617,9.39,7.14,0.67,0.0,13.4,0.3619,-0.9922,19,DFW-ATL,324,15,0,0,0,0,0,0,7,2025-08-27 15:37:00,2025-08-27 20:43:00,-11,0
2025-01-01 03:00:00,2025-01-01 08:30:00,WN,SEA,SFO,3693,6.71,3.42,0.0,1.36,4.07,0.5983,0.1873,63,SEA-SFO,330,3,1,1,0,1,1,1,58,2025-01-01 03:58:00,2025-01-01 09:58:00,88,1
2025-12-29 04:00:00,2025-12-29 08:57:00,B6,SEA,DEN,3278,15.36,15.46,0.0,0.0,14.79,-0.6754,0.8149,65,SEA-DEN,297,4,0,1,0,0,0,0,-7,2025-12-29 03:53:00,2025-12-29 08:43:00,-14,0
2025-01-09 04:00:00,2025-01-09 05:07:00,AA,DEN,SFO,396,4.71,5.57,0.53,0.0,13.4,-0.0419,0.0625,33,DEN-SFO,67,4,0,1,0,0,0,0,8,2025-01-09 04:08:00,2025-01-09 05:06:00,-1,0
2025-12-31 02:15:00,2025-12-31 08:11:00,UA,JFK,DEN,4010,21.08,21.58,0.0,0.0,15.6,0.7712,-0.1206,28,JFK-DEN,356,2,1,1,0,0,1,0,18,2025-12-31 02:33:00,2025-12-31 08:28:00,17,1
2025-01-12 18:15:00,2025-01-13 00:32:00,WN,DEN,BOS,4280,6.72,7.59,0.05,0.0,15.15,1.5903,-0.0587,58,DEN-BOS,377,18,0,0,0,0,0,0,14,2025-01-12 18:29:00,2025-01-13 00:45:00,13,0
2025-07-08 23:40:00,2025-07-09 05:25:00,AA,JFK,DEN,3869,12.23,13.93,0.38,0.0,19.47,-0.915,-0.8268,30,JFK-DEN,345,23,0,1,0,0,0,0,6,2025-07-08 23:46:00,2025-07-09 05:08:00,-17,0
2025-02-08 12:15:00,2025-02-08 15:44:00,B6,DFW,LAX,2172,6.06,7.61,0.0,0.0,14.44,0.1949,-0.158,19,DFW-LAX,209,12,0,0,0,0,0,0,4,2025-02-08 12:19:00,2025-02-08 15:38:00,-6,0
2025-02-04 14:40:00,2025-02-04 16:51:00,WN,ATL,BOS,1201,10.25,12.55,13.23,12.21,8.08,0.0919,0.6582,29,ATL-BOS,131,14,0,0,1,0,0,0,65,2025-02-04 15:45:00,2025-02-04 18:24:00,93,1
2025-09-07 18:15:00,2025-09-08 00:18:00,UA,SFO,DEN,4102,5.49,6.75,0.07,1.54,17.78,-0.2767,0.8829,96,SFO-DEN,363,18,0,0,0,0,0,0,7,2025-09-07 18:22:00,2025-09-08 00:07:00,-11,0
2025-09-23 09:15:00,2025-09-23 11:16:00,AA,LAX,SFO,1077,3.75,1.21,0.93,0.0,16.99,1.0113,-0.6404,80,LAX-SFO,121,9,0,0,0,0,0,0,-4,2025-09-23 09:11:00,2025-09-23 11:05:00,-11,0
2025-02-13 11:15:00,2025-02-13 16:39:00,UA,JFK,DFW,3610,14.61,18.18,8.41,7.37,7.2,2.2801,0.3934,79,JFK-DFW,324,11,0,0,0,0,0,0,-1,2025-02-13 11:14:00,2025-02-13 16:32:00,-7,0
2025-12-23 14:15:00,2025-12-23 20:38:00,B6,ATL,SEA,4354,6.1,4.74,10.3,8.34,9.88,0.3664,0.0198,9,ATL-SEA,383,14,0,0,0,0,0,0,-10,2025-12-23 14:05:00,2025-12-23 20:28:00,-10,0
2025-04-27 07:45:00,2025-04-27 13:47:00,WN,ATL,DEN,4082,5.02,5.46,0.95,0.44,13.85,-0.7812,0.8819,33,ATL-DEN,362,7,0,0,0,0,0,0,27,2025-04-27 08:12:00,2025-04-27 14:13:00,26,1
2025-04-27 01:10:00,2025-04-27 05:04:00,WN,JFK,SFO,2488,12.57,8.71,12.06,9.65,7.21,-1.4259,-0.091,67,JFK-SFO,234,1,0,1,1,0,0,0,28,2025-04-27 01:38:00,2025-04-27 05:42:00,38,1
2025-04-19 13:15:00,2025-04-19 18:54:00,DL,LAX,ORD,3800,11.91,15.79,0.0,0.0,17.37,-0.0736,-0.5612,39,LAX-ORD,339,13,0,0,0,0,0,0,0,2025-04-19 13:15:00,2025-04-19 19:07:00,13,0
2025-06-18 19:50:00,2025-06-19 01:28:00,DL,DEN,SEA,3789,3.52,0.0,0.0,1.97,16.64,0.9437,-0.9099,24,DEN-SEA,338,19,0,0,0,0,0,0,-10,2025-06-18 19:40:00,2025-06-19 01:35:00,7,0
2025-03-06 01:40:00,2025-03-06 08:06:00,AA,ORD,JFK,4390,13.05,16.76,0.32,0.18,19.27,-0.2076,0.5026,76,ORD-JFK,386,1,0,1,0,0,0,0,8,2025-03-06 01:48:00,2025-03-06 08:17:00,11,0
2025-06-05 05:10:00,2025-06-05 08:10:00,WN,DFW,SFO,1813,5.65,6.32,19.81,19.79,1.36,0.2592,0.439,18,DFW-SFO,180,5,0,0,1,1,0,1,26,2025-06-05 05:36:00,2025-06-05 08:52:00,42,1
2025-03-18 06:45:00,2025-03-18 11:15:00,B6,ATL,DFW,2942,3.25,0.0,9.47,7.98,15.52,1.9543,0.8528,61,ATL-DFW,270,6,0,0,0,0,0,0,-3,2025-03-18 06:42:00,2025-03-18 11:06:00,-9,0
2025-01-19 19:10:00,2025-01-20 00:44:00,UA,JFK,ORD,3732,8.99,11.49,0.79,0.0,17.0,0.6482,-0.8791,56,JFK-ORD,334,19,0,0,0,0,0,0,16,2025-01-19 19:26:00,2025-01-20 01:05:00,21,1
2025-05-15 12:10:00,2025-05-15 14:25:00,AA,BOS,ATL,1254,8.02,8.81,0.0,0.0,16.56,0.0567,0.9652,54,BOS-ATL,135,12,0,0,0,0,0,0,7,2025-05-15 12:17:00,2025-05-15 14:26:00,1,0
2025-09-03 12:20:00,2025-09-03 14:35:00,B6,ATL,BOS,1247,16.16,9.43,0.0,0.31,18.84,-1.345,-0.6311,12,ATL-BOS,135,12,0,0,0,0,0,0,9,2025-09-03 12:29:00,2025-09-03 14:28:00,-7,0
2025-10-06 15:40:00,2025-10-06 18:50:00,WN,BOS,ORD,1936,32.81,31.5,0.0,1.66,12.24,0.8046,0.1221,19,BOS-ORD,190,15,0,0,0,0,0,0,10,2025-10-06 15:50:00,2025-10-06 18:49:00,-1,0
2025-05-09 06:10:00,2025-05-09 09:10:00,UA,DEN,ORD,1812,9.46,11.65,0.0,0.0,12.57,0.5582,0.1304,30,DEN-ORD,180,6,0,0,0,0,0,0,0,2025-05-09 06:10:00,2025-05-09 08:57:00,-13,0
2025-04-29 17:45:00,2025-04-29 22:57:00,DL,JFK,ATL,3457,13.32,17.62,0.92,0.0,17.75,0.8256,-0.9183,56,JFK-ATL,312,17,0,0,0,0,0,0,22,2025-04-29 18:07:00,2025-04-29 23:13:00,16,1
2025-10-15 00:10:00,2025-10-15 06:23:00,DL,SFO,DEN,4230,3.13,1.74,0.0,0.0,18.19,-1.2529,0.2481,89,SFO-DEN,373,0,0,1,0,0,0,0,-3,2025-10-15 00:07:00,2025-10-15 06:12:00,-11,0
2025-09-06 02:45:00,2025-09-06 04:37:00,AA,BOS,DFW,959,20.09,16.91,9.66,10.83,11.16,-0.0316,-0.3211,93,BOS-DFW,112,2,0,1,0,0,0,0,2,2025-09-06 02:47:00,2025-09-06 04:36:00,-1,0
2025-10-31 19:00:00,2025-10-31 21:48:00,WN,ATL,ORD,1665,9.8,11.5,0.0,0.0,17.95,0.5801,0.6706,26,ATL-ORD,168,19,0,0,0,0,0,0,3,2025-10-31 19:03:00,2025-10-31 21:42:00,-6,0
2025-11-27 15:20:00,2025-11-27 21:31:00,DL,BOS,ATL,4205,4.6,4.28,0.0,0.27,14.7,-1.4675,0.065,36,BOS-ATL,371,15,1,0,0,0,0,0,5,2025-11-27 15:25:00,2025-11-27 21:26:00,-5,0
2025-10-27 04:40:00,2025-10-27 08:59:00,AA,DEN,ATL,2797,22.08,17.09,0.83,0.51,15.83,0.1323,-0.8513,22,DEN-ATL,259,4,0,1,0,0,0,0,-8,2025-10-27 04:32:00,2025-10-27 08:56:00,-3,0
2025-12-08 10:15:00,2025-12-08 12:23:00,B6,BOS,ORD,1162,8.18,9.89,0.0,2.15,16.76,1.0862,0.1278,72,BOS-ORD,128,10,0,0,0,0,0,0,17,2025-12-08 10:32:00,2025-12-08 12:40:00,17,1
2025-06-02 01:30:00,2025-06-02 05:52:00,DL,DEN,BOS,2835,19.9,19.46,25.88,25.47,8.12,-0.6418,0.9203,20,DEN-BOS,262,1,0,1,1,0,0,0,56,2025-06-02 02:26:00,2025-06-02 07:11:00,79,1
2025-05-25 16:40:00,2025-05-25 22:33:00,AA,SFO,DFW,3979,34.86,33.89,0.98,0.0,18.58,1.0594,0.6354,2,SFO-DFW,353,16,0,0,0,0,0,0,-7,2025-05-25 16:33:00,2025-05-25 22:38:00,5,0
2025-04-28 18:40:00,2025-04-28 21:45:00,UA,DFW,ORD,1870,1.91,1.3,0.0,0.0,15.21,0.0275,0.4937,18,DFW-ORD,185,18,0,0,0,0,0,0,2,2025-04-28 18:42:00,2025-04-28 21:46:00,1,0
2025-03-27 06:20:00,2025-03-27 10:01:00,DL,LAX,JFK,2331,5.21,4.38,0.0,0.15,17.44,0.0966,0.8065,78,LAX-JFK,221,6,0,0,0,0,0,0,1,2025-03-27 06:21:00,2025-03-27 10:04:00,3,0
2025-10-01 08:45:00,2025-10-01 13:10:00,WN,ORD,BOS,2877,17.17,16.01,0.0,0.0,16.75,0.9841,0.4064,42,ORD-BOS,265,8,0,0,0,0,0,0,13,2025-10-01 08:58:00,2025-10-01 13:04:00,-6,0
2025-09-18 05:40:00,2025-09-18 11:21:00,WN,BOS,ORD,3830,8.9,10.38,1.6,0.0,15.1,-0.6829,-0.6702,70,BOS-ORD,341,5,0,0,0,0,0,0,11,2025-09-18 05:51:00,2025-09-18 11:34:00,13,0
2025-10-20 09:15:00,2025-10-20 13:24:00,UA,DEN,ATL,2671,1.29,2.24,10.96,9.66,14.6,-1.2929,-0.2462,49,DEN-ATL,249,9,0,0,0,0,0,0,3,2025-10-20 09:18:00,2025-10-20 13:33:00,9,0
2025-03-03 06:40:00,2025-03-03 13:01:00,B6,DFW,DEN,4324,9.25,3.72,0.0,0.0,14.37,-0.2656,-0.8086,8,DFW-DEN,381,6,0,0,0,0,0,0,-3,2025-03-03 06:37:00,2025-03-03 13:02:00,1,0
2025-06-29 05:50:00,2025-06-29 11:03:00,WN,JFK,ATL,3470,9.55,8.73,0.0,0.0,21.71,0.3281,-0.0131,89,JFK-ATL,313,5,0,0,0,0,0,0,15,2025-06-29 06:05:00,2025-06-29 11:16:00,13,0
2025-03-23 10:45:00,2025-03-23 14:06:00,WN,ATL,JFK,2073,9.43,10.15,0.62,0.0,14.84,0.3499,-0.4942,94,ATL-JFK,201,10,0,0,0,0,0,0,2,2025-03-23 10:47:00,2025-03-23 13:55:00,-11,0
2025-11-22 20:40:00,2025-11-23 00:23:00,DL,LAX,ORD,2347,5.56,5.54,0.26,0.0,19.83,0.3157,0.4242,84,LAX-ORD,223,20,0,1,0,0,0,0,1,2025-11-22 20:41:00,2025-11-23 00:21:00,-2,0
2025-04-08 18:45:00,2025-04-08 23:38:00,UA,DEN,LAX,3225,24.27,24.28,0.2,0.0,17.4,-0.7442,-0.8426,98,DEN-LAX,293,18,0,0,0,0,0,0,5,2025-04-08 18:50:00,2025-04-08 23:38:00,0,0
2025-02-22 07:45:00,2025-02-22 09:08:00,DL,DEN,BOS,596,1.78,4.86,0.8,0.53,18.39,0.4753,-0.8468,56,DEN-BOS,83,7,0,0,0,0,0,0,7,2025-02-22 07:52:00,2025-02-22 09:17:00,9,0
2025-07-28 22:15:00,2025-07-29 00:30:00,DL,LAX,DFW,1252,10.78,15.06,4.72,3.96,12.98,-0.1051,0.9024,67,LAX-DFW,135,22,0,1,0,0,0,0,9,2025-07-28 22:24:00,2025-07-29 00:27:00,-3,0
2025-11-17 05:40:00,2025-11-17 07:59:00,WN,SFO,BOS,1300,6.68,5.73,0.31,0.0,13.97,1.5267,0.7001,73,SFO-BOS,139,5,0,0,0,0,0,0,15,2025-11-17 05:55:00,2025-11-17 08:25:00,26,1
2025-12-01 21:10:00,2025-12-02 02:38:00,WN,SEA,DFW,3663,6.88,5.85,0.0,0.0,19.4,0.8893,-0.2935,70,SEA-DFW,328,21,0,1,0,0,0,0,-7,2025-12-01 21:03:00,2025-12-02 02:36:00,-2,0
2025-02-05 07:15:00,2025-02-05 12:50:00,UA,SFO,DEN,3754,22.77,24.17,0.0,0.0,16.34,0.5192,-0.9876,78,SFO-DEN,335,7,0,0,0,0,0,0,4,2025-02-05 07:19:00,2025-02-05 12:59:00,9,0
2025-04-29 12:50:00,2025-04-29 18:24:00,DL,DFW,ORD,3743,6.83,10.15,0.0,1.44,17.19,-0.1813,-0.4295,49,DFW-ORD,334,12,0,0,0,0,0,0,0,2025-04-29 12:50:00,2025-04-29 18:24:00,0,0
2025-02-26 04:15:00,2025-02-26 05:49:00,UA,BOS,ORD,742,12.91,11.44,0.0,2.03,19.33,-0.356,-0.4969,33,BOS-ORD,94,4,0,1,0,0,0,0,10,2025-02-26 04:25:00,2025-02-26 06:02:00,13,0
2025-04-23 18:45:00,2025-04-23 21:23:00,AA,BOS,SEA,1540,19.05,15.53,1.05,1.24,16.26,-0.2265,0.4877,0,BOS-SEA,158,18,0,0,0,0,0,0,2,2025-04-23 18:47:00,2025-04-23 21:21:00,-2,0
2025-07-14 07:20:00,2025-07-14 10:04:00,DL,DFW,BOS,1610,11.27,10.57,1.44,0.0,9.9,0.2752,-0.0553,95,DFW-BOS,164,7,0,0,0,0,0,0,2,2025-07-14 07:22:00,2025-07-14 10:01:00,-3,0
2025-04-13 20:10:00,2025-04-13 21:17:00,WN,DEN,ATL,401,23.03,21.15,0.27,0.0,16.16,0.9785,0.1391,52,DEN-ATL,67,20,0,1,0,0,0,0,2,2025-04-13 20:12:00,2025-04-13 21:27:00,10,0
2025-01-25 01:00:00,2025-01-25 03:26:00,AA,BOS,ATL,1382,5.78,0.0,0.39,0.71,14.99,-1.4664,0.781,15,BOS-ATL,146,1,0,1,0,0,0,0,-10,2025-01-25 00:50:00,2025-01-25 03:22:00,-4,0
2025-07-06 12:30:00,2025-07-06 15:54:00,B6,BOS,SEA,2111,16.88,11.98,0.0,0.0,14.97,-0.5011,-0.1676,89,BOS-SEA,204,12,0,0,0,0,0,0,-10,2025-07-06 12:20:00,2025-07-06 15:58:00,4,0
2025-01-20 03:20:00,2025-01-20 09:17:00,WN,BOS,SFO,4019,31.81,33.15,0.0,0.0,18.18,1.2465,-0.9855,88,BOS-SFO,357,3,1,1,0,0,1,0,21,2025-01-20 03:41:00,2025-01-20 09:42:00,25,1
2025-03-24 21:30:00,2025-03-24 23:26:00,B6,LAX,BOS,1014,12.28,15.24,0.0,0.0,16.11,-0.5703,0.9074,62,LAX-BOS,116,21,0,1,0,0,0,0,-10,2025-03-24 21:20:00,2025-03-24 23:22:00,-4,0
2025-01-01 10:00:00,2025-01-01 15:48:00,DL,JFK,SEA,3913,2.82,0.72,0.0,0.0,16.22,-0.8462,0.0624,52,JFK-SEA,348,10,1,0,0,0,0,0,2,2025-01-01 10:02:00,2025-01-01 15:36:00,-12,0
2025-02-01 16:15:00,2025-02-01 21:49:00,DL,ATL,JFK,3737,12.51,13.49,0.41,0.0,15.68,1.068,-0.7758,96,ATL-JFK,334,16,0,0,0,0,0,0,3,2025-02-01 16:18:00,2025-02-01 21:42:00,-7,0
2025-06-09 21:00:00,2025-06-09 22:52:00,AA,LAX,BOS,964,26.73,25.89,12.85,10.77,11.03,0.5016,0.6742,16,LAX-BOS,112,21,0,1,1,0,0,0,24,2025-06-09 21:24:00,2025-06-09 23:23:00,31,1
2025-11-07 12:15:00,2025-11-07 14:42:00,B6,SEA,DEN,1396,7.58,6.34,0.0,1.15,17.3,0.2209,-0.6154,93,SEA-DEN,147,12,0,0,0,0,0,0,3,2025-11-07 12:18:00,2025-11-07 14:37:00,-5,0
2025-10-10 01:50:00,2025-10-10 05:23:00,DL,DFW,DEN,2224,7.86,6.14,0.59,0.42,15.62,0.6099,0.4102,85,DFW-DEN,213,1,0,1,0,0,0,0,-1,2025-10-10 01:49:00,2025-10-10 05:12:00,-11,0
2025-02-06 05:10:00,2025-02-06 11:26:00,AA,DEN,ORD,4263,15.36,16.68,0.84,0.0,15.48,-0.2843,-0.3252,27,DEN-ORD,376,5,0,0,0,0,0,0,-9,2025-02-06 05:01:00,2025-02-06 11:24:00,-2,0
2025-01-13 05:40:00,2025-01-13 11:03:00,AA,DEN,BOS,3596,13.17,12.15,0.2,0.87,15.14,0.0344,0.8735,21,DEN-BOS,323,5,0,0,0,0,0,0,-5,2025-01-13 05:35:00,2025-01-13 10:54:00,-9,0
2025-05-04 21:00:00,2025-05-05 03:25:00,AA,DFW,BOS,4381,7.79,9.07,2.48,2.72,14.67,0.0934,0.1432,72,DFW-BOS,385,21,0,1,0,0,0,0,10,2025-05-04 21:10:00,2025-05-05 03:16:00,-9,0
2025-08-27 21:30:00,2025-08-28 00:14:00,AA,DEN,ORD,1612,7.5,5.22,0.0,1.16,17.81,-0.3254,-0.4396,68,DEN-ORD,164,21,0,1,0,0,0,0,7,2025-08-27 21:37:00,2025-08-28 00:19:00,5,0
2025-09-30 11:50:00,2025-09-30 17:54:00,UA,SFO,DEN,4117,8.06,7.38,0.0,0.73,14.65,-0.3315,-0.2754,69,SFO-DEN,364,11,0,0,0,0,0,0,-6,2025-09-30 11:44:00,2025-09-30 17:57:00,3,0
2025-10-28 21:15:00,2025-10-29 03:35:00,DL,SFO,DEN,4315,5.17,1.72,20.02,18.5,8.45,-0.8782,-0.0609,11,SFO-DEN,380,21,0,1,1,0,0,0,34,2025-10-28 21:49:00,2025-10-29 04:37:00,62,1
2025-05-05 05:10:00,2025-05-05 09:30:00,WN,DFW,SEA,2818,2.16,1.49,0.0,0.67,16.4,-0.5004,0.7877,99,DFW-SEA,260,5,0,0,0,0,0,0,14,2025-05-05 05:24:00,2025-05-05 09:19:00,-11,0
2025-03-03 16:30:00,2025-03-03 18:21:00,AA,SFO,DFW,947,18.43,19.23,1.41,0.71,14.86,-0.439,-0.1348,90,SFO-DFW,111,16,0,0,0,0,0,0,-8,2025-03-03 16:22:00,2025-03-03 18:19:00,-2,0
2025-01-10 09:15:00,2025-01-10 11:44:00,DL,SEA,JFK,1423,15.73,15.54,0.66,1.06,17.21,-1.868,0.1668,34,SEA-JFK,149,9,0,0,0,0,0,0,10,2025-01-10 09:25:00,2025-01-10 12:00:00,16,1
2025-02-23 05:50:00,2025-02-23 07:32:00,UA,ATL,SEA,840,15.27,16.94,0.24,1.0,17.68,0.6018,-0.633,13,ATL-SEA,102,5,0,0,0,0,0,0,1,2025-02-23 05:51:00,2025-02-23 07:25:00,-7,0
2025-01-24 06:45:00,2025-01-24 12:15:00,UA,JFK,SEA,3690,14.0,15.28,1.9,2.08,14.69,0.2667,-0.6191,9,JFK-SEA,330,6,0,0,0,0,0,0,7,2025-01-24 06:52:00,2025-01-24 12:07:00,-8,0
2025-11-11 10:40:00,2025-11-11 13:24:00,B6,LAX,SFO,1614,6.29,11.33,0.89,0.95,13.18,1.4831,-0.7523,10,LAX-SFO,164,10,0,0,0,0,0,0,11,2025-11-11 10:51:00,2025-11-11 13:31:00,7,0
2025-04-08 08:40:00,2025-04-08 13:35:00,AA,DFW,SEA,3246,6.39,7.54,0.0,0.0,15.88,-1.3181,-0.6393,8,DFW-SEA,295,8,0,0,0,0,0,0,16,2025-04-08 08:56:00,2025-04-08 13:53:00,18,1
2025-10-28 05:30:00,2025-10-28 07:59:00,UA,JFK,ATL,1422,3.53,5.11,5.14,6.03,12.53,-1.014,-0.3195,13,JFK-ATL,149,5,0,0,0,0,0,0,1,2025-10-28 05:31:00,2025-10-28 08:00:00,1,0
2025-07-21 08:40:00,2025-07-21 15:07:00,B6,JFK,ATL,4404,17.71,19.0,0.0,0.0,16.36,0.935,-0.3605,50,JFK-ATL,387,8,0,0,0,0,0,0,4,2025-07-21 08:44:00,2025-07-21 15:07:00,0,0
2025-07-16 03:20:00,2025-07-16 08:39:00,WN,ORD,SEA,3549,45.93,44.73,0.0,1.21,16.81,-1.2097,0.4915,49,ORD-SEA,319,3,0,1,0,0,0,0,29,2025-07-16 03:49:00,2025-07-16 08:50:00,11,0
2025-06-15 23:50:00,2025-06-16 02:56:00,UA,DEN,BOS,1884,15.98,11.06,0.0,0.0,14.87,-0.0478,0.2784,80,DEN-BOS,186,23,0,1,0,0,0,0,34,2025-06-16 00:24:00,2025-06-16 03:11:00,15,1
2025-10-27 09:15:00,2025-10-27 12:54:00,B6,LAX,ORD,2302,20.25,19.18,0.0,2.23,18.38,-0.246,-0.4797,76,LAX-ORD,219,9,0,0,0,0,0,0,7,2025-10-27 09:22:00,2025-10-27 12:58:00,4,0
2025-01-16 02:00:00,2025-01-16 03:19:00,B6,DEN,DFW,546,19.18,18.5,0.16,0.0,16.6,1.5307,-0.4862,54,DEN-DFW,79,2,0,1,0,0,0,0,-3,2025-01-16 01:57:00,2025-01-16 03:09:00,-10,0
2025-02-03 13:40:00,2025-02-03 15:25:00,UA,SFO,SEA,874,29.05,25.74,0.62,0.0,15.52,-0.0536,-0.4349,66,SFO-SEA,105,13,0,0,0,0,0,0,0,2025-02-03 13:40:00,2025-02-03 15:23:00,-2,0
2025-06-04 21:40:00,2025-06-05 04:14:00,UA,ATL,LAX,4493,2.93,5.25,1.3,0.0,17.8,-0.0575,-0.2217,99,ATL-LAX,394,21,0,1,0,0,0,0,14,2025-06-04 21:54:00,2025-06-05 04:26:00,12,0
2025-05-24 08:50:00,2025-05-24 14:23:00,B6,ATL,ORD,3726,0.0,0.02,5.12,4.35,13.34,0.2184,0.0436,38,ATL-ORD,333,8,0,0,0,0,0,0,-7,2025-05-24 08:43:00,2025-05-24 14:10:00,-13,0
2025-07-19 20:20:00,2025-07-20 02:01:00,B6,ATL,DFW,3820,10.34,10.01,4.52,3.57,15.62,-0.863,0.3732,83,ATL-DFW,341,20,0,1,0,0,0,0,5,2025-07-19 20:25:00,2025-07-20 02:00:00,-1,0
2025-09-27 14:20:00,2025-09-27 18:55:00,UA,DFW,ORD,3002,10.14,7.37,0.0,0.23,11.75,-0.5109,0.151,8,DFW-ORD,275,14,0,0,0,0,0,0,15,2025-09-27 14:35:00,2025-09-27 19:16:00,21,1
2025-08-03 17:30:00,2025-08-03 19:43:00,B6,LAX,SFO,1230,42.56,41.91,0.6,0.02,11.51,-1.1014,-0.3741,96,LAX-SFO,133,17,0,0,0,0,0,0,-10,2025-08-03 17:20:00,2025-08-03 19:37:00,-6,0
2025-04-04 07:20:00,2025-04-04 08:54:00,AA,SFO,SEA,742,2.89,3.05,0.0,0.0,18.41,0.6471,0.0159,45,SFO-SEA,94,7,0,0,0,0,0,0,5,2025-04-04 07:25:00,2025-04-04 08:58:00,4,0
2025-04-30 00:45:00,2025-04-30 05:48:00,UA,JFK,SFO,3347,31.19,30.94,0.21,0.31,15.17,0.6896,0.7443,9,JFK-SFO,303,0,0,1,0,0,0,0,2,2025-04-30 00:47:00,2025-04-30 05:56:00,8,0
2025-10-02 08:20:00,2025-10-02 11:10:00,B6,BOS,SFO,1693,7.54,9.38,0.0,0.0,13.54,-0.8466,0.1404,3,BOS-SFO,170,8,0,0,0,0,0,0,10,2025-10-02 08:30:00,2025-10-02 11:14:00,4,0
2025-03-15 22:45:00,2025-03-15 23:44:00,DL,DFW,SFO,302,2.31,3.16,0.0,0.0,7.77,-0.2589,-0.7863,9,DFW-SFO,59,22,0,1,0,0,0,0,7,2025-03-15 22:52:00,2025-03-15 23:57:00,13,0
2025-07-04 18:20:00,2025-07-04 19:27:00,B6,BOS,LAX,394,30.38,28.38,0.0,1.77,14.71,0.1577,0.0216,1,BOS-LAX,67,18,1,0,0,0,0,0,-10,2025-07-04 18:10:00,2025-07-04 19:19:00,-8,0
2025-07-16 18:10:00,2025-07-16 22:16:00,DL,JFK,DFW,2642,4.87,3.16,0.0,0.0,16.31,-1.387,0.9202,93,JFK-DFW,246,18,0,0,0,0,0,0,-3,2025-07-16 18:07:00,2025-07-16 22:16:00,0,0
2025-10-01 21:50:00,2025-10-02 03:31:00,WN,ORD,JFK,3828,21.74,18.03,0.0,0.0,17.16,0.5328,0.1051,25,ORD-JFK,341,21,0,1,0,0,0,0,1,2025-10-01 21:51:00,2025-10-02 03:31:00,0,0
2025-09-18 08:30:00,2025-09-18 11:31:00,DL,ATL,SEA,1823,10.57,15.2,0.0,0.0,14.61,-1.0714,-0.7333,35,ATL-SEA,181,8,0,0,0,0,0,0,-10,2025-09-18 08:20:00,2025-09-18 11:32:00,1,0
2025-06-19 07:40:00,2025-06-19 14:15:00,WN,ORD,DFW,4499,32.7,30.87,0.83,0.0,18.38,-1.6932,0.6374,35,ORD-DFW,395,7,0,0,0,0,0,0,4,2025-06-19 07:44:00,2025-06-19 14:10:00,-5,0
2025-04-23 22:30:00,2025-04-24 01:37:00,DL,DEN,SEA,1901,22.55,18.67,0.0,0.37,16.27,0.058,-0.4234,6,DEN-SEA,187,22,0,1,0,0,0,0,-6,2025-04-23 22:24:00,2025-04-24 01:33:00,-4,0
2025-05-15 13:15:00,2025-05-15 18:20:00,DL,ORD,SEA,3379,10.12,9.56,5.87,5.81,10.14,0.6042,-0.2521,2,ORD-SEA,305,13,0,0,0,0,0,0,5,2025-05-15 13:20:00,2025-05-15 18:11:00,-9,0
2025-05-31 07:50:00,2025-05-31 10:11:00,B6,SEA,BOS,1326,28.79,27.26,0.45,0.0,16.12,0.8976,0.9404,28,SEA-BOS,141,7,0,0,0,0,0,0,13,2025-05-31 08:03:00,2025-05-31 10:11:00,0,0
2025-03-22 06:15:00,2025-03-22 10:38:00,WN,ORD,SFO,2850,15.74,14.87,0.23,0.36,11.58,0.4605,-0.6001,97,ORD-SFO,263,6,0,0,0,0,0,0,13,2025-03-22 06:28:00,2025-03-22 10:45:00,7,0
2025-08-17 21:50:00,2025-08-18 00:21:00,UA,ORD,SEA,1454,11.3,10.42,19.95,19.0,3.92,-0.6825,-0.2783,13,ORD-SEA,151,21,0,1,1,1,0,0,13,2025-08-17 22:03:00,2025-08-18 00:43:00,22,1
2025-03-18 01:20:00,2025-03-18 06:40:00,AA,ORD,LAX,3568,10.13,12.48,0.71,0.61,11.4,1.8477,0.9227,92,ORD-LAX,320,1,0,1,0,0,0,0,7,2025-03-18 01:27:00,2025-03-18 06:25:00,-15,0
2025-08-25 01:00:00,2025-08-25 04:32:00,WN,BOS,SFO,2209,20.9,19.78,0.0,0.0,19.46,0.063,0.7951,80,BOS-SFO,212,1,0,1,0,0,0,0,5,2025-08-25 01:05:00,2025-08-25 04:33:00,1,0
2025-10-02 17:00:00,2025-10-02 18:13:00,UA,BOS,DEN,475,8.5,8.25,7.02,7.83,14.59,-0.9271,-0.9689,9,BOS-DEN,73,17,0,0,0,0,0,0,16,2025-10-02 17:16:00,2025-10-02 18:37:00,24,1
2025-12-18 00:50:00,2025-12-18 03:12:00,AA,DFW,SEA,1342,5.87,8.83,0.48,0.0,18.38,0.967,0.5518,94,DFW-SEA,142,0,0,1,0,0,0,0,30,2025-12-18 01:20:00,2025-12-18 03:25:00,13,0
2025-02-13 04:30:00,2025-02-13 07:27:00,DL,LAX,ATL,1779,6.57,1.9,1.16,0.0,13.85,0.2896,-0.7847,58,LAX-ATL,177,4,0,1,0,0,0,0,7,2025-02-13 04:37:00,2025-02-13 07:23:00,-4,0
2025-10-05 23:20:00,2025-10-06 02:56:00,B6,LAX,JFK,2259,14.37,10.91,0.0,1.02,16.59,2.0317,0.1656,79,LAX-JFK,216,23,0,1,0,0,0,0,-4,2025-10-05 23:16:00,2025-10-06 02:52:00,-4,0
2025-02-01 10:45:00,2025-02-01 13:15:00,WN,ORD,LAX,1435,5.37,4.6,0.77,1.34,16.77,1.5471,0.4161,47,ORD-LAX,150,10,0,0,0,0,0,0,2,2025-02-01 10:47:00,2025-02-01 13:16:00,1,0
2025-05-04 17:30:00,2025-05-04 21:43:00,AA,DEN,SEA,2724,19.69,17.27,7.31,7.24,13.05,-0.397,-0.011,11,DEN-SEA,253,17,0,0,0,0,0,0,16,2025-05-04 17:46:00,2025-05-04 22:01:00,18,1
2025-03-06 11:40:00,2025-03-06 18:03:00,WN,SEA,DFW,4346,6.68,7.67,0.2,0.0,17.91,-1.2211,0.9946,63,SEA-DFW,383,11,0,0,0,0,0,0,7,2025-03-06 11:47:00,2025-03-06 18:09:00,6,0
2025-03-01 02:40:00,2025-03-01 07:38:00,UA,JFK,DEN,3286,12.89,14.26,0.0,0.44,14.9,-0.4991,0.0012,73,JFK-DEN,298,2,0,1,0,0,0,0,20,2025-03-01 03:00:00,2025-03-01 08:08:00,30,1
2025-03-06 04:10:00,2025-03-06 06:54:00,B6,DEN,ATL,1607,22.77,24.75,0.0,0.0,10.73,-2.3146,-0.7308,48,DEN-ATL,164,4,0,1,0,0,0,0,3,2025-03-06 04:13:00,2025-03-06 06:43:00,-11,0
2025-01-17 18:00:00,2025-01-17 22:47:00,B6,ORD,DEN,3144,28.25,27.07,0.61,2.55,16.05,0.0354,-0.9273,1,ORD-DEN,287,18,0,0,0,0,0,0,-1,2025-01-17 17:59:00,2025-01-17 22:38:00,-9,0
2025-10-28 02:40:00,2025-10-28 09:04:00,WN,BOS,DFW,4360,11.49,11.87,4.2,3.17,15.66,0.9823,0.34,22,BOS-DFW,384,2,0,1,0,0,0,0,6,2025-10-28 02:46:00,2025-10-28 09:10:00,6,0
2025-01-23 14:00:00,2025-01-23 16:20:00,AA,DFW,DEN,1316,3.32,0.82,0.0,0.36,16.95,0.0244,-0.1703,29,DFW-DEN,140,14,0,0,0,0,0,0,14,2025-01-23 14:14:00,2025-01-23 16:13:00,-7,0
2025-05-26 08:40:00,2025-05-26 10:57:00,AA,SEA,SFO,1275,1.31,0.0,0.57,0.0,10.16,0.4789,0.3513,5,SEA-SFO,137,8,1,0,0,0,0,0,3,2025-05-26 08:43:00,2025-05-26 10:52:00,-5,0
2025-09-13 08:10:00,2025-09-13 09:22:00,B6,ORD,DFW,464,19.53,21.3,0.0,0.0,15.97,0.7722,0.2917,10,ORD-DFW,72,8,0,0,0,0,0,0,1,2025-09-13 08:11:00,2025-09-13 09:17:00,-5,0
2025-12-28 22:15:00,2025-12-29 03:57:00,DL,DEN,JFK,3837,4.38,6.82,0.0,0.0,14.79,1.494,-0.2289,25,DEN-JFK,342,22,0,1,0,0,0,0,10,2025-12-28 22:25:00,2025-12-29 03:53:00,-4,0
2025-11-08 14:40:00,2025-11-08 20:19:00,WN,BOS,JFK,3797,9.46,6.12,0.0,1.13,17.82,0.1656,-0.249,86,BOS-JFK,339,14,0,0,0,0,0,0,14,2025-11-08 14:54:00,2025-11-08 20:30:00,11,0
2025-02-20 14:30:00,2025-02-20 17:48:00,UA,ATL,BOS,2037,20.51,24.51,0.84,0.37,16.46,-0.2178,-0.0352,38,ATL-BOS,198,14,0,0,0,0,0,0,-2,2025-02-20 14:28:00,2025-02-20 17:44:00,-4,0
2025-12-27 08:45:00,2025-12-27 14:37:00,UA,ATL,LAX,3963,6.78,5.81,0.0,0.0,17.88,-0.5708,-0.0868,29,ATL-LAX,352,8,0,0,0,0,0,0,-8,2025-12-27 08:37:00,2025-12-27 14:29:00,-8,0
2025-08-27 09:30:00,2025-08-27 14:08:00,WN,SEA,DFW,3036,2.77,2.2,0.06,0.0,16.53,1.6026,-0.5669,73,SEA-DFW,278,9,0,0,0,0,0,0,-5,2025-08-27 09:25:00,2025-08-27 14:16:00,8,0
2025-03-07 16:00:00,2025-03-07 22:28:00,DL,SEA,ATL,4411,7.66,9.19,0.21,0.0,13.57,-0.5913,-0.9704,91,SEA-ATL,388,16,0,0,0,0,0,0,6,2025-03-07 16:06:00,2025-03-07 22:23:00,-5,0
2025-06-13 00:45:00,2025-06-13 06:54:00,UA,JFK,DFW,4175,17.35,18.26,0.57,0.88,17.92,1.852,0.6594,17,JFK-DFW,369,0,0,1,0,0,0,0,26,2025-06-13 01:11:00,2025-06-13 07:03:00,9,0
2025-12-02 05:10:00,2025-12-02 11:31:00,WN,LAX,ATL,4330,6.7,6.72,0.49,0.92,11.8,-0.33,0.6723,0,LAX-ATL,381,5,0,0,0,0,0,0,44,2025-12-02 05:54:00,2025-12-02 12:40:00,69,1
2025-05-24 14:10:00,2025-05-24 17:21:00,WN,DEN,BOS,1948,17.09,15.14,0.56,0.53,14.31,-0.836,0.4689,30,DEN-BOS,191,14,0,0,0,0,0,0,-10,2025-05-24 14:00:00,2025-05-24 17:28:00,7,0
2025-03-09 14:50:00,2025-03-09 19:22:00,B6,BOS,SEA,2962,3.57,5.57,0.0,0.25,15.94,0.4276,-0.2175,47,BOS-SEA,272,14,0,0,0,0,0,0,9,2025-03-09 14:59:00,2025-03-09 19:07:00,-15,0
2025-11-16 02:10:00,2025-11-16 04:05:00,AA,ATL,LAX,1002,6.25,4.47,0.6,0.63,13.99,0.2457,0.0335,59,ATL-LAX,115,2,0,1,0,0,0,0,2,2025-11-16 02:12:00,2025-11-16 03:56:00,-9,0
2025-12-14 18:30:00,2025-12-15 00:29:00,AA,ORD,DEN,4055,8.71,8.37,0.0,0.0,14.14,-1.6587,-0.9193,93,ORD-DEN,359,18,0,0,0,0,0,0,-1,2025-12-14 18:29:00,2025-12-15 00:26:00,-3,0
2025-12-23 13:20:00,2025-12-23 16:06:00,B6,ATL,LAX,1635,25.48,26.54,0.0,0.28,18.28,0.698,0.906,73,ATL-LAX,166,13,0,0,0,0,0,0,-9,2025-12-23 13:11:00,2025-12-23 16:02:00,-4,0
2025-12-15 05:45:00,2025-12-15 09:14:00,AA,ATL,DEN,2181,7.14,5.26,0.0,1.07,12.35,-1.8415,-0.3689,26,ATL-DEN,209,5,0,0,0,0,0,0,12,2025-12-15 05:57:00,2025-12-15 09:18:00,4,0
2025-11-15 18:00:00,2025-11-15 22:19:00,B6,SEA,LAX,2796,6.32,5.93,1.17,0.23,16.06,1.8139,0.3572,25,SEA-LAX,259,18,0,0,0,0,0,0,7,2025-11-15 18:07:00,2025-11-15 22:29:00,10,0
2025-06-15 23:00:00,2025-06-16 04:23:00,AA,LAX,BOS,3606,7.7,8.47,0.0,0.05,14.32,-1.42,-0.1033,55,LAX-BOS,323,23,0,1,0,0,0,0,26,2025-06-15 23:26:00,2025-06-16 04:52:00,29,1
2025-03-12 10:20:00,2025-03-12 15:25:00,UA,JFK,LAX,3373,15.3,16.61,0.99,0.0,15.03,0.2949,-0.8509,58,JFK-LAX,305,10,0,0,0,0,0,0,11,2025-03-12 10:31:00,2025-03-12 15:41:00,16,1
2025-08-14 06:20:00,2025-08-14 12:40:00,B6,BOS,ATL,4312,19.1,19.97,0.38,0.0,18.31,0.5424,0.3832,27,BOS-ATL,380,6,0,0,0,0,0,0,14,2025-08-14 06:34:00,2025-08-14 12:36:00,-4,0
2025-03-22 07:45:00,2025-03-22 12:44:00,UA,BOS,ATL,3294,26.02,20.73,0.14,0.0,15.71,0.9632,-0.5164,84,BOS-ATL,299,7,0,0,0,0,0,0,2,2025-03-22 07:47:00,2025-03-22 12:38:00,-6,0
2025-06-22 14:30:00,2025-06-22 19:57:00,UA,JFK,DEN,3644,34.05,35.87,0.26,0.22,8.52,-1.4355,0.2592,12,JFK-DEN,327,14,0,0,0,0,0,0,4,2025-06-22 14:34:00,2025-06-22 20:11:00,14,0
2025-08-28 01:10:00,2025-08-28 05:21:00,WN,DFW,BOS,2704,15.22,12.74,10.71,10.97,12.48,0.5223,0.6808,32,DFW-BOS,251,1,0,1,0,0,0,0,8,2025-08-28 01:18:00,2025-08-28 05:27:00,6,0
2025-12-12 11:50:00,2025-12-12 15:09:00,UA,JFK,LAX,2046,5.43,9.93,9.05,6.1,9.87,-1.0699,-0.2888,86,JFK-LAX,199,11,0,0,0,0,0,0,15,2025-12-12 12:05:00,2025-12-12 15:30:00,21,1
2025-04-16 00:20:00,2025-04-16 06:26:00,AA,BOS,LAX,4136,11.13,10.77,0.0,0.8,20.38,0.2506,0.7241,44,BOS-LAX,366,0,0,1,0,0,0,0,-8,2025-04-16 00:12:00,2025-04-16 06:21:00,-5,0
2025-04-02 00:50:00,2025-04-02 03:56:00,AA,DEN,ORD,1886,5.86,4.93,7.19,7.0,14.34,-1.9367,-0.2662,16,DEN-ORD,186,0,0,1,0,0,0,0,-6,2025-04-02 00:44:00,2025-04-02 03:53:00,-3,0
2025-09-26 10:50:00,2025-09-26 15:17:00,WN,BOS,ATL,2905,12.37,12.07,0.0,0.36,16.29,0.524,-0.2597,44,BOS-ATL,267,10,0,0,0,0,0,0,3,2025-09-26 10:53:00,2025-09-26 15:20:00,3,0
2025-01-03 17:00:00,2025-01-03 19:37:00,DL,DFW,SEA,1524,5.49,5.77,0.0,0.0,15.56,1.3075,0.7979,54,DFW-SEA,157,17,0,0,0,0,0,0,10,2025-01-03 17:10:00,2025-01-03 19:30:00,-7,0
2025-07-26 21:30:00,2025-07-27 01:11:00,DL,DEN,ORD,2326,22.56,24.08,1.39,0.0,16.63,-0.2839,0.4247,39,DEN-ORD,221,21,0,1,0,0,0,0,-4,2025-07-26 21:26:00,2025-07-27 01:10:00,-1,0
2025-09-30 02:20:00,2025-09-30 05:22:00,WN,DEN,BOS,1841,11.59,11.07,8.97,9.92,8.1,0.0925,0.1913,54,DEN-BOS,182,2,0,1,0,0,0,0,8,2025-09-30 02:28:00,2025-09-30 05:18:00,-4,0
2025-07-21 05:20:00,2025-07-21 07:46:00,AA,JFK,BOS,1385,27.72,30.04,0.32,0.03,20.76,0.618,-0.7206,35,JFK-BOS,146,5,0,0,0,0,0,0,4,2025-07-21 05:24:00,2025-07-21 07:54:00,8,0
2025-05-21 10:15:00,2025-05-21 15:50:00,AA,JFK,SEA,3746,17.77,15.76,9.87,11.29,13.51,0.3399,-0.9079,1,JFK-SEA,335,10,0,0,0,0,0,0,10,2025-05-21 10:25:00,2025-05-21 15:45:00,-5,0
2025-10-30 13:30:00,2025-10-30 18:47:00,WN,BOS,ORD,3522,17.18,17.28,0.0,1.3,16.52,-1.599,0.4288,88,BOS-ORD,317,13,0,0,0,0,0,0,15,2025-10-30 13:45:00,2025-10-30 18:48:00,1,0
2025-05-16 23:20:00,2025-05-17 04:15:00,UA,ORD,SEA,3246,1.62,2.05,18.35,17.08,7.23,-1.2205,-0.1666,87,ORD-SEA,295,23,0,1,1,0,0,0,21,2025-05-16 23:41:00,2025-05-17 04:44:00,29,1
2025-09-17 16:10:00,2025-09-17 17:37:00,WN,DFW,BOS,648,15.72,15.77,4.12,1.04,13.41,-0.4044,-0.8635,95,DFW-BOS,87,16,0,0,0,0,0,0,-4,2025-09-17 16:06:00,2025-09-17 17:27:00,-10,0
2025-06-19 12:15:00,2025-06-19 14:38:00,AA,DFW,ATL,1349,36.49,36.53,0.0,0.09,15.37,0.1142,-0.8488,8,DFW-ATL,143,12,0,0,0,0,0,0,-4,2025-06-19 12:11:00,2025-06-19 14:28:00,-10,0
2025-01-10 01:10:00,2025-01-10 03:22:00,WN,JFK,BOS,1215,8.94,4.8,0.0,0.13,11.02,-0.474,-0.9608,96,JFK-BOS,132,1,0,1,0,0,0,0,10,2025-01-10 01:20:00,2025-01-10 03:25:00,3,0
2025-07-13 01:45:00,2025-07-13 06:43:00,WN,BOS,DFW,3288,20.68,20.36,21.28,20.72,5.7,0.0971,0.0187,35,BOS-DFW,298,1,0,1,1,1,0,0,10,2025-07-13 01:55:00,2025-07-13 07:08:00,25,1
2025-01-19 03:40:00,2025-01-19 09:39:00,B6,DFW,BOS,4048,5.93,0.15,14.65,15.96,4.83,1.0091,0.5729,20,DFW-BOS,359,3,0,1,1,1,0,0,47,2025-01-19 04:27:00,2025-01-19 11:09:00,90,1
2025-12-06 15:20:00,2025-12-06 18:26:00,DL,LAX,ATL,1893,3.62,3.9,0.0,0.0,17.07,-0.3613,0.4916,24,LAX-ATL,186,15,0,0,0,0,0,0,10,2025-12-06 15:30:00,2025-12-06 18:27:00,1,0
2025-08-08 07:20:00,2025-08-08 10:10:00,WN,BOS,JFK,1687,9.76,7.42,1.0,1.03,17.26,-1.1031,-0.4786,56,BOS-JFK,170,7,0,0,0,0,0,0,-6,2025-08-08 07:14:00,2025-08-08 10:08:00,-2,0
2025-05-16 05:00:00,2025-05-16 09:06:00,B6,LAX,SFO,2642,4.91,7.07,6.13,5.8,8.2,0.4983,0.361,11,LAX-SFO,246,5,0,0,0,0,0,0,10,2025-05-16 05:10:00,2025-05-16 09:36:00,30,1
2025-06-27 16:15:00,2025-06-27 22:46:00,DL,ATL,LAX,4448,5.09,4.89,3.24,3.29,14.7,1.2261,0.9046,35,ATL-LAX,391,16,0,0,0,0,0,0,23,2025-06-27 16:38:00,2025-06-27 23:29:00,43,1
2025-08-15 19:50:00,2025-08-15 22:53:00,B6,LAX,ORD,1855,9.15,8.09,0.0,0.0,16.95,0.2869,0.6035,46,LAX-ORD,183,19,0,0,0,0,0,0,-1,2025-08-15 19:49:00,2025-08-15 22:54:00,1,0
2025-04-05 10:00:00,2025-04-05 12:32:00,UA,ATL,SEA,1468,14.07,16.64,0.21,1.01,17.67,-0.4671,-0.1514,68,ATL-SEA,152,10,0,0,0,0,0,0,-8,2025-04-05 09:52:00,2025-04-05 12:24:00,-8,0
2025-04-16 21:10:00,2025-04-17 01:04:00,AA,BOS,SFO,2490,18.83,20.83,12.53,11.71,9.79,-0.1749,0.4574,82,BOS-SFO,234,21,0,1,1,0,0,0,10,2025-04-16 21:20:00,2025-04-17 01:31:00,27,1
2025-06-02 17:45:00,2025-06-02 23:52:00,WN,DFW,BOS,4146,16.52,16.91,0.73,1.46,16.05,-0.4807,-0.6716,10,DFW-BOS,367,17,0,0,0,0,0,0,2,2025-06-02 17:47:00,2025-06-02 23:50:00,-2,0
2025-04-05 17:30:00,2025-04-05 22:34:00,UA,LAX,DEN,3365,16.5,18.34,0.02,0.09,17.59,0.2895,0.5585,94,LAX-DEN,304,17,0,0,0,0,0,0,3,2025-04-05 17:33:00,2025-04-05 22:44:00,10,0
2025-10-04 20:00:00,2025-10-04 23:53:00,AA,ORD,LAX,2476,11.27,8.62,0.05,0.2,11.36,-2.1082,-0.5731,49,ORD-LAX,233,20,0,1,0,0,0,0,5,2025-10-04 20:05:00,2025-10-04 23:55:00,2,0
2025-02-07 04:20:00,2025-02-07 09:25:00,DL,JFK,SEA,3370,3.88,6.71,0.0,0.0,11.85,0.0959,-0.2437,1,JFK-SEA,305,4,0,1,0,0,0,0,5,2025-02-07 04:25:00,2025-02-07 09:26:00,1,0
2025-10-29 18:40:00,2025-10-29 19:44:00,UA,BOS,ORD,363,8.31,9.55,0.0,0.37,13.4,-0.1753,0.1985,35,BOS-ORD,64,18,0,0,0,0,0,0,-4,2025-10-29 18:36:00,2025-10-29 19:40:00,-4,0
2025-05-08 22:15:00,2025-05-09 03:27:00,UA,DFW,ORD,3463,11.56,10.13,0.0,0.03,19.38,0.9001,0.1203,98,DFW-ORD,312,22,0,1,0,0,0,0,-1,2025-05-08 22:14:00,2025-05-09 03:18:00,-9,0
2025-07-24 23:20:00,2025-07-25 00:52:00,UA,SEA,DEN,710,22.14,21.93,0.0,0.34,15.86,-1.4196,0.1267,46,SEA-DEN,92,23,0,1,0,0,0,0,6,2025-07-24 23:26:00,2025-07-25 00:39:00,-13,0
2025-02-27 13:40:00,2025-02-27 16:50:00,UA,ATL,DFW,1942,30.43,30.4,0.65,1.57,16.78,-1.1493,0.5671,68,ATL-DFW,190,13,0,0,0,0,0,0,9,2025-02-27 13:49:00,2025-02-27 16:47:00,-3,0
2025-05-21 18:30:00,2025-05-21 21:27:00,WN,ORD,ATL,1769,14.23,11.34,0.84,0.12,14.49,0.3531,-0.5458,34,ORD-ATL,177,18,0,0,0,0,0,0,-10,2025-05-21 18:20:00,2025-05-21 21:38:00,11,0
2025-10-03 21:50:00,2025-10-04 02:41:00,WN,DFW,DEN,3200,19.31,18.13,0.0,0.0,12.85,1.3022,0.7356,40,DFW-DEN,291,21,0,1,0,0,0,0,-10,2025-10-03 21:40:00,2025-10-04 02:38:00,-3,0
2025-04-09 20:10:00,2025-04-09 22:30:00,UA,ATL,BOS,1308,1.71,3.94,14.63,15.75,7.98,-0.1442,-0.9289,47,ATL-BOS,140,20,0,1,1,0,0,0,45,2025-04-09 20:55:00,2025-04-09 23:36:00,66,1
2025-02-18 21:15:00,2025-02-18 23:34:00,WN,ORD,SFO,1302,8.37,8.85,0.28,0.98,17.06,-0.2315,-0.6984,50,ORD-SFO,139,21,0,1,0,0,0,0,0,2025-02-18 21:15:00,2025-02-18 23:33:00,-1,0
2025-07-10 19:10:00,2025-07-11 01:06:00,B6,ATL,ORD,4013,9.24,12.67,0.0,0.65,17.35,-0.7827,0.9408,96,ATL-ORD,356,19,0,0,0,0,0,0,0,2025-07-10 19:10:00,2025-07-11 01:08:00,2,0
2025-03-01 09:40:00,2025-03-01 13:19:00,AA,DFW,SEA,2305,15.3,14.41,14.72,14.68,7.06,0.0387,0.5168,43,DFW-SEA,219,9,0,0,1,0,0,0,29,2025-03-01 10:09:00,2025-03-01 14:08:00,49,1
2025-04-25 17:30:00,2025-04-25 22:38:00,DL,BOS,SEA,3414,30.49,29.63,3.31,4.54,10.06,-0.9648,-0.7019,20,BOS-SEA,308,17,0,0,0,0,0,0,-5,2025-04-25 17:25:00,2025-04-25 22:31:00,-7,0
2025-06-14 09:15:00,2025-06-14 13:30:00,UA,LAX,SFO,2749,13.97,10.31,10.96,8.26,13.71,-1.3275,-0.1034,24,LAX-SFO,255,9,0,0,0,0,0,0,11,2025-06-14 09:26:00,2025-06-14 13:25:00,-5,0
2025-07-25 19:40:00,2025-07-26 00:07:00,DL,ATL,DFW,2903,3.41,3.92,0.0,1.55,15.72,0.5408,-0.9852,46,ATL-DFW,267,19,0,0,0,0,0,0,-3,2025-07-25 19:37:00,2025-07-26 00:13:00,6,0
2025-08-22 19:20:00,2025-08-23 00:10:00,B6,ATL,JFK,3183,16.77,16.82,1.49,0.9,15.29,-0.8712,0.0423,91,ATL-JFK,290,19,0,0,0,0,0,0,2,2025-08-22 19:22:00,2025-08-23 00:14:00,4,0
2025-09-04 22:10:00,2025-09-05 02:53:00,UA,JFK,ORD,3103,5.79,7.22,5.76,4.77,14.38,0.6671,0.9649,50,JFK-ORD,283,22,0,1,0,0,0,0,0,2025-09-04 22:10:00,2025-09-05 02:43:00,-10,0
2025-11-05 14:30:00,2025-11-05 20:35:00,AA,SFO,SEA,4130,13.83,13.73,0.0,0.87,18.92,-0.0631,0.2935,7,SFO-SEA,365,14,0,0,0,0,0,0,25,2025-11-05 14:55:00,2025-11-05 21:04:00,29,1
2025-01-25 11:20:00,2025-01-25 16:43:00,AA,ATL,ORD,3596,16.18,18.93,8.54,8.01,13.2,0.9775,0.2187,89,ATL-ORD,323,11,0,0,0,0,0,0,20,2025-01-25 11:40:00,2025-01-25 17:06:00,23,1
2025-05-13 03:20:00,2025-05-13 06:01:00,AA,JFK,ORD,1580,1.08,1.82,0.51,0.0,15.46,-1.084,0.6573,47,JFK-ORD,161,3,0,1,0,0,0,0,0,2025-05-13 03:20:00,2025-05-13 06:01:00,0,0
2025-01-01 15:20:00,2025-01-01 17:16:00,DL,SEA,DFW,1012,9.06,9.49,0.0,0.18,17.32,0.7963,0.153,14,SEA-DFW,116,15,1,0,0,0,0,0,-1,2025-01-01 15:19:00,2025-01-01 17:09:00,-7,0
2025-01-04 13:50:00,2025-01-04 19:33:00,DL,DEN,DFW,3850,11.24,9.01,4.07,3.97,15.21,0.0083,0.2851,86,DEN-DFW,343,13,0,0,0,0,0,0,1,2025-01-04 13:51:00,2025-01-04 19:44:00,11,0
2025-03-19 12:10:00,2025-03-19 15:14:00,AA,JFK,LAX,1864,13.97,12.37,0.65,0.0,14.61,-1.4788,-0.4051,65,JFK-LAX,184,12,0,0,0,0,0,0,13,2025-03-19 12:23:00,2025-03-19 15:20:00,6,0
2025-08-07 16:15:00,2025-08-07 18:58:00,WN,SEA,ATL,1606,5.42,6.9,0.0,0.0,9.9,-0.7197,0.128,40,SEA-ATL,163,16,0,0,0,0,0,0,-10,2025-08-07 16:05:00,2025-08-07 18:48:00,-10,0
2025-11-23 20:30:00,2025-11-23 22:06:00,DL,ORD,ATL,766,5.46,2.28,0.58,0.9,14.94,-0.69,0.4693,40,ORD-ATL,96,20,0,1,0,0,0,0,-7,2025-11-23 20:23:00,2025-11-23 22:01:00,-5,0
2025-10-10 03:00:00,2025-10-10 07:04:00,B6,DEN,ORD,2618,31.09,30.8,0.0,0.18,12.81,0.393,0.0305,27,DEN-ORD,244,3,0,1,0,0,0,0,8,2025-10-10 03:08:00,2025-10-10 07:06:00,2,0
2025-08-24 10:10:00,2025-08-24 14:01:00,AA,ORD,JFK,2450,12.11,13.78,0.57,1.88,19.34,-0.9544,-0.1872,86,ORD-JFK,231,10,0,0,0,0,0,0,-7,2025-08-24 10:03:00,2025-08-24 13:56:00,-5,0
2025-10-12 17:30:00,2025-10-12 23:07:00,AA,ORD,BOS,3778,6.6,4.97,0.0,0.0,15.43,-1.2333,-0.5787,40,ORD-BOS,337,17,0,0,0,0,0,0,5,2025-10-12 17:35:00,2025-10-12 23:03:00,-4,0
2025-03-04 19:30:00,2025-03-05 00:41:00,WN,JFK,ATL,3444,6.09,8.74,0.0,0.41,16.81,-0.4043,-0.5082,50,JFK-ATL,311,19,0,0,0,0,0,0,10,2025-03-04 19:40:00,2025-03-05 00:31:00,-10,0
2025-11-03 18:40:00,2025-11-03 23:42:00,DL,DFW,JFK,3337,31.64,33.85,0.44,0.0,16.0,0.923,0.8379,94,DFW-JFK,302,18,0,0,0,0,0,0,9,2025-11-03 18:49:00,2025-11-03 23:31:00,-11,0
2025-11-21 19:00:00,2025-11-21 23:00:00,B6,SFO,DEN,2561,22.76,25.66,0.0,0.68,15.93,0.1244,-0.7399,23,SFO-DEN,240,19,0,0,0,0,0,0,0,2025-11-21 19:00:00,2025-11-21 23:07:00,7,0
2025-02-04 20:45:00,2025-02-05 02:34:00,B6,SEA,ATL,3924,5.06,5.45,0.11,0.0,16.99,-0.2885,0.2589,61,SEA-ATL,349,20,0,1,0,0,0,0,3,2025-02-04 20:48:00,2025-02-05 02:42:00,8,0
2025-06-21 23:20:00,2025-06-22 05:49:00,DL,SFO,DEN,4429,2.55,4.26,0.29,0.29,17.48,0.5855,0.4709,34,SFO-DEN,389,23,0,1,0,0,0,0,-4,2025-06-21 23:16:00,2025-06-22 05:54:00,5,0
2025-10-30 14:10:00,2025-10-30 19:43:00,WN,ORD,SEA,3722,3.32,5.19,1.03,1.18,17.3,-0.9736,-0.6003,14,ORD-SEA,333,14,0,0,0,0,0,0,3,2025-10-30 14:13:00,2025-10-30 19:46:00,3,0
2025-06-23 05:15:00,2025-06-23 08:11:00,UA,DFW,ORD,1761,22.59,21.68,0.0,0.05,13.76,1.7888,-0.6557,92,DFW-ORD,176,5,0,0,0,0,0,0,12,2025-06-23 05:27:00,2025-06-23 08:12:00,1,0
2025-11-03 13:10:00,2025-11-03 15:42:00,DL,ATL,BOS,1460,7.13,6.66,0.0,0.0,17.01,1.6616,-0.582,76,ATL-BOS,152,13,0,0,0,0,0,0,0,2025-11-03 13:10:00,2025-11-03 15:40:00,-2,0
2025-12-08 17:20:00,2025-12-08 18:19:00,AA,BOS,ORD,305,2.55,1.94,3.99,3.78,13.11,-0.4731,0.0954,83,BOS-ORD,59,17,0,0,0,0,0,0,0,2025-12-08 17:20:00,2025-12-08 18:15:00,-4,0
2025-06-23 02:20:00,2025-06-23 08:53:00,WN,SFO,JFK,4470,6.73,11.44,0.0,0.36,17.43,0.0846,-0.618,1,SFO-JFK,393,2,0,1,0,0,0,0,15,2025-06-23 02:35:00,2025-06-23 09:15:00,22,1
2025-01-22 18:20:00,2025-01-22 23:25:00,DL,DFW,ORD,3377,15.27,12.5,0.0,0.0,16.82,-0.1207,-0.4427,59,DFW-ORD,305,18,0,0,0,0,0,0,11,2025-01-22 18:31:00,2025-01-22 23:43:00,18,1
2025-05-05 13:20:00,2025-05-05 19:34:00,AA,ATL,DEN,4235,8.16,11.46,0.25,0.0,16.37,-0.5361,-0.2901,18,ATL-DEN,374,13,0,0,0,0,0,0,5,2025-05-05 13:25:00,2025-05-05 19:23:00,-11,0
2025-03-20 22:50:00,2025-03-21 04:14:00,AA,DEN,ATL,3608,22.78,22.92,0.0,0.0,15.0,0.9031,-0.9187,31,DEN-ATL,324,22,0,1,0,0,0,0,-10,2025-03-20 22:40:00,2025-03-21 04:11:00,-3,0
2025-06-23 05:50:00,2025-06-23 09:13:00,WN,ATL,DEN,2106,11.97,15.97,0.0,2.25,15.45,-1.4769,-0.944,61,ATL-DEN,203,5,0,0,0,0,0,0,1,2025-06-23 05:51:00,2025-06-23 09:05:00,-8,0
2025-08-02 21:20:00,2025-08-02 23:08:00,DL,JFK,SFO,909,14.24,13.69,1.8,0.0,0.6,-0.3866,-0.9866,22,JFK-SFO,108,21,0,1,0,1,0,1,34,2025-08-02 21:54:00,2025-08-02 23:53:00,45,1
2025-06-19 10:50:00,2025-06-19 12:05:00,AA,LAX,SEA,498,19.88,19.31,6.15,5.85,11.01,0.4938,0.769,8,LAX-SEA,75,10,0,0,0,0,0,0,7,2025-06-19 10:57:00,2025-06-19 12:05:00,0,0
2025-03-13 13:45:00,2025-03-13 19:10:00,UA,DFW,ATL,3626,19.36,15.44,0.0,0.31,15.31,1.5395,0.8363,83,DFW-ATL,325,13,0,0,0,0,0,0,29,2025-03-13 14:14:00,2025-03-13 19:39:00,29,1
2025-04-20 15:45:00,2025-04-20 18:26:00,UA,ORD,SFO,1574,8.31,8.99,0.86,0.0,13.96,1.3431,0.1416,3,ORD-SFO,161,15,0,0,0,0,0,0,-5,2025-04-20 15:40:00,2025-04-20 18:16:00,-10,0
2025-09-06 13:10:00,2025-09-06 16:16:00,B6,JFK,SEA,1893,4.25,6.66,0.0,0.5,18.74,-0.7054,-0.9145,42,JFK-SEA,186,13,0,0,0,0,0,0,-6,2025-09-06 13:04:00,2025-09-06 16:13:00,-3,0
2025-01-10 21:20:00,2025-01-11 03:00:00,UA,SFO,JFK,3811,11.84,10.34,0.22,1.35,20.18,-0.8043,0.0567,62,SFO-JFK,340,21,0,1,0,0,0,0,-3,2025-01-10 21:17:00,2025-01-11 02:50:00,-10,0
2025-03-20 04:15:00,2025-03-20 07:56:00,AA,ORD,LAX,2321,13.31,13.19,0.45,0.0,14.84,-0.4391,0.7556,92,ORD-LAX,221,4,0,1,0,0,0,0,6,2025-03-20 04:21:00,2025-03-20 07:49:00,-7,0
2025-11-22 17:00:00,2025-11-22 23:18:00,UA,ATL,BOS,4293,9.52,10.87,3.82,4.74,15.73,1.4097,0.7059,98,ATL-BOS,378,17,0,0,0,0,0,0,-8,2025-11-22 16:52:00,2025-11-22 23:20:00,2,0
2025-02-06 23:00:00,2025-02-07 03:03:00,WN,DEN,LAX,2595,13.99,14.99,2.39,2.02,17.81,0.3826,0.1813,14,DEN-LAX,243,23,0,1,0,0,0,0,17,2025-02-06 23:17:00,2025-02-07 03:27:00,24,1
2025-06-01 05:30:00,2025-06-01 11:08:00,UA,ORD,SFO,3793,29.75,28.7,16.09,15.26,4.7,2.825,-0.7654,12,ORD-SFO,338,5,0,0,1,1,0,1,25,2025-06-01 05:55:00,2025-06-01 11:44:00,36,1
2025-03-17 06:20:00,2025-03-17 08:01:00,DL,JFK,DFW,828,11.04,10.88,1.33,0.0,16.52,0.6092,-0.3126,98,JFK-DFW,101,6,0,0,0,0,0,0,-3,2025-03-17 06:17:00,2025-03-17 08:03:00,2,0
2025-02-08 11:45:00,2025-02-08 14:57:00,B6,ORD,ATL,1966,12.14,14.72,0.0,0.0,17.32,1.6622,0.9784,99,ORD-ATL,192,11,0,0,0,0,0,0,5,2025-02-08 11:50:00,2025-02-08 14:44:00,-13,0
2025-06-04 17:40:00,2025-06-04 19:41:00,B6,DFW,ORD,1069,3.83,5.96,13.12,13.99,9.58,-0.1156,0.651,24,DFW-ORD,121,17,0,0,1,0,0,0,14,2025-06-04 17:54:00,2025-06-04 20:16:00,35,1
2025-07-10 23:00:00,2025-07-11 00:18:00,UA,ATL,ORD,537,3.84,7.71,9.39,7.32,12.42,-0.8442,0.4352,50,ATL-ORD,78,23,0,1,0,0,0,0,10,2025-07-10 23:10:00,2025-07-11 00:07:00,-11,0
2025-03-06 19:45:00,2025-03-07 02:17:00,B6,SEA,ORD,4464,8.36,10.2,0.0,0.0,15.8,2.3803,-0.3666,48,SEA-ORD,392,19,0,0,0,0,0,0,4,2025-03-06 19:49:00,2025-03-07 02:10:00,-7,0
2025-01-29 19:20:00,2025-01-29 23:13:00,AA,SEA,LAX,2473,4.69,4.91,0.0,2.48,14.04,-1.3433,-0.6283,81,SEA-LAX,233,19,0,0,0,0,0,0,-1,2025-01-29 19:19:00,2025-01-29 23:13:00,0,0
2025-02-19 10:30:00,2025-02-19 13:28:00,WN,LAX,BOS,1785,17.41,14.44,0.0,0.8,19.96,0.254,-0.144,84,LAX-BOS,178,10,0,0,0,0,0,0,1,2025-02-19 10:31:00,2025-02-19 13:43:00,15,1
2025-08-26 15:50:00,2025-08-26 18:55:00,AA,DFW,BOS,1880,16.29,14.21,12.29,9.53,11.56,0.0976,-0.5322,60,DFW-BOS,185,15,0,0,1,0,0,0,20,2025-08-26 16:10:00,2025-08-26 19:26:00,31,1
2025-11-11 05:40:00,2025-11-11 08:00:00,B6,ATL,SEA,1311,5.74,9.71,0.13,0.0,13.29,-0.6129,-0.3289,77,ATL-SEA,140,5,0,0,0,0,0,0,4,2025-11-11 05:44:00,2025-11-11 07:59:00,-1,0
2025-03-07 11:00:00,2025-03-07 12:40:00,DL,ORD,SEA,816,9.94,10.36,0.37,0.58,17.41,0.3383,0.6217,38,ORD-SEA,100,11,0,0,0,0,0,0,-4,2025-03-07 10:56:00,2025-03-07 12:35:00,-5,0
2025-04-27 04:10:00,2025-04-27 10:16:00,UA,LAX,ATL,4136,22.38,20.86,4.55,6.1,11.39,-0.1725,-0.6567,58,LAX-ATL,366,4,0,1,0,0,0,0,-10,2025-04-27 04:00:00,2025-04-27 10:13:00,-3,0
2025-05-06 00:20:00,2025-05-06 01:55:00,WN,ORD,LAX,744,12.98,15.03,0.33,1.39,16.28,-0.8907,-0.4989,12,ORD-LAX,95,0,0,1,0,0,0,0,-6,2025-05-06 00:14:00,2025-05-06 01:49:00,-6,0
2025-05-12 20:00:00,2025-05-12 23:08:00,AA,BOS,JFK,1915,41.69,40.85,0.38,0.56,16.27,-1.3098,-0.4895,17,BOS-JFK,188,20,0,1,0,0,0,0,18,2025-05-12 20:18:00,2025-05-12 23:04:00,-4,0
2025-03-31 19:10:00,2025-03-31 21:00:00,AA,ORD,DFW,942,8.83,10.49,0.0,0.72,16.18,0.4179,0.8279,63,ORD-DFW,110,19,0,0,0,0,0,0,3,2025-03-31 19:13:00,2025-03-31 20:51:00,-9,0
2025-01-21 12:45:00,2025-01-21 18:56:00,DL,ORD,LAX,4204,11.27,10.7,1.24,0.0,13.58,-0.8062,-0.7949,6,ORD-LAX,371,12,0,0,0,0,0,0,1,2025-01-21 12:46:00,2025-01-21 19:00:00,4,0
2025-07-11 00:10:00,2025-07-11 02:18:00,DL,SEA,SFO,1164,9.12,11.41,0.0,0.0,1.86,-0.5449,-0.0814,95,SEA-SFO,128,0,0,1,0,1,0,1,61,2025-07-11 01:11:00,2025-07-11 03:24:00,66,1
2025-05-11 02:10:00,2025-05-11 05:21:00,WN,LAX,SEA,1954,3.41,0.0,0.72,0.0,14.72,-0.8478,0.8619,6,LAX-SEA,191,2,0,1,0,0,0,0,7,2025-05-11 02:17:00,2025-05-11 05:22:00,1,0
2025-05-05 02:30:00,2025-05-05 07:42:00,B6,ORD,BOS,3465,10.88,11.42,4.37,6.28,14.75,-0.8208,0.7215,30,ORD-BOS,312,2,0,1,0,0,0,0,20,2025-05-05 02:50:00,2025-05-05 07:53:00,11,0
2025-04-07 17:00:00,2025-04-07 21:11:00,UA,DFW,JFK,2695,10.51,5.47,0.48,0.38,15.89,-0.1728,0.3171,49,DFW-JFK,251,17,0,0,0,0,0,0,16,2025-04-07 17:16:00,2025-04-07 21:31:00,20,1
2025-12-06 04:15:00,2025-12-06 07:22:00,WN,ORD,SFO,1903,15.79,19.06,7.99,7.36,12.27,-1.2685,0.393,44,ORD-SFO,187,4,0,1,0,0,0,0,7,2025-12-06 04:22:00,2025-12-06 07:12:00,-10,0
2025-08-11 06:50:00,2025-08-11 10:58:00,DL,ORD,DEN,2667,22.96,23.4,0.19,1.54,14.94,-0.3391,0.4,65,ORD-DEN,248,6,0,0,0,0,0,0,5,2025-08-11 06:55:00,2025-08-11 11:03:00,5,0
2025-06-02 20:40:00,2025-06-03 00:06:00,DL,SEA,LAX,2135,8.9,9.93,5.86,5.64,13.19,0.549,-0.7544,47,SEA-LAX,206,20,0,1,0,0,0,0,-5,2025-06-02 20:35:00,2025-06-03 00:05:00,-1,0
2025-03-16 21:50:00,2025-03-17 00:26:00,AA,SEA,JFK,1515,2.03,1.73,0.0,1.14,18.09,0.5832,-0.8779,46,SEA-JFK,156,21,0,1,0,0,0,0,-1,2025-03-16 21:49:00,2025-03-17 00:20:00,-6,0
2025-10-20 18:15:00,2025-10-20 22:35:00,UA,ATL,JFK,2813,12.04,13.66,0.33,0.76,17.76,-0.5265,-0.9873,11,ATL-JFK,260,18,0,0,0,0,0,0,2,2025-10-20 18:17:00,2025-10-20 22:37:00,2,0
2025-11-21 07:30:00,2025-11-21 10:32:00,DL,SEA,DEN,1834,6.77,4.94,0.0,0.85,15.12,-0.7579,-0.0226,21,SEA-DEN,182,7,0,0,0,0,0,0,3,2025-11-21 07:33:00,2025-11-21 10:37:00,5,0
2025-01-12 13:10:00,2025-01-12 19:32:00,UA,SEA,SFO,4332,10.94,13.11,0.1,0.0,9.62,1.1623,0.4028,1,SEA-SFO,382,13,0,0,0,0,0,0,-5,2025-01-12 13:05:00,2025-01-12 19:25:00,-7,0
2025-12-06 04:20:00,2025-12-06 07:55:00,WN,JFK,ATL,2245,12.09,13.09,0.0,0.97,18.13,0.3801,-0.0451,69,JFK-ATL,215,4,0,1,0,0,0,0,-1,2025-12-06 04:19:00,2025-12-06 07:56:00,1,0
2025-09-13 20:10:00,2025-09-14 01:23:00,WN,JFK,LAX,3477,3.86,9.25,0.0,0.47,18.38,0.4889,-0.9829,90,JFK-LAX,313,20,0,1,0,0,0,0,-1,2025-09-13 20:09:00,2025-09-14 01:26:00,3,0
2025-02-06 02:45:00,2025-02-06 05:03:00,UA,ORD,JFK,1284,12.76,12.98,0.97,0.0,14.67,1.2303,0.4055,48,ORD-JFK,138,2,0,1,0,0,0,0,-3,2025-02-06 02:42:00,2025-02-06 05:03:00,0,0
2025-10-02 17:10:00,2025-10-02 21:46:00,B6,JFK,ATL,3011,3.71,0.75,1.22,0.68,14.54,1.0218,-0.2099,71,JFK-ATL,276,17,0,0,0,0,0,0,11,2025-10-02 17:21:00,2025-10-02 21:48:00,2,0
2025-02-09 12:10:00,2025-02-09 16:17:00,B6,DFW,SEA,2649,17.53,12.21,0.0,1.29,14.49,0.8584,0.6073,94,DFW-SEA,247,12,0,0,0,0,0,0,12,2025-02-09 12:22:00,2025-02-09 16:33:00,16,1
2025-01-19 18:20:00,2025-01-19 23:29:00,WN,SEA,DEN,3424,19.76,19.44,15.9,14.93,13.63,-1.793,0.8708,98,SEA-DEN,309,18,0,0,1,0,0,0,21,2025-01-19 18:41:00,2025-01-20 00:15:00,46,1
2025-02-12 10:20:00,2025-02-12 13:54:00,AA,SEA,DEN,2239,15.6,17.31,0.98,0.0,17.71,-0.5953,-0.0804,4,SEA-DEN,214,10,0,0,0,0,0,0,4,2025-02-12 10:24:00,2025-02-12 14:15:00,21,1
2025-06-17 03:15:00,2025-06-17 08:16:00,UA,BOS,SEA,3321,7.54,5.98,0.23,0.0,16.15,-1.3787,-0.0675,91,BOS-SEA,301,3,0,1,0,0,0,0,4,2025-06-17 03:19:00,2025-06-17 08:26:00,10,0
2025-08-15 18:15:00,2025-08-15 19:34:00,B6,SEA,BOS,546,17.11,21.33,0.95,0.0,19.61,1.3256,-0.2033,54,SEA-BOS,79,18,0,0,0,0,0,0,-6,2025-08-15 18:09:00,2025-08-15 19:33:00,-1,0
2025-05-29 15:15:00,2025-05-29 20:06:00,AA,DEN,ORD,3199,16.39,16.52,9.24,9.36,13.5,-0.3765,-0.1542,91,DEN-ORD,291,15,0,0,0,0,0,0,26,2025-05-29 15:41:00,2025-05-29 20:49:00,43,1
2025-02-14 11:50:00,2025-02-14 17:02:00,UA,BOS,JFK,3464,17.07,17.43,0.0,0.59,14.09,-0.786,0.2393,75,BOS-JFK,312,11,0,0,0,0,0,0,14,2025-02-14 12:04:00,2025-02-14 16:53:00,-9,0
2025-03-14 08:30:00,2025-03-14 12:16:00,AA,SEA,JFK,2384,22.49,22.91,9.72,11.81,14.24,0.288,0.476,17,SEA-JFK,226,8,0,0,0,0,0,0,-5,2025-03-14 08:25:00,2025-03-14 12:14:00,-2,0
2025-11-08 08:50:00,2025-11-08 10:01:00,WN,DEN,ATL,444,14.29,15.94,0.5,0.0,17.47,0.6054,-0.2022,92,DEN-ATL,71,8,0,0,0,0,0,0,-7,2025-11-08 08:43:00,2025-11-08 09:58:00,-3,0
2025-12-18 11:50:00,2025-12-18 15:59:00,UA,BOS,ORD,2680,4.63,3.74,0.0,0.36,14.27,0.4534,-0.5177,53,BOS-ORD,249,11,0,0,0,0,0,0,18,2025-12-18 12:08:00,2025-12-18 16:22:00,23,1
2025-10-03 06:40:00,2025-10-03 12:01:00,DL,DEN,ATL,3581,7.45,3.9,18.68,19.2,11.51,-0.0045,-0.7863,56,DEN-ATL,321,6,0,0,1,0,0,0,20,2025-10-03 07:00:00,2025-10-03 12:40:00,39,1
2025-02-07 06:45:00,2025-02-07 10:19:00,AA,JFK,SEA,2238,13.88,13.51,0.0,0.0,16.31,1.1758,0.4662,40,JFK-SEA,214,6,0,0,0,0,0,0,-10,2025-02-07 06:35:00,2025-02-07 10:17:00,-2,0
2025-10-27 06:00:00,2025-10-27 07:31:00,AA,BOS,DFW,695,1.19,4.54,0.0,0.0,14.61,-0.3559,-0.1717,82,BOS-DFW,91,6,0,0,0,0,0,0,6,2025-10-27 06:06:00,2025-10-27 07:43:00,12,0
2025-09-10 00:50:00,2025-09-10 04:02:00,B6,BOS,ATL,1958,9.78,10.22,0.0,0.0,17.6,-1.5254,0.423,63,BOS-ATL,192,0,0,1,0,0,0,0,0,2025-09-10 00:50:00,2025-09-10 04:19:00,17,1
2025-07-12 22:20:00,2025-07-13 04:53:00,B6,DFW,JFK,4475,8.27,6.67,0.47,1.81,7.34,-0.4156,-0.2806,64,DFW-JFK,393,22,0,1,0,0,0,0,-6,2025-07-12 22:14:00,2025-07-13 04:40:00,-13,0
2025-02-22 05:40:00,2025-02-22 08:10:00,UA,BOS,ATL,1437,15.73,15.0,0.84,1.01,17.3,-0.4546,0.309,80,BOS-ATL,150,5,0,0,0,0,0,0,5,2025-02-22 05:45:00,2025-02-22 08:13:00,3,0
2025-12-30 03:10:00,2025-12-30 07:07:00,B6,BOS,DEN,2523,2.15,6.21,0.68,0.28,13.37,0.6207,-0.1359,58,BOS-DEN,237,3,0,1,0,0,0,0,-8,2025-12-30 03:02:00,2025-12-30 07:09:00,2,0
2025-06-11 03:00:00,2025-06-11 05:58:00,AA,SFO,ORD,1791,15.91,15.71,2.04,0.46,17.2,0.9129,0.8739,99,SFO-ORD,178,3,0,1,0,0,0,0,7,2025-06-11 03:07:00,2025-06-11 05:47:00,-11,0
2025-01-17 23:50:00,2025-01-18 04:48:00,AA,LAX,JFK,3291,8.27,9.98,8.78,9.24,14.18,-0.7761,-0.0462,57,LAX-JFK,298,23,0,1,0,0,0,0,-1,2025-01-17 23:49:00,2025-01-18 04:38:00,-10,0
2025-03-18 11:20:00,2025-03-18 14:43:00,DL,ATL,ORD,2099,13.14,14.79,1.19,0.0,18.62,-2.1625,0.3454,7,ATL-ORD,203,11,0,0,0,0,0,0,12,2025-03-18 11:32:00,2025-03-18 14:44:00,1,0
2025-05-27 07:10:00,2025-05-27 10:18:00,UA,ATL,SEA,1914,5.06,0.0,0.13,0.0,17.41,1.9544,0.1389,19,ATL-SEA,188,7,0,0,0,0,0,0,1,2025-05-27 07:11:00,2025-05-27 10:09:00,-9,0
2025-01-23 09:40:00,2025-01-23 13:54:00,DL,SEA,JFK,2733,15.66,18.69,0.0,0.0,19.64,0.1851,0.6612,72,SEA-JFK,254,9,0,0,0,0,0,0,5,2025-01-23 09:45:00,2025-01-23 14:02:00,8,0
2025-04-29 02:00:00,2025-04-29 06:11:00,B6,DEN,JFK,2701,20.28,19.12,0.08,0.17,15.41,-2.0712,0.4276,89,DEN-JFK,251,2,0,1,0,0,0,0,1,2025-04-29 02:01:00,2025-04-29 06:06:00,-5,0
2025-06-20 07:20:00,2025-06-20 11:07:00,UA,BOS,ATL,2399,45.7,44.39,9.1,7.84,11.93,-1.6462,-0.1823,77,BOS-ATL,227,7,0,0,0,0,0,0,13,2025-06-20 07:33:00,2025-06-20 11:21:00,14,0
2025-12-13 05:40:00,2025-12-13 08:06:00,DL,LAX,DEN,1384,12.47,15.44,0.0,0.0,16.22,0.2171,-0.6859,34,LAX-DEN,146,5,0,0,0,0,0,0,22,2025-12-13 06:02:00,2025-12-13 08:25:00,19,1
2025-02-01 19:40:00,2025-02-01 21:15:00,UA,SEA,ORD,753,23.49,22.56,0.0,0.51,18.81,-0.5239,-0.1499,79,SEA-ORD,95,19,0,0,0,0,0,0,0,2025-02-01 19:40:00,2025-02-01 21:25:00,10,0
2025-07-30 01:20:00,2025-07-30 06:11:00,B6,DFW,ATL,3200,5.27,5.78,9.67,10.0,11.13,1.2319,0.824,23,DFW-ATL,291,1,0,1,0,0,0,0,1,2025-07-30 01:21:00,2025-07-30 06:00:00,-11,0
2025-12-01 10:15:00,2025-12-01 13:08:00,WN,ORD,DFW,1727,22.57,25.42,9.75,7.21,11.64,-0.52,0.5035,26,ORD-DFW,173,10,0,0,0,0,0,0,0,2025-12-01 10:15:00,2025-12-01 13:06:00,-2,0
2025-10-22 18:45:00,2025-10-22 23:10:00,AA,DFW,BOS,2873,2.11,4.86,0.58,0.0,19.25,-0.0822,-0.1734,68,DFW-BOS,265,18,0,0,0,0,0,0,24,2025-10-22 19:09:00,2025-10-22 23:34:00,24,1
2025-12-04 20:10:00,2025-12-04 23:15:00,UA,ATL,SEA,1880,29.17,32.83,1.25,0.55,17.57,-0.6072,-0.2442,14,ATL-SEA,185,20,0,1,0,0,0,0,21,2025-12-04 20:31:00,2025-12-04 23:45:00,30,1
2025-03-04 12:00:00,2025-03-04 17:46:00,B6,SEA,LAX,3886,10.89,14.61,0.0,0.12,20.13,-0.1444,-0.901,75,SEA-LAX,346,12,0,0,0,0,0,0,-6,2025-03-04 11:54:00,2025-03-04 17:34:00,-12,0
2025-10-20 05:10:00,2025-10-20 10:07:00,WN,SFO,LAX,3269,4.17,3.66,0.0,0.0,16.88,0.0553,-0.3937,37,SFO-LAX,297,5,0,0,0,0,0,0,1,2025-10-20 05:11:00,2025-10-20 10:04:00,-3,0
2025-12-24 08:45:00,2025-12-24 12:00:00,WN,SFO,ORD,1996,6.91,7.09,2.89,4.73,15.84,1.3344,0.2968,51,SFO-ORD,195,8,1,0,0,0,0,0,-8,2025-12-24 08:37:00,2025-12-24 12:03:00,3,0
2025-04-30 05:20:00,2025-04-30 08:11:00,DL,ATL,DEN,1698,19.53,19.53,0.74,0.0,14.66,0.297,0.8028,41,ATL-DEN,171,5,0,0,0,0,0,0,19,2025-04-30 05:39:00,2025-04-30 08:23:00,12,0
2025-07-02 15:00:00,2025-07-02 20:11:00,B6,LAX,ATL,3445,11.05,9.78,0.0,0.34,14.62,0.0813,0.3371,80,LAX-ATL,311,15,0,0,0,0,0,0,-4,2025-07-02 14:56:00,2025-07-02 20:04:00,-7,0
2025-07-13 07:10:00,2025-07-13 08:12:00,DL,LAX,DFW,333,8.79,9.38,0.0,1.04,17.15,0.7423,-0.9337,80,LAX-DFW,62,7,0,0,0,0,0,0,2,2025-07-13 07:12:00,2025-07-13 08:27:00,15,1
2025-06-30 15:00:00,2025-06-30 16:18:00,AA,ATL,BOS,541,19.65,17.05,0.22,0.0,12.24,1.3086,-0.3485,34,ATL-BOS,78,15,0,0,0,0,0,0,6,2025-06-30 15:06:00,2025-06-30 16:12:00,-6,0
2025-04-16 15:45:00,2025-04-16 17:12:00,AA,SFO,DEN,654,7.95,10.89,23.34,22.53,2.88,-1.3339,0.5571,99,SFO-DEN,87,15,0,0,1,1,0,0,37,2025-04-16 16:22:00,2025-04-16 18:02:00,50,1
2025-12-21 22:20:00,2025-12-22 01:15:00,WN,ATL,DEN,1752,22.74,20.55,0.54,1.76,17.58,-0.665,0.6638,44,ATL-DEN,175,22,0,1,0,0,0,0,20,2025-12-21 22:40:00,2025-12-22 01:24:00,9,0
2025-12-16 08:00:00,2025-12-16 11:46:00,WN,DEN,SEA,2387,5.89,7.19,0.71,0.0,15.03,0.2031,-0.813,86,DEN-SEA,226,8,0,0,0,0,0,0,17,2025-12-16 08:17:00,2025-12-16 12:09:00,23,1
2025-05-19 23:10:00,2025-05-20 01:47:00,AA,SFO,DEN,1530,2.75,2.61,7.7,7.18,6.43,-0.0025,-0.4714,36,SFO-DEN,157,23,0,1,0,0,0,0,4,2025-05-19 23:14:00,2025-05-20 01:42:00,-5,0
2025-10-21 09:30:00,2025-10-21 11:32:00,UA,LAX,BOS,1091,9.22,10.77,9.53,10.89,12.06,-0.6152,-0.3536,24,LAX-BOS,122,9,0,0,0,0,0,0,4,2025-10-21 09:34:00,2025-10-21 11:33:00,1,0
2025-05-26 16:30:00,2025-05-26 19:14:00,DL,ORD,SFO,1614,14.16,12.92,3.77,3.1,10.81,-1.9579,0.7842,88,ORD-SFO,164,16,1,0,0,0,0,0,-3,2025-05-26 16:27:00,2025-05-26 19:14:00,0,0
2025-10-18 15:45:00,2025-10-18 19:30:00,AA,JFK,ATL,2377,4.7,8.06,0.98,0.0,17.48,-0.2848,0.1519,43,JFK-ATL,225,15,0,0,0,0,0,0,-1,2025-10-18 15:44:00,2025-10-18 19:24:00,-6,0
2025-08-02 19:00:00,2025-08-02 21:39:00,B6,ORD,BOS,1549,14.64,16.94,0.04,0.0,16.15,0.3743,-0.6264,63,ORD-BOS,159,19,0,0,0,0,0,0,8,2025-08-02 19:08:00,2025-08-02 21:37:00,-2,0
2025-06-21 11:00:00,2025-06-21 15:12:00,UA,ATL,DFW,2711,3.89,1.87,0.0,0.0,18.16,1.4399,0.157,82,ATL-DFW,252,11,0,0,0,0,0,0,-4,2025-06-21 10:56:00,2025-06-21 15:14:00,2,0
2025-02-16 19:00:00,2025-02-16 22:07:00,WN,ORD,ATL,1905,13.83,13.9,24.36,23.98,5.53,0.0276,0.453,40,ORD-ATL,187,19,0,0,1,1,0,0,46,2025-02-16 19:46:00,2025-02-16 23:16:00,69,1
2025-08-27 08:20:00,2025-08-27 14:33:00,DL,ATL,SFO,4220,4.39,4.68,0.0,0.0,11.03,0.0067,-0.2773,41,ATL-SFO,373,8,0,0,0,0,0,0,-3,2025-08-27 08:17:00,2025-08-27 14:51:00,18,1
2025-04-28 11:40:00,2025-04-28 18:12:00,WN,BOS,DFW,4467,5.88,3.75,0.77,1.07,14.75,-0.7841,0.8824,98,BOS-DFW,392,11,0,0,0,0,0,0,6,2025-04-28 11:46:00,2025-04-28 18:14:00,2,0
2025-03-21 11:40:00,2025-03-21 16:19:00,DL,JFK,SEA,3053,14.46,9.1,0.0,0.0,13.33,0.0015,0.6567,12,JFK-SEA,279,11,0,0,0,0,0,0,5,2025-03-21 11:45:00,2025-03-21 16:15:00,-4,0
2025-03-12 16:10:00,2025-03-12 20:15:00,UA,JFK,BOS,2630,2.96,1.21,0.0,0.5,18.47,-0.4981,0.248,4,JFK-BOS,245,16,0,0,0,0,0,0,30,2025-03-12 16:40:00,2025-03-12 20:45:00,30,1
2025-12-25 14:40:00,2025-12-25 15:49:00,WN,BOS,JFK,430,1.86,1.66,3.56,1.17,14.45,0.5645,-0.2412,48,BOS-JFK,69,14,1,0,0,0,0,0,2,2025-12-25 14:42:00,2025-12-25 15:36:00,-13,0
2025-02-07 01:40:00,2025-02-07 06:08:00,AA,SEA,BOS,2914,13.93,11.97,4.74,5.82,15.71,0.4563,-0.9777,95,SEA-BOS,268,1,0,1,0,0,0,0,-3,2025-02-07 01:37:00,2025-02-07 06:13:00,5,0
2025-10-19 19:10:00,2025-10-19 22:17:00,UA,DEN,LAX,1899,3.22,4.17,0.0,0.94,17.08,1.4135,-0.8567,73,DEN-LAX,187,19,0,0,0,0,0,0,9,2025-10-19 19:19:00,2025-10-19 22:28:00,11,0
2025-11-13 18:40:00,2025-11-13 21:16:00,UA,SEA,DFW,1517,16.27,14.57,0.71,0.0,18.54,0.2824,0.6106,5,SEA-DFW,156,18,0,0,0,0,0,0,21,2025-11-13 19:01:00,2025-11-13 21:18:00,2,0
2025-01-12 02:20:00,2025-01-12 07:46:00,UA,ATL,SEA,3632,9.1,8.27,0.26,0.64,10.24,0.5398,0.7905,79,ATL-SEA,326,2,0,1,0,0,0,0,-9,2025-01-12 02:11:00,2025-01-12 07:47:00,1,0
2025-08-04 23:00:00,2025-08-05 00:13:00,DL,DEN,JFK,477,9.15,13.17,0.24,1.52,19.2,-1.3706,-0.7522,6,DEN-JFK,73,23,0,1,0,0,0,0,4,2025-08-04 23:04:00,2025-08-05 00:17:00,4,0
2025-07-30 15:20:00,2025-07-30 17:47:00,UA,DEN,ORD,1394,20.76,18.33,0.0,0.0,15.61,0.3383,-0.8201,76,DEN-ORD,147,15,0,0,0,0,0,0,-10,2025-07-30 15:10:00,2025-07-30 17:49:00,2,0
2025-05-11 02:45:00,2025-05-11 08:04:00,DL,LAX,ATL,3551,14.48,15.59,0.49,0.0,18.68,0.7394,0.3755,2,LAX-ATL,319,2,0,1,0,0,0,0,10,2025-05-11 02:55:00,2025-05-11 07:59:00,-5,0
2025-09-01 11:40:00,2025-09-01 17:50:00,WN,DFW,DEN,4184,15.11,14.92,0.66,0.37,16.73,0.1149,0.1156,21,DFW-DEN,370,11,1,0,0,0,0,0,-2,2025-09-01 11:38:00,2025-09-01 17:47:00,-3,0
2025-05-30 20:15:00,2025-05-31 00:07:00,DL,BOS,LAX,2461,14.64,14.75,0.0,0.0,12.69,-0.0444,-0.2631,53,BOS-LAX,232,20,0,1,0,0,0,0,6,2025-05-30 20:21:00,2025-05-31 00:04:00,-3,0
2025-06-10 06:45:00,2025-06-10 10:42:00,WN,LAX,JFK,2521,6.9,7.14,0.0,0.0,14.44,-0.1779,-0.3807,53,LAX-JFK,237,6,0,0,0,0,0,0,-5,2025-06-10 06:40:00,2025-06-10 10:50:00,8,0
2025-06-07 22:20:00,2025-06-08 04:44:00,DL,SFO,JFK,4361,15.78,13.22,0.67,0.0,15.35,1.646,-0.5113,41,SFO-JFK,384,22,0,1,0,0,0,0,-1,2025-06-07 22:19:00,2025-06-08 04:42:00,-2,0
2025-10-20 10:20:00,2025-10-20 11:50:00,UA,BOS,ORD,688,5.76,3.73,0.44,0.15,15.64,-1.6282,-0.6006,14,BOS-ORD,90,10,0,0,0,0,0,0,-3,2025-10-20 10:17:00,2025-10-20 12:08:00,18,1
2025-08-20 05:00:00,2025-08-20 08:41:00,UA,DEN,ATL,2320,14.73,13.08,0.59,0.0,15.91,1.2564,-0.5447,84,DEN-ATL,221,5,0,0,0,0,0,0,-5,2025-08-20 04:55:00,2025-08-20 08:40:00,-1,0
2025-05-19 08:50:00,2025-05-19 11:10:00,UA,JFK,ORD,1315,7.39,5.45,0.03,0.0,13.66,0.4032,-0.3378,10,JFK-ORD,140,8,0,0,0,0,0,0,6,2025-05-19 08:56:00,2025-05-19 11:13:00,3,0
2025-12-05 12:45:00,2025-12-05 16:24:00,AA,ORD,SEA,2302,9.23,10.42,0.67,0.0,6.46,-0.4888,0.0223,86,ORD-SEA,219,12,0,0,0,0,0,0,-8,2025-12-05 12:37:00,2025-12-05 16:16:00,-8,0
2025-10-20 16:10:00,2025-10-20 22:13:00,WN,BOS,ORD,4106,29.04,22.98,0.0,0.44,15.09,0.5389,0.9569,85,BOS-ORD,363,16,0,0,0,0,0,0,10,2025-10-20 16:20:00,2025-10-20 22:11:00,-2,0
2025-12-07 22:30:00,2025-12-08 02:49:00,UA,DEN,DFW,2803,13.32,16.59,0.0,0.5,16.02,0.4124,-0.9425,48,DEN-DFW,259,22,0,1,0,0,0,0,-5,2025-12-07 22:25:00,2025-12-08 02:43:00,-6,0
2025-09-24 04:45:00,2025-09-24 11:17:00,AA,DEN,DFW,4464,7.0,7.78,0.0,0.0,15.19,-0.9887,0.5261,26,DEN-DFW,392,4,0,1,0,0,0,0,-3,2025-09-24 04:42:00,2025-09-24 11:03:00,-14,0
2025-05-23 23:30:00,2025-05-24 03:19:00,WN,LAX,SFO,2421,3.37,5.46,0.81,1.18,16.79,1.0596,-0.7898,42,LAX-SFO,229,23,0,1,0,0,0,0,5,2025-05-23 23:35:00,2025-05-24 03:38:00,19,1
2025-10-10 12:10:00,2025-10-10 17:59:00,WN,ATL,SEA,3924,11.44,15.2,0.0,0.8,15.7,0.2084,0.1005,71,ATL-SEA,349,12,0,0,0,0,0,0,15,2025-10-10 12:25:00,2025-10-10 18:04:00,5,0
2025-05-01 03:50:00,2025-05-01 05:46:00,UA,LAX,SFO,1012,3.49,4.66,0.16,0.0,16.7,-0.7798,-0.6209,72,LAX-SFO,116,3,0,1,0,0,0,0,2,2025-05-01 03:52:00,2025-05-01 06:11:00,25,1
2025-04-09 22:15:00,2025-04-10 01:02:00,AA,DFW,SFO,1646,30.61,29.47,0.3,0.0,11.9,1.5431,-0.9745,74,DFW-SFO,167,22,0,1,0,0,0,0,7,2025-04-09 22:22:00,2025-04-10 01:10:00,8,0
2025-06-14 08:15:00,2025-06-14 10:46:00,WN,DEN,DFW,1450,9.16,13.67,0.0,0.88,16.79,0.6096,-0.7475,13,DEN-DFW,151,8,0,0,0,0,0,0,-1,2025-06-14 08:14:00,2025-06-14 10:41:00,-5,0
2025-12-20 14:15:00,2025-12-20 19:32:00,DL,SEA,BOS,3529,17.35,16.85,9.94,10.05,14.13,0.3935,-0.5506,21,SEA-BOS,317,14,0,0,0,0,0,0,13,2025-12-20 14:28:00,2025-12-20 19:34:00,2,0
2025-07-27 16:50:00,2025-07-27 20:41:00,WN,SEA,DEN,2454,3.55,0.43,1.16,0.0,17.34,1.0434,-0.4107,54,SEA-DEN,231,16,0,0,0,0,0,0,-3,2025-07-27 16:47:00,2025-07-27 20:34:00,-7,0
2025-05-21 00:30:00,2025-05-21 02:44:00,B6,SEA,DEN,1233,16.52,17.98,0.69,0.0,16.08,0.0326,-0.6299,4,SEA-DEN,134,0,0,1,0,0,0,0,-1,2025-05-21 00:29:00,2025-05-21 02:37:00,-7,0
2025-06-18 05:40:00,2025-06-18 07:37:00,DL,SEA,ORD,1025,22.79,22.48,0.0,0.93,14.98,0.8687,-0.3983,53,SEA-ORD,117,5,0,0,0,0,0,0,-4,2025-06-18 05:36:00,2025-06-18 07:34:00,-3,0
2025-04-17 16:50:00,2025-04-17 19:58:00,WN,DEN,SFO,1914,15.19,12.45,0.08,0.07,11.94,0.807,-0.4045,33,DEN-SFO,188,16,0,0,0,0,0,0,0,2025-04-17 16:50:00,2025-04-17 19:49:00,-9,0
2025-08-29 07:50:00,2025-08-29 09:41:00,B6,SEA,DFW,944,17.49,15.66,3.76,3.59,11.45,-0.5401,0.8166,43,SEA-DFW,111,7,0,0,0,0,0,0,6,2025-08-29 07:56:00,2025-08-29 09:43:00,2,0
2025-05-08 00:45:00,2025-05-08 05:38:00,UA,BOS,SEA,3228,13.36,14.87,0.87,0.0,15.31,-0.1552,0.5326,50,BOS-SEA,293,0,0,1,0,0,0,0,10,2025-05-08 00:55:00,2025-05-08 05:55:00,17,1
2025-07-22 00:50:00,2025-07-22 06:34:00,UA,DEN,BOS,3862,7.35,6.44,1.44,2.36,15.55,-0.4566,-0.627,39,DEN-BOS,344,0,0,1,0,0,0,0,-7,2025-07-22 00:43:00,2025-07-22 06:26:00,-8,0
2025-05-15 19:50:00,2025-05-16 02:15:00,WN,JFK,LAX,4369,5.79,4.18,9.07,9.74,12.51,1.3997,0.2937,36,JFK-LAX,385,19,0,0,0,0,0,0,-3,2025-05-15 19:47:00,2025-05-16 02:15:00,0,0
2025-04-28 03:50:00,2025-04-28 06:08:00,B6,ORD,JFK,1289,7.49,9.46,0.58,0.0,14.5,-1.4743,-0.1792,44,ORD-JFK,138,3,0,1,0,0,0,0,4,2025-04-28 03:54:00,2025-04-28 06:00:00,-8,0
2025-12-21 02:40:00,2025-12-21 06:07:00,DL,LAX,SFO,2144,33.93,34.64,0.0,0.0,17.26,0.3565,-0.0751,30,LAX-SFO,207,2,0,1,0,0,0,0,5,2025-12-21 02:45:00,2025-12-21 06:03:00,-4,0
2025-05-07 13:10:00,2025-05-07 16:58:00,UA,LAX,JFK,2416,11.25,12.58,0.0,0.11,13.53,1.3719,-0.3343,55,LAX-JFK,228,13,0,0,0,0,0,0,13,2025-05-07 13:23:00,2025-05-07 16:57:00,-1,0
2025-01-26 02:00:00,2025-01-26 05:46:00,DL,DFW,JFK,2382,23.6,22.5,0.0,0.47,15.56,-1.2123,0.313,2,DFW-JFK,226,2,0,1,0,0,0,0,-3,2025-01-26 01:57:00,2025-01-26 05:44:00,-2,0
2025-05-19 15:45:00,2025-05-19 19:16:00,DL,LAX,SEA,2203,7.74,8.57,6.93,7.54,10.83,0.067,-0.9497,0,LAX-SEA,211,15,0,0,0,0,0,0,1,2025-05-19 15:46:00,2025-05-19 19:18:00,2,0
2025-07-14 13:15:00,2025-07-14 15:28:00,WN,JFK,SFO,1224,16.85,16.32,0.12,0.56,13.82,1.214,-0.2474,57,JFK-SFO,133,13,0,0,0,0,0,0,4,2025-07-14 13:19:00,2025-07-14 15:30:00,2,0
2025-02-04 15:45:00,2025-02-04 17:22:00,AA,JFK,ORD,770,3.78,1.32,0.0,0.0,15.46,-0.3557,0.5372,33,JFK-ORD,97,15,0,0,0,0,0,0,17,2025-02-04 16:02:00,2025-02-04 17:41:00,19,1
2025-04-22 11:50:00,2025-04-22 15:04:00,UA,LAX,ORD,1993,9.3,4.25,0.37,0.0,15.37,0.1489,0.9879,47,LAX-ORD,194,11,0,0,0,0,0,0,18,2025-04-22 12:08:00,2025-04-22 15:25:00,21,1
2025-03-02 18:40:00,2025-03-02 20:10:00,WN,LAX,SEA,687,10.41,7.53,7.19,8.02,15.36,-0.2168,-0.7294,37,LAX-SEA,90,18,0,0,0,0,0,0,8,2025-03-02 18:48:00,2025-03-02 20:36:00,26,1
2025-07-02 15:45:00,2025-07-02 17:05:00,UA,DEN,SFO,564,29.14,30.29,0.02,0.0,16.74,-0.9457,-0.3314,89,DEN-SFO,80,15,0,0,0,0,0,0,-10,2025-07-02 15:35:00,2025-07-02 17:02:00,-3,0
2025-09-21 09:15:00,2025-09-21 13:10:00,AA,BOS,ORD,2501,4.8,5.85,0.7,2.74,16.52,-0.3742,-0.2256,49,BOS-ORD,235,9,0,0,0,0,0,0,3,2025-09-21 09:18:00,2025-09-21 13:06:00,-4,0
2025-12-20 00:20:00,2025-12-20 06:07:00,AA,DEN,LAX,3906,15.84,17.42,0.0,0.28,16.98,-0.6413,0.0938,13,DEN-LAX,347,0,0,1,0,0,0,0,8,2025-12-20 00:28:00,2025-12-20 06:29:00,22,1
2025-05-23 06:50:00,2025-05-23 10:51:00,DL,DFW,LAX,2570,12.7,15.73,0.0,0.0,19.1,-1.5376,-0.0309,35,DFW-LAX,241,6,0,0,0,0,0,0,-6,2025-05-23 06:44:00,2025-05-23 10:38:00,-13,0
2025-11-12 03:45:00,2025-11-12 04:52:00,B6,BOS,DEN,398,3.98,6.32,0.72,0.0,17.54,1.4473,0.6585,50,BOS-DEN,67,3,0,1,0,0,0,0,-2,2025-11-12 03:43:00,2025-11-12 04:44:00,-8,0
2025-03-20 00:10:00,2025-03-20 05:51:00,DL,BOS,JFK,3829,23.8,23.23,0.0,0.78,12.54,0.4475,0.2791,25,BOS-JFK,341,0,0,1,0,0,0,0,-10,2025-03-20 00:00:00,2025-03-20 05:49:00,-2,0
2025-10-12 06:50:00,2025-10-12 11:39:00,DL,SFO,JFK,3170,23.72,25.09,0.0,0.0,15.25,-0.3821,0.632,52,SFO-JFK,289,6,0,0,0,0,0,0,-2,2025-10-12 06:48:00,2025-10-12 11:39:00,0,0
2025-07-25 04:20:00,2025-07-25 07:01:00,B6,DEN,SFO,1573,8.14,12.31,0.0,0.92,15.37,-0.4746,0.4321,93,DEN-SFO,161,4,0,1,0,0,0,0,-2,2025-07-25 04:18:00,2025-07-25 07:02:00,1,0
2025-10-04 01:45:00,2025-10-04 04:16:00,UA,ORD,JFK,1447,11.35,10.56,0.73,0.0,16.99,-0.4222,0.8909,50,ORD-JFK,151,1,0,1,0,0,0,0,-3,2025-10-04 01:42:00,2025-10-04 04:05:00,-11,0
2025-10-03 07:30:00,2025-10-03 13:31:00,B6,BOS,SFO,4078,1.67,0.0,8.48,8.75,5.24,-0.7514,0.4741,2,BOS-SFO,361,7,0,0,0,1,0,1,-6,2025-10-03 07:24:00,2025-10-03 13:35:00,4,0
2025-07-14 12:30:00,2025-07-14 16:09:00,UA,SFO,SEA,2299,2.5,5.47,0.0,0.0,17.56,-0.3876,-0.8007,7,SFO-SEA,219,12,0,0,0,0,0,0,28,2025-07-14 12:58:00,2025-07-14 16:35:00,26,1
2025-04-04 04:10:00,2025-04-04 05:56:00,UA,BOS,SEA,893,7.79,8.12,0.0,0.26,15.14,-0.9089,0.3793,70,BOS-SEA,106,4,0,1,0,0,0,0,9,2025-04-04 04:19:00,2025-04-04 05:48:00,-8,0
2025-07-12 06:15:00,2025-07-12 08:49:00,WN,DFW,BOS,1482,5.77,4.5,0.34,0.73,15.74,0.7018,-0.9341,17,DFW-BOS,154,6,0,0,0,0,0,0,12,2025-07-12 06:27:00,2025-07-12 08:46:00,-3,0
2025-10-29 00:40:00,2025-10-29 03:08:00,WN,SEA,ORD,1410,18.37,17.98,1.07,0.02,15.97,-1.8614,-0.6466,64,SEA-ORD,148,0,0,1,0,0,0,0,-8,2025-10-29 00:32:00,2025-10-29 03:00:00,-8,0
2025-12-21 01:45:00,2025-12-21 04:58:00,UA,BOS,DEN,1980,4.56,1.08,0.31,0.66,17.32,0.202,0.8724,3,BOS-DEN,193,1,0,1,0,0,0,0,3,2025-12-21 01:48:00,2025-12-21 04:46:00,-12,0
2025-12-05 03:00:00,2025-12-05 05:55:00,UA,JFK,LAX,1752,4.33,2.94,0.22,0.0,15.56,-0.8837,0.911,32,JFK-LAX,175,3,0,1,0,0,0,0,16,2025-12-05 03:16:00,2025-12-05 05:56:00,1,0
2025-03-08 10:00:00,2025-03-08 14:03:00,B6,SEA,JFK,2596,14.76,15.99,5.98,6.8,13.64,0.9107,-0.7836,20,SEA-JFK,243,10,0,0,0,0,0,0,1,2025-03-08 10:01:00,2025-03-08 14:00:00,-3,0
2025-08-07 15:40:00,2025-08-07 18:28:00,DL,ATL,DEN,1657,12.86,12.34,0.0,0.02,16.03,-0.1715,-0.206,58,ATL-DEN,168,15,0,0,0,0,0,0,2,2025-08-07 15:42:00,2025-08-07 18:25:00,-3,0
2025-02-08 18:20:00,2025-02-08 22:54:00,B6,ATL,SFO,2991,11.94,13.53,3.6,3.01,10.4,0.3545,0.977,47,ATL-SFO,274,18,0,0,0,0,0,0,-1,2025-02-08 18:19:00,2025-02-08 22:53:00,-1,0
2025-09-02 15:45:00,2025-09-02 19:30:00,WN,SEA,BOS,2369,17.13,16.69,0.39,0.0,17.1,-0.6225,-0.8527,54,SEA-BOS,225,15,0,0,0,0,0,0,9,2025-09-02 15:54:00,2025-09-02 19:45:00,15,1
2025-12-29 14:00:00,2025-12-29 20:15:00,AA,DEN,LAX,4249,4.32,3.99,0.77,0.0,16.39,1.2998,0.8231,75,DEN-LAX,375,14,0,0,0,0,0,0,18,2025-12-29 14:18:00,2025-12-29 20:23:00,8,0
2025-01-20 22:15:00,2025-01-21 03:52:00,WN,SFO,ATL,3778,10.4,10.25,1.2,0.23,18.95,-1.2434,0.9657,19,SFO-ATL,337,22,1,1,0,0,1,0,20,2025-01-20 22:35:00,2025-01-21 04:40:00,48,1
2025-08-28 06:00:00,2025-08-28 08:51:00,B6,SFO,BOS,1695,14.18,13.59,0.0,0.35,15.13,-0.6655,0.7645,35,SFO-BOS,171,6,0,0,0,0,0,0,2,2025-08-28 06:02:00,2025-08-28 08:57:00,6,0
2025-12-12 19:40:00,2025-12-12 20:53:00,AA,SEA,DEN,477,11.72,13.79,9.51,10.35,13.92,-0.9827,0.636,60,SEA-DEN,73,19,0,0,0,0,0,0,6,2025-12-12 19:46:00,2025-12-12 20:52:00,-1,0
2025-11-06 22:45:00,2025-11-07 03:00:00,UA,SFO,ORD,2756,3.11,7.11,12.07,11.59,9.93,-0.0677,0.1425,33,SFO-ORD,255,22,0,1,1,0,0,0,14,2025-11-06 22:59:00,2025-11-07 03:28:00,28,1
2025-05-24 13:10:00,2025-05-24 16:03:00,B6,SEA,DFW,1720,20.66,19.29,0.0,0.0,16.31,0.0904,0.8241,13,SEA-DFW,173,13,0,0,0,0,0,0,25,2025-05-24 13:35:00,2025-05-24 16:34:00,31,1
2025-02-07 20:15:00,2025-02-08 02:17:00,UA,DFW,ATL,4087,3.29,3.17,1.01,0.0,13.54,-1.2629,-0.798,45,DFW-ATL,362,20,0,1,0,0,0,0,2,2025-02-07 20:17:00,2025-02-08 02:07:00,-10,0
2025-12-04 03:45:00,2025-12-04 07:00:00,UA,SFO,LAX,2003,8.31,10.15,0.0,0.0,15.19,-1.055,-0.7733,51,SFO-LAX,195,3,0,1,0,0,0,0,8,2025-12-04 03:53:00,2025-12-04 06:46:00,-14,0
2025-12-03 21:00:00,2025-12-03 23:36:00,WN,DFW,SFO,1518,1.49,7.43,1.4,0.12,15.22,-1.1096,0.3829,60,DFW-SFO,156,21,0,1,0,0,0,0,3,2025-12-03 21:03:00,2025-12-03 23:44:00,8,0
2025-07-31 13:50:00,2025-07-31 16:43:00,AA,LAX,DEN,1725,38.69,39.41,0.04,1.91,14.47,-1.4654,-0.9824,85,LAX-DEN,173,13,0,0,0,0,0,0,5,2025-07-31 13:55:00,2025-07-31 16:55:00,12,0
2025-12-24 05:50:00,2025-12-24 11:40:00,UA,ATL,DFW,3933,10.67,10.14,1.14,0.0,17.19,-0.6864,0.2793,67,ATL-DFW,350,5,1,0,0,0,0,0,10,2025-12-24 06:00:00,2025-12-24 11:54:00,14,0
2025-01-02 01:10:00,2025-01-02 02:47:00,AA,SFO,BOS,772,4.73,7.84,0.0,0.0,14.35,1.7374,0.2351,75,SFO-BOS,97,1,0,1,0,0,0,0,11,2025-01-02 01:21:00,2025-01-02 03:04:00,17,1
2025-08-14 17:10:00,2025-08-14 23:31:00,WN,LAX,SEA,4321,7.39,6.63,6.49,6.17,15.99,0.1403,0.2239,36,LAX-SEA,381,17,0,0,0,0,0,0,6,2025-08-14 17:16:00,2025-08-14 23:38:00,7,0
2025-01-15 10:40:00,2025-01-15 12:57:00,UA,SFO,ATL,1280,13.19,13.68,8.06,7.91,10.89,-0.6634,-0.655,85,SFO-ATL,137,10,0,0,0,0,0,0,4,2025-01-15 10:44:00,2025-01-15 12:53:00,-4,0
2025-12-08 07:00:00,2025-12-08 12:44:00,UA,DFW,SFO,3859,20.79,18.08,0.0,0.0,14.9,-0.2686,0.8303,24,DFW-SFO,344,7,0,0,0,0,0,0,2,2025-12-08 07:02:00,2025-12-08 12:45:00,1,0
2025-09-06 09:30:00,2025-09-06 13:32:00,UA,DEN,ATL,2586,4.72,5.84,0.0,0.25,10.8,-1.5586,0.4681,9,DEN-ATL,242,9,0,0,0,0,0,0,3,2025-09-06 09:33:00,2025-09-06 13:40:00,8,0
2025-11-30 23:00:00,2025-12-01 03:10:00,WN,JFK,BOS,2693,24.24,23.81,0.0,0.0,15.26,-1.4986,-0.438,52,JFK-BOS,250,23,0,1,0,0,0,0,-7,2025-11-30 22:53:00,2025-12-01 03:00:00,-10,0
2025-07-25 10:30:00,2025-07-25 12:38:00,B6,SEA,DFW,1159,8.66,10.27,0.0,0.0,17.38,-0.8558,0.197,56,SEA-DFW,128,10,0,0,0,0,0,0,2,2025-07-25 10:32:00,2025-07-25 12:37:00,-1,0
2025-01-31 01:15:00,2025-01-31 06:17:00,UA,JFK,ATL,3332,14.54,14.13,0.21,1.99,17.99,-1.2704,-0.2056,64,JFK-ATL,302,1,0,1,0,0,0,0,-8,2025-01-31 01:07:00,2025-01-31 06:12:00,-5,0
2025-01-10 06:40:00,2025-01-10 11:17:00,B6,SEA,ATL,3023,5.44,8.39,0.0,0.0,17.94,0.8567,0.523,58,SEA-ATL,277,6,0,0,0,0,0,0,4,2025-01-10 06:44:00,2025-01-10 11:07:00,-10,0
2025-05-03 03:50:00,2025-05-03 07:31:00,AA,BOS,DEN,2320,15.04,14.07,0.25,1.82,11.18,1.8909,-0.01,27,BOS-DEN,221,3,0,1,0,0,0,0,23,2025-05-03 04:13:00,2025-05-03 08:09:00,38,1
2025-09-29 16:20:00,2025-09-29 19:53:00,B6,ORD,SFO,2222,6.74,8.36,0.11,0.0,16.99,0.8628,-0.4208,24,ORD-SFO,213,16,0,0,0,0,0,0,0,2025-09-29 16:20:00,2025-09-29 19:57:00,4,0
2025-02-25 19:40:00,2025-02-26 00:00:00,UA,ORD,SEA,2808,9.23,6.61,1.65,0.0,16.06,-0.7922,0.633,5,ORD-SEA,260,19,0,0,0,0,0,0,-3,2025-02-25 19:37:00,2025-02-26 00:01:00,1,0
2025-11-08 20:30:00,2025-11-09 00:07:00,AA,SFO,DEN,2281,21.18,18.92,0.18,0.0,16.09,0.0088,-0.2042,53,SFO-DEN,217,20,0,1,0,0,0,0,1,2025-11-08 20:31:00,2025-11-09 00:07:00,0,0
2025-03-29 15:50:00,2025-03-29 22:16:00,WN,ATL,LAX,4392,13.52,15.71,0.08,1.17,20.34,0.513,0.9916,83,ATL-LAX,386,15,0,0,0,0,0,0,12,2025-03-29 16:02:00,2025-03-29 22:37:00,21,1
2025-07-01 18:10:00,2025-07-01 19:23:00,WN,DFW,LAX,473,8.16,10.07,15.79,14.74,8.74,0.3981,-0.2157,65,DFW-LAX,73,18,0,0,1,0,0,0,20,2025-07-01 18:30:00,2025-07-01 19:57:00,34,1
2025-03-16 10:10:00,2025-03-16 12:33:00,DL,ATL,DFW,1354,20.33,16.14,0.0,0.0,17.83,1.4915,0.1399,89,ATL-DFW,143,10,0,0,0,0,0,0,17,2025-03-16 10:27:00,2025-03-16 12:54:00,21,1
2025-06-20 15:20:00,2025-06-20 21:05:00,B6,DFW,BOS,3874,13.08,13.38,6.27,7.72,13.19,-1.198,-0.2002,37,DFW-BOS,345,15,0,0,0,0,0,0,12,2025-06-20 15:32:00,2025-06-20 21:27:00,22,1
2025-06-15 02:40:00,2025-06-15 08:05:00,WN,ORD,SFO,3628,2.63,0.57,0.48,0.0,12.56,0.15,0.0697,70,ORD-SFO,325,2,0,1,0,0,0,0,3,2025-06-15 02:43:00,2025-06-15 07:52:00,-13,0
2025-01-02 12:45:00,2025-01-02 15:41:00,AA,LAX,JFK,1761,11.15,11.35,0.9,0.57,17.64,-0.0531,0.9821,45,LAX-JFK,176,12,0,0,0,0,0,0,7,2025-01-02 12:52:00,2025-01-02 15:34:00,-7,0
2025-07-27 13:15:00,2025-07-27 17:04:00,B6,ORD,JFK,2426,20.16,22.16,9.53,7.77,10.25,-0.3393,-0.7762,78,ORD-JFK,229,13,0,0,0,0,0,0,0,2025-07-27 13:15:00,2025-07-27 17:00:00,-4,0
2025-10-15 00:00:00,2025-10-15 01:08:00,B6,ORD,SEA,413,30.93,25.96,0.48,0.0,14.38,-1.5586,0.6281,15,ORD-SEA,68,0,0,1,0,0,0,0,0,2025-10-15 00:00:00,2025-10-15 01:08:00,0,0
2025-12-08 13:30:00,2025-12-08 15:28:00,UA,SFO,LAX,1042,6.41,3.48,7.75,9.6,9.55,-1.4589,0.7766,99,SFO-LAX,118,13,0,0,0,0,0,0,18,2025-12-08 13:48:00,2025-12-08 16:17:00,49,1
2025-05-01 17:30:00,2025-05-01 23:46:00,B6,SEA,BOS,4266,18.11,18.65,0.18,0.0,18.59,1.2899,0.3419,72,SEA-BOS,376,17,0,0,0,0,0,0,6,2025-05-01 17:36:00,2025-05-01 23:49:00,3,0
2025-11-18 08:15:00,2025-11-18 12:50:00,DL,LAX,BOS,3002,11.53,10.85,1.25,0.0,14.06,0.8532,-0.0165,19,LAX-BOS,275,8,0,0,0,0,0,0,-10,2025-11-18 08:05:00,2025-11-18 12:51:00,1,0
2025-11-17 13:10:00,2025-11-17 14:22:00,DL,SEA,DFW,462,3.73,5.56,0.0,0.46,15.43,-1.1422,0.0838,93,SEA-DFW,72,13,0,0,0,0,0,0,3,2025-11-17 13:13:00,2025-11-17 14:23:00,1,0
2025-12-27 06:45:00,2025-12-27 12:10:00,AA,ATL,BOS,3628,5.58,4.39,3.72,1.77,16.58,-1.808,0.3703,19,ATL-BOS,325,6,0,0,0,0,0,0,20,2025-12-27 07:05:00,2025-12-27 12:45:00,35,1
2025-05-17 06:45:00,2025-05-17 10:00:00,WN,ORD,LAX,1994,3.83,3.84,1.55,0.73,16.83,0.0281,0.9058,92,ORD-LAX,195,6,0,0,0,0,0,0,4,2025-05-17 06:49:00,2025-05-17 10:09:00,9,0
2025-11-07 03:40:00,2025-11-07 07:50:00,AA,JFK,ORD,2688,0.76,1.22,0.0,1.79,19.79,-0.0799,-0.309,63,JFK-ORD,250,3,0,1,0,0,0,0,3,2025-11-07 03:43:00,2025-11-07 08:06:00,16,1
2025-07-26 07:30:00,2025-07-26 13:17:00,DL,SFO,ATL,3898,4.51,1.64,0.0,0.87,14.98,-1.6159,0.8305,48,SFO-ATL,347,7,0,0,0,0,0,0,5,2025-07-26 07:35:00,2025-07-26 13:33:00,16,1
2025-01-22 19:15:00,2025-01-23 00:55:00,DL,JFK,DFW,3817,9.83,9.89,0.22,0.0,16.73,2.056,-0.4397,98,JFK-DFW,340,19,0,0,0,0,0,0,-10,2025-01-22 19:05:00,2025-01-23 00:50:00,-5,0
2025-04-09 22:20:00,2025-04-10 00:05:00,WN,BOS,SEA,873,0.45,0.95,6.53,5.52,13.09,1.2402,-0.1029,30,BOS-SEA,105,22,0,1,0,0,0,0,8,2025-04-09 22:28:00,2025-04-09 23:56:00,-9,0
2025-09-03 15:00:00,2025-09-03 18:02:00,DL,ORD,SFO,1836,7.1,6.11,0.32,0.06,14.69,-1.0796,-0.1197,57,ORD-SFO,182,15,0,0,0,0,0,0,0,2025-09-03 15:00:00,2025-09-03 18:04:00,2,0
2025-02-28 14:10:00,2025-02-28 16:41:00,UA,SFO,DFW,1444,9.33,7.81,0.61,0.37,18.88,1.3117,-0.6517,37,SFO-DFW,151,14,0,0,0,0,0,0,-3,2025-02-28 14:07:00,2025-02-28 16:34:00,-7,0
2025-06-08 14:20:00,2025-06-08 20:26:00,AA,ATL,SFO,4137,5.03,4.37,0.0,1.61,12.72,0.229,-0.621,93,ATL-SFO,366,14,0,0,0,0,0,0,-10,2025-06-08 14:10:00,2025-06-08 20:12:00,-14,0
2025-10-10 11:20:00,2025-10-10 16:41:00,UA,ATL,LAX,3579,0.0,1.58,0.0,1.57,17.21,0.7241,0.7225,5,ATL-LAX,321,11,0,0,0,0,0,0,2,2025-10-10 11:22:00,2025-10-10 16:49:00,8,0
2025-02-24 10:00:00,2025-02-24 14:37:00,UA,LAX,SFO,3022,11.3,9.41,0.0,0.0,14.94,-0.8428,0.9808,95,LAX-SFO,277,10,0,0,0,0,0,0,-1,2025-02-24 09:59:00,2025-02-24 14:49:00,12,0
2025-07-01 14:50:00,2025-07-01 16:09:00,AA,LAX,SFO,545,6.25,4.43,14.66,14.04,10.15,0.6193,0.8938,76,LAX-SFO,79,14,0,0,1,0,0,0,-1,2025-07-01 14:49:00,2025-07-01 16:31:00,22,1
2025-03-20 18:15:00,2025-03-20 23:44:00,B6,JFK,LAX,3673,6.41,4.47,0.38,0.0,17.19,2.2215,-0.5761,84,JFK-LAX,329,18,0,0,0,0,0,0,8,2025-03-20 18:23:00,2025-03-20 23:51:00,7,0
2025-07-15 09:30:00,2025-07-15 13:37:00,B6,ATL,DFW,2655,10.09,10.63,0.63,0.64,14.8,1.1802,-0.4239,44,ATL-DFW,247,9,0,0,0,0,0,0,-4,2025-07-15 09:26:00,2025-07-15 13:30:00,-7,0
2025-03-29 13:20:00,2025-03-29 15:51:00,UA,LAX,SFO,1446,15.73,18.3,11.0,12.71,10.24,0.7391,-0.7483,56,LAX-SFO,151,13,0,0,0,0,0,0,21,2025-03-29 13:41:00,2025-03-29 15:56:00,5,0
2025-12-19 11:20:00,2025-12-19 14:48:00,AA,LAX,DFW,2159,5.93,4.46,8.37,9.31,9.12,-1.8533,0.3919,78,LAX-DFW,208,11,0,0,0,0,0,0,-1,2025-12-19 11:19:00,2025-12-19 14:42:00,-6,0
2025-01-28 06:45:00,2025-01-28 10:14:00,UA,SEA,BOS,2173,5.29,8.63,0.62,0.0,13.53,0.8538,-0.9916,70,SEA-BOS,209,6,0,0,0,0,0,0,19,2025-01-28 07:04:00,2025-01-28 10:48:00,34,1
2025-12-18 06:40:00,2025-12-18 09:18:00,AA,DFW,ATL,1543,2.92,5.01,0.0,2.11,17.41,0.4594,0.3584,52,DFW-ATL,158,6,0,0,0,0,0,0,11,2025-12-18 06:51:00,2025-12-18 09:16:00,-2,0
2025-10-17 01:45:00,2025-10-17 07:50:00,UA,DFW,LAX,4120,19.28,19.16,1.58,2.95,18.58,-0.8149,-0.4703,67,DFW-LAX,365,1,0,1,0,0,0,0,18,2025-10-17 02:03:00,2025-10-17 08:22:00,32,1
2025-11-09 10:20:00,2025-11-09 16:27:00,DL,ATL,DEN,4153,11.18,13.33,0.0,0.0,15.79,-0.3239,0.4407,40,ATL-DEN,367,10,0,0,0,0,0,0,20,2025-11-09 10:40:00,2025-11-09 16:57:00,30,1
2025-11-07 17:15:00,2025-11-07 18:31:00,B6,LAX,BOS,513,19.12,17.8,0.99,0.0,15.33,-0.0882,-0.6307,49,LAX-BOS,76,17,0,0,0,0,0,0,15,2025-11-07 17:30:00,2025-11-07 18:40:00,9,0
2025-03-10 16:20:00,2025-03-10 22:33:00,UA,LAX,DEN,4230,18.18,20.69,0.19,0.2,15.04,0.5359,0.8664,32,LAX-DEN,373,16,0,0,0,0,0,0,1,2025-03-10 16:21:00,2025-03-10 22:21:00,-12,0
2025-12-06 23:30:00,2025-12-07 02:45:00,DL,DEN,JFK,1996,4.24,6.61,0.38,0.0,17.25,-1.4429,-0.7777,14,DEN-JFK,195,23,0,1,0,0,0,0,-3,2025-12-06 23:27:00,2025-12-07 02:35:00,-10,0
2025-08-05 00:15:00,2025-08-05 05:43:00,WN,ORD,JFK,3659,33.83,34.41,0.31,1.26,16.33,0.0524,-0.9275,57,ORD-JFK,328,0,0,1,0,0,0,0,9,2025-08-05 00:24:00,2025-08-05 05:37:00,-6,0
2025-12-18 18:20:00,2025-12-18 23:41:00,B6,SFO,JFK,3577,15.89,17.99,0.15,0.0,16.79,1.5491,-0.7665,6,SFO-JFK,321,18,0,0,0,0,0,0,10,2025-12-18 18:30:00,2025-12-18 23:47:00,6,0
2025-11-17 19:10:00,2025-11-17 23:30:00,DL,BOS,JFK,2815,11.73,11.57,0.0,0.0,9.58,0.5337,-0.5135,20,BOS-JFK,260,19,0,0,0,0,0,0,16,2025-11-17 19:26:00,2025-11-17 23:31:00,1,0
2025-07-31 10:30:00,2025-07-31 15:39:00,WN,LAX,SFO,3424,5.14,7.64,11.12,10.46,12.42,-1.0758,0.3609,1,LAX-SFO,309,10,0,0,0,0,0,0,7,2025-07-31 10:37:00,2025-07-31 15:25:00,-14,0
2025-05-17 06:40:00,2025-05-17 11:28:00,B6,ORD,BOS,3161,7.58,4.91,5.69,7.05,13.39,0.2706,-0.1211,62,ORD-BOS,288,6,0,0,0,0,0,0,1,2025-05-17 06:41:00,2025-05-17 11:26:00,-2,0
2025-02-12 08:30:00,2025-02-12 14:15:00,UA,ATL,JFK,3876,9.46,9.44,0.0,0.0,16.48,0.4831,-0.0799,55,ATL-JFK,345,8,0,0,0,0,0,0,1,2025-02-12 08:31:00,2025-02-12 14:08:00,-7,0
2025-02-06 16:45:00,2025-02-06 20:06:00,B6,BOS,LAX,2079,14.4,11.18,9.86,7.79,12.43,-2.0663,0.1824,37,BOS-LAX,201,16,0,0,0,0,0,0,0,2025-02-06 16:45:00,2025-02-06 20:02:00,-4,0
2025-05-23 20:50:00,2025-05-24 01:57:00,B6,DFW,DEN,3405,2.13,0.82,7.35,8.17,13.91,0.3054,0.3525,39,DFW-DEN,307,20,0,1,0,0,0,0,9,2025-05-23 20:59:00,2025-05-24 02:21:00,24,1
2025-10-24 15:50:00,2025-10-24 22:18:00,UA,BOS,DFW,4412,6.24,9.33,0.0,0.0,15.23,0.0153,0.4372,96,BOS-DFW,388,15,0,0,0,0,0,0,2,2025-10-24 15:52:00,2025-10-24 22:14:00,-4,0
2025-07-04 12:00:00,2025-07-04 18:17:00,B6,DFW,ATL,4277,14.69,11.19,0.0,0.0,15.84,-1.5693,-0.1544,10,DFW-ATL,377,12,1,0,0,0,0,0,13,2025-07-04 12:13:00,2025-07-04 18:24:00,7,0
2025-06-25 15:50:00,2025-06-25 17:39:00,AA,BOS,DEN,921,14.29,15.06,0.73,0.0,8.8,1.9133,-0.7478,80,BOS-DEN,109,15,0,0,0,0,0,0,7,2025-06-25 15:57:00,2025-06-25 17:29:00,-10,0
2025-03-31 01:15:00,2025-03-31 05:01:00,B6,SFO,DEN,2392,9.65,9.88,21.73,20.73,7.93,0.3104,-0.8113,74,SFO-DEN,226,1,0,1,1,0,0,0,23,2025-03-31 01:38:00,2025-03-31 05:44:00,43,1
2025-07-26 14:20:00,2025-07-26 18:10:00,DL,LAX,BOS,2442,13.58,12.92,0.0,0.0,15.68,-0.2062,-0.4849,15,LAX-BOS,230,14,0,0,0,0,0,0,3,2025-07-26 14:23:00,2025-07-26 18:21:00,11,0
2025-08-21 01:20:00,2025-08-21 05:49:00,UA,DEN,LAX,2922,6.66,8.28,0.0,0.0,13.27,-0.8606,-0.6575,62,DEN-LAX,269,1,0,1,0,0,0,0,7,2025-08-21 01:27:00,2025-08-21 05:41:00,-8,0
2025-12-25 23:15:00,2025-12-26 03:51:00,DL,SEA,ORD,3017,14.12,14.69,0.22,0.0,20.73,0.1109,-0.2282,89,SEA-ORD,276,23,1,1,0,0,1,0,25,2025-12-25 23:40:00,2025-12-26 04:37:00,46,1
2025-09-24 21:50:00,2025-09-25 03:34:00,B6,ATL,SEA,3860,11.1,12.23,0.0,0.0,16.76,0.4186,0.9836,46,ATL-SEA,344,21,0,1,0,0,0,0,2,2025-09-24 21:52:00,2025-09-25 03:45:00,11,0
2025-08-10 12:40:00,2025-08-10 16:38:00,DL,LAX,JFK,2535,19.52,19.66,0.57,0.98,16.89,1.3287,-0.3972,82,LAX-JFK,238,12,0,0,0,0,0,0,1,2025-08-10 12:41:00,2025-08-10 16:48:00,10,0
2025-11-29 08:50:00,2025-11-29 13:45:00,WN,ORD,ATL,3247,26.4,26.41,4.25,3.09,16.57,-0.1162,0.8873,94,ORD-ATL,295,8,0,0,0,0,0,0,-1,2025-11-29 08:49:00,2025-11-29 13:36:00,-9,0
2025-06-05 17:50:00,2025-06-05 23:51:00,UA,SEA,ORD,4077,20.87,17.51,2.19,4.62,17.01,-1.3504,0.2909,2,SEA-ORD,361,17,0,0,0,0,0,0,9,2025-06-05 17:59:00,2025-06-05 23:36:00,-15,0
2025-12-08 15:20:00,2025-12-08 16:53:00,AA,DEN,BOS,728,9.39,7.21,0.0,0.0,18.36,-0.0792,-0.898,41,DEN-BOS,93,15,0,0,0,0,0,0,1,2025-12-08 15:21:00,2025-12-08 16:55:00,2,0
2025-05-16 16:40:00,2025-05-16 21:15:00,WN,LAX,ATL,2999,4.23,4.8,0.0,0.0,13.35,-0.0876,0.5087,83,LAX-ATL,275,16,0,0,0,0,0,0,-3,2025-05-16 16:37:00,2025-05-16 21:14:00,-1,0
2025-02-16 12:30:00,2025-02-16 15:32:00,AA,ORD,LAX,1841,4.73,2.76,0.0,0.15,17.63,1.6407,0.4335,50,ORD-LAX,182,12,0,0,0,0,0,0,23,2025-02-16 12:53:00,2025-02-16 15:53:00,21,1
2025-06-02 05:20:00,2025-06-02 11:23:00,AA,SEA,DFW,4104,25.02,24.53,0.0,0.0,19.04,0.2897,0.407,38,SEA-DFW,363,5,0,0,0,0,0,0,-4,2025-06-02 05:16:00,2025-06-02 11:19:00,-4,0
2025-02-16 01:40:00,2025-02-16 05:45:00,DL,BOS,DEN,2620,9.37,10.25,0.77,0.0,15.04,0.3827,-0.7239,88,BOS-DEN,245,1,0,1,0,0,0,0,-2,2025-02-16 01:38:00,2025-02-16 05:52:00,7,0
2025-02-13 06:40:00,2025-02-13 11:02:00,UA,SFO,BOS,2832,13.33,17.5,0.0,0.0,14.93,-0.5493,-0.9585,99,SFO-BOS,262,6,0,0,0,0,0,0,-2,2025-02-13 06:38:00,2025-02-13 11:00:00,-2,0
2025-11-18 12:50:00,2025-11-18 18:03:00,WN,DEN,ATL,3469,17.27,19.22,0.0,0.0,19.68,0.3528,0.651,92,DEN-ATL,313,12,0,0,0,0,0,0,-1,2025-11-18 12:49:00,2025-11-18 18:04:00,1,0
2025-10-18 10:45:00,2025-10-18 13:05:00,AA,DFW,ATL,1316,10.21,12.33,0.06,0.88,13.51,-0.8403,0.4913,67,DFW-ATL,140,10,0,0,0,0,0,0,2,2025-10-18 10:47:00,2025-10-18 13:04:00,-1,0
2025-03-22 12:30:00,2025-03-22 16:32:00,B6,BOS,LAX,2582,22.4,20.72,7.43,8.37,12.76,0.1638,0.1659,58,BOS-LAX,242,12,0,0,0,0,0,0,15,2025-03-22 12:45:00,2025-03-22 16:25:00,-7,0
2025-11-02 06:50:00,2025-11-02 12:09:00,AA,BOS,DFW,3546,3.62,4.23,0.67,2.72,16.89,0.7932,0.5232,54,BOS-DFW,319,6,0,0,0,0,0,0,-6,2025-11-02 06:44:00,2025-11-02 12:12:00,3,0
2025-01-26 22:00:00,2025-01-27 03:20:00,AA,DEN,SEA,3565,14.38,11.4,14.03,14.29,12.42,-0.0135,0.1541,51,DEN-SEA,320,22,0,1,1,0,0,0,27,2025-01-26 22:27:00,2025-01-27 04:05:00,45,1
2025-04-14 08:45:00,2025-04-14 11:01:00,WN,BOS,ATL,1257,29.75,30.37,0.21,0.48,18.42,1.103,0.1853,73,BOS-ATL,136,8,0,0,0,0,0,0,21,2025-04-14 09:06:00,2025-04-14 11:26:00,25,1
2025-09-15 20:20:00,2025-09-16 02:00:00,DL,ORD,DFW,3817,23.58,24.09,0.0,0.33,13.15,1.3913,0.9237,17,ORD-DFW,340,20,0,1,0,0,0,0,16,2025-09-15 20:36:00,2025-09-16 02:15:00,15,1
2025-04-21 09:20:00,2025-04-21 11:14:00,DL,LAX,BOS,983,23.69,21.69,0.0,0.0,15.47,1.1362,-0.7092,43,LAX-BOS,114,9,0,0,0,0,0,0,14,2025-04-21 09:34:00,2025-04-21 11:08:00,-6,0
2025-09-24 10:45:00,2025-09-24 13:13:00,WN,DFW,ATL,1413,3.19,3.97,0.0,0.0,16.26,0.0615,-0.402,2,DFW-ATL,148,10,0,0,0,0,0,0,19,2025-09-24 11:04:00,2025-09-24 13:32:00,19,1
2025-11-16 14:15:00,2025-11-16 20:02:00,WN,JFK,DEN,3897,13.6,12.9,5.29,5.91,14.41,-0.9328,-0.7752,4,JFK-DEN,347,14,0,0,0,0,0,0,-2,2025-11-16 14:13:00,2025-11-16 19:51:00,-11,0
2025-01-25 06:50:00,2025-01-25 11:16:00,DL,LAX,ORD,2887,10.23,8.54,4.67,3.7,13.21,-0.9956,-0.5346,83,LAX-ORD,266,6,0,0,0,0,0,0,-1,2025-01-25 06:49:00,2025-01-25 11:11:00,-5,0
2025-01-09 05:20:00,2025-01-09 09:21:00,DL,BOS,ATL,2577,4.68,4.0,9.55,9.81,10.17,0.5435,0.6891,92,BOS-ATL,241,5,0,0,0,0,0,0,-6,2025-01-09 05:14:00,2025-01-09 09:15:00,-6,0
2025-12-10 09:15:00,2025-12-10 13:21:00,WN,DEN,SEA,2639,12.03,11.01,6.3,4.23,12.25,0.2681,0.4366,33,DEN-SEA,246,9,0,0,0,0,0,0,-1,2025-12-10 09:14:00,2025-12-10 13:17:00,-4,0
2025-07-09 19:15:00,2025-07-10 01:40:00,B6,SEA,JFK,4370,6.13,3.46,0.0,0.0,14.01,-0.0582,0.1405,71,SEA-JFK,385,19,0,0,0,0,0,0,5,2025-07-09 19:20:00,2025-07-10 01:39:00,-1,0
2025-07-04 03:20:00,2025-07-04 05:35:00,DL,ATL,JFK,1254,13.25,13.11,33.18,34.54,4.38,-0.5306,-0.5771,90,ATL-JFK,135,3,1,1,1,1,1,0,46,2025-07-04 04:06:00,2025-07-04 06:46:00,71,1
2025-06-19 10:50:00,2025-06-19 13:29:00,UA,SFO,JFK,1556,5.16,5.97,0.0,0.58,12.38,0.0128,-0.0386,4,SFO-JFK,159,10,0,0,0,0,0,0,4,2025-06-19 10:54:00,2025-06-19 13:36:00,7,0
2025-06-08 16:00:00,2025-06-08 19:44:00,DL,SFO,DEN,2357,14.05,12.28,0.0,0.0,17.8,-1.3784,0.1177,50,SFO-DEN,224,16,0,0,0,0,0,0,24,2025-06-08 16:24:00,2025-06-08 20:13:00,29,1
2025-09-09 16:30:00,2025-09-09 22:13:00,UA,DEN,BOS,3850,5.91,8.35,6.1,5.07,8.34,-0.6438,-0.7428,39,DEN-BOS,343,16,0,0,0,0,0,0,22,2025-09-09 16:52:00,2025-09-09 22:37:00,24,1
2025-07-31 10:45:00,2025-07-31 14:48:00,AA,DEN,SEA,2603,7.77,10.96,0.0,0.0,16.0,-0.2026,-0.8516,26,DEN-SEA,243,10,0,0,0,0,0,0,26,2025-07-31 11:11:00,2025-07-31 15:20:00,32,1
2025-03-01 01:20:00,2025-03-01 06:23:00,B6,BOS,ATL,3348,6.73,8.1,0.0,0.79,18.04,0.7009,-0.6356,37,BOS-ATL,303,1,0,1,0,0,0,0,13,2025-03-01 01:33:00,2025-03-01 06:31:00,8,0
2025-08-17 00:30:00,2025-08-17 06:04:00,UA,LAX,SEA,3732,9.42,8.85,0.38,0.52,15.75,0.9741,0.5849,8,LAX-SEA,334,0,0,1,0,0,0,0,7,2025-08-17 00:37:00,2025-08-17 06:12:00,8,0
2025-09-01 11:15:00,2025-09-01 17:14:00,DL,BOS,SEA,4046,10.97,9.21,14.48,15.32,7.93,-1.9434,0.1346,56,BOS-SEA,359,11,1,0,1,0,0,0,19,2025-09-01 11:34:00,2025-09-01 17:54:00,40,1
2025-02-11 19:10:00,2025-02-11 22:44:00,AA,SEA,SFO,2236,9.44,8.26,0.67,0.64,16.3,-1.5891,0.3011,45,SEA-SFO,214,19,0,0,0,0,0,0,1,2025-02-11 19:11:00,2025-02-11 22:50:00,6,0
2025-05-18 00:40:00,2025-05-18 04:13:00,DL,DFW,JFK,2223,2.77,5.51,0.79,0.26,7.81,0.7153,-0.7878,21,DFW-JFK,213,0,0,1,0,0,0,0,-2,2025-05-18 00:38:00,2025-05-18 04:13:00,0,0
2025-10-16 21:50:00,2025-10-16 23:16:00,AA,SFO,LAX,639,22.95,20.32,1.54,0.6,16.95,0.1029,-0.3724,98,SFO-LAX,86,21,0,1,0,0,0,0,1,2025-10-16 21:51:00,2025-10-16 23:11:00,-5,0
2025-08-14 16:30:00,2025-08-14 17:56:00,B6,SEA,BOS,637,10.05,9.75,0.21,0.94,15.02,0.6282,-0.5251,93,SEA-BOS,86,16,0,0,0,0,0,0,12,2025-08-14 16:42:00,2025-08-14 18:03:00,7,0
2025-02-19 00:20:00,2025-02-19 04:03:00,DL,DFW,BOS,2346,13.61,13.01,1.03,0.0,18.62,-0.6222,0.5723,72,DFW-BOS,223,0,0,1,0,0,0,0,2,2025-02-19 00:22:00,2025-02-19 03:56:00,-7,0
2025-01-15 08:10:00,2025-01-15 13:21:00,B6,LAX,DEN,3446,6.77,7.84,0.68,0.0,18.64,-0.5665,-0.7165,80,LAX-DEN,311,8,0,0,0,0,0,0,-7,2025-01-15 08:03:00,2025-01-15 13:12:00,-9,0
2025-08-01 05:50:00,2025-08-01 11:31:00,B6,ATL,JFK,3819,37.95,39.07,0.13,0.73,15.18,-0.737,-0.4632,48,ATL-JFK,341,5,0,0,0,0,0,0,5,2025-08-01 05:55:00,2025-08-01 11:30:00,-1,0
2025-06-18 22:45:00,2025-06-19 02:01:00,AA,ATL,LAX,2015,9.35,11.25,2.6,2.94,14.89,-2.6776,0.3902,71,ATL-LAX,196,22,0,1,0,0,0,0,10,2025-06-18 22:55:00,2025-06-19 02:12:00,11,0
2025-12-17 13:50:00,2025-12-17 18:01:00,UA,JFK,ORD,2699,20.91,20.31,0.63,0.0,18.14,-1.1199,0.3097,8,JFK-ORD,251,13,0,0,0,0,0,0,23,2025-12-17 14:13:00,2025-12-17 18:31:00,30,1
2025-07-10 07:15:00,2025-07-10 12:47:00,WN,JFK,SFO,3713,9.03,7.07,5.75,7.01,12.26,-1.0673,0.7486,33,JFK-SFO,332,7,0,0,0,0,0,0,16,2025-07-10 07:31:00,2025-07-10 12:38:00,-9,0
2025-12-06 06:40:00,2025-12-06 09:26:00,DL,DFW,JFK,1639,14.82,14.77,1.25,0.25,19.1,-0.9268,0.6934,47,DFW-JFK,166,6,0,0,0,0,0,0,54,2025-12-06 07:34:00,2025-12-06 10:22:00,56,1
2025-03-20 13:20:00,2025-03-20 15:12:00,B6,ATL,BOS,965,8.83,8.18,0.52,0.21,17.14,-0.973,0.6795,90,ATL-BOS,112,13,0,0,0,0,0,0,4,2025-03-20 13:24:00,2025-03-20 15:07:00,-5,0
2025-06-13 00:10:00,2025-06-13 06:18:00,WN,SEA,BOS,4168,20.63,17.93,0.74,0.0,17.76,-0.919,0.5072,17,SEA-BOS,368,0,0,1,0,0,0,0,-1,2025-06-13 00:09:00,2025-06-13 06:12:00,-6,0
2025-02-20 06:10:00,2025-02-20 10:12:00,WN,DFW,SEA,2593,7.13,8.91,18.35,19.6,3.22,-0.2364,-0.6994,55,DFW-SEA,242,6,0,0,1,1,0,0,77,2025-02-20 07:27:00,2025-02-20 12:01:00,109,1
2025-07-29 03:20:00,2025-07-29 05:11:00,WN,JFK,BOS,953,4.6,3.57,0.17,0.0,9.99,0.5504,0.0888,49,JFK-BOS,111,3,0,1,0,0,0,0,-4,2025-07-29 03:16:00,2025-07-29 05:31:00,20,1
2025-03-10 14:30:00,2025-03-10 16:54:00,AA,DFW,LAX,1358,16.43,15.52,0.0,0.0,13.02,-2.875,-0.7694,1,DFW-LAX,144,14,0,0,0,0,0,0,-10,2025-03-10 14:20:00,2025-03-10 16:51:00,-3,0
2025-06-29 16:00:00,2025-06-29 18:49:00,B6,JFK,LAX,1672,20.0,21.07,0.39,0.28,18.03,-0.9404,-0.0021,16,JFK-LAX,169,16,0,0,0,0,0,0,9,2025-06-29 16:09:00,2025-06-29 18:44:00,-5,0
2025-05-06 11:40:00,2025-05-06 13:47:00,AA,LAX,SEA,1144,8.45,7.96,0.85,0.55,10.74,-0.9034,0.5673,32,LAX-SEA,127,11,0,0,0,0,0,0,-4,2025-05-06 11:36:00,2025-05-06 13:42:00,-5,0
2025-03-09 03:20:00,2025-03-09 06:46:00,B6,ORD,BOS,2135,7.61,8.96,13.06,10.38,11.08,-1.533,0.0214,3,ORD-BOS,206,3,0,1,1,0,0,0,25,2025-03-09 03:45:00,2025-03-09 07:31:00,45,1
2025-02-05 08:50:00,2025-02-05 14:22:00,WN,JFK,BOS,3713,4.57,2.39,0.0,0.59,17.3,1.1072,-0.3089,85,JFK-BOS,332,8,0,0,0,0,0,0,8,2025-02-05 08:58:00,2025-02-05 14:20:00,-2,0
2025-07-06 20:15:00,2025-07-07 01:22:00,WN,BOS,ORD,3399,20.58,23.54,0.0,0.0,13.39,-1.1112,0.9982,94,BOS-ORD,307,20,0,1,0,0,0,0,6,2025-07-06 20:21:00,2025-07-07 01:28:00,6,0
2025-12-12 04:00:00,2025-12-12 10:07:00,B6,SEA,DFW,4151,5.48,5.66,2.09,1.81,14.34,0.4125,-0.3819,83,SEA-DFW,367,4,0,1,0,0,0,0,1,2025-12-12 04:01:00,2025-12-12 10:02:00,-5,0
2025-03-14 03:15:00,2025-03-14 08:55:00,UA,DEN,SEA,3810,9.57,8.57,2.67,1.17,16.45,-0.7924,-0.6331,73,DEN-SEA,340,3,0,1,0,0,0,0,3,2025-03-14 03:18:00,2025-03-14 08:47:00,-8,0
2025-05-28 02:50:00,2025-05-28 05:34:00,UA,ATL,BOS,1607,9.29,7.58,0.29,2.23,10.37,1.2651,0.0195,71,ATL-BOS,164,2,0,1,0,0,0,0,6,2025-05-28 02:56:00,2025-05-28 05:33:00,-1,0
2025-03-23 19:15:00,2025-03-23 20:34:00,WN,ATL,DEN,545,9.74,10.34,0.0,0.0,18.11,-0.8498,-0.0944,90,ATL-DEN,79,19,0,0,0,0,0,0,16,2025-03-23 19:31:00,2025-03-23 20:42:00,8,0
2025-10-23 02:40:00,2025-10-23 04:30:00,DL,ORD,SFO,936,13.86,14.3,0.0,0.25,14.24,-0.9212,-0.3164,43,ORD-SFO,110,2,0,1,0,0,0,0,-4,2025-10-23 02:36:00,2025-10-23 04:38:00,8,0
2025-06-01 13:45:00,2025-06-01 19:10:00,AA,DFW,SEA,3626,33.48,31.35,0.0,0.0,17.18,-0.1861,-0.4561,25,DFW-SEA,325,13,0,0,0,0,0,0,23,2025-06-01 14:08:00,2025-06-01 19:39:00,29,1
2025-12-22 23:15:00,2025-12-23 02:08:00,B6,ATL,BOS,1729,11.9,13.32,1.01,0.0,13.26,1.4965,0.989,31,ATL-BOS,173,23,0,1,0,0,0,0,10,2025-12-22 23:25:00,2025-12-23 02:06:00,-2,0
2025-03-31 15:40:00,2025-03-31 20:41:00,WN,SEA,ORD,3326,4.78,5.37,0.0,0.81,16.88,0.4883,-0.2694,52,SEA-ORD,301,15,0,0,0,0,0,0,-10,2025-03-31 15:30:00,2025-03-31 20:37:00,-4,0
2025-01-30 09:10:00,2025-01-30 12:43:00,UA,DEN,ATL,2222,10.09,7.52,0.71,0.0,17.47,-0.6682,0.1076,25,DEN-ATL,213,9,0,0,0,0,0,0,13,2025-01-30 09:23:00,2025-01-30 12:56:00,13,0
2025-08-01 04:15:00,2025-08-01 10:15:00,DL,SFO,BOS,4057,16.35,15.5,0.0,1.3,18.48,0.1731,-0.8275,42,SFO-BOS,360,4,0,1,0,0,0,0,14,2025-08-01 04:29:00,2025-08-01 10:38:00,23,1
2025-08-26 00:15:00,2025-08-26 04:05:00,WN,SEA,SFO,2434,24.23,23.33,5.09,8.32,9.31,-0.5795,-0.0699,20,SEA-SFO,230,0,0,1,0,0,0,0,0,2025-08-26 00:15:00,2025-08-26 04:19:00,14,0
2025-12-28 03:40:00,2025-12-28 09:41:00,WN,ATL,BOS,4081,19.29,19.95,1.17,0.0,18.59,1.4793,0.0057,29,ATL-BOS,361,3,0,1,0,0,0,0,-2,2025-12-28 03:38:00,2025-12-28 09:33:00,-8,0
2025-11-15 22:50:00,2025-11-16 01:13:00,UA,ORD,DEN,1353,8.61,8.51,0.95,0.0,16.6,0.7743,-0.2984,66,ORD-DEN,143,22,0,1,0,0,0,0,14,2025-11-15 23:04:00,2025-11-16 01:15:00,2,0
2025-11-19 03:15:00,2025-11-19 08:35:00,UA,LAX,BOS,3565,8.36,14.02,7.46,4.05,9.83,-0.0413,-0.9239,52,LAX-BOS,320,3,0,1,0,0,0,0,-10,2025-11-19 03:05:00,2025-11-19 08:38:00,3,0
2025-08-20 00:15:00,2025-08-20 04:10:00,B6,BOS,LAX,2500,9.15,13.53,3.98,2.18,13.94,0.1862,0.0568,47,BOS-LAX,235,0,0,1,0,0,0,0,11,2025-08-20 00:26:00,2025-08-20 04:19:00,9,0
2025-05-12 19:45:00,2025-05-12 21:48:00,DL,DFW,ATL,1098,11.03,12.82,30.66,31.76,4.54,-0.6397,-0.9138,97,DFW-ATL,123,19,0,0,1,1,0,0,18,2025-05-12 20:03:00,2025-05-12 22:27:00,39,1
2025-06-06 10:20:00,2025-06-06 12:38:00,AA,JFK,DEN,1282,7.98,9.1,0.05,1.25,15.54,-0.0018,-0.5575,76,JFK-DEN,138,10,0,0,0,0,0,0,17,2025-06-06 10:37:00,2025-06-06 12:42:00,4,0
2025-02-18 08:30:00,2025-02-18 11:14:00,WN,BOS,DEN,1618,28.84,27.65,14.08,12.92,8.27,0.5743,0.8782,38,BOS-DEN,164,8,0,0,1,0,0,0,22,2025-02-18 08:52:00,2025-02-18 11:18:00,4,0
2025-06-07 17:40:00,2025-06-07 19:31:00,DL,ORD,LAX,950,7.61,6.7,0.0,0.0,19.11,0.8846,-0.3106,22,ORD-LAX,111,17,0,0,0,0,0,0,-6,2025-06-07 17:34:00,2025-06-07 19:31:00,0,0
2025-05-14 12:10:00,2025-05-14 18:24:00,B6,DEN,JFK,4232,18.06,18.12,0.0,0.0,17.6,-0.4308,-0.1593,28,DEN-JFK,374,12,0,0,0,0,0,0,5,2025-05-14 12:15:00,2025-05-14 18:33:00,9,0
2025-01-14 21:45:00,2025-01-14 23:55:00,UA,SFO,BOS,1193,15.85,16.46,0.35,0.0,13.83,-2.1522,0.051,9,SFO-BOS,130,21,0,1,0,0,0,0,6,2025-01-14 21:51:00,2025-01-14 23:53:00,-2,0
2025-03-16 11:15:00,2025-03-16 15:35:00,UA,SEA,JFK,2812,11.21,11.16,0.14,1.33,15.28,0.6926,0.7521,3,SEA-JFK,260,11,0,0,0,0,0,0,14,2025-03-16 11:29:00,2025-03-16 15:42:00,7,0
2025-07-15 17:40:00,2025-07-15 21:51:00,DL,LAX,JFK,2697,8.04,8.53,0.65,0.31,15.57,-0.63,-0.4825,18,LAX-JFK,251,17,0,0,0,0,0,0,15,2025-07-15 17:55:00,2025-07-15 22:08:00,17,1
2025-05-15 21:20:00,2025-05-16 01:20:00,B6,BOS,DFW,2562,9.18,9.97,1.07,0.0,15.43,0.8397,0.9077,3,BOS-DFW,240,21,0,1,0,0,0,0,-10,2025-05-15 21:10:00,2025-05-16 01:18:00,-2,0
2025-12-29 11:45:00,2025-12-29 16:15:00,WN,ATL,JFK,2935,13.73,12.88,0.6,0.57,14.82,-1.5261,0.4905,78,ATL-JFK,270,11,0,0,0,0,0,0,-6,2025-12-29 11:39:00,2025-12-29 16:07:00,-8,0
2025-06-24 06:30:00,2025-06-24 12:37:00,B6,BOS,DEN,4145,0.21,3.4,0.0,2.37,16.75,0.3219,-0.749,49,BOS-DEN,367,6,0,0,0,0,0,0,1,2025-06-24 06:31:00,2025-06-24 12:32:00,-5,0
2025-12-16 23:10:00,2025-12-17 05:34:00,UA,JFK,DFW,4365,4.59,6.84,0.0,0.0,14.92,-0.2074,0.5084,55,JFK-DFW,384,23,0,1,0,0,0,0,-4,2025-12-16 23:06:00,2025-12-17 05:20:00,-14,0
2025-08-30 05:10:00,2025-08-30 11:03:00,DL,SEA,JFK,3971,0.43,1.78,0.27,0.0,18.46,-0.4492,0.4507,61,SEA-JFK,353,5,0,0,0,0,0,0,19,2025-08-30 05:29:00,2025-08-30 11:32:00,29,1
2025-01-15 00:50:00,2025-01-15 04:23:00,UA,BOS,DEN,2230,13.09,15.55,0.57,0.58,16.78,1.4511,0.2474,38,BOS-DEN,213,0,0,1,0,0,0,0,-9,2025-01-15 00:41:00,2025-01-15 04:22:00,-1,0
2025-03-16 13:30:00,2025-03-16 18:33:00,WN,ORD,DEN,3355,14.65,12.68,0.6,1.01,15.51,-0.7303,-0.2055,82,ORD-DEN,303,13,0,0,0,0,0,0,-7,2025-03-16 13:23:00,2025-03-16 18:25:00,-8,0
2025-09-15 23:15:00,2025-09-16 01:16:00,AA,ATL,BOS,1080,2.59,2.87,0.0,0.82,15.41,1.3584,0.5875,8,ATL-BOS,121,23,0,1,0,0,0,0,-9,2025-09-15 23:06:00,2025-09-16 01:16:00,0,0
2025-07-18 02:10:00,2025-07-18 08:05:00,B6,DEN,ORD,4005,4.88,3.23,0.0,0.0,16.09,2.1719,0.7196,33,DEN-ORD,355,2,0,1,0,0,0,0,8,2025-07-18 02:18:00,2025-07-18 08:10:00,5,0
2025-04-21 20:10:00,2025-04-21 22:15:00,UA,LAX,ORD,1121,9.86,9.42,0.71,0.0,15.14,-1.2622,-0.8594,53,LAX-ORD,125,20,0,1,0,0,0,0,10,2025-04-21 20:20:00,2025-04-21 22:22:00,7,0
2025-07-10 19:50:00,2025-07-10 21:27:00,AA,SEA,ORD,778,1.59,2.69,7.1,5.11,16.35,-0.9123,-0.2562,66,SEA-ORD,97,19,0,0,0,0,0,0,1,2025-07-10 19:51:00,2025-07-10 21:28:00,1,0
2025-11-26 22:50:00,2025-11-27 04:27:00,WN,ORD,BOS,3780,15.33,14.92,0.2,0.0,17.35,-0.1627,0.0756,56,ORD-BOS,337,22,0,1,0,0,0,0,-10,2025-11-26 22:40:00,2025-11-27 04:20:00,-7,0
2025-05-22 10:20:00,2025-05-22 15:33:00,WN,JFK,SFO,3481,7.6,7.56,0.0,0.36,13.38,-0.2266,0.9614,0,JFK-SFO,313,10,0,0,0,0,0,0,2,2025-05-22 10:22:00,2025-05-22 15:28:00,-5,0
2025-01-17 06:10:00,2025-01-17 07:55:00,AA,ATL,DEN,881,10.59,9.73,1.47,0.0,16.07,1.1044,-0.0139,24,ATL-DEN,105,6,0,0,0,0,0,0,-1,2025-01-17 06:09:00,2025-01-17 07:43:00,-12,0
2025-04-24 12:20:00,2025-04-24 18:43:00,DL,DEN,ORD,4355,10.71,11.97,0.17,0.25,17.01,1.102,-0.3516,4,DEN-ORD,383,12,0,0,0,0,0,0,14,2025-04-24 12:34:00,2025-04-24 18:50:00,7,0
2025-12-08 03:10:00,2025-12-08 04:46:00,AA,SEA,DFW,768,4.08,2.76,0.0,0.0,14.08,-0.4913,-0.8061,16,SEA-DFW,96,3,0,1,0,0,0,0,3,2025-12-08 03:13:00,2025-12-08 04:51:00,5,0
2025-10-06 20:30:00,2025-10-06 21:45:00,DL,ATL,DFW,505,10.15,9.33,0.17,0.06,17.12,-0.7851,0.2181,82,ATL-DFW,75,20,0,1,0,0,0,0,-7,2025-10-06 20:23:00,2025-10-06 21:36:00,-9,0
2025-11-02 15:40:00,2025-11-02 22:00:00,AA,ORD,JFK,4314,14.23,13.69,0.0,0.02,18.86,-0.3313,0.6086,33,ORD-JFK,380,15,0,0,0,0,0,0,3,2025-11-02 15:43:00,2025-11-02 22:04:00,4,0
2025-11-29 11:50:00,2025-11-29 14:04:00,AA,ORD,DFW,1236,5.44,7.46,0.0,0.75,18.53,0.2174,0.9806,18,ORD-DFW,134,11,0,0,0,0,0,0,-4,2025-11-29 11:46:00,2025-11-29 13:54:00,-10,0
2025-02-12 12:15:00,2025-02-12 14:33:00,B6,ORD,BOS,1286,5.07,5.27,9.58,10.22,8.83,-1.1478,0.2826,2,ORD-BOS,138,12,0,0,0,0,0,0,14,2025-02-12 12:29:00,2025-02-12 15:01:00,28,1
2025-04-14 17:10:00,2025-04-14 22:36:00,DL,BOS,SEA,3634,32.19,32.12,0.0,0.0,15.89,-1.2592,0.2249,74,BOS-SEA,326,17,0,0,0,0,0,0,14,2025-04-14 17:24:00,2025-04-14 23:03:00,27,1
2025-01-22 12:10:00,2025-01-22 16:33:00,WN,DEN,DFW,2850,2.46,7.6,0.07,0.0,17.37,-0.7532,0.1317,63,DEN-DFW,263,12,0,0,0,0,0,0,2,2025-01-22 12:12:00,2025-01-22 16:40:00,7,0
2025-01-02 20:20:00,2025-01-03 00:14:00,B6,BOS,SEA,2484,7.73,12.19,0.0,0.0,15.55,-0.4571,0.5208,81,BOS-SEA,234,20,0,1,0,0,0,0,-2,2025-01-02 20:18:00,2025-01-02 23:56:00,-18,0
2025-11-01 22:30:00,2025-11-02 05:01:00,WN,DFW,SEA,4449,22.63,24.85,3.98,4.71,11.83,-0.3738,0.0127,81,DFW-SEA,391,22,0,1,0,0,0,0,4,2025-11-01 22:34:00,2025-11-02 05:12:00,11,0
2025-12-08 22:00:00,2025-12-08 23:28:00,AA,JFK,BOS,663,2.07,3.43,0.43,1.09,14.74,-2.0073,-0.4467,97,JFK-BOS,88,22,0,1,0,0,0,0,10,2025-12-08 22:10:00,2025-12-08 23:35:00,7,0
2025-02-26 14:45:00,2025-02-26 20:55:00,B6,BOS,ORD,4188,7.07,7.09,0.0,0.0,12.65,-0.4284,-0.2862,28,BOS-ORD,370,14,0,0,0,0,0,0,5,2025-02-26 14:50:00,2025-02-26 21:16:00,21,1
2025-09-21 17:20:00,2025-09-21 19:49:00,DL,LAX,SFO,1425,13.84,14.93,0.3,0.0,5.69,-1.3074,0.4074,19,LAX-SFO,149,17,0,0,0,1,0,1,28,2025-09-21 17:48:00,2025-09-21 20:31:00,42,1
2025-07-15 07:45:00,2025-07-15 12:13:00,WN,DEN,SEA,2914,9.87,9.61,7.1,7.16,13.7,0.0665,0.6497,21,DEN-SEA,268,7,0,0,0,0,0,0,-4,2025-07-15 07:41:00,2025-07-15 12:05:00,-8,0
2025-01-26 00:20:00,2025-01-26 03:08:00,B6,LAX,DEN,1661,2.76,3.68,0.1,0.31,18.09,-1.2646,0.2366,83,LAX-DEN,168,0,0,1,0,0,0,0,14,2025-01-26 00:34:00,2025-01-26 03:36:00,28,1
2025-12-01 09:10:00,2025-12-01 11:47:00,AA,DEN,ORD,1530,2.48,3.36,0.0,0.27,9.55,0.3236,0.4574,78,DEN-ORD,157,9,0,0,0,0,0,0,9,2025-12-01 09:19:00,2025-12-01 11:51:00,4,0
2025-11-15 20:00:00,2025-11-15 22:47:00,AA,SFO,JFK,1648,2.38,2.19,0.0,0.0,14.32,-0.1745,-0.9976,23,SFO-JFK,167,20,0,1,0,0,0,0,10,2025-11-15 20:10:00,2025-11-15 22:54:00,7,0
2025-07-27 03:30:00,2025-07-27 07:37:00,B6,DEN,BOS,2647,10.15,9.7,0.0,1.64,16.89,1.4204,0.9257,69,DEN-BOS,247,3,0,1,0,0,0,0,12,2025-07-27 03:42:00,2025-07-27 07:53:00,16,1
2025-09-16 13:30:00,2025-09-16 19:24:00,WN,SEA,DFW,3986,12.26,16.13,0.66,0.08,15.12,0.2837,-0.6279,18,SEA-DFW,354,13,0,0,0,0,0,0,7,2025-09-16 13:37:00,2025-09-16 19:22:00,-2,0
2025-05-25 04:45:00,2025-05-25 06:22:00,B6,BOS,SFO,772,5.86,8.51,0.0,0.0,15.74,-0.1973,-0.4732,38,BOS-SFO,97,4,0,1,0,0,0,0,20,2025-05-25 05:05:00,2025-05-25 06:34:00,12,0
2025-10-17 10:50:00,2025-10-17 15:31:00,B6,ATL,SFO,3080,5.07,9.91,0.0,1.8,8.61,-0.0564,-0.4819,62,ATL-SFO,281,10,0,0,0,0,0,0,43,2025-10-17 11:33:00,2025-10-17 16:29:00,58,1
2025-06-12 03:10:00,2025-06-12 08:58:00,AA,BOS,SEA,3912,6.56,8.96,0.52,0.0,18.27,0.0498,-0.44,98,BOS-SEA,348,3,0,1,0,0,0,0,22,2025-06-12 03:32:00,2025-06-12 09:31:00,33,1
2025-12-28 17:15:00,2025-12-28 22:21:00,B6,DFW,SFO,3386,21.68,20.59,0.0,1.79,12.75,-0.597,-0.6302,14,DFW-SFO,306,17,0,0,0,0,0,0,8,2025-12-28 17:23:00,2025-12-28 22:23:00,2,0
2025-01-24 19:10:00,2025-01-25 01:38:00,AA,SFO,LAX,4416,12.79,12.78,6.16,5.42,12.02,-0.2575,-0.9561,19,SFO-LAX,388,19,0,0,0,0,0,0,6,2025-01-24 19:16:00,2025-01-25 02:00:00,22,1
2025-03-04 18:00:00,2025-03-04 19:03:00,B6,BOS,ORD,356,9.74,9.21,3.9,4.24,15.1,-0.5115,0.8959,67,BOS-ORD,63,18,0,0,0,0,0,0,-4,2025-03-04 17:56:00,2025-03-04 19:00:00,-3,0
2025-12-20 16:00:00,2025-12-20 19:01:00,WN,SEA,BOS,1822,22.64,18.82,0.74,0.0,15.32,-0.3612,-0.1736,40,SEA-BOS,181,16,0,0,0,0,0,0,14,2025-12-20 16:14:00,2025-12-20 19:23:00,22,1
2025-04-16 05:00:00,2025-04-16 08:23:00,B6,ORD,DEN,2095,3.51,6.13,0.06,0.0,17.7,-0.4613,-0.7024,78,ORD-DEN,203,5,0,0,0,0,0,0,3,2025-04-16 05:03:00,2025-04-16 08:26:00,3,0
2025-04-24 12:30:00,2025-04-24 16:29:00,B6,DFW,BOS,2549,9.79,12.36,0.2,0.45,18.99,-0.374,-0.1063,18,DFW-BOS,239,12,0,0,0,0,0,0,-4,2025-04-24 12:26:00,2025-04-24 16:36:00,7,0
2025-10-16 02:10:00,2025-10-16 04:56:00,DL,DFW,SFO,1634,8.3,7.01,1.62,1.7,10.88,-0.049,0.1251,87,DFW-SFO,166,2,0,1,0,0,0,0,-9,2025-10-16 02:01:00,2025-10-16 04:59:00,3,0
2025-03-11 08:10:00,2025-03-11 10:34:00,UA,SFO,LAX,1363,21.57,23.81,1.25,0.0,16.88,0.5505,0.5026,41,SFO-LAX,144,8,0,0,0,0,0,0,3,2025-03-11 08:13:00,2025-03-11 10:41:00,7,0
2025-07-07 12:00:00,2025-07-07 17:45:00,B6,ORD,SFO,3878,19.7,19.11,0.0,1.63,14.16,0.9132,0.023,11,ORD-SFO,345,12,0,0,0,0,0,0,3,2025-07-07 12:03:00,2025-07-07 17:40:00,-5,0
2025-04-15 16:40:00,2025-04-15 18:57:00,WN,DEN,DFW,1276,5.41,2.95,0.0,1.13,12.51,-0.6322,0.3038,94,DEN-DFW,137,16,0,0,0,0,0,0,13,2025-04-15 16:53:00,2025-04-15 19:00:00,3,0
2025-03-14 02:40:00,2025-03-14 08:59:00,UA,SFO,DFW,4306,6.34,5.95,0.02,0.0,16.1,-1.4184,-0.6088,10,SFO-DFW,379,2,0,1,0,0,0,0,0,2025-03-14 02:40:00,2025-03-14 08:58:00,-1,0
2025-12-18 19:50:00,2025-12-18 21:01:00,WN,DFW,ORD,455,5.97,5.77,0.0,0.0,17.05,0.7771,0.7247,42,DFW-ORD,71,19,0,0,0,0,0,0,3,2025-12-18 19:53:00,2025-12-18 20:47:00,-14,0
2025-03-14 11:00:00,2025-03-14 14:21:00,AA,ATL,LAX,2078,17.0,15.77,0.56,0.96,17.77,2.1538,0.714,55,ATL-LAX,201,11,0,0,0,0,0,0,8,2025-03-14 11:08:00,2025-03-14 14:34:00,13,0
2025-02-04 21:10:00,2025-02-05 01:34:00,WN,SEA,DFW,2859,17.18,14.75,0.58,0.0,17.9,0.5217,-0.8382,61,SEA-DFW,264,21,0,1,0,0,0,0,17,2025-02-04 21:27:00,2025-02-05 01:34:00,0,0
2025-09-03 12:20:00,2025-09-03 18:46:00,B6,SEA,DEN,4386,7.11,6.34,0.0,0.29,12.77,-0.3406,-0.2572,66,SEA-DEN,386,12,0,0,0,0,0,0,3,2025-09-03 12:23:00,2025-09-03 18:42:00,-4,0
2025-11-13 13:40:00,2025-11-13 18:56:00,UA,DFW,JFK,3511,6.34,7.14,0.0,0.8,14.23,0.2165,0.6656,93,DFW-JFK,316,13,0,0,0,0,0,0,-2,2025-11-13 13:38:00,2025-11-13 19:04:00,8,0
2025-02-16 16:10:00,2025-02-16 17:14:00,AA,ORD,ATL,360,6.41,7.03,1.76,0.0,12.1,0.1488,-0.442,74,ORD-ATL,64,16,0,0,0,0,0,0,11,2025-02-16 16:21:00,2025-02-16 17:25:00,11,0
2025-09-16 19:10:00,2025-09-17 00:20:00,AA,DEN,BOS,3443,26.05,23.86,0.0,1.28,17.89,-0.0444,-0.8051,12,DEN-BOS,310,19,0,0,0,0,0,0,1,2025-09-16 19:11:00,2025-09-17 00:17:00,-3,0
2025-07-17 03:20:00,2025-07-17 06:08:00,AA,SEA,ATL,1668,10.06,10.89,0.06,0.0,16.09,-0.9048,-0.8944,13,SEA-ATL,168,3,0,1,0,0,0,0,-2,2025-07-17 03:18:00,2025-07-17 06:01:00,-7,0
2025-10-30 12:00:00,2025-10-30 17:48:00,UA,DFW,BOS,3911,7.96,5.99,0.88,0.54,17.79,0.9818,-0.6071,82,DFW-BOS,348,12,0,0,0,0,0,0,-2,2025-10-30 11:58:00,2025-10-30 17:52:00,4,0
2025-02-16 00:20:00,2025-02-16 05:39:00,AA,DEN,BOS,3554,17.0,16.76,11.47,12.5,10.94,-0.7992,-0.5577,69,DEN-BOS,319,0,0,1,0,0,0,0,0,2025-02-16 00:20:00,2025-02-16 05:38:00,-1,0
2025-12-23 11:45:00,2025-12-23 13:48:00,B6,JFK,ATL,1106,0.37,0.0,0.9,0.91,13.99,0.9552,0.4917,43,JFK-ATL,123,11,0,0,0,0,0,0,-3,2025-12-23 11:42:00,2025-12-23 13:42:00,-6,0
2025-08-14 19:30:00,2025-08-14 22:30:00,DL,DEN,ATL,1812,11.55,8.1,0.0,1.74,15.92,0.534,-0.9708,56,DEN-ATL,180,19,0,0,0,0,0,0,-3,2025-08-14 19:27:00,2025-08-14 22:26:00,-4,0
2025-11-04 20:20:00,2025-11-05 01:55:00,UA,LAX,SEA,3748,18.31,19.33,1.28,0.0,15.24,1.4109,0.1127,95,LAX-SEA,335,20,0,1,0,0,0,0,2,2025-11-04 20:22:00,2025-11-05 01:50:00,-5,0
2025-05-13 06:20:00,2025-05-13 12:28:00,UA,ORD,BOS,4168,26.02,25.43,0.32,0.0,15.72,0.7137,0.8433,24,ORD-BOS,368,6,0,0,0,0,0,0,13,2025-05-13 06:33:00,2025-05-13 12:42:00,14,0
2025-12-11 09:50:00,2025-12-11 14:12:00,WN,DFW,JFK,2835,7.33,8.29,0.0,0.0,15.21,-2.3294,0.8822,86,DFW-JFK,262,9,0,0,0,0,0,0,8,2025-12-11 09:58:00,2025-12-11 14:26:00,14,0
2025-08-17 13:30:00,2025-08-17 15:42:00,DL,SEA,ATL,1217,12.16,15.23,14.05,15.56,9.56,-1.4146,0.2037,24,SEA-ATL,132,13,0,0,1,0,0,0,32,2025-08-17 14:02:00,2025-08-17 16:36:00,54,1
2025-02-16 09:30:00,2025-02-16 12:40:00,B6,DFW,SFO,1936,4.88,6.43,0.42,1.35,15.95,0.0586,-0.2027,49,DFW-SFO,190,9,0,0,0,0,0,0,8,2025-02-16 09:38:00,2025-02-16 12:57:00,17,1
2025-12-03 04:50:00,2025-12-03 10:16:00,B6,SFO,DEN,3641,33.03,32.92,0.0,0.0,15.53,1.6702,-0.3481,97,SFO-DEN,326,4,0,1,0,0,0,0,5,2025-12-03 04:55:00,2025-12-03 10:11:00,-5,0
2025-10-18 07:10:00,2025-10-18 11:30:00,WN,DEN,ORD,2813,12.26,10.07,0.0,0.0,18.3,-0.4029,0.0596,24,DEN-ORD,260,7,0,0,0,0,0,0,3,2025-10-18 07:13:00,2025-10-18 11:33:00,3,0
2025-04-20 09:00:00,2025-04-20 11:07:00,B6,ORD,LAX,1147,13.18,12.39,0.49,0.0,14.96,-1.3816,0.6895,78,ORD-LAX,127,9,0,0,0,0,0,0,-1,2025-04-20 08:59:00,2025-04-20 11:14:00,7,0
2025-07-19 12:20:00,2025-07-19 14:55:00,WN,JFK,ORD,1499,1.17,0.0,0.97,0.27,16.01,0.7888,-0.524,9,JFK-ORD,155,12,0,0,0,0,0,0,-10,2025-07-19 12:10:00,2025-07-19 14:55:00,0,0
2025-05-22 22:15:00,2025-05-23 00:20:00,DL,SFO,LAX,1127,6.7,8.67,11.05,11.42,14.56,1.6275,-0.6384,24,SFO-LAX,125,22,0,1,0,0,0,0,6,2025-05-22 22:21:00,2025-05-23 00:15:00,-5,0
2025-07-18 13:10:00,2025-07-18 16:47:00,WN,BOS,JFK,2270,14.24,18.86,0.23,0.68,12.6,-0.8016,-0.6353,20,BOS-JFK,217,13,0,0,0,0,0,0,-7,2025-07-18 13:03:00,2025-07-18 16:41:00,-6,0
2025-12-19 09:00:00,2025-12-19 12:29:00,UA,BOS,ORD,2172,2.42,1.24,1.09,1.2,16.21,-0.5372,-0.0057,13,BOS-ORD,209,9,0,0,0,0,0,0,-9,2025-12-19 08:51:00,2025-12-19 12:25:00,-4,0
2025-11-25 15:50:00,2025-11-25 19:51:00,WN,SEA,SFO,2575,11.66,11.07,0.42,2.0,14.8,1.6291,-0.3005,11,SEA-SFO,241,15,0,0,0,0,0,0,9,2025-11-25 15:59:00,2025-11-25 19:59:00,8,0
2025-03-20 18:30:00,2025-03-21 00:46:00,B6,SFO,DFW,4268,24.35,23.6,0.0,0.0,17.33,-1.2833,0.8623,75,SFO-DFW,376,18,0,0,0,0,0,0,-10,2025-03-20 18:20:00,2025-03-21 00:37:00,-9,0
2025-12-21 10:40:00,2025-12-21 15:18:00,AA,ORD,SFO,3036,18.72,15.22,0.0,0.0,17.63,-1.0734,-0.1966,68,ORD-SFO,278,10,0,0,0,0,0,0,27,2025-12-21 11:07:00,2025-12-21 16:07:00,49,1
2025-06-09 11:00:00,2025-06-09 15:16:00,AA,JFK,SFO,2758,14.75,14.58,0.39,0.0,9.98,-1.0882,0.3349,30,JFK-SFO,256,11,0,0,0,0,0,0,6,2025-06-09 11:06:00,2025-06-09 15:09:00,-7,0
2025-09-15 05:15:00,2025-09-15 08:17:00,B6,DFW,ORD,1838,7.74,6.41,0.35,0.0,14.9,0.1622,0.6834,76,DFW-ORD,182,5,0,0,0,0,0,0,3,2025-09-15 05:18:00,2025-09-15 08:16:00,-1,0
2025-10-06 20:30:00,2025-10-07 01:02:00,DL,LAX,SFO,2967,3.85,0.58,0.76,0.37,14.71,-0.29,0.6481,0,LAX-SFO,272,20,0,1,0,0,0,0,-3,2025-10-06 20:27:00,2025-10-07 00:48:00,-14,0
2025-06-26 20:30:00,2025-06-27 02:50:00,UA,ORD,ATL,4312,8.04,12.38,0.26,0.64,19.93,-0.6081,-0.6324,22,ORD-ATL,380,20,0,1,0,0,0,0,10,2025-06-26 20:40:00,2025-06-27 03:10:00,20,1
2025-06-16 04:40:00,2025-06-16 05:42:00,DL,DEN,JFK,340,14.43,15.19,0.48,1.73,17.09,0.8702,0.4512,64,DEN-JFK,62,4,0,1,0,0,0,0,11,2025-06-16 04:51:00,2025-06-16 06:08:00,26,1
2025-06-16 08:40:00,2025-06-16 11:37:00,B6,ATL,LAX,1769,5.19,2.84,8.09,7.14,9.96,0.8155,0.2564,81,ATL-LAX,177,8,0,0,0,0,0,0,-3,2025-06-16 08:37:00,2025-06-16 11:29:00,-8,0
2025-11-11 06:20:00,2025-11-11 07:38:00,DL,ATL,SFO,537,15.94,17.0,0.67,0.36,10.96,1.4416,-0.0859,51,ATL-SFO,78,6,0,0,0,0,0,0,-3,2025-11-11 06:17:00,2025-11-11 07:35:00,-3,0
2025-05-22 22:45:00,2025-05-23 00:52:00,AA,DFW,BOS,1155,11.62,11.24,0.52,0.0,14.28,0.053,0.6598,34,DFW-BOS,127,22,0,1,0,0,0,0,1,2025-05-22 22:46:00,2025-05-23 00:55:00,3,0
2025-04-13 01:15:00,2025-04-13 02:36:00,AA,ORD,SEA,581,4.24,6.12,0.0,0.4,17.0,0.7677,-0.2709,20,ORD-SEA,81,1,0,1,0,0,0,0,31,2025-04-13 01:46:00,2025-04-13 03:15:00,39,1
2025-05-12 04:00:00,2025-05-12 08:18:00,DL,DFW,ATL,2787,3.0,1.84,20.15,22.95,5.63,-1.1492,-0.8786,51,DFW-ATL,258,4,0,1,1,1,0,0,35,2025-05-12 04:35:00,2025-05-12 09:08:00,50,1
2025-03-13 07:50:00,2025-03-13 13:24:00,B6,LAX,DFW,3742,3.72,3.57,0.23,0.0,19.99,0.7156,-0.9587,91,LAX-DFW,334,7,0,0,0,0,0,0,1,2025-03-13 07:51:00,2025-03-13 13:26:00,2,0
2025-05-23 13:00:00,2025-05-23 19:15:00,B6,JFK,ORD,4249,7.09,10.81,2.0,4.37,14.98,0.7645,0.2725,95,JFK-ORD,375,13,0,0,0,0,0,0,4,2025-05-23 13:04:00,2025-05-23 19:27:00,12,0
2025-02-11 05:15:00,2025-02-11 07:34:00,AA,DEN,LAX,1294,20.51,18.18,0.92,0.0,15.75,-0.7958,-0.0745,74,DEN-LAX,139,5,0,0,0,0,0,0,5,2025-02-11 05:20:00,2025-02-11 07:28:00,-6,0
2025-02-02 12:00:00,2025-02-02 16:54:00,B6,ORD,SEA,3237,3.49,4.29,5.17,4.56,13.38,0.5992,0.5335,0,ORD-SEA,294,12,0,0,0,0,0,0,17,2025-02-02 12:17:00,2025-02-02 17:08:00,14,0
2025-09-22 17:10:00,2025-09-22 19:59:00,DL,ORD,SFO,1681,19.75,23.6,0.0,0.0,14.15,0.2392,0.7921,21,ORD-SFO,169,17,0,0,0,0,0,0,14,2025-09-22 17:24:00,2025-09-22 20:21:00,22,1
2025-01-29 19:20:00,2025-01-29 22:05:00,AA,SFO,BOS,1626,1.38,1.21,5.16,6.16,4.44,0.4574,0.2585,40,SFO-BOS,165,19,0,0,0,1,0,0,3,2025-01-29 19:23:00,2025-01-29 21:58:00,-7,0
2025-07-27 02:10:00,2025-07-27 06:34:00,AA,SEA,DEN,2861,13.97,10.19,0.0,0.0,17.73,0.9443,0.1072,99,SEA-DEN,264,2,0,1,0,0,0,0,-10,2025-07-27 02:00:00,2025-07-27 06:40:00,6,0
2025-10-12 03:20:00,2025-10-12 08:07:00,DL,DFW,ATL,3151,10.62,8.82,8.6,8.86,10.31,0.1721,-0.6351,72,DFW-ATL,287,3,0,1,0,0,0,0,-5,2025-10-12 03:15:00,2025-10-12 08:00:00,-7,0
2025-09-22 02:50:00,2025-09-22 07:05:00,DL,ORD,DEN,2752,14.79,12.28,5.88,3.64,12.81,1.1562,0.1284,34,ORD-DEN,255,2,0,1,0,0,0,0,-10,2025-09-22 02:40:00,2025-09-22 06:56:00,-9,0
2025-06-12 21:10:00,2025-06-12 22:43:00,WN,DFW,SEA,719,12.04,10.41,0.46,0.0,18.23,-1.1176,0.0165,50,DFW-SEA,93,21,0,1,0,0,0,0,1,2025-06-12 21:11:00,2025-06-12 22:32:00,-11,0
2025-03-12 15:50:00,2025-03-12 19:07:00,AA,SEA,LAX,2024,7.49,5.08,1.56,3.99,18.29,-0.8662,0.2148,25,SEA-LAX,197,15,0,0,0,0,0,0,-1,2025-03-12 15:49:00,2025-03-12 19:18:00,11,0
2025-12-06 12:20:00,2025-12-06 14:55:00,UA,LAX,BOS,1499,8.42,8.04,0.11,0.0,16.82,-0.1639,-0.0207,70,LAX-BOS,155,12,0,0,0,0,0,0,21,2025-12-06 12:41:00,2025-12-06 14:44:00,-11,0
2025-11-01 18:30:00,2025-11-01 19:30:00,AA,SEA,BOS,318,17.21,19.85,5.49,4.85,16.22,-0.7732,0.1439,9,SEA-BOS,60,18,0,0,0,0,0,0,5,2025-11-01 18:35:00,2025-11-01 19:29:00,-1,0
2025-08-12 14:20:00,2025-08-12 15:33:00,WN,DEN,ATL,470,11.33,10.42,0.0,0.61,19.14,0.2567,0.5087,5,DEN-ATL,73,14,0,0,0,0,0,0,2,2025-08-12 14:22:00,2025-08-12 15:19:00,-14,0
2025-02-01 05:15:00,2025-02-01 08:45:00,WN,ATL,JFK,2188,2.72,2.8,0.28,0.0,17.32,-0.3394,0.783,65,ATL-JFK,210,5,0,0,0,0,0,0,9,2025-02-01 05:24:00,2025-02-01 09:04:00,19,1
2025-01-13 12:00:00,2025-01-13 13:33:00,WN,BOS,ORD,721,8.67,6.93,1.13,0.0,15.68,-0.3005,0.0386,51,BOS-ORD,93,12,0,0,0,0,0,0,0,2025-01-13 12:00:00,2025-01-13 13:38:00,5,0
2025-04-26 16:30:00,2025-04-26 21:37:00,UA,JFK,BOS,3403,9.89,7.34,2.3,2.89,13.14,-0.3295,0.7183,59,JFK-BOS,307,16,0,0,0,0,0,0,6,2025-04-26 16:36:00,2025-04-26 21:43:00,6,0
2025-02-27 00:50:00,2025-02-27 02:08:00,UA,SFO,SEA,536,8.48,8.94,0.05,0.84,17.6,0.2369,0.1978,28,SFO-SEA,78,0,0,1,0,0,0,0,14,2025-02-27 01:04:00,2025-02-27 02:08:00,0,0
2025-11-11 14:30:00,2025-11-11 16:48:00,DL,LAX,DEN,1288,18.57,17.1,6.07,5.3,12.39,-0.0076,-0.2909,44,LAX-DEN,138,14,0,0,0,0,0,0,19,2025-11-11 14:49:00,2025-11-11 17:09:00,21,1
2025-03-17 11:30:00,2025-03-17 18:00:00,B6,SEA,JFK,4439,6.17,6.25,0.06,0.41,15.32,0.3655,-0.2659,63,SEA-JFK,390,11,0,0,0,0,0,0,4,2025-03-17 11:34:00,2025-03-17 17:50:00,-10,0
2025-04-14 01:40:00,2025-04-14 06:37:00,B6,JFK,ORD,3275,14.65,13.05,0.02,0.86,15.25,-0.3909,0.5275,44,JFK-ORD,297,1,0,1,0,0,0,0,-2,2025-04-14 01:38:00,2025-04-14 06:37:00,0,0
2025-12-23 06:20:00,2025-12-23 10:26:00,AA,SFO,JFK,2641,27.31,24.38,2.45,3.56,13.82,-1.8475,-0.0341,81,SFO-JFK,246,6,0,0,0,0,0,0,-10,2025-12-23 06:10:00,2025-12-23 10:08:00,-18,0
2025-10-26 10:00:00,2025-10-26 11:04:00,B6,SFO,JFK,363,20.02,20.0,0.0,0.37,18.84,0.7383,0.5564,52,SFO-JFK,64,10,0,0,0,0,0,0,-3,2025-10-26 09:57:00,2025-10-26 10:58:00,-6,0
2025-03-21 08:30:00,2025-03-21 09:44:00,UA,BOS,DFW,483,4.47,7.65,0.32,1.71,17.5,-0.7819,0.1436,22,BOS-DFW,74,8,0,0,0,0,0,0,4,2025-03-21 08:34:00,2025-03-21 09:56:00,12,0
2025-05-20 06:45:00,2025-05-20 12:49:00,WN,SEA,DFW,4113,9.88,12.57,0.0,0.05,22.06,0.2791,-0.913,8,SEA-DFW,364,6,0,0,0,0,0,0,8,2025-05-20 06:53:00,2025-05-20 13:04:00,15,1
2025-07-08 15:15:00,2025-07-08 20:43:00,WN,ATL,DEN,3657,0.0,2.02,0.26,0.0,18.53,-0.0036,-0.0311,1,ATL-DEN,328,15,0,0,0,0,0,0,-1,2025-07-08 15:14:00,2025-07-08 20:37:00,-6,0
2025-08-31 09:45:00,2025-08-31 16:03:00,DL,LAX,DEN,4290,14.59,16.44,0.49,0.0,19.61,2.2104,-0.0108,46,LAX-DEN,378,9,0,0,0,0,0,0,1,2025-08-31 09:46:00,2025-08-31 16:02:00,-1,0
2025-12-08 11:45:00,2025-12-08 17:16:00,B6,DFW,ORD,3694,1.95,2.97,15.44,16.37,9.37,-2.6826,0.4191,85,DFW-ORD,331,11,0,0,1,0,0,0,11,2025-12-08 11:56:00,2025-12-08 17:42:00,26,1
2025-11-14 19:10:00,2025-11-14 20:10:00,B6,DEN,SEA,310,11.58,7.0,0.0,0.0,20.21,-0.6594,0.5876,91,DEN-SEA,60,19,0,0,0,0,0,0,26,2025-11-14 19:36:00,2025-11-14 20:41:00,31,1
2025-12-23 02:30:00,2025-12-23 08:00:00,UA,SFO,SEA,3683,9.12,8.54,10.75,8.28,12.04,0.3732,-0.7619,78,SFO-SEA,330,2,0,1,0,0,0,0,11,2025-12-23 02:41:00,2025-12-23 08:00:00,0,0
2025-01-15 08:40:00,2025-01-15 12:13:00,DL,LAX,DEN,2222,19.93,20.92,0.0,0.46,17.33,-1.6058,0.2368,83,LAX-DEN,213,8,0,0,0,0,0,0,-2,2025-01-15 08:38:00,2025-01-15 12:02:00,-11,0
2025-03-28 01:20:00,2025-03-28 06:12:00,B6,BOS,DEN,3207,10.45,13.32,0.0,0.0,17.48,-0.0462,0.3984,31,BOS-DEN,292,1,0,1,0,0,0,0,5,2025-03-28 01:25:00,2025-03-28 06:18:00,6,0
2025-07-25 22:40:00,2025-07-26 01:58:00,UA,BOS,ATL,2038,7.93,8.03,1.44,2.25,19.1,-1.6791,0.6769,64,BOS-ATL,198,22,0,1,0,0,0,0,-2,2025-07-25 22:38:00,2025-07-26 02:06:00,8,0
2025-01-18 04:50:00,2025-01-18 09:51:00,DL,BOS,DEN,3328,12.49,13.73,0.0,0.27,8.25,-0.0122,-0.0054,50,BOS-DEN,301,4,0,1,0,0,0,0,-8,2025-01-18 04:42:00,2025-01-18 09:34:00,-17,0
2025-05-10 19:40:00,2025-05-11 01:22:00,WN,DEN,LAX,3835,24.02,20.44,1.07,1.96,15.13,0.0344,-0.9189,92,DEN-LAX,342,19,0,0,0,0,0,0,21,2025-05-10 20:01:00,2025-05-11 01:41:00,19,1
2025-02-26 04:45:00,2025-02-26 11:11:00,AA,ATL,DEN,4392,0.0,0.0,1.07,0.0,17.97,0.7074,-0.8446,2,ATL-DEN,386,4,0,1,0,0,0,0,13,2025-02-26 04:58:00,2025-02-26 11:22:00,11,0
2025-12-07 07:45:00,2025-12-07 11:46:00,WN,DEN,ORD,2571,4.53,3.05,0.27,0.59,17.46,0.2687,-0.1425,97,DEN-ORD,241,7,0,0,0,0,0,0,0,2025-12-07 07:45:00,2025-12-07 11:44:00,-2,0
2025-01-24 14:45:00,2025-01-24 17:18:00,WN,ORD,ATL,1471,28.89,26.16,5.12,5.92,14.41,-0.9723,0.4461,36,ORD-ATL,153,14,0,0,0,0,0,0,16,2025-01-24 15:01:00,2025-01-24 17:39:00,21,1
2025-02-24 19:45:00,2025-02-25 00:09:00,UA,SEA,DFW,2867,35.93,35.5,0.0,1.38,4.21,0.0531,0.8948,71,SEA-DFW,264,19,0,0,0,1,0,0,7,2025-02-24 19:52:00,2025-02-25 00:15:00,6,0
2025-03-13 04:10:00,2025-03-13 07:57:00,UA,SEA,DEN,2399,5.53,5.21,1.25,2.41,8.97,0.3138,-0.2509,40,SEA-DEN,227,4,0,1,0,0,0,0,7,2025-03-13 04:17:00,2025-03-13 08:20:00,23,1
2025-02-24 05:00:00,2025-02-24 07:07:00,UA,JFK,LAX,1150,18.28,17.28,0.07,0.0,11.89,-0.914,0.2796,11,JFK-LAX,127,5,0,0,0,0,0,0,-9,2025-02-24 04:51:00,2025-02-24 07:09:00,2,0
2025-07-27 21:10:00,2025-07-28 02:12:00,DL,ORD,ATL,3343,6.6,4.19,0.09,1.04,15.39,0.9684,0.4357,87,ORD-ATL,302,21,0,1,0,0,0,0,-4,2025-07-27 21:06:00,2025-07-28 02:24:00,12,0
2025-05-13 07:10:00,2025-05-13 08:35:00,B6,SFO,DFW,623,4.35,3.25,0.0,0.0,16.08,0.5577,-0.8547,5,SFO-DFW,85,7,0,0,0,0,0,0,2,2025-05-13 07:12:00,2025-05-13 08:26:00,-9,0
2025-11-30 05:40:00,2025-11-30 08:54:00,UA,ATL,SEA,1993,7.18,8.24,1.0,0.0,13.67,-1.6335,0.0435,11,ATL-SEA,194,5,0,0,0,0,0,0,8,2025-11-30 05:48:00,2025-11-30 08:52:00,-2,0
2025-04-06 17:30:00,2025-04-06 22:22:00,UA,SFO,SEA,3207,20.17,20.42,0.0,0.0,16.81,0.0157,-0.8433,79,SFO-SEA,292,17,0,0,0,0,0,0,14,2025-04-06 17:44:00,2025-04-06 22:38:00,16,1
2025-07-16 02:20:00,2025-07-16 08:28:00,WN,ORD,DEN,4168,8.92,8.37,0.0,0.0,14.87,-1.0371,-0.0632,85,ORD-DEN,368,2,0,1,0,0,0,0,-4,2025-07-16 02:16:00,2025-07-16 08:29:00,1,0
2025-08-29 20:00:00,2025-08-30 00:27:00,WN,DFW,LAX,2906,20.57,24.43,1.06,0.02,15.61,-1.9906,0.753,57,DFW-LAX,267,20,0,1,0,0,0,0,-10,2025-08-29 19:50:00,2025-08-30 00:30:00,3,0
2025-08-17 21:40:00,2025-08-18 04:08:00,UA,JFK,ORD,4412,18.59,19.65,6.69,6.83,11.85,-0.5796,0.598,17,JFK-ORD,388,21,0,1,0,0,0,0,9,2025-08-17 21:49:00,2025-08-18 04:12:00,4,0
2025-10-18 20:15:00,2025-10-19 01:54:00,DL,DFW,JFK,3795,6.08,7.77,0.38,1.12,9.76,-0.3837,0.3727,58,DFW-JFK,339,20,0,1,0,0,0,0,0,2025-10-18 20:15:00,2025-10-19 01:48:00,-6,0
2025-03-15 07:45:00,2025-03-15 10:03:00,UA,BOS,JFK,1291,7.38,6.34,0.48,1.11,14.11,2.1196,0.8123,52,BOS-JFK,138,7,0,0,0,0,0,0,1,2025-03-15 07:46:00,2025-03-15 10:05:00,2,0
2025-07-05 02:00:00,2025-07-05 07:43:00,WN,DEN,DFW,3847,7.3,7.96,0.0,0.83,15.43,-0.5525,-0.3982,54,DEN-DFW,343,2,0,1,0,0,0,0,42,2025-07-05 02:42:00,2025-07-05 08:45:00,62,1
2025-10-20 10:15:00,2025-10-20 13:07:00,DL,DEN,SEA,1711,7.1,12.82,0.68,0.73,12.84,0.031,-0.0912,11,DEN-SEA,172,10,0,0,0,0,0,0,35,2025-10-20 10:50:00,2025-10-20 14:08:00,61,1
2025-11-12 08:00:00,2025-11-12 12:31:00,AA,ATL,LAX,2950,9.57,11.01,0.08,0.0,18.2,0.2952,-0.4324,4,ATL-LAX,271,8,0,0,0,0,0,0,-3,2025-11-12 07:57:00,2025-11-12 12:26:00,-5,0
2025-08-14 23:15:00,2025-08-15 01:21:00,AA,JFK,SFO,1143,12.0,7.85,17.34,17.68,11.43,-0.3749,-0.3332,51,JFK-SFO,126,23,0,1,1,0,0,0,3,2025-08-14 23:18:00,2025-08-15 01:30:00,9,0
2025-08-26 15:50:00,2025-08-26 19:50:00,DL,JFK,SEA,2561,7.25,5.68,0.0,0.86,19.14,0.2602,0.3191,8,JFK-SEA,240,15,0,0,0,0,0,0,15,2025-08-26 16:05:00,2025-08-26 20:08:00,18,1
2025-11-12 22:20:00,2025-11-13 03:07:00,WN,DEN,DFW,3153,4.61,3.66,21.46,23.99,0.45,-0.7292,0.3538,97,DEN-DFW,287,22,0,1,1,1,0,0,7,2025-11-12 22:27:00,2025-11-13 03:26:00,19,1
2025-08-17 18:20:00,2025-08-18 00:26:00,UA,BOS,DEN,4138,31.59,30.18,1.96,0.0,17.35,-1.114,-0.7528,22,BOS-DEN,366,18,0,0,0,0,0,0,-3,2025-08-17 18:17:00,2025-08-18 00:13:00,-13,0
2025-12-13 17:15:00,2025-12-13 23:31:00,DL,SFO,ATL,4262,6.29,3.71,0.54,1.3,16.63,-0.6,0.7097,84,SFO-ATL,376,17,0,0,0,0,0,0,-4,2025-12-13 17:11:00,2025-12-13 23:32:00,1,0
2025-02-16 02:15:00,2025-02-16 07:43:00,WN,ORD,LAX,3665,2.52,2.54,0.91,0.31,14.33,-1.2983,-0.4944,61,ORD-LAX,328,2,0,1,0,0,0,0,3,2025-02-16 02:18:00,2025-02-16 07:56:00,13,0
2025-05-07 01:40:00,2025-05-07 05:47:00,WN,JFK,ORD,2646,17.93,12.98,1.79,0.0,20.05,0.5807,-0.5189,45,JFK-ORD,247,1,0,1,0,0,0,0,-3,2025-05-07 01:37:00,2025-05-07 05:46:00,-1,0
2025-02-10 01:50:00,2025-02-10 07:45:00,AA,ORD,DFW,4006,3.28,4.74,0.0,0.0,15.01,-0.0956,-0.292,55,ORD-DFW,355,1,0,1,0,0,0,0,0,2025-02-10 01:50:00,2025-02-10 07:43:00,-2,0
2025-02-03 14:40:00,2025-02-03 16:15:00,B6,DFW,ATL,745,16.13,16.37,0.0,0.0,12.11,-0.5173,-0.2322,7,DFW-ATL,95,14,0,0,0,0,0,0,5,2025-02-03 14:45:00,2025-02-03 16:16:00,1,0
2025-06-22 04:40:00,2025-06-22 11:14:00,AA,BOS,SEA,4482,4.52,7.54,0.0,0.0,16.3,0.552,0.3115,0,BOS-SEA,394,4,0,1,0,0,0,0,19,2025-06-22 04:59:00,2025-06-22 11:32:00,18,1
2025-03-24 23:20:00,2025-03-25 01:27:00,WN,ORD,DEN,1156,33.79,34.58,0.0,1.05,10.84,-0.6271,0.3797,38,ORD-DEN,127,23,0,1,0,0,0,0,19,2025-03-24 23:39:00,2025-03-25 01:27:00,0,0
2025-05-29 03:00:00,2025-05-29 06:15:00,AA,ORD,LAX,1994,25.7,26.71,0.0,0.3,17.69,-3.0267,0.3634,39,ORD-LAX,195,3,0,1,0,0,0,0,8,2025-05-29 03:08:00,2025-05-29 06:16:00,1,0
2025-06-09 22:40:00,2025-06-10 04:44:00,DL,LAX,ATL,4111,7.24,9.38,3.61,3.33,14.71,-0.5702,0.0692,35,LAX-ATL,364,22,0,1,0,0,0,0,7,2025-06-09 22:47:00,2025-06-10 04:46:00,2,0
2025-08-15 16:45:00,2025-08-15 21:45:00,DL,LAX,ATL,3311,13.85,15.6,0.77,0.0,7.23,0.7242,-0.5295,14,LAX-ATL,300,16,0,0,0,0,0,0,-1,2025-08-15 16:44:00,2025-08-15 21:39:00,-6,0
2025-12-12 02:30:00,2025-12-12 08:15:00,AA,ATL,SFO,3869,15.37,11.05,0.54,0.44,11.8,0.966,-0.5106,19,ATL-SFO,345,2,0,1,0,0,0,0,7,2025-12-12 02:37:00,2025-12-12 08:08:00,-7,0
2025-11-07 01:00:00,2025-11-07 05:50:00,DL,LAX,ORD,3189,7.22,8.48,28.46,27.6,3.05,-1.2637,0.8981,35,LAX-ORD,290,1,0,1,1,1,0,0,48,2025-11-07 01:48:00,2025-11-07 06:46:00,56,1
2025-05-19 09:40:00,2025-05-19 14:01:00,DL,LAX,ATL,2824,14.84,15.79,0.0,0.7,15.14,-0.6264,-0.6552,80,LAX-ATL,261,9,0,0,0,0,0,0,2,2025-05-19 09:42:00,2025-05-19 13:48:00,-13,0
2025-04-29 08:50:00,2025-04-29 10:47:00,WN,DFW,ATL,1031,10.04,13.45,0.05,0.0,16.11,0.6903,-0.093,49,DFW-ATL,117,8,0,0,0,0,0,0,0,2025-04-29 08:50:00,2025-04-29 10:46:00,-1,0
2025-10-09 07:10:00,2025-10-09 13:44:00,UA,DEN,JFK,4484,11.62,14.15,0.27,0.0,17.36,-1.5302,0.6316,37,DEN-JFK,394,7,0,0,0,0,0,0,4,2025-10-09 07:14:00,2025-10-09 13:40:00,-4,0
2025-02-15 12:10:00,2025-02-15 16:43:00,B6,SFO,ORD,2973,16.65,15.38,12.54,10.07,12.6,-0.3498,0.0445,45,SFO-ORD,273,12,0,0,1,0,0,0,58,2025-02-15 13:08:00,2025-02-15 17:54:00,71,1
2025-07-17 03:40:00,2025-07-17 08:23:00,B6,DFW,BOS,3106,8.19,10.18,0.12,0.0,19.02,0.2713,0.9148,27,DFW-BOS,283,3,0,1,0,0,0,0,-2,2025-07-17 03:38:00,2025-07-17 08:27:00,4,0
2025-06-04 03:15:00,2025-06-04 06:38:00,DL,DEN,SEA,2097,3.93,5.01,13.6,15.86,11.02,1.3605,0.9381,80,DEN-SEA,203,3,0,1,1,0,0,0,32,2025-06-04 03:47:00,2025-06-04 07:11:00,33,1
2025-03-08 16:40:00,2025-03-08 22:59:00,UA,ORD,LAX,4298,15.09,12.77,16.49,14.96,9.93,-0.5033,0.6822,76,ORD-LAX,379,16,0,0,1,0,0,0,29,2025-03-08 17:09:00,2025-03-08 23:35:00,36,1
2025-08-14 23:40:00,2025-08-15 03:10:00,WN,JFK,LAX,2192,14.53,17.73,0.0,0.0,15.13,-1.4499,-0.1868,8,JFK-LAX,210,23,0,1,0,0,0,0,1,2025-08-14 23:41:00,2025-08-15 03:17:00,7,0
2025-04-28 06:15:00,2025-04-28 08:18:00,DL,LAX,DEN,1099,15.59,17.7,0.36,0.0,19.36,-0.8261,0.7088,27,LAX-DEN,123,6,0,0,0,0,0,0,-2,2025-04-28 06:13:00,2025-04-28 08:14:00,-4,0
2025-03-09 22:00:00,2025-03-09 23:59:00,UA,LAX,ORD,1056,16.9,14.26,0.34,0.0,15.4,2.3496,0.3838,21,LAX-ORD,119,22,0,1,0,0,0,0,18,2025-03-09 22:18:00,2025-03-10 00:23:00,24,1
2025-08-27 08:30:00,2025-08-27 13:24:00,DL,DFW,SEA,3233,12.94,12.85,0.0,0.0,11.98,0.2689,0.7719,95,DFW-SEA,294,8,0,0,0,0,0,0,14,2025-08-27 08:44:00,2025-08-27 13:53:00,29,1
2025-03-05 08:20:00,2025-03-05 13:29:00,DL,BOS,ATL,3427,0.7,3.95,0.0,1.22,16.93,1.176,-0.4907,49,BOS-ATL,309,8,0,0,0,0,0,0,9,2025-03-05 08:29:00,2025-03-05 13:19:00,-10,0
2025-09-03 02:45:00,2025-09-03 04:53:00,AA,BOS,ORD,1165,36.28,38.31,0.0,0.0,16.46,-0.0554,-0.8056,35,BOS-ORD,128,2,0,1,0,0,0,0,6,2025-09-03 02:51:00,2025-09-03 04:54:00,1,0
2025-03-01 10:15:00,2025-03-01 15:08:00,WN,SFO,SEA,3231,17.36,17.87,3.11,3.53,13.32,-0.8389,0.1028,74,SFO-SEA,293,10,0,0,0,0,0,0,-8,2025-03-01 10:07:00,2025-03-01 15:11:00,3,0
2025-06-08 11:10:00,2025-06-08 17:44:00,UA,JFK,DFW,4489,6.87,5.16,4.73,3.91,9.49,-1.1129,-0.0726,35,JFK-DFW,394,11,0,0,0,0,0,0,6,2025-06-08 11:16:00,2025-06-08 17:46:00,2,0
2025-10-22 15:45:00,2025-10-22 19:43:00,WN,DFW,ORD,2535,20.42,16.47,0.51,0.0,16.53,-0.5082,0.1776,87,DFW-ORD,238,15,0,0,0,0,0,0,1,2025-10-22 15:46:00,2025-10-22 19:37:00,-6,0
2025-03-25 03:40:00,2025-03-25 10:05:00,AA,DEN,DFW,4375,4.55,3.53,0.4,1.09,17.05,0.6776,0.7466,27,DEN-DFW,385,3,0,1,0,0,0,0,3,2025-03-25 03:43:00,2025-03-25 10:06:00,1,0
2025-10-08 04:30:00,2025-10-08 06:22:00,B6,ORD,BOS,958,13.88,17.57,0.0,0.0,17.82,-1.3528,0.6719,48,ORD-BOS,112,4,0,1,0,0,0,0,19,2025-10-08 04:49:00,2025-10-08 06:44:00,22,1
2025-09-21 10:50:00,2025-09-21 14:04:00,B6,SFO,SEA,1992,10.44,7.3,0.0,0.77,17.87,0.6791,-0.847,0,SFO-SEA,194,10,0,0,0,0,0,0,6,2025-09-21 10:56:00,2025-09-21 14:10:00,6,0
2025-11-26 01:45:00,2025-11-26 05:51:00,DL,ORD,DEN,2638,3.63,6.11,0.34,0.0,17.45,-1.2028,-0.6953,91,ORD-DEN,246,1,0,1,0,0,0,0,3,2025-11-26 01:48:00,2025-11-26 05:47:00,-4,0
2025-03-03 03:45:00,2025-03-03 06:44:00,B6,JFK,ORD,1803,4.48,3.19,1.23,0.0,18.59,-0.3479,0.3731,68,JFK-ORD,179,3,0,1,0,0,0,0,-2,2025-03-03 03:43:00,2025-03-03 06:48:00,4,0
2025-09-19 15:45:00,2025-09-19 17:18:00,AA,JFK,DEN,720,13.02,14.56,0.71,1.71,14.34,-0.1041,0.081,59,JFK-DEN,93,15,0,0,0,0,0,0,15,2025-09-19 16:00:00,2025-09-19 17:24:00,6,0
2025-12-08 22:20:00,2025-12-09 01:53:00,UA,SEA,DFW,2224,15.57,13.16,0.84,0.75,12.28,0.5595,-0.652,62,SEA-DFW,213,22,0,1,0,0,0,0,9,2025-12-08 22:29:00,2025-12-09 02:00:00,7,0
2025-10-06 13:00:00,2025-10-06 15:53:00,B6,SEA,ORD,1725,4.41,4.71,0.0,0.0,16.48,-0.3391,-0.9553,83,SEA-ORD,173,13,0,0,0,0,0,0,9,2025-10-06 13:09:00,2025-10-06 16:19:00,26,1
2025-03-10 03:30:00,2025-03-10 05:37:00,UA,DFW,ORD,1156,7.87,6.5,21.13,24.06,7.78,0.4788,-0.4145,56,DFW-ORD,127,3,0,1,1,0,0,0,71,2025-03-10 04:41:00,2025-03-10 07:19:00,102,1
2025-10-28 23:45:00,2025-10-29 02:49:00,B6,SFO,SEA,1863,12.55,15.21,0.0,0.0,11.7,-0.361,-0.4938,36,SFO-SEA,184,23,0,1,0,0,0,0,-10,2025-10-28 23:35:00,2025-10-29 02:41:00,-8,0
2025-02-09 12:50:00,2025-02-09 16:09:00,DL,SEA,ATL,2055,6.26,5.74,0.0,1.87,17.36,0.3406,-0.7686,73,SEA-ATL,199,12,0,0,0,0,0,0,-10,2025-02-09 12:40:00,2025-02-09 16:07:00,-2,0
2025-08-03 17:40:00,2025-08-03 23:36:00,DL,SEA,ATL,4010,33.51,29.48,0.14,0.0,17.15,-0.0705,0.9739,30,SEA-ATL,356,17,0,0,0,0,0,0,29,2025-08-03 18:09:00,2025-08-04 00:04:00,28,1
2025-07-01 04:30:00,2025-07-01 08:14:00,WN,ATL,BOS,2364,12.13,11.0,0.0,0.0,18.28,0.1478,0.8583,80,ATL-BOS,224,4,0,1,0,0,0,0,10,2025-07-01 04:40:00,2025-07-01 08:11:00,-3,0
2025-07-13 13:30:00,2025-07-13 16:49:00,AA,BOS,DEN,2045,9.46,9.37,12.85,12.92,10.9,0.1336,-0.647,75,BOS-DEN,199,13,0,0,1,0,0,0,23,2025-07-13 13:53:00,2025-07-13 17:26:00,37,1
2025-07-09 01:00:00,2025-07-09 04:10:00,DL,DEN,ATL,1934,20.18,19.29,2.11,1.76,13.43,-0.149,0.3553,21,DEN-ATL,190,1,0,1,0,0,0,0,14,2025-07-09 01:14:00,2025-07-09 04:26:00,16,1
2025-01-12 15:00:00,2025-01-12 19:20:00,WN,ORD,DFW,2813,14.38,15.65,0.0,0.0,16.63,1.117,0.551,54,ORD-DFW,260,15,0,0,0,0,0,0,6,2025-01-12 15:06:00,2025-01-12 19:25:00,5,0
2025-07-05 04:00:00,2025-07-05 06:32:00,AA,ATL,BOS,1457,14.09,12.44,0.0,0.06,15.46,0.5453,0.0135,33,ATL-BOS,152,4,0,1,0,0,0,0,0,2025-07-05 04:00:00,2025-07-05 06:33:00,1,0
2025-12-08 21:50:00,2025-12-09 03:43:00,DL,ATL,ORD,3974,11.98,15.92,0.0,0.48,17.52,0.1239,0.0168,56,ATL-ORD,353,21,0,1,0,0,0,0,5,2025-12-08 21:55:00,2025-12-09 04:00:00,17,1
2025-06-09 01:45:00,2025-06-09 05:05:00,UA,ATL,BOS,2058,17.65,16.25,0.0,1.42,11.61,-0.5914,-0.4318,6,ATL-BOS,200,1,0,1,0,0,0,0,-9,2025-06-09 01:36:00,2025-06-09 05:00:00,-5,0
2025-04-12 15:15:00,2025-04-12 18:37:00,WN,BOS,SFO,2088,4.82,8.18,10.99,10.1,9.2,2.3709,0.4203,78,BOS-SFO,202,15,0,0,0,0,0,0,27,2025-04-12 15:42:00,2025-04-12 19:09:00,32,1
2025-12-30 03:20:00,2025-12-30 04:40:00,UA,SFO,SEA,568,1.25,0.3,0.0,0.08,14.36,1.4923,-0.9868,94,SFO-SEA,80,3,0,1,0,0,0,0,0,2025-12-30 03:20:00,2025-12-30 04:43:00,3,0
2025-02-06 16:20:00,2025-02-06 22:16:00,AA,ORD,SFO,4011,19.39,18.59,7.07,5.96,12.94,-1.0434,0.0774,66,ORD-SFO,356,16,0,0,0,0,0,0,-10,2025-02-06 16:10:00,2025-02-06 22:17:00,1,0
2025-06-27 11:10:00,2025-06-27 14:47:00,UA,ORD,SEA,2278,10.37,9.4,0.29,0.0,19.42,0.56,-0.189,56,ORD-SEA,217,11,0,0,0,0,0,0,-2,2025-06-27 11:08:00,2025-06-27 14:35:00,-12,0
2025-07-07 23:20:00,2025-07-08 01:05:00,UA,DEN,ORD,873,6.63,5.46,0.81,0.38,8.06,1.2034,0.6858,23,DEN-ORD,105,23,0,1,0,0,0,0,1,2025-07-07 23:21:00,2025-07-08 01:09:00,4,0
2025-06-24 15:15:00,2025-06-24 17:12:00,DL,LAX,SEA,1019,7.43,3.19,0.0,0.0,15.01,0.4531,0.6909,82,LAX-SEA,117,15,0,0,0,0,0,0,18,2025-06-24 15:33:00,2025-06-24 17:06:00,-6,0
2025-12-03 08:40:00,2025-12-03 11:42:00,DL,SEA,JFK,1832,5.07,5.46,0.0,2.55,17.54,-0.0481,0.1501,13,SEA-JFK,182,8,0,0,0,0,0,0,-3,2025-12-03 08:37:00,2025-12-03 11:42:00,0,0
2025-06-03 02:45:00,2025-06-03 08:06:00,B6,JFK,LAX,3578,12.18,11.16,5.09,3.96,15.2,-0.6546,-0.4107,51,JFK-LAX,321,2,0,1,0,0,0,0,2,2025-06-03 02:47:00,2025-06-03 08:07:00,1,0
2025-12-22 14:00:00,2025-12-22 15:31:00,WN,SEA,JFK,697,8.66,10.34,0.0,0.26,16.61,0.4329,0.1918,1,SEA-JFK,91,14,0,0,0,0,0,0,3,2025-12-22 14:03:00,2025-12-22 15:33:00,2,0
2025-01-25 10:20:00,2025-01-25 11:59:00,AA,LAX,JFK,806,21.19,21.13,14.11,14.12,11.76,-0.9454,0.1712,81,LAX-JFK,99,10,0,0,1,0,0,0,6,2025-01-25 10:26:00,2025-01-25 12:07:00,8,0
2025-09-25 01:50:00,2025-09-25 05:57:00,WN,DEN,DFW,2655,17.12,12.13,0.0,0.0,14.75,-0.4181,0.1256,72,DEN-DFW,247,1,0,1,0,0,0,0,-3,2025-09-25 01:47:00,2025-09-25 05:57:00,0,0
2025-08-05 13:45:00,2025-08-05 17:32:00,DL,LAX,BOS,2395,17.85,17.69,0.0,2.24,14.39,-0.5613,-0.0501,59,LAX-BOS,227,13,0,0,0,0,0,0,13,2025-08-05 13:58:00,2025-08-05 17:50:00,18,1
2025-03-29 05:45:00,2025-03-29 12:06:00,B6,SFO,BOS,4320,17.86,17.52,0.05,0.0,14.79,0.4738,-0.6968,55,SFO-BOS,381,5,0,0,0,0,0,0,-5,2025-03-29 05:40:00,2025-03-29 12:02:00,-4,0
2025-03-25 05:40:00,2025-03-25 10:52:00,UA,SEA,ORD,3458,11.43,11.05,1.24,0.48,18.57,1.3241,0.1485,1,SEA-ORD,312,5,0,0,0,0,0,0,5,2025-03-25 05:45:00,2025-03-25 10:48:00,-4,0
2025-09-20 00:00:00,2025-09-20 04:40:00,DL,JFK,ORD,3059,26.33,22.97,0.0,0.0,19.06,-0.5194,-0.2666,36,JFK-ORD,280,0,0,1,0,0,0,0,29,2025-09-20 00:29:00,2025-09-20 05:25:00,45,1
2025-08-21 08:50:00,2025-08-21 11:42:00,AA,LAX,DEN,1710,5.43,7.29,0.0,0.98,13.85,-0.4221,-0.0015,41,LAX-DEN,172,8,0,0,0,0,0,0,0,2025-08-21 08:50:00,2025-08-21 11:50:00,8,0
2025-08-12 05:40:00,2025-08-12 10:09:00,AA,SFO,ORD,2929,22.6,16.44,2.73,5.91,15.44,1.2541,0.5329,11,SFO-ORD,269,5,0,0,0,0,0,0,6,2025-08-12 05:46:00,2025-08-12 10:08:00,-1,0
2025-01-19 01:50:00,2025-01-19 06:05:00,WN,ORD,JFK,2754,1.26,0.0,0.26,1.64,14.6,-0.5728,0.2616,35,ORD-JFK,255,1,0,1,0,0,0,0,3,2025-01-19 01:53:00,2025-01-19 05:56:00,-9,0
2025-08-07 10:50:00,2025-08-07 13:22:00,B6,JFK,ATL,1468,1.93,0.07,0.16,0.0,16.64,-2.8591,0.7139,19,JFK-ATL,152,10,0,0,0,0,0,0,-3,2025-08-07 10:47:00,2025-08-07 13:20:00,-2,0
2025-12-25 05:15:00,2025-12-25 08:19:00,DL,DEN,SFO,1857,3.24,3.8,0.51,0.0,13.83,1.8169,-0.3807,54,DEN-SFO,184,5,1,0,0,0,0,0,8,2025-12-25 05:23:00,2025-12-25 08:10:00,-9,0
2025-01-07 03:00:00,2025-01-07 09:12:00,UA,SFO,ATL,4210,9.84,9.27,7.21,7.15,13.43,0.9683,-0.2559,64,SFO-ATL,372,3,0,1,0,0,0,0,10,2025-01-07 03:10:00,2025-01-07 09:25:00,13,0
2025-06-21 11:40:00,2025-06-21 15:40:00,B6,SFO,SEA,2559,3.48,3.07,0.52,0.0,16.9,0.7663,-0.2454,47,SFO-SEA,240,11,0,0,0,0,0,0,12,2025-06-21 11:52:00,2025-06-21 15:50:00,10,0
2025-06-30 01:20:00,2025-06-30 04:57:00,B6,ATL,JFK,2280,9.47,9.14,0.3,0.0,17.44,0.3364,-0.7584,15,ATL-JFK,217,1,0,1,0,0,0,0,-5,2025-06-30 01:15:00,2025-06-30 04:55:00,-2,0
2025-11-24 23:00:00,2025-11-25 04:27:00,WN,ATL,DEN,3645,7.41,9.34,3.36,3.86,11.35,-0.1178,-0.7302,19,ATL-DEN,327,23,0,1,0,0,0,0,5,2025-11-24 23:05:00,2025-11-25 04:37:00,10,0
2025-04-14 11:15:00,2025-04-14 13:44:00,B6,BOS,ATL,1421,32.47,34.52,1.38,0.0,19.87,-1.9057,0.7333,54,BOS-ATL,149,11,0,0,0,0,0,0,5,2025-04-14 11:20:00,2025-04-14 13:34:00,-10,0
2025-06-23 23:50:00,2025-06-24 02:03:00,UA,DFW,ORD,1222,4.74,1.56,0.33,0.5,19.67,-0.2553,0.8599,21,DFW-ORD,133,23,0,1,0,0,0,0,-1,2025-06-23 23:49:00,2025-06-24 01:55:00,-8,0
2025-09-19 21:15:00,2025-09-20 03:46:00,UA,BOS,SFO,4448,11.07,10.13,0.0,0.73,11.22,-0.2784,-0.7254,43,BOS-SFO,391,21,0,1,0,0,0,0,-3,2025-09-19 21:12:00,2025-09-20 03:44:00,-2,0
2025-01-23 23:15:00,2025-01-24 04:44:00,UA,SEA,ATL,3673,14.52,17.34,1.08,0.68,14.91,-0.1712,-0.8491,72,SEA-ATL,329,23,0,1,0,0,0,0,8,2025-01-23 23:23:00,2025-01-24 04:37:00,-7,0
2025-10-20 13:40:00,2025-10-20 17:01:00,AA,SFO,ORD,2077,0.0,4.14,3.65,3.23,12.12,0.5363,-0.4461,68,SFO-ORD,201,13,0,0,0,0,0,0,9,2025-10-20 13:49:00,2025-10-20 17:01:00,0,0
2025-10-28 10:40:00,2025-10-28 16:57:00,WN,BOS,ATL,4274,24.92,26.48,1.25,1.64,13.06,1.4682,0.6032,31,BOS-ATL,377,10,0,0,0,0,0,0,17,2025-10-28 10:57:00,2025-10-28 17:22:00,25,1
2025-09-20 17:15:00,2025-09-20 20:19:00,DL,SEA,ORD,1860,15.95,18.1,0.0,0.0,17.36,-0.1166,0.4197,82,SEA-ORD,184,17,0,0,0,0,0,0,-10,2025-09-20 17:05:00,2025-09-20 20:17:00,-2,0
2025-08-25 01:45:00,2025-08-25 06:31:00,WN,BOS,ATL,3135,18.93,22.1,0.0,0.0,19.73,-0.2468,0.9681,72,BOS-ATL,286,1,0,1,0,0,0,0,11,2025-08-25 01:56:00,2025-08-25 06:35:00,4,0
2025-09-30 20:30:00,2025-09-30 21:41:00,WN,SEA,SFO,446,13.65,12.93,0.0,0.0,13.26,1.4637,0.9854,90,SEA-SFO,71,20,0,1,0,0,0,0,-6,2025-09-30 20:24:00,2025-09-30 21:53:00,12,0
2025-10-13 07:10:00,2025-10-13 12:03:00,DL,DFW,BOS,3229,5.0,5.78,0.0,0.54,17.01,-0.835,-0.373,48,DFW-BOS,293,7,0,0,0,0,0,0,18,2025-10-13 07:28:00,2025-10-13 12:28:00,25,1
2025-11-26 00:15:00,2025-11-26 02:14:00,WN,ATL,DFW,1048,5.34,5.76,11.82,12.39,9.25,-0.0726,-0.5017,94,ATL-DFW,119,0,0,1,0,0,0,0,12,2025-11-26 00:27:00,2025-11-26 02:17:00,3,0
2025-06-06 05:45:00,2025-06-06 08:05:00,AA,DFW,ORD,1313,19.29,16.67,24.6,24.52,1.38,-0.0128,-0.764,66,DFW-ORD,140,5,0,0,1,1,0,0,2,2025-06-06 05:47:00,2025-06-06 08:15:00,10,0
2025-06-16 05:00:00,2025-06-16 10:31:00,DL,SEA,LAX,3698,6.49,7.83,5.0,6.08,11.85,-0.8342,0.0317,46,SEA-LAX,331,5,0,0,0,0,0,0,24,2025-06-16 05:24:00,2025-06-16 11:00:00,29,1
2025-08-21 00:00:00,2025-08-21 02:08:00,WN,SFO,DFW,1163,3.21,0.0,7.63,9.48,11.01,-0.3819,0.646,34,SFO-DFW,128,0,0,1,0,0,0,0,9,2025-08-21 00:09:00,2025-08-21 02:36:00,28,1
2025-03-12 16:40:00,2025-03-12 20:21:00,WN,BOS,SFO,2327,10.07,5.55,0.97,0.0,17.38,-0.3694,0.46,70,BOS-SFO,221,16,0,0,0,0,0,0,-3,2025-03-12 16:37:00,2025-03-12 20:10:00,-11,0
2025-11-09 02:20:00,2025-11-09 08:28:00,B6,SEA,ATL,4166,9.32,13.13,0.64,2.75,18.94,0.7346,-0.5722,66,SEA-ATL,368,2,0,1,0,0,0,0,7,2025-11-09 02:27:00,2025-11-09 08:29:00,1,0
2025-10-09 20:15:00,2025-10-10 02:35:00,AA,DEN,JFK,4310,21.99,24.38,0.0,0.0,16.12,-0.331,-0.1932,64,DEN-JFK,380,20,0,1,0,0,0,0,0,2025-10-09 20:15:00,2025-10-10 02:24:00,-11,0
2025-08-19 10:20:00,2025-08-19 13:48:00,WN,JFK,SFO,2164,5.69,8.13,0.0,0.0,12.31,-0.3033,0.5908,38,JFK-SFO,208,10,0,0,0,0,0,0,-10,2025-08-19 10:10:00,2025-08-19 13:55:00,7,0
2025-04-21 17:10:00,2025-04-21 18:37:00,DL,ATL,DEN,652,10.6,10.24,0.6,0.37,18.94,0.4324,-0.3077,52,ATL-DEN,87,17,0,0,0,0,0,0,-3,2025-04-21 17:07:00,2025-04-21 18:25:00,-12,0
2025-05-07 08:15:00,2025-05-07 10:50:00,DL,SFO,JFK,1505,8.95,7.91,1.05,2.95,15.78,-0.5275,-0.3725,64,SFO-JFK,155,8,0,0,0,0,0,0,-5,2025-05-07 08:10:00,2025-05-07 11:00:00,10,0
2025-06-08 03:10:00,2025-06-08 07:36:00,AA,SEA,JFK,2886,19.55,18.29,0.42,0.0,18.11,-0.9493,0.5528,58,SEA-JFK,266,3,0,1,0,0,0,0,0,2025-06-08 03:10:00,2025-06-08 07:38:00,2,0
2025-08-30 04:30:00,2025-08-30 07:22:00,DL,LAX,DFW,1715,5.08,3.34,7.81,9.43,11.61,2.6129,-0.1382,72,LAX-DFW,172,4,0,1,0,0,0,0,-5,2025-08-30 04:25:00,2025-08-30 07:09:00,-13,0
2025-10-11 15:40:00,2025-10-11 20:41:00,DL,ORD,BOS,3323,12.46,12.97,1.15,0.0,15.75,-0.0938,-0.9724,76,ORD-BOS,301,15,0,0,0,0,0,0,-10,2025-10-11 15:30:00,2025-10-11 20:38:00,-3,0
2025-09-03 17:50:00,2025-09-04 00:22:00,UA,SEA,JFK,4468,6.19,8.08,12.09,11.03,10.9,0.187,0.7158,95,SEA-JFK,392,17,0,0,1,0,0,0,5,2025-09-03 17:55:00,2025-09-04 00:38:00,16,1
2025-12-06 06:00:00,2025-12-06 10:28:00,AA,BOS,ORD,2908,21.3,23.76,0.0,0.0,17.12,-0.3076,0.8186,85,BOS-ORD,268,6,0,0,0,0,0,0,6,2025-12-06 06:06:00,2025-12-06 10:49:00,21,1
2025-12-17 08:15:00,2025-12-17 12:44:00,UA,DEN,JFK,2924,25.67,29.1,0.0,0.14,17.53,-1.5426,0.6232,15,DEN-JFK,269,8,0,0,0,0,0,0,5,2025-12-17 08:20:00,2025-12-17 12:49:00,5,0
2025-09-15 22:15:00,2025-09-16 02:12:00,WN,ATL,SFO,2525,10.34,11.8,0.22,0.0,10.89,-0.556,0.0056,22,ATL-SFO,237,22,0,1,0,0,0,0,-5,2025-09-15 22:10:00,2025-09-16 01:57:00,-15,0
2025-05-16 20:30:00,2025-05-16 22:32:00,DL,JFK,BOS,1083,12.81,8.62,0.0,0.0,17.33,-1.1542,0.5681,3,JFK-BOS,122,20,0,1,0,0,0,0,2,2025-05-16 20:32:00,2025-05-16 22:25:00,-7,0
2025-08-07 09:30:00,2025-08-07 13:43:00,B6,JFK,SEA,2728,8.77,11.96,0.0,0.0,18.17,0.5058,0.4761,7,JFK-SEA,253,9,0,0,0,0,0,0,4,2025-08-07 09:34:00,2025-08-07 13:39:00,-4,0
2025-06-05 05:50:00,2025-06-05 12:02:00,AA,ATL,LAX,4213,0.59,0.55,0.34,0.0,17.38,0.3775,-0.0989,0,ATL-LAX,372,5,0,0,0,0,0,0,19,2025-06-05 06:09:00,2025-06-05 12:15:00,13,0
2025-08-18 07:50:00,2025-08-18 12:41:00,B6,LAX,SEA,3196,11.71,10.56,0.0,0.86,15.92,0.5415,-0.3024,21,LAX-SEA,291,7,0,0,0,0,0,0,22,2025-08-18 08:12:00,2025-08-18 13:13:00,32,1
2025-10-24 12:45:00,2025-10-24 17:57:00,UA,ATL,SEA,3459,9.41,9.79,0.52,0.0,18.14,-1.0228,0.9043,19,ATL-SEA,312,12,0,0,0,0,0,0,4,2025-10-24 12:49:00,2025-10-24 17:51:00,-6,0
2025-05-15 13:10:00,2025-05-15 18:59:00,DL,SEA,DEN,3925,9.79,8.24,21.33,21.11,0.2,-2.0374,-0.1207,79,SEA-DEN,349,13,0,0,1,1,0,0,20,2025-05-15 13:30:00,2025-05-15 19:32:00,33,1
2025-07-04 04:00:00,2025-07-04 07:09:00,AA,ORD,DEN,1927,8.83,8.6,0.64,0.0,19.86,-2.3096,-0.7253,64,ORD-DEN,189,4,1,1,0,0,1,0,24,2025-07-04 04:24:00,2025-07-04 07:55:00,46,1
2025-01-17 01:50:00,2025-01-17 04:42:00,B6,SEA,DEN,1712,13.68,13.7,3.04,3.93,16.46,0.3606,-0.7406,56,SEA-DEN,172,1,0,1,0,0,0,0,23,2025-01-17 02:13:00,2025-01-17 05:12:00,30,1
2025-09-26 11:50:00,2025-09-26 18:15:00,B6,BOS,JFK,4373,12.22,10.61,0.0,0.0,14.52,-0.4353,-0.2388,19,BOS-JFK,385,11,0,0,0,0,0,0,4,2025-09-26 11:54:00,2025-09-26 18:19:00,4,0
2025-06-28 19:15:00,2025-06-28 22:48:00,AA,SEA,JFK,2230,9.48,13.08,0.0,0.52,18.58,-1.3177,-0.1715,64,SEA-JFK,213,19,0,0,0,0,0,0,0,2025-06-28 19:15:00,2025-06-28 22:39:00,-9,0
2025-06-17 03:00:00,2025-06-17 08:05:00,DL,JFK,ATL,3381,24.36,25.43,0.0,0.0,15.65,0.5095,-0.7371,98,JFK-ATL,305,3,0,1,0,0,0,0,0,2025-06-17 03:00:00,2025-06-17 07:59:00,-6,0
2025-07-14 09:40:00,2025-07-14 14:13:00,UA,SEA,SFO,2970,2.79,1.77,0.0,0.0,15.8,0.8296,-0.1039,75,SEA-SFO,273,9,0,0,0,0,0,0,5,2025-07-14 09:45:00,2025-07-14 14:24:00,11,0
2025-03-20 03:30:00,2025-03-20 05:11:00,DL,ORD,SEA,819,8.13,9.18,0.74,0.0,14.43,-0.0999,-0.5662,5,ORD-SEA,101,3,0,1,0,0,0,0,-1,2025-03-20 03:29:00,2025-03-20 05:16:00,5,0
2025-08-07 05:50:00,2025-08-07 08:35:00,WN,LAX,DFW,1619,16.49,15.62,0.0,0.0,15.18,-0.6237,0.8221,20,LAX-DFW,165,5,0,0,0,0,0,0,9,2025-08-07 05:59:00,2025-08-07 08:50:00,15,1
2025-09-29 14:30:00,2025-09-29 17:19:00,UA,ATL,DEN,1670,3.11,3.79,0.0,1.12,13.8,-0.2644,0.2521,3,ATL-DEN,169,14,0,0,0,0,0,0,-6,2025-09-29 14:24:00,2025-09-29 17:06:00,-13,0
2025-05-08 06:45:00,2025-05-08 08:44:00,UA,ORD,SEA,1050,2.41,0.7,10.13,12.27,11.82,1.1293,-0.1581,68,ORD-SEA,119,6,0,0,0,0,0,0,24,2025-05-08 07:09:00,2025-05-08 09:07:00,23,1
2025-02-17 06:45:00,2025-02-17 12:06:00,WN,JFK,DEN,3572,6.58,6.67,0.0,0.64,16.25,1.0159,0.4094,97,JFK-DEN,321,6,1,0,0,0,0,0,2,2025-02-17 06:47:00,2025-02-17 12:05:00,-1,0
2025-05-22 23:00:00,2025-05-23 05:24:00,AA,SEA,DEN,4357,9.15,10.43,0.24,0.0,13.71,-0.2684,0.8248,16,SEA-DEN,384,23,0,1,0,0,0,0,-10,2025-05-22 22:50:00,2025-05-23 05:19:00,-5,0
2025-03-14 04:10:00,2025-03-14 10:34:00,WN,ORD,SFO,4358,6.58,3.15,0.41,0.02,18.6,0.0947,-0.9203,94,ORD-SFO,384,4,0,1,0,0,0,0,18,2025-03-14 04:28:00,2025-03-14 10:49:00,15,1
2025-05-17 04:45:00,2025-05-17 06:49:00,DL,ATL,SFO,1117,10.84,9.16,0.53,0.29,12.47,4.5067,0.3755,55,ATL-SFO,124,4,0,1,0,0,0,0,10,2025-05-17 04:55:00,2025-05-17 06:41:00,-8,0
2025-08-17 22:10:00,2025-08-18 01:40:00,DL,SFO,LAX,2187,1.01,4.49,0.0,1.08,18.14,2.0731,-0.2913,51,SFO-LAX,210,22,0,1,0,0,0,0,-1,2025-08-17 22:09:00,2025-08-18 01:34:00,-6,0
2025-02-11 13:10:00,2025-02-11 15:27:00,AA,ATL,BOS,1277,4.43,5.09,8.78,9.09,12.14,0.0052,0.2337,12,ATL-BOS,137,13,0,0,0,0,0,0,3,2025-02-11 13:13:00,2025-02-11 15:36:00,9,0
2025-09-30 01:45:00,2025-09-30 03:05:00,AA,DEN,BOS,562,15.54,19.08,0.0,0.41,17.29,1.3902,0.1879,1,DEN-BOS,80,1,0,1,0,0,0,0,13,2025-09-30 01:58:00,2025-09-30 03:12:00,7,0
2025-03-23 10:10:00,2025-03-23 14:37:00,B6,BOS,SFO,2898,12.53,15.75,0.0,0.0,13.05,0.3446,-0.8271,24,BOS-SFO,267,10,0,0,0,0,0,0,9,2025-03-23 10:19:00,2025-03-23 14:37:00,0,0
2025-11-23 13:10:00,2025-11-23 18:58:00,B6,SFO,DEN,3910,6.95,6.01,0.0,0.24,18.37,1.4434,0.3337,52,SFO-DEN,348,13,0,0,0,0,0,0,-10,2025-11-23 13:00:00,2025-11-23 18:44:00,-14,0
2025-09-25 06:00:00,2025-09-25 07:25:00,B6,BOS,ORD,624,11.11,10.51,1.13,0.0,18.9,-0.7528,-0.64,59,BOS-ORD,85,6,0,0,0,0,0,0,6,2025-09-25 06:06:00,2025-09-25 07:12:00,-13,0
2025-04-10 13:20:00,2025-04-10 17:55:00,B6,SEA,DFW,2995,9.79,12.37,3.13,3.42,16.29,0.7025,0.6227,11,SEA-DFW,275,13,0,0,0,0,0,0,8,2025-04-10 13:28:00,2025-04-10 17:53:00,-2,0
2025-07-25 15:40:00,2025-07-25 16:50:00,DL,BOS,JFK,443,9.41,13.34,0.0,0.0,15.27,0.9853,-0.5984,95,BOS-JFK,70,15,0,0,0,0,0,0,-4,2025-07-25 15:36:00,2025-07-25 16:50:00,0,0
2025-02-10 06:40:00,2025-02-10 12:22:00,DL,LAX,SFO,3840,12.33,11.75,0.0,0.41,15.15,-0.0563,-0.2896,18,LAX-SFO,342,6,0,0,0,0,0,0,2,2025-02-10 06:42:00,2025-02-10 12:34:00,12,0
2025-02-06 19:50:00,2025-02-06 21:10:00,WN,ATL,LAX,568,27.09,30.02,0.0,0.64,17.42,-0.4607,0.6387,38,ATL-LAX,80,19,0,0,0,0,0,0,5,2025-02-06 19:55:00,2025-02-06 21:01:00,-9,0
2025-12-15 10:40:00,2025-12-15 14:05:00,UA,DFW,LAX,2129,28.8,29.54,0.0,0.0,17.95,0.1926,-0.5071,40,DFW-LAX,205,10,0,0,0,0,0,0,14,2025-12-15 10:54:00,2025-12-15 14:02:00,-3,0
2025-10-20 23:45:00,2025-10-21 01:25:00,B6,LAX,DFW,817,1.79,4.4,0.0,0.0,10.86,-1.3888,0.2158,63,LAX-DFW,100,23,0,1,0,0,0,0,12,2025-10-20 23:57:00,2025-10-21 01:28:00,3,0
2025-02-26 02:10:00,2025-02-26 05:27:00,AA,ORD,DEN,2031,8.82,8.51,16.19,15.46,10.87,-0.4266,-0.9613,86,ORD-DEN,197,2,0,1,1,0,0,0,20,2025-02-26 02:30:00,2025-02-26 05:50:00,23,1
2025-04-14 07:15:00,2025-04-14 10:38:00,DL,SEA,LAX,2102,2.15,2.7,0.38,1.56,16.21,-0.5831,-0.8437,85,SEA-LAX,203,7,0,0,0,0,0,0,-1,2025-04-14 07:14:00,2025-04-14 10:30:00,-8,0
2025-03-14 17:15:00,2025-03-14 21:15:00,DL,SEA,LAX,2567,13.88,11.16,8.15,10.31,13.89,0.822,0.8191,87,SEA-LAX,240,17,0,0,0,0,0,0,0,2025-03-14 17:15:00,2025-03-14 21:12:00,-3,0
2025-05-25 21:00:00,2025-05-26 02:38:00,WN,JFK,ATL,3782,7.95,6.46,0.0,0.4,16.56,0.4826,-0.8969,29,JFK-ATL,338,21,0,1,0,0,0,0,0,2025-05-25 21:00:00,2025-05-26 02:38:00,0,0
2025-04-17 05:50:00,2025-04-17 12:24:00,WN,DEN,DFW,4485,18.32,22.76,0.86,0.28,11.7,0.6134,-0.5016,50,DEN-DFW,394,5,0,0,0,0,0,0,-2,2025-04-17 05:48:00,2025-04-17 12:19:00,-5,0
2025-04-30 23:10:00,2025-05-01 02:04:00,DL,DEN,LAX,1736,8.58,10.08,0.0,0.0,16.04,1.1454,0.6799,86,DEN-LAX,174,23,0,1,0,0,0,0,-3,2025-04-30 23:07:00,2025-05-01 02:06:00,2,0
2025-07-13 04:20:00,2025-07-13 10:29:00,B6,SFO,ATL,4177,23.41,23.05,0.0,1.31,15.86,-1.1491,0.1432,66,SFO-ATL,369,4,0,1,0,0,0,0,5,2025-07-13 04:25:00,2025-07-13 10:25:00,-4,0
2025-03-11 09:15:00,2025-03-11 12:38:00,AA,LAX,SFO,2095,27.86,30.19,9.53,6.88,8.28,1.586,-0.4644,68,LAX-SFO,203,9,0,0,0,0,0,0,-6,2025-03-11 09:09:00,2025-03-11 12:43:00,5,0
2025-11-19 07:00:00,2025-11-19 08:39:00,AA,SFO,SEA,796,26.36,23.6,0.0,1.19,15.36,0.8836,-0.515,47,SFO-SEA,99,7,0,0,0,0,0,0,6,2025-11-19 07:06:00,2025-11-19 08:34:00,-5,0
2025-09-23 10:50:00,2025-09-23 15:11:00,UA,DFW,LAX,2821,0.38,0.11,0.0,0.03,16.86,-1.4052,-0.4674,22,DFW-LAX,261,10,0,0,0,0,0,0,-2,2025-09-23 10:48:00,2025-09-23 15:14:00,3,0
2025-10-05 21:10:00,2025-10-06 02:12:00,B6,JFK,ATL,3335,9.27,15.66,0.0,0.0,11.68,0.7468,-0.3561,10,JFK-ATL,302,21,0,1,0,0,0,0,47,2025-10-05 21:57:00,2025-10-06 03:19:00,67,1
2025-03-03 17:00:00,2025-03-03 19:41:00,DL,SEA,JFK,1569,8.26,5.52,0.29,0.34,14.46,0.5369,-0.3671,46,SEA-JFK,161,17,0,0,0,0,0,0,1,2025-03-03 17:01:00,2025-03-03 19:50:00,9,0
2025-09-16 19:15:00,2025-09-16 23:32:00,UA,ORD,SFO,2776,7.24,9.09,0.0,0.0,12.94,0.3809,-0.0698,72,ORD-SFO,257,19,0,0,0,0,0,0,-10,2025-09-16 19:05:00,2025-09-16 23:21:00,-11,0
2025-11-02 06:10:00,2025-11-02 09:34:00,B6,BOS,ATL,2116,18.5,16.44,0.0,0.0,16.51,-0.9602,-0.2076,80,BOS-ATL,204,6,0,0,0,0,0,0,10,2025-11-02 06:20:00,2025-11-02 09:34:00,0,0
2025-03-05 22:50:00,2025-03-06 00:38:00,AA,JFK,SEA,909,7.64,6.91,0.33,0.0,18.33,-0.0412,0.5633,90,JFK-SEA,108,22,0,1,0,0,0,0,30,2025-03-05 23:20:00,2025-03-06 01:13:00,35,1
2025-10-02 10:10:00,2025-10-02 13:19:00,B6,BOS,SEA,1922,10.16,8.03,4.19,4.75,12.13,0.6354,0.6735,47,BOS-SEA,189,10,0,0,0,0,0,0,-2,2025-10-02 10:08:00,2025-10-02 13:15:00,-4,0
2025-05-11 15:15:00,2025-05-11 18:38:00,WN,ORD,ATL,2095,12.49,11.03,0.0,0.0,16.06,0.0134,0.0567,91,ORD-ATL,203,15,0,0,0,0,0,0,14,2025-05-11 15:29:00,2025-05-11 18:35:00,-3,0
2025-10-15 16:15:00,2025-10-15 19:09:00,AA,ATL,DEN,1735,2.48,0.19,0.0,0.0,12.85,-1.3462,-0.9418,70,ATL-DEN,174,16,0,0,0,0,0,0,12,2025-10-15 16:27:00,2025-10-15 18:53:00,-16,0
2025-06-24 15:00:00,2025-06-24 21:06:00,UA,SEA,ORD,4143,5.68,8.3,0.02,0.4,14.79,-0.3853,0.1614,80,SEA-ORD,366,15,0,0,0,0,0,0,4,2025-06-24 15:04:00,2025-06-24 21:03:00,-3,0
2025-10-20 14:00:00,2025-10-20 17:09:00,AA,SFO,JFK,1931,18.97,20.32,0.0,0.0,18.24,0.3314,-0.2844,26,SFO-JFK,189,14,0,0,0,0,0,0,-10,2025-10-20 13:50:00,2025-10-20 17:03:00,-6,0
2025-02-23 11:30:00,2025-02-23 15:59:00,AA,ATL,ORD,2930,0.0,0.88,0.07,1.59,17.16,-0.2059,-0.5884,16,ATL-ORD,269,11,0,0,0,0,0,0,-9,2025-02-23 11:21:00,2025-02-23 15:58:00,-1,0
2025-05-23 15:10:00,2025-05-23 16:13:00,DL,LAX,JFK,346,18.0,13.14,0.78,0.86,18.69,1.8585,0.012,25,LAX-JFK,63,15,0,0,0,0,0,0,1,2025-05-23 15:11:00,2025-05-23 16:13:00,0,0
2025-04-10 21:00:00,2025-04-10 23:44:00,B6,ATL,LAX,1615,3.94,7.49,0.0,0.97,17.82,0.7303,0.9965,17,ATL-LAX,164,21,0,1,0,0,0,0,12,2025-04-10 21:12:00,2025-04-10 23:52:00,8,0
2025-04-01 09:15:00,2025-04-01 15:12:00,UA,DFW,JFK,4022,9.17,8.9,1.87,1.86,17.54,0.6914,-0.3964,79,DFW-JFK,357,9,0,0,0,0,0,0,12,2025-04-01 09:27:00,2025-04-01 15:11:00,-1,0
2025-04-23 12:15:00,2025-04-23 18:14:00,DL,DFW,LAX,4048,15.86,15.39,0.19,0.74,16.93,0.1611,-0.7831,66,DFW-LAX,359,12,0,0,0,0,0,0,2,2025-04-23 12:17:00,2025-04-23 18:03:00,-11,0
2025-05-20 04:20:00,2025-05-20 10:47:00,DL,JFK,ORD,4404,2.71,1.81,0.0,0.0,19.38,-0.4565,-0.7769,44,JFK-ORD,387,4,0,1,0,0,0,0,6,2025-05-20 04:26:00,2025-05-20 10:37:00,-10,0
2025-02-16 08:50:00,2025-02-16 10:08:00,B6,SFO,ATL,538,8.19,4.95,0.0,0.0,13.31,1.6809,-0.3564,20,SFO-ATL,78,8,0,0,0,0,0,0,8,2025-02-16 08:58:00,2025-02-16 10:07:00,-1,0
2025-09-16 18:15:00,2025-09-17 00:04:00,WN,JFK,BOS,3922,1.94,4.3,0.0,0.24,13.55,-0.3845,0.1415,68,JFK-BOS,349,18,0,0,0,0,0,0,-6,2025-09-16 18:09:00,2025-09-17 00:12:00,8,0
2025-07-20 15:40:00,2025-07-20 18:09:00,B6,DFW,ATL,1424,14.35,14.85,0.0,1.73,13.74,0.0598,-0.7391,47,DFW-ATL,149,15,0,0,0,0,0,0,1,2025-07-20 15:41:00,2025-07-20 18:17:00,8,0
2025-10-30 05:45:00,2025-10-30 06:46:00,UA,ATL,SEA,324,6.62,7.34,0.53,0.89,16.49,-0.0945,0.5081,98,ATL-SEA,61,5,0,0,0,0,0,0,18,2025-10-30 06:03:00,2025-10-30 07:09:00,23,1
2025-09-15 13:00:00,2025-09-15 14:30:00,WN,SEA,ORD,688,2.23,2.79,9.69,9.6,12.03,-1.3922,0.8792,32,SEA-ORD,90,13,0,0,0,0,0,0,4,2025-09-15 13:04:00,2025-09-15 14:29:00,-1,0
2025-02-24 19:30:00,2025-02-25 00:41:00,AA,DEN,ATL,3453,8.2,11.44,0.3,0.06,15.27,0.434,0.9839,99,DEN-ATL,311,19,0,0,0,0,0,0,-8,2025-02-24 19:22:00,2025-02-25 00:35:00,-6,0
2025-01-26 02:20:00,2025-01-26 06:38:00,WN,JFK,ATL,2785,0.71,4.01,0.03,0.0,12.43,0.9667,0.1,50,JFK-ATL,258,2,0,1,0,0,0,0,5,2025-01-26 02:25:00,2025-01-26 06:30:00,-8,0
2025-06-04 01:30:00,2025-06-04 05:42:00,WN,ATL,DEN,2707,4.52,7.37,5.14,4.76,14.48,-0.5811,-0.8004,48,ATL-DEN,252,1,0,1,0,0,0,0,6,2025-06-04 01:36:00,2025-06-04 05:36:00,-6,0
2025-06-25 09:10:00,2025-06-25 15:05:00,B6,DEN,SEA,4004,4.81,4.55,0.74,0.0,15.43,-0.3032,0.6669,76,DEN-SEA,355,9,0,0,0,0,0,0,10,2025-06-25 09:20:00,2025-06-25 15:18:00,13,0
2025-03-29 15:20:00,2025-03-29 16:51:00,DL,JFK,DEN,695,11.64,10.0,0.23,1.44,16.26,-0.8282,0.7397,56,JFK-DEN,91,15,0,0,0,0,0,0,6,2025-03-29 15:26:00,2025-03-29 16:53:00,2,0
2025-10-13 07:00:00,2025-10-13 08:27:00,UA,SFO,JFK,647,10.35,12.56,0.54,0.12,16.06,1.7875,-0.4237,3,SFO-JFK,87,7,0,0,0,0,0,0,2,2025-10-13 07:02:00,2025-10-13 08:23:00,-4,0
2025-08-01 19:50:00,2025-08-02 02:02:00,WN,DEN,DFW,4218,4.27,6.87,0.79,0.26,19.14,0.4259,0.1763,30,DEN-DFW,372,19,0,0,0,0,0,0,18,2025-08-01 20:08:00,2025-08-02 02:24:00,22,1
2025-10-01 20:30:00,2025-10-02 00:53:00,WN,LAX,BOS,2846,24.59,23.92,0.38,0.0,17.33,1.3103,-0.3829,10,LAX-BOS,263,20,0,1,0,0,0,0,0,2025-10-01 20:30:00,2025-10-02 00:55:00,2,0
2025-02-09 12:00:00,2025-02-09 17:20:00,B6,SEA,LAX,3560,18.92,19.25,0.19,0.0,17.94,-0.4186,0.3729,59,SEA-LAX,320,12,0,0,0,0,0,0,-5,2025-02-09 11:55:00,2025-02-09 17:16:00,-4,0
2025-10-25 09:30:00,2025-10-25 13:25:00,DL,DFW,SEA,2504,4.29,4.2,0.29,0.0,11.29,0.5509,0.521,63,DFW-SEA,235,9,0,0,0,0,0,0,11,2025-10-25 09:41:00,2025-10-25 13:44:00,19,1
2025-03-17 01:50:00,2025-03-17 03:38:00,AA,DEN,LAX,910,37.88,39.7,2.88,3.17,14.89,-1.5694,-0.3193,83,DEN-LAX,108,1,0,1,0,0,0,0,12,2025-03-17 02:02:00,2025-03-17 03:53:00,15,1
2025-06-13 19:40:00,2025-06-13 23:35:00,B6,ATL,SEA,2495,16.36,13.7,4.9,4.31,13.91,-0.6045,-0.9592,80,ATL-SEA,235,19,0,0,0,0,0,0,-10,2025-06-13 19:30:00,2025-06-13 23:39:00,4,0
2025-06-10 21:15:00,2025-06-11 03:38:00,UA,SFO,JFK,4348,11.81,10.67,5.15,4.79,15.48,2.028,-0.2032,16,SFO-JFK,383,21,0,1,0,0,0,0,-5,2025-06-10 21:10:00,2025-06-11 03:43:00,5,0
2025-10-27 10:50:00,2025-10-27 12:29:00,AA,ATL,SEA,794,12.49,11.28,0.0,0.0,19.32,0.406,-0.5632,47,ATL-SEA,99,10,0,0,0,0,0,0,-5,2025-10-27 10:45:00,2025-10-27 12:29:00,0,0
2025-04-12 12:10:00,2025-04-12 13:51:00,B6,BOS,LAX,830,1.14,3.34,1.05,0.0,16.77,-0.3307,-0.1619,6,BOS-LAX,101,12,0,0,0,0,0,0,-10,2025-04-12 12:00:00,2025-04-12 13:43:00,-8,0
2025-03-29 18:10:00,2025-03-29 21:05:00,B6,BOS,ATL,1755,21.77,22.37,0.31,0.0,17.59,-1.8418,0.9649,51,BOS-ATL,175,18,0,0,0,0,0,0,0,2025-03-29 18:10:00,2025-03-29 20:50:00,-15,0
2025-05-04 16:10:00,2025-05-04 19:42:00,AA,ORD,DFW,2209,1.81,0.0,17.52,17.45,8.13,0.1806,-0.9334,42,ORD-DFW,212,16,0,0,1,0,0,0,34,2025-05-04 16:44:00,2025-05-04 20:59:00,77,1
2025-05-12 03:50:00,2025-05-12 08:20:00,B6,DFW,SFO,2940,12.84,14.62,0.0,0.24,15.24,-0.4214,-0.3357,54,DFW-SFO,270,3,0,1,0,0,0,0,3,2025-05-12 03:53:00,2025-05-12 08:19:00,-1,0
2025-03-08 16:40:00,2025-03-08 18:32:00,WN,ORD,DFW,967,22.4,22.4,10.45,12.62,12.53,0.8473,-0.003,50,ORD-DFW,112,16,0,0,0,0,0,0,13,2025-03-08 16:53:00,2025-03-08 18:55:00,23,1
2025-03-06 22:30:00,2025-03-07 04:43:00,AA,LAX,SEA,4222,5.1,5.59,0.0,0.0,15.49,-1.4535,-0.0414,97,LAX-SEA,373,22,0,1,0,0,0,0,1,2025-03-06 22:31:00,2025-03-07 04:32:00,-11,0
2025-03-26 18:40:00,2025-03-26 20:29:00,DL,ATL,LAX,930,16.59,18.7,0.15,0.98,18.09,0.8897,-0.5812,2,ATL-LAX,109,18,0,0,0,0,0,0,14,2025-03-26 18:54:00,2025-03-26 20:39:00,10,0
2025-06-20 11:15:00,2025-06-20 13:21:00,AA,DEN,DFW,1140,11.41,9.2,0.0,0.5,17.65,-0.4537,0.5447,68,DEN-DFW,126,11,0,0,0,0,0,0,5,2025-06-20 11:20:00,2025-06-20 13:17:00,-4,0
2025-05-06 12:00:00,2025-05-06 18:24:00,UA,ATL,SEA,4364,20.24,15.98,4.43,4.92,14.76,-1.037,-0.4132,36,ATL-SEA,384,12,0,0,0,0,0,0,12,2025-05-06 12:12:00,2025-05-06 18:56:00,32,1
2025-05-24 06:45:00,2025-05-24 09:50:00,B6,ATL,ORD,1881,19.66,20.2,1.24,0.0,15.83,0.1845,-0.662,79,ATL-ORD,185,6,0,0,0,0,0,0,-7,2025-05-24 06:38:00,2025-05-24 09:43:00,-7,0
2025-09-20 15:50:00,2025-09-20 20:01:00,WN,JFK,SEA,2702,23.15,25.97,0.19,1.12,18.43,1.8171,0.7127,14,JFK-SEA,251,15,0,0,0,0,0,0,9,2025-09-20 15:59:00,2025-09-20 20:24:00,23,1
2025-03-29 05:00:00,2025-03-29 08:25:00,UA,DEN,LAX,2126,23.04,20.96,0.19,0.0,14.3,0.7222,0.6024,99,DEN-LAX,205,5,0,0,0,0,0,0,38,2025-03-29 05:38:00,2025-03-29 08:54:00,29,1
2025-11-29 08:00:00,2025-11-29 10:26:00,B6,ATL,LAX,1388,0.81,4.37,3.39,3.11,15.56,0.3093,0.1333,97,ATL-LAX,146,8,0,0,0,0,0,0,7,2025-11-29 08:07:00,2025-11-29 10:55:00,29,1
2025-10-02 06:30:00,2025-10-02 10:19:00,B6,DFW,BOS,2428,2.16,5.17,0.64,0.0,18.22,-0.5377,-0.5526,89,DFW-BOS,229,6,0,0,0,0,0,0,-2,2025-10-02 06:28:00,2025-10-02 10:19:00,0,0
2025-03-05 08:00:00,2025-03-05 13:20:00,B6,JFK,DFW,3560,16.22,15.21,4.59,3.72,17.81,1.417,0.8925,61,JFK-DFW,320,8,0,0,0,0,0,0,8,2025-03-05 08:08:00,2025-03-05 13:06:00,-14,0
2025-04-25 08:40:00,2025-04-25 09:43:00,DL,SFO,DEN,348,21.42,18.35,0.0,0.0,16.32,0.3476,-0.4406,67,SFO-DEN,63,8,0,0,0,0,0,0,-1,2025-04-25 08:39:00,2025-04-25 09:41:00,-2,0
2025-03-08 01:50:00,2025-03-08 07:43:00,B6,LAX,DEN,3976,2.96,6.99,0.0,0.88,18.78,-1.9746,-0.0336,63,LAX-DEN,353,1,0,1,0,0,0,0,5,2025-03-08 01:55:00,2025-03-08 07:53:00,10,0
2025-04-10 17:15:00,2025-04-10 19:16:00,AA,DFW,LAX,1074,14.65,15.55,0.88,0.0,18.62,0.7613,0.8009,61,DFW-LAX,121,17,0,0,0,0,0,0,10,2025-04-10 17:25:00,2025-04-10 19:10:00,-6,0
2025-05-14 10:15:00,2025-05-14 16:22:00,B6,JFK,DFW,4153,23.72,25.24,0.14,0.0,17.44,0.2392,0.5189,1,JFK-DFW,367,10,0,0,0,0,0,0,-10,2025-05-14 10:05:00,2025-05-14 16:26:00,4,0
2025-02-17 22:45:00,2025-02-18 05:07:00,DL,ATL,BOS,4341,17.87,18.03,0.0,0.17,13.79,-0.123,-0.0393,22,ATL-BOS,382,22,1,1,0,0,1,0,24,2025-02-17 23:09:00,2025-02-18 05:38:00,31,1
2025-01-06 04:15:00,2025-01-06 10:27:00,AA,DFW,ATL,4218,15.48,15.94,3.97,3.46,14.58,1.2392,-0.0944,5,DFW-ATL,372,4,0,1,0,0,0,0,-5,2025-01-06 04:10:00,2025-01-06 10:12:00,-15,0
2025-06-10 16:10:00,2025-06-10 20:48:00,AA,LAX,SEA,3033,8.65,10.52,0.0,1.55,16.73,-0.7414,-0.4172,20,LAX-SEA,278,16,0,0,0,0,0,0,2,2025-06-10 16:12:00,2025-06-10 20:42:00,-6,0
2025-09-13 04:00:00,2025-09-13 10:03:00,WN,ATL,DFW,4103,8.72,12.63,0.76,0.04,18.06,-0.5312,0.5854,33,ATL-DFW,363,4,0,1,0,0,0,0,12,2025-09-13 04:12:00,2025-09-13 10:09:00,6,0
2025-04-21 13:45:00,2025-04-21 19:33:00,DL,SFO,LAX,3910,32.67,33.75,0.0,0.21,16.7,-0.1824,0.8932,84,SFO-LAX,348,13,0,0,0,0,0,0,-2,2025-04-21 13:43:00,2025-04-21 19:36:00,3,0
2025-11-11 11:50:00,2025-11-11 16:24:00,WN,JFK,SFO,2983,1.21,0.48,28.24,27.98,0.2,0.4069,0.7246,13,JFK-SFO,274,11,0,0,1,1,0,1,78,2025-11-11 13:08:00,2025-11-11 18:25:00,121,1
2025-05-15 10:00:00,2025-05-15 15:59:00,DL,SEA,BOS,4046,8.38,7.82,0.49,0.57,17.3,-0.6161,-0.098,31,SEA-BOS,359,10,0,0,0,0,0,0,7,2025-05-15 10:07:00,2025-05-15 15:56:00,-3,0
2025-11-25 15:45:00,2025-11-25 18:39:00,AA,DEN,SFO,1738,4.53,2.26,0.15,0.71,13.95,-1.0021,0.9286,9,DEN-SFO,174,15,0,0,0,0,0,0,-10,2025-11-25 15:35:00,2025-11-25 18:32:00,-7,0
2025-03-28 19:10:00,2025-03-29 00:49:00,DL,SEA,ORD,3805,2.93,0.0,22.72,22.88,4.1,-0.2107,-0.9733,31,SEA-ORD,339,19,0,0,1,1,0,0,32,2025-03-28 19:42:00,2025-03-29 01:30:00,41,1
2025-07-16 07:10:00,2025-07-16 13:20:00,DL,DFW,LAX,4187,15.84,13.33,14.72,14.75,7.76,-0.5122,-0.3629,30,DFW-LAX,370,7,0,0,1,0,0,0,1,2025-07-16 07:11:00,2025-07-16 13:27:00,7,0
2025-10-06 20:20:00,2025-10-07 00:52:00,UA,SFO,DFW,2967,13.66,15.3,0.46,0.0,18.65,1.6396,0.5868,62,SFO-DFW,272,20,0,1,0,0,0,0,7,2025-10-06 20:27:00,2025-10-07 00:47:00,-5,0
2025-01-22 04:20:00,2025-01-22 06:00:00,DL,JFK,ORD,814,12.46,13.13,0.0,0.06,12.89,-2.0677,0.9178,94,JFK-ORD,100,4,0,1,0,0,0,0,-1,2025-01-22 04:19:00,2025-01-22 06:01:00,1,0
2025-12-06 07:45:00,2025-12-06 09:56:00,DL,LAX,BOS,1199,11.94,12.08,0.12,0.0,12.48,0.87,0.9351,95,LAX-BOS,131,7,0,0,0,0,0,0,-4,2025-12-06 07:41:00,2025-12-06 09:56:00,0,0
2025-05-14 07:40:00,2025-05-14 09:36:00,WN,BOS,DEN,1008,18.6,15.42,12.94,10.79,11.02,-2.0598,0.0191,93,BOS-DEN,116,7,0,0,1,0,0,0,24,2025-05-14 08:04:00,2025-05-14 10:11:00,35,1
2025-07-01 22:10:00,2025-07-02 02:08:00,DL,SFO,DEN,2539,8.45,11.21,0.54,0.0,18.34,-0.0968,0.9025,12,SFO-DEN,238,22,0,1,0,0,0,0,10,2025-07-01 22:20:00,2025-07-02 02:10:00,2,0
2025-08-18 02:30:00,2025-08-18 05:55:00,UA,BOS,DEN,2122,12.86,13.35,0.0,0.0,16.8,-1.1008,0.2096,57,BOS-DEN,205,2,0,1,0,0,0,0,-3,2025-08-18 02:27:00,2025-08-18 05:53:00,-2,0
2025-08-23 09:50:00,2025-08-23 15:27:00,DL,ATL,ORD,3774,10.95,7.4,0.0,0.0,14.56,-1.5708,0.4776,39,ATL-ORD,337,9,0,0,0,0,0,0,0,2025-08-23 09:50:00,2025-08-23 15:33:00,6,0
2025-01-09 10:40:00,2025-01-09 13:14:00,B6,DFW,SFO,1491,17.74,17.12,6.5,5.36,9.34,1.3018,0.0995,48,DFW-SFO,154,10,0,0,0,0,0,0,10,2025-01-09 10:50:00,2025-01-09 13:17:00,3,0
2025-11-13 19:10:00,2025-11-13 21:05:00,B6,SEA,LAX,995,23.34,25.81,0.0,0.09,16.86,0.7074,-0.4176,48,SEA-LAX,115,19,0,0,0,0,0,0,2,2025-11-13 19:12:00,2025-11-13 21:09:00,4,0
2025-08-16 11:10:00,2025-08-16 15:36:00,AA,SFO,DEN,2886,19.23,20.24,0.0,0.71,16.7,0.0406,-0.6357,36,SFO-DEN,266,11,0,0,0,0,0,0,-2,2025-08-16 11:08:00,2025-08-16 15:33:00,-3,0
2025-12-31 23:20:00,2026-01-01 01:06:00,B6,SEA,LAX,883,28.38,26.08,0.0,0.29,14.53,0.1088,0.2913,62,SEA-LAX,106,23,1,1,0,0,1,0,13,2025-12-31 23:33:00,2026-01-01 01:30:00,24,1
2025-06-22 17:20:00,2025-06-22 23:23:00,UA,JFK,SEA,4102,6.44,4.7,1.27,0.43,17.77,-0.7861,0.7312,98,JFK-SEA,363,17,0,0,0,0,0,0,10,2025-06-22 17:30:00,2025-06-22 23:28:00,5,0
2025-08-12 16:15:00,2025-08-12 17:41:00,B6,SFO,JFK,640,4.21,7.58,0.38,0.95,16.35,-0.4827,0.2304,41,SFO-JFK,86,16,0,0,0,0,0,0,7,2025-08-12 16:22:00,2025-08-12 17:43:00,2,0
2025-06-10 18:00:00,2025-06-10 21:44:00,AA,JFK,BOS,2362,11.79,13.99,0.0,0.0,16.25,-0.7114,0.1561,22,JFK-BOS,224,18,0,0,0,0,0,0,-2,2025-06-10 17:58:00,2025-06-10 21:51:00,7,0
2025-11-21 03:00:00,2025-11-21 09:18:00,WN,JFK,DFW,4284,9.41,5.69,16.93,13.99,6.99,-0.5473,-0.1425,23,JFK-DFW,378,3,0,1,1,0,0,0,32,2025-11-21 03:32:00,2025-11-21 10:13:00,55,1
2025-10-31 10:30:00,2025-10-31 14:35:00,B6,BOS,DFW,2626,15.02,14.49,0.69,0.0,15.61,-0.234,-0.2548,33,BOS-DFW,245,10,0,0,0,0,0,0,6,2025-10-31 10:36:00,2025-10-31 14:34:00,-1,0
2025-11-28 14:50:00,2025-11-28 20:21:00,DL,SEA,BOS,3694,11.72,13.54,0.0,0.5,19.47,1.3088,0.8546,67,SEA-BOS,331,14,0,0,0,0,0,0,3,2025-11-28 14:53:00,2025-11-28 20:18:00,-3,0
2025-07-04 05:30:00,2025-07-04 08:51:00,DL,DEN,DFW,2077,3.67,7.32,0.0,0.2,15.25,0.5713,-0.862,64,DEN-DFW,201,5,1,0,0,0,0,0,-10,2025-07-04 05:20:00,2025-07-04 08:44:00,-7,0
2025-10-16 02:20:00,2025-10-16 07:33:00,B6,BOS,SFO,3470,14.11,13.86,0.91,0.7,18.23,0.289,0.1398,23,BOS-SFO,313,2,0,1,0,0,0,0,2,2025-10-16 02:22:00,2025-10-16 07:25:00,-8,0
2025-05-11 03:50:00,2025-05-11 08:47:00,DL,DFW,ORD,3271,3.05,3.83,0.0,2.84,15.38,-1.0146,-0.7122,73,DFW-ORD,297,3,0,1,0,0,0,0,-1,2025-05-11 03:49:00,2025-05-11 08:42:00,-5,0
2025-06-18 18:40:00,2025-06-18 22:32:00,B6,LAX,DFW,2457,23.69,24.23,0.0,0.22,15.23,0.4253,0.1536,13,LAX-DFW,232,18,0,0,0,0,0,0,7,2025-06-18 18:47:00,2025-06-18 22:24:00,-8,0
2025-10-05 15:40:00,2025-10-05 17:13:00,DL,DEN,ORD,722,7.18,11.02,0.0,0.0,15.5,-2.5119,-0.294,0,DEN-ORD,93,15,0,0,0,0,0,0,14,2025-10-05 15:54:00,2025-10-05 17:18:00,5,0
2025-01-30 06:30:00,2025-01-30 12:55:00,UA,DFW,JFK,4378,7.31,7.88,0.0,0.35,18.47,-0.7149,-0.8042,18,DFW-JFK,385,6,0,0,0,0,0,0,21,2025-01-30 06:51:00,2025-01-30 13:32:00,37,1
2025-09-17 17:45:00,2025-09-17 19:00:00,AA,DEN,ORD,504,9.75,12.23,0.96,0.0,21.33,-1.2558,-0.8827,23,DEN-ORD,75,17,0,0,0,0,0,0,31,2025-09-17 18:16:00,2025-09-17 19:19:00,19,1
2025-01-06 16:30:00,2025-01-06 19:29:00,B6,LAX,ORD,1799,11.28,11.91,0.86,0.75,14.45,-0.3942,0.5921,91,LAX-ORD,179,16,0,0,0,0,0,0,-10,2025-01-06 16:20:00,2025-01-06 19:33:00,4,0
2025-07-31 19:30:00,2025-08-01 00:04:00,DL,ORD,BOS,2993,4.01,8.51,0.0,0.0,14.65,-0.3097,-0.9139,15,ORD-BOS,274,19,0,0,0,0,0,0,0,2025-07-31 19:30:00,2025-08-01 00:06:00,2,0
2025-06-24 21:30:00,2025-06-25 02:47:00,WN,ORD,DFW,3530,5.27,9.18,0.0,1.68,14.84,-0.4567,0.9481,70,ORD-DFW,317,21,0,1,0,0,0,0,8,2025-06-24 21:38:00,2025-06-25 03:00:00,13,0
2025-06-21 21:45:00,2025-06-22 01:44:00,DL,BOS,ORD,2546,1.64,0.0,4.09,1.6,12.96,-0.0411,-0.3537,9,BOS-ORD,239,21,0,1,0,0,0,0,20,2025-06-21 22:05:00,2025-06-22 02:08:00,24,1
2025-06-30 04:50:00,2025-06-30 08:04:00,AA,DFW,LAX,1985,19.28,17.61,0.54,0.0,17.55,0.127,0.9588,78,DFW-LAX,194,4,0,1,0,0,0,0,11,2025-06-30 05:01:00,2025-06-30 08:11:00,7,0
2025-06-29 18:15:00,2025-06-29 21:31:00,AA,LAX,BOS,2010,23.97,26.22,0.0,0.0,16.02,1.3162,-0.1922,75,LAX-BOS,196,18,0,0,0,0,0,0,8,2025-06-29 18:23:00,2025-06-29 21:29:00,-2,0
2025-05-29 09:40:00,2025-05-29 16:07:00,AA,BOS,SEA,4397,19.31,19.97,0.46,0.0,18.14,-0.8329,0.587,28,BOS-SEA,387,9,0,0,0,0,0,0,11,2025-05-29 09:51:00,2025-05-29 16:16:00,9,0
2025-06-14 09:00:00,2025-06-14 11:51:00,UA,ATL,BOS,1702,5.88,4.66,0.45,0.62,16.69,-0.8566,-0.6508,63,ATL-BOS,171,9,0,0,0,0,0,0,5,2025-06-14 09:05:00,2025-06-14 11:55:00,4,0
2025-07-27 15:30:00,2025-07-27 21:16:00,AA,DEN,SFO,3889,13.04,13.93,21.53,21.83,5.66,-0.1313,-0.5944,48,DEN-SFO,346,15,0,0,1,1,0,1,30,2025-07-27 16:00:00,2025-07-27 22:04:00,48,1
2025-10-06 14:50:00,2025-10-06 16:06:00,AA,ORD,DEN,517,15.16,12.66,0.0,1.33,16.43,0.2802,0.229,67,ORD-DEN,76,14,0,0,0,0,0,0,-8,2025-10-06 14:42:00,2025-10-06 16:01:00,-5,0
2025-07-21 10:40:00,2025-07-21 15:21:00,B6,LAX,DEN,3069,2.09,0.94,0.0,0.0,18.67,0.0146,0.8917,78,LAX-DEN,281,10,0,0,0,0,0,0,1,2025-07-21 10:41:00,2025-07-21 15:26:00,5,0
2025-08-23 23:15:00,2025-08-24 04:03:00,UA,BOS,ATL,3158,7.16,6.78,0.0,0.0,13.58,1.8034,0.8095,24,BOS-ATL,288,23,0,1,0,0,0,0,-1,2025-08-23 23:14:00,2025-08-24 04:04:00,1,0
2025-11-02 04:30:00,2025-11-02 09:16:00,AA,ORD,SFO,3137,14.05,13.6,0.0,2.01,13.8,0.8234,0.527,49,ORD-SFO,286,4,0,1,0,0,0,0,-9,2025-11-02 04:21:00,2025-11-02 09:11:00,-5,0
2025-12-28 02:15:00,2025-12-28 05:36:00,AA,BOS,JFK,2070,0.6,0.58,8.46,7.66,4.23,1.3501,0.6103,99,BOS-JFK,201,2,0,1,0,1,0,0,5,2025-12-28 02:20:00,2025-12-28 05:34:00,-2,0
2025-02-09 00:20:00,2025-02-09 05:11:00,UA,ORD,SEA,3201,4.31,2.77,0.12,0.0,17.31,0.4289,0.9956,27,ORD-SEA,291,0,0,1,0,0,0,0,17,2025-02-09 00:37:00,2025-02-09 05:45:00,34,1
2025-09-18 19:10:00,2025-09-18 22:39:00,DL,LAX,SEA,2170,15.98,15.72,0.0,0.0,17.91,0.0604,0.5194,94,LAX-SEA,209,19,0,0,0,0,0,0,4,2025-09-18 19:14:00,2025-09-18 22:39:00,0,0
2025-03-24 09:30:00,2025-03-24 13:48:00,DL,BOS,ATL,2793,5.7,3.69,0.3,0.0,18.44,-2.5556,-0.2353,58,BOS-ATL,258,9,0,0,0,0,0,0,17,2025-03-24 09:47:00,2025-03-24 14:11:00,23,1
2025-03-13 10:10:00,2025-03-13 16:09:00,WN,DFW,ORD,4052,3.02,4.34,0.16,0.69,15.59,0.0226,-0.3445,43,DFW-ORD,359,10,0,0,0,0,0,0,-8,2025-03-13 10:02:00,2025-03-13 16:10:00,1,0
2025-10-17 15:20:00,2025-10-17 20:05:00,UA,SEA,DFW,3124,19.0,17.51,0.0,0.41,17.18,-0.3545,0.0028,71,SEA-DFW,285,15,0,0,0,0,0,0,-7,2025-10-17 15:13:00,2025-10-17 19:51:00,-14,0
2025-01-26 10:50:00,2025-01-26 15:57:00,B6,DFW,SFO,3397,3.84,5.67,1.89,1.71,12.82,-0.3283,0.8736,16,DFW-SFO,307,10,0,0,0,0,0,0,-5,2025-01-26 10:45:00,2025-01-26 15:56:00,-1,0
2025-11-06 13:45:00,2025-11-06 20:10:00,WN,ORD,BOS,4369,19.14,16.08,11.09,9.8,12.11,0.9572,-0.9684,36,ORD-BOS,385,13,0,0,0,0,0,0,-3,2025-11-06 13:42:00,2025-11-06 20:08:00,-2,0
2025-10-09 01:20:00,2025-10-09 03:33:00,DL,ORD,ATL,1221,29.33,27.36,0.0,0.0,16.34,-1.3595,0.846,24,ORD-ATL,133,1,0,1,0,0,0,0,21,2025-10-09 01:41:00,2025-10-09 03:49:00,16,1
2025-12-30 03:50:00,2025-12-30 08:07:00,B6,ATL,LAX,2769,1.92,6.32,0.02,0.0,17.43,1.0543,0.8566,5,ATL-LAX,257,3,0,1,0,0,0,0,2,2025-12-30 03:52:00,2025-12-30 08:03:00,-4,0
2025-09-01 22:00:00,2025-09-02 02:40:00,UA,SFO,JFK,3060,8.42,8.75,10.02,10.49,12.73,0.5951,-0.7543,53,SFO-JFK,280,22,1,1,0,0,1,0,10,2025-09-01 22:10:00,2025-09-02 03:03:00,23,1
2025-11-15 10:50:00,2025-11-15 15:43:00,WN,DFW,JFK,3220,10.07,10.97,0.0,0.17,14.63,0.1849,-0.9461,34,DFW-JFK,293,10,0,0,0,0,0,0,5,2025-11-15 10:55:00,2025-11-15 15:42:00,-1,0
2025-02-13 04:15:00,2025-02-13 05:58:00,UA,SEA,DEN,855,19.94,17.65,15.91,14.45,9.38,0.773,0.2264,73,SEA-DEN,103,4,0,1,1,0,0,0,42,2025-02-13 04:57:00,2025-02-13 06:46:00,48,1
2025-11-21 08:45:00,2025-11-21 13:59:00,AA,JFK,BOS,3492,6.58,7.18,1.26,1.42,15.32,-1.8372,-0.8646,76,JFK-BOS,314,8,0,0,0,0,0,0,8,2025-11-21 08:53:00,2025-11-21 14:16:00,17,1
2025-02-28 08:50:00,2025-02-28 10:54:00,DL,LAX,SFO,1115,0.66,2.06,0.0,0.0,18.37,0.335,0.4646,7,LAX-SFO,124,8,0,0,0,0,0,0,1,2025-02-28 08:51:00,2025-02-28 10:56:00,2,0
2025-04-25 06:30:00,2025-04-25 09:46:00,DL,DFW,ORD,2017,2.89,6.15,0.0,0.0,13.95,-1.5345,-0.2791,60,DFW-ORD,196,6,0,0,0,0,0,0,-2,2025-04-25 06:28:00,2025-04-25 09:50:00,4,0
2025-02-16 07:30:00,2025-02-16 12:29:00,DL,SEA,SFO,3299,7.25,7.38,0.26,0.08,10.44,0.303,-0.4114,85,SEA-SFO,299,7,0,0,0,0,0,0,10,2025-02-16 07:40:00,2025-02-16 12:38:00,9,0
2025-05-27 17:40:00,2025-05-27 20:07:00,DL,BOS,DEN,1404,17.72,16.31,15.06,14.16,2.56,-1.2557,-0.4869,13,BOS-DEN,147,17,0,0,1,1,0,0,45,2025-05-27 18:25:00,2025-05-27 21:11:00,64,1
2025-10-01 02:10:00,2025-10-01 03:51:00,WN,SFO,SEA,828,10.41,9.26,0.0,0.18,10.06,-0.8541,0.6669,22,SFO-SEA,101,2,0,1,0,0,0,0,2,2025-10-01 02:12:00,2025-10-01 03:44:00,-7,0
2025-04-08 07:10:00,2025-04-08 11:56:00,B6,BOS,DFW,3136,17.07,16.25,0.66,0.0,20.57,-0.5121,0.8779,41,BOS-DFW,286,7,0,0,0,0,0,0,1,2025-04-08 07:11:00,2025-04-08 11:57:00,1,0
2025-10-28 11:15:00,2025-10-28 13:48:00,DL,SEA,SFO,1476,5.44,6.14,0.0,0.0,12.23,-0.3433,-0.8154,85,SEA-SFO,153,11,0,0,0,0,0,0,-7,2025-10-28 11:08:00,2025-10-28 13:50:00,2,0
2025-08-10 12:20:00,2025-08-10 17:57:00,UA,ATL,SEA,3770,11.08,13.81,0.13,0.47,19.28,0.1296,-0.7436,61,ATL-SEA,337,12,0,0,0,0,0,0,0,2025-08-10 12:20:00,2025-08-10 18:13:00,16,1
2025-08-18 21:40:00,2025-08-19 03:41:00,UA,ATL,BOS,4071,17.87,17.57,0.0,0.0,15.9,0.6459,0.4564,56,ATL-BOS,361,21,0,1,0,0,0,0,0,2025-08-18 21:40:00,2025-08-19 03:42:00,1,0
2025-12-09 22:15:00,2025-12-10 01:12:00,AA,ATL,SFO,1769,19.71,21.57,11.47,13.91,8.88,2.3373,0.8319,70,ATL-SFO,177,22,0,1,0,0,0,0,-6,2025-12-09 22:09:00,2025-12-10 01:15:00,3,0
2025-06-07 07:30:00,2025-06-07 12:37:00,DL,JFK,LAX,3400,30.49,33.37,0.0,1.79,18.65,-0.7419,0.8531,53,JFK-LAX,307,7,0,0,0,0,0,0,2,2025-06-07 07:32:00,2025-06-07 12:32:00,-5,0
2025-05-06 12:00:00,2025-05-06 14:14:00,WN,DEN,ORD,1241,10.75,13.11,5.19,5.35,7.05,0.0601,0.751,65,DEN-ORD,134,12,0,0,0,0,0,0,-10,2025-05-06 11:50:00,2025-05-06 14:07:00,-7,0
2025-12-30 00:00:00,2025-12-30 06:11:00,WN,LAX,DFW,4203,3.72,0.07,21.56,22.34,6.42,-0.1584,-0.2082,19,LAX-DFW,371,0,0,1,1,0,0,0,5,2025-12-30 00:05:00,2025-12-30 06:25:00,14,0
2025-07-23 14:50:00,2025-07-23 17:12:00,WN,SEA,BOS,1332,12.39,13.93,1.82,1.21,16.19,-1.1363,-0.9719,35,SEA-BOS,142,14,0,0,0,0,0,0,10,2025-07-23 15:00:00,2025-07-23 17:33:00,21,1
2025-08-13 03:45:00,2025-08-13 09:40:00,B6,ATL,SFO,4003,1.71,5.52,0.38,0.0,17.51,-2.0387,-0.9858,59,ATL-SFO,355,3,0,1,0,0,0,0,-10,2025-08-13 03:35:00,2025-08-13 09:36:00,-4,0
2025-04-19 01:45:00,2025-04-19 07:08:00,UA,JFK,BOS,3603,14.88,17.79,0.4,0.03,17.51,-1.0268,-0.9908,65,JFK-BOS,323,1,0,1,0,0,0,0,-6,2025-04-19 01:39:00,2025-04-19 07:06:00,-2,0
2025-03-20 16:15:00,2025-03-20 18:59:00,AA,ORD,SEA,1612,10.84,11.31,0.0,0.0,17.36,-0.6354,0.0155,48,ORD-SEA,164,16,0,0,0,0,0,0,8,2025-03-20 16:23:00,2025-03-20 19:08:00,9,0
2025-03-03 04:30:00,2025-03-03 10:06:00,DL,DFW,BOS,3762,19.52,19.32,0.0,0.9,19.51,-0.4583,-0.4195,62,DFW-BOS,336,4,0,1,0,0,0,0,27,2025-03-03 04:57:00,2025-03-03 10:31:00,25,1
2025-03-23 11:40:00,2025-03-23 16:11:00,UA,SFO,SEA,2955,8.44,3.64,0.0,0.0,16.96,-1.5069,0.9546,59,SFO-SEA,271,11,0,0,0,0,0,0,12,2025-03-23 11:52:00,2025-03-23 16:13:00,2,0
2025-03-13 02:15:00,2025-03-13 06:59:00,DL,LAX,DFW,3112,11.47,10.57,0.0,0.45,13.6,-0.3814,0.2889,94,LAX-DFW,284,2,0,1,0,0,0,0,2,2025-03-13 02:17:00,2025-03-13 06:48:00,-11,0
2025-09-30 17:40:00,2025-09-30 20:46:00,AA,ATL,DEN,1890,13.29,13.97,0.0,0.0,16.29,-0.255,0.6474,92,ATL-DEN,186,17,0,0,0,0,0,0,5,2025-09-30 17:45:00,2025-09-30 20:50:00,4,0
2025-01-22 18:40:00,2025-01-22 20:58:00,DL,JFK,DEN,1283,0.94,0.33,1.25,0.95,17.5,-0.9792,0.8064,27,JFK-DEN,138,18,0,0,0,0,0,0,16,2025-01-22 18:56:00,2025-01-22 21:13:00,15,1
2025-08-18 13:20:00,2025-08-18 18:13:00,AA,DFW,DEN,3227,12.0,13.24,0.0,0.0,16.77,0.6773,-0.2468,20,DFW-DEN,293,13,0,0,0,0,0,0,-7,2025-08-18 13:13:00,2025-08-18 18:11:00,-2,0
2025-12-13 20:20:00,2025-12-13 21:37:00,B6,BOS,SFO,519,1.59,2.03,0.0,0.87,9.27,-1.7887,-0.7678,53,BOS-SFO,77,20,0,1,0,0,0,0,-10,2025-12-13 20:10:00,2025-12-13 21:33:00,-4,0
2025-10-07 10:15:00,2025-10-07 13:11:00,DL,SFO,ORD,1763,4.76,3.94,6.82,6.81,9.13,0.2004,-0.9489,77,SFO-ORD,176,10,0,0,0,0,0,0,-6,2025-10-07 10:09:00,2025-10-07 13:01:00,-10,0
2025-05-28 04:45:00,2025-05-28 06:32:00,UA,DEN,ORD,894,11.9,13.17,4.22,2.83,13.02,-0.3067,0.6162,7,DEN-ORD,107,4,0,1,0,0,0,0,-3,2025-05-28 04:42:00,2025-05-28 06:20:00,-12,0
2025-01-22 03:50:00,2025-01-22 04:49:00,AA,ATL,LAX,305,1.99,1.13,0.0,0.06,12.63,0.0086,-0.9398,59,ATL-LAX,59,3,0,1,0,0,0,0,4,2025-01-22 03:54:00,2025-01-22 04:41:00,-8,0
2025-11-01 05:50:00,2025-11-01 06:51:00,UA,DEN,DFW,331,15.04,14.07,1.08,0.61,17.3,0.3386,0.134,39,DEN-DFW,61,5,0,0,0,0,0,0,3,2025-11-01 05:53:00,2025-11-01 07:09:00,18,1
2025-01-02 04:45:00,2025-01-02 06:16:00,B6,SEA,SFO,694,14.25,17.55,4.45,3.58,10.98,0.2169,0.0489,98,SEA-SFO,91,4,0,1,0,0,0,0,7,2025-01-02 04:52:00,2025-01-02 06:22:00,6,0
2025-09-06 07:15:00,2025-09-06 13:30:00,DL,LAX,DEN,4246,20.89,20.65,0.0,0.0,16.39,-2.034,-0.0039,64,LAX-DEN,375,7,0,0,0,0,0,0,-2,2025-09-06 07:13:00,2025-09-06 13:28:00,-2,0
2025-09-02 05:45:00,2025-09-02 11:03:00,WN,SEA,SFO,3538,0.97,0.9,0.07,0.09,18.06,-0.3324,0.9412,28,SEA-SFO,318,5,0,0,0,0,0,0,-7,2025-09-02 05:38:00,2025-09-02 11:02:00,-1,0
2025-03-12 14:10:00,2025-03-12 20:41:00,DL,JFK,DFW,4455,32.71,32.94,0.0,0.0,15.28,0.3902,-0.8019,87,JFK-DFW,391,14,0,0,0,0,0,0,11,2025-03-12 14:21:00,2025-03-12 20:47:00,6,0
2025-09-28 03:50:00,2025-09-28 05:17:00,WN,BOS,DFW,652,4.61,1.01,0.0,0.33,16.13,0.4238,0.2231,88,BOS-DFW,87,3,0,1,0,0,0,0,6,2025-09-28 03:56:00,2025-09-28 05:15:00,-2,0
2025-03-06 14:15:00,2025-03-06 20:49:00,B6,DFW,JFK,4489,12.88,10.24,1.59,0.0,15.57,-0.8737,-0.6392,36,DFW-JFK,394,14,0,0,0,0,0,0,3,2025-03-06 14:18:00,2025-03-06 20:35:00,-14,0
2025-03-24 08:20:00,2025-03-24 12:40:00,AA,BOS,ORD,2817,10.61,10.03,0.0,0.0,16.58,-1.1575,-0.7757,20,BOS-ORD,260,8,0,0,0,0,0,0,12,2025-03-24 08:32:00,2025-03-24 12:45:00,5,0
2025-10-24 16:00:00,2025-10-24 21:26:00,AA,LAX,ORD,3635,8.38,9.81,0.0,2.33,15.89,0.4948,0.2381,9,LAX-ORD,326,16,0,0,0,0,0,0,0,2025-10-24 16:00:00,2025-10-24 21:23:00,-3,0
2025-12-24 12:00:00,2025-12-24 17:47:00,B6,DEN,ORD,3902,28.0,29.59,0.34,0.0,17.29,0.413,-0.1428,67,DEN-ORD,347,12,1,0,0,0,0,0,-1,2025-12-24 11:59:00,2025-12-24 17:45:00,-2,0
2025-04-07 21:20:00,2025-04-07 23:47:00,UA,SFO,ATL,1400,4.91,5.52,0.0,0.12,17.16,-1.1548,-0.8824,0,SFO-ATL,147,21,0,1,0,0,0,0,11,2025-04-07 21:31:00,2025-04-08 00:07:00,20,1
2025-12-03 10:30:00,2025-12-03 15:38:00,DL,DFW,BOS,3412,27.51,27.32,0.71,1.77,17.34,-1.361,0.1792,67,DFW-BOS,308,10,0,0,0,0,0,0,4,2025-12-03 10:34:00,2025-12-03 15:57:00,19,1
2025-11-30 07:00:00,2025-11-30 11:37:00,UA,DEN,SEA,3019,16.05,16.63,0.0,0.86,19.99,-0.486,0.9485,1,DEN-SEA,277,7,0,0,0,0,0,0,0,2025-11-30 07:00:00,2025-11-30 11:39:00,2,0
2025-10-08 14:45:00,2025-10-08 18:03:00,DL,SFO,ATL,2036,10.61,11.58,0.09,0.55,19.59,-0.8707,-0.9782,46,SFO-ATL,198,14,0,0,0,0,0,0,-2,2025-10-08 14:43:00,2025-10-08 18:01:00,-2,0
2025-02-21 15:00:00,2025-02-21 18:44:00,UA,JFK,BOS,2365,13.45,7.04,0.21,1.06,14.48,0.0294,-0.4013,95,JFK-BOS,224,15,0,0,0,0,0,0,-5,2025-02-21 14:55:00,2025-02-21 18:42:00,-2,0
2025-04-20 10:50:00,2025-04-20 12:59:00,B6,BOS,SFO,1176,14.88,13.61,0.0,0.55,12.28,1.2487,0.3726,40,BOS-SFO,129,10,0,0,0,0,0,0,-7,2025-04-20 10:43:00,2025-04-20 12:51:00,-8,0
2025-09-05 13:15:00,2025-09-05 15:16:00,DL,JFK,DEN,1077,8.55,7.19,14.77,14.68,13.28,-1.3524,0.6581,33,JFK-DEN,121,13,0,0,1,0,0,0,56,2025-09-05 14:11:00,2025-09-05 16:34:00,78,1
2025-12-31 11:20:00,2025-12-31 17:29:00,WN,DEN,SFO,4174,10.53,9.41,0.45,0.57,14.89,-0.2468,0.1275,96,DEN-SFO,369,11,1,0,0,0,0,0,7,2025-12-31 11:27:00,2025-12-31 17:34:00,5,0
2025-10-25 07:10:00,2025-10-25 12:15:00,B6,ORD,SFO,3372,14.57,10.77,0.36,0.0,11.08,-0.8862,-0.273,49,ORD-SFO,305,7,0,0,0,0,0,0,19,2025-10-25 07:29:00,2025-10-25 12:38:00,23,1
2025-06-03 07:45:00,2025-06-03 11:54:00,WN,LAX,ATL,2678,24.71,21.36,3.36,5.49,16.96,0.6385,-0.6873,72,LAX-ATL,249,7,0,0,0,0,0,0,0,2025-06-03 07:45:00,2025-06-03 12:03:00,9,0
2025-03-27 21:40:00,2025-03-28 02:32:00,DL,ORD,BOS,3216,10.75,5.85,0.0,0.67,15.15,0.7032,-0.6748,96,ORD-BOS,292,21,0,1,0,0,0,0,6,2025-03-27 21:46:00,2025-03-28 02:30:00,-2,0
2025-12-17 16:00:00,2025-12-17 19:15:00,B6,SFO,SEA,2002,0.94,1.85,0.0,0.0,15.53,-1.0266,0.8926,76,SFO-SEA,195,16,0,0,0,0,0,0,15,2025-12-17 16:15:00,2025-12-17 19:33:00,18,1
2025-04-11 02:00:00,2025-04-11 04:23:00,UA,ORD,ATL,1349,11.69,10.84,17.79,17.42,9.41,0.9721,-0.9879,24,ORD-ATL,143,2,0,1,1,0,0,0,18,2025-04-11 02:18:00,2025-04-11 04:57:00,34,1
2025-05-05 23:30:00,2025-05-06 05:45:00,DL,DFW,LAX,4256,8.95,7.98,0.0,0.0,13.53,0.7066,0.3233,77,DFW-LAX,375,23,0,1,0,0,0,0,12,2025-05-05 23:42:00,2025-05-06 06:02:00,17,1
2025-12-19 17:45:00,2025-12-20 00:16:00,WN,BOS,LAX,4456,3.62,4.24,0.0,0.24,16.21,-0.2952,0.1386,40,BOS-LAX,391,17,0,0,0,0,0,0,-9,2025-12-19 17:36:00,2025-12-20 00:24:00,8,0
2025-07-25 01:00:00,2025-07-25 03:11:00,DL,JFK,ATL,1203,10.87,13.18,0.76,0.0,16.79,0.6167,0.5349,29,JFK-ATL,131,1,0,1,0,0,0,0,11,2025-07-25 01:11:00,2025-07-25 03:08:00,-3,0
2025-04-07 17:10:00,2025-04-07 22:38:00,UA,JFK,DFW,3668,6.8,8.46,0.0,0.0,14.12,-1.497,-0.7379,2,JFK-DFW,328,17,0,0,0,0,0,0,0,2025-04-07 17:10:00,2025-04-07 22:36:00,-2,0
2025-01-02 14:30:00,2025-01-02 17:58:00,DL,DEN,SEA,2157,9.53,9.18,5.1,5.2,14.79,1.7766,0.2293,16,DEN-SEA,208,14,0,0,0,0,0,0,-7,2025-01-02 14:23:00,2025-01-02 17:56:00,-2,0
2025-06-06 21:00:00,2025-06-07 01:57:00,AA,SEA,ATL,3273,10.0,13.59,1.17,0.54,12.79,-0.0758,0.2266,42,SEA-ATL,297,21,0,1,0,0,0,0,7,2025-06-06 21:07:00,2025-06-07 01:58:00,1,0
2025-12-26 11:15:00,2025-12-26 12:50:00,AA,SFO,DFW,756,14.18,11.52,0.26,0.0,13.28,1.127,0.6621,16,SFO-DFW,95,11,0,0,0,0,0,0,-6,2025-12-26 11:09:00,2025-12-26 12:54:00,4,0
2025-06-07 12:00:00,2025-06-07 15:40:00,WN,DFW,ATL,2313,12.25,14.44,0.6,0.0,14.31,-0.7316,0.998,18,DFW-ATL,220,12,0,0,0,0,0,0,1,2025-06-07 12:01:00,2025-06-07 15:34:00,-6,0
2025-09-13 07:20:00,2025-09-13 09:01:00,B6,ORD,LAX,824,15.36,17.32,0.51,0.0,14.42,-1.7154,0.3567,60,ORD-LAX,101,7,0,0,0,0,0,0,3,2025-09-13 07:23:00,2025-09-13 08:55:00,-6,0
2025-04-03 07:40:00,2025-04-03 13:13:00,DL,SFO,ATL,3720,10.64,10.91,0.08,0.0,17.42,0.3346,0.2866,66,SFO-ATL,333,7,0,0,0,0,0,0,7,2025-04-03 07:47:00,2025-04-03 13:18:00,5,0
2025-10-11 14:20:00,2025-10-11 17:33:00,DL,ATL,DEN,1974,2.61,2.52,0.06,0.63,15.4,-0.8751,-0.6291,45,ATL-DEN,193,14,0,0,0,0,0,0,11,2025-10-11 14:31:00,2025-10-11 17:54:00,21,1
2025-10-11 19:15:00,2025-10-11 21:43:00,AA,DFW,JFK,1407,13.64,11.83,0.62,0.15,15.04,-0.7667,-0.052,62,DFW-JFK,148,19,0,0,0,0,0,0,-2,2025-10-11 19:13:00,2025-10-11 21:33:00,-10,0
2025-08-11 21:20:00,2025-08-12 02:14:00,AA,ORD,BOS,3238,20.02,20.04,0.0,0.0,18.39,0.1045,0.5116,33,ORD-BOS,294,21,0,1,0,0,0,0,31,2025-08-11 21:51:00,2025-08-12 02:48:00,34,1
2025-10-09 18:30:00,2025-10-10 00:50:00,AA,JFK,DEN,4309,2.83,3.44,1.21,0.28,17.03,0.7,0.9094,13,JFK-DEN,380,18,0,0,0,0,0,0,4,2025-10-09 18:34:00,2025-10-10 00:53:00,3,0
2025-07-31 14:10:00,2025-07-31 17:03:00,WN,SEA,ATL,1723,3.26,3.1,12.92,15.13,7.06,0.2216,-0.5885,16,SEA-ATL,173,14,0,0,1,0,0,0,26,2025-07-31 14:36:00,2025-07-31 17:37:00,34,1
2025-05-19 12:00:00,2025-05-19 17:00:00,WN,JFK,ORD,3314,3.79,5.06,0.72,1.17,14.43,0.9205,-0.8918,78,JFK-ORD,300,12,0,0,0,0,0,0,16,2025-05-19 12:16:00,2025-05-19 17:35:00,35,1
2025-09-27 08:10:00,2025-09-27 13:01:00,B6,ATL,DEN,3196,19.73,15.71,0.35,0.0,16.84,-0.3371,0.5356,24,ATL-DEN,291,8,0,0,0,0,0,0,3,2025-09-27 08:13:00,2025-09-27 13:03:00,2,0
2025-11-01 18:50:00,2025-11-01 22:34:00,AA,DFW,SEA,2357,3.81,5.1,0.0,2.48,16.4,1.2248,-0.6878,43,DFW-SEA,224,18,0,0,0,0,0,0,1,2025-11-01 18:51:00,2025-11-01 22:38:00,4,0
2025-11-03 07:40:00,2025-11-03 13:09:00,WN,DFW,JFK,3681,18.29,18.1,0.34,1.18,17.1,0.6869,0.3093,30,DFW-JFK,329,7,0,0,0,0,0,0,-10,2025-11-03 07:30:00,2025-11-03 13:10:00,1,0
2025-03-19 06:10:00,2025-03-19 07:52:00,UA,SEA,BOS,837,11.49,12.34,0.09,1.59,15.01,-1.2224,-0.5141,77,SEA-BOS,102,6,0,0,0,0,0,0,-4,2025-03-19 06:06:00,2025-03-19 07:52:00,0,0
2025-09-04 20:15:00,2025-09-05 02:09:00,DL,BOS,SFO,3985,6.92,6.67,10.62,10.33,8.42,0.4993,0.8975,63,BOS-SFO,354,20,0,1,0,0,0,0,-1,2025-09-04 20:14:00,2025-09-05 02:07:00,-2,0
2025-01-02 14:20:00,2025-01-02 17:35:00,AA,BOS,DFW,1997,44.37,47.67,0.0,0.0,17.54,-0.1107,0.6415,8,BOS-DFW,195,14,0,0,0,0,0,0,10,2025-01-02 14:30:00,2025-01-02 17:44:00,9,0
2025-07-28 08:10:00,2025-07-28 09:24:00,AA,BOS,DEN,487,3.22,2.24,25.87,27.33,4.29,-0.9349,0.1867,63,BOS-DEN,74,8,0,0,1,1,0,0,0,2025-07-28 08:10:00,2025-07-28 09:46:00,22,1
2025-07-28 20:45:00,2025-07-29 03:16:00,UA,LAX,BOS,4455,12.41,7.63,0.36,0.0,13.49,0.4353,-0.7816,70,LAX-BOS,391,20,0,1,0,0,0,0,8,2025-07-28 20:53:00,2025-07-29 03:09:00,-7,0
2025-05-13 23:50:00,2025-05-14 05:09:00,WN,SFO,SEA,3549,2.99,2.73,0.0,0.53,16.17,0.2833,0.1826,71,SFO-SEA,319,23,0,1,0,0,0,0,17,2025-05-14 00:07:00,2025-05-14 05:11:00,2,0
2025-12-29 07:10:00,2025-12-29 12:43:00,AA,LAX,DEN,3728,12.87,11.8,0.61,1.63,13.94,0.5249,-0.9156,60,LAX-DEN,333,7,0,0,0,0,0,0,2,2025-12-29 07:12:00,2025-12-29 12:36:00,-7,0
2025-11-19 12:00:00,2025-11-19 13:48:00,WN,SEA,LAX,917,3.41,6.7,0.0,0.0,14.93,-1.2416,-0.8363,74,SEA-LAX,108,12,0,0,0,0,0,0,-3,2025-11-19 11:57:00,2025-11-19 13:51:00,3,0
2025-01-15 11:15:00,2025-01-15 16:26:00,AA,SEA,DEN,3452,8.08,5.0,0.0,1.7,13.67,-2.3358,0.3906,4,SEA-DEN,311,11,0,0,0,0,0,0,-1,2025-01-15 11:14:00,2025-01-15 16:30:00,4,0
2025-03-18 16:30:00,2025-03-18 21:24:00,AA,LAX,SFO,3232,4.72,3.68,15.44,16.89,9.74,-0.4884,-0.6979,72,LAX-SFO,294,16,0,0,1,0,0,0,13,2025-03-18 16:43:00,2025-03-18 22:01:00,37,1
2025-03-17 22:45:00,2025-03-18 04:47:00,AA,LAX,SEA,4091,8.36,9.01,26.05,22.78,4.7,-0.4251,-0.8323,76,LAX-SEA,362,22,0,1,1,1,0,0,16,2025-03-17 23:01:00,2025-03-18 05:17:00,30,1
2025-11-24 13:15:00,2025-11-24 16:19:00,B6,DEN,JFK,1860,17.19,20.36,11.64,8.65,13.19,0.3296,-0.1037,6,DEN-JFK,184,13,0,0,0,0,0,0,1,2025-11-24 13:16:00,2025-11-24 16:40:00,21,1
2025-07-09 19:15:00,2025-07-10 01:26:00,DL,SFO,DFW,4195,4.65,0.34,1.4,1.11,15.79,-2.8495,0.9694,93,SFO-DFW,371,19,0,0,0,0,0,0,6,2025-07-09 19:21:00,2025-07-10 01:38:00,12,0
2025-09-24 14:10:00,2025-09-24 19:07:00,UA,SEA,LAX,3272,5.35,2.25,5.31,5.36,11.78,0.4855,0.5002,63,SEA-LAX,297,14,0,0,0,0,0,0,24,2025-09-24 14:34:00,2025-09-24 19:02:00,-5,0
2025-10-23 21:00:00,2025-10-23 23:24:00,AA,SEA,JFK,1365,7.63,6.11,0.0,1.08,16.86,0.6714,0.0161,87,SEA-JFK,144,21,0,1,0,0,0,0,17,2025-10-23 21:17:00,2025-10-23 23:42:00,18,1
2025-10-08 09:00:00,2025-10-08 11:11:00,UA,SFO,JFK,1198,9.64,9.68,0.0,0.61,20.44,0.7352,-0.6603,89,SFO-JFK,131,9,0,0,0,0,0,0,-5,2025-10-08 08:55:00,2025-10-08 11:11:00,0,0
2025-02-02 09:20:00,2025-02-02 15:22:00,WN,DFW,ORD,4093,21.72,23.59,0.54,0.31,17.68,0.6912,-0.5205,2,DFW-ORD,362,9,0,0,0,0,0,0,-10,2025-02-02 09:10:00,2025-02-02 15:25:00,3,0
2025-02-21 10:30:00,2025-02-21 15:06:00,DL,BOS,ATL,3008,4.67,4.19,7.96,5.91,14.09,-1.2414,0.6143,99,BOS-ATL,276,10,0,0,0,0,0,0,-3,2025-02-21 10:27:00,2025-02-21 15:04:00,-2,0
2025-05-25 23:00:00,2025-05-26 00:39:00,UA,SEA,LAX,796,18.59,19.62,0.63,0.3,17.08,-1.0193,-0.8781,66,SEA-LAX,99,23,0,1,0,0,0,0,16,2025-05-25 23:16:00,2025-05-26 00:55:00,16,1
2025-05-04 14:10:00,2025-05-04 15:51:00,DL,JFK,BOS,827,23.0,25.5,0.13,1.68,15.69,-0.3462,0.1287,2,JFK-BOS,101,14,0,0,0,0,0,0,11,2025-05-04 14:21:00,2025-05-04 16:08:00,17,1
2025-09-30 03:50:00,2025-09-30 09:27:00,UA,SFO,DEN,3775,6.82,8.79,0.0,0.0,15.85,-0.2992,0.8121,2,SFO-DEN,337,3,0,1,0,0,0,0,4,2025-09-30 03:54:00,2025-09-30 09:15:00,-12,0
2025-02-27 00:50:00,2025-02-27 02:46:00,UA,ORD,DFW,1012,3.33,1.65,0.0,0.61,19.15,-1.0921,-0.0942,41,ORD-DFW,116,0,0,1,0,0,0,0,16,2025-02-27 01:06:00,2025-02-27 02:53:00,7,0
2025-05-16 12:40:00,2025-05-16 14:53:00,AA,DEN,BOS,1219,19.96,20.13,0.06,2.01,14.23,0.0343,0.8657,25,DEN-BOS,133,12,0,0,0,0,0,0,6,2025-05-16 12:46:00,2025-05-16 14:53:00,0,0
2025-03-28 19:30:00,2025-03-28 23:55:00,UA,DFW,SFO,2880,16.89,20.66,22.8,22.45,2.3,0.3242,0.4737,26,DFW-SFO,265,19,0,0,1,1,0,1,62,2025-03-28 20:32:00,2025-03-29 01:26:00,91,1
2025-03-10 11:30:00,2025-03-10 17:19:00,DL,LAX,SFO,3926,4.71,3.46,0.0,0.0,9.87,0.2075,0.4017,74,LAX-SFO,349,11,0,0,0,0,0,0,-2,2025-03-10 11:28:00,2025-03-10 17:16:00,-3,0
2025-03-05 13:15:00,2025-03-05 16:07:00,AA,DFW,BOS,1714,28.82,26.21,0.28,0.0,16.68,0.0198,-0.1619,19,DFW-BOS,172,13,0,0,0,0,0,0,-7,2025-03-05 13:08:00,2025-03-05 16:08:00,1,0
2025-03-13 19:10:00,2025-03-13 23:53:00,AA,DEN,ORD,3095,8.24,5.24,0.19,0.0,16.27,0.2746,-0.6555,92,DEN-ORD,283,19,0,0,0,0,0,0,21,2025-03-13 19:31:00,2025-03-14 00:20:00,27,1
2025-07-25 12:20:00,2025-07-25 17:15:00,AA,BOS,DFW,3255,8.85,9.08,1.8,0.52,15.54,-0.3616,-0.5261,67,BOS-DFW,295,12,0,0,0,0,0,0,24,2025-07-25 12:44:00,2025-07-25 17:40:00,25,1
2025-05-30 21:40:00,2025-05-31 02:01:00,DL,LAX,ORD,2821,15.67,16.97,12.63,13.24,11.81,0.4255,-0.6854,89,LAX-ORD,261,21,0,1,1,0,0,0,0,2025-05-30 21:40:00,2025-05-31 02:20:00,19,1
2025-06-08 15:40:00,2025-06-08 20:29:00,B6,ATL,LAX,3177,25.67,26.76,0.08,0.97,15.13,0.306,0.4477,39,ATL-LAX,289,15,0,0,0,0,0,0,7,2025-06-08 15:47:00,2025-06-08 20:25:00,-4,0
2025-06-24 17:40:00,2025-06-24 19:55:00,WN,ATL,ORD,1255,12.78,11.22,0.0,0.0,14.59,-0.8875,0.1793,65,ATL-ORD,135,17,0,0,0,0,0,0,9,2025-06-24 17:49:00,2025-06-24 19:59:00,4,0
2025-09-28 18:30:00,2025-09-28 22:58:00,B6,ATL,SFO,2910,8.72,10.36,33.7,35.2,0.2,1.7458,0.1904,80,ATL-SFO,268,18,0,0,1,1,0,1,76,2025-09-28 19:46:00,2025-09-29 01:10:00,132,1
2025-11-11 15:00:00,2025-11-11 16:00:00,UA,ORD,JFK,314,8.53,8.71,0.62,0.89,13.73,1.4285,-0.3502,26,ORD-JFK,60,15,0,0,0,0,0,0,-1,2025-11-11 14:59:00,2025-11-11 15:49:00,-11,0
2025-07-12 01:40:00,2025-07-12 06:44:00,AA,ATL,BOS,3368,9.39,7.44,1.1,0.0,16.18,0.602,-0.5148,67,ATL-BOS,304,1,0,1,0,0,0,0,2,2025-07-12 01:42:00,2025-07-12 06:37:00,-7,0
2025-08-23 10:50:00,2025-08-23 16:15:00,UA,DFW,DEN,3627,38.59,37.7,0.12,0.0,15.92,1.0466,0.5295,91,DFW-DEN,325,10,0,0,0,0,0,0,3,2025-08-23 10:53:00,2025-08-23 16:23:00,8,0
2025-09-27 03:40:00,2025-09-27 09:06:00,DL,BOS,ORD,3634,15.53,14.59,0.0,0.0,15.14,0.2262,-0.5336,34,BOS-ORD,326,3,0,1,0,0,0,0,11,2025-09-27 03:51:00,2025-09-27 09:04:00,-2,0
2025-09-09 12:30:00,2025-09-09 13:39:00,WN,LAX,BOS,423,11.25,13.04,0.53,0.74,16.42,-0.4267,-0.7794,50,LAX-BOS,69,12,0,0,0,0,0,0,9,2025-09-09 12:39:00,2025-09-09 13:36:00,-3,0
2025-02-19 03:10:00,2025-02-19 09:15:00,WN,ATL,SEA,4127,16.66,14.87,7.09,6.96,15.0,1.0444,-0.046,15,ATL-SEA,365,3,0,1,0,0,0,0,13,2025-02-19 03:23:00,2025-02-19 09:41:00,26,1
2025-12-25 12:45:00,2025-12-25 16:10:00,B6,ATL,JFK,2124,8.04,8.75,0.8,0.89,21.43,0.2141,0.4421,84,ATL-JFK,205,12,1,0,0,0,0,0,-4,2025-12-25 12:41:00,2025-12-25 16:08:00,-2,0
2025-03-02 08:20:00,2025-03-02 09:46:00,WN,DFW,ORD,638,24.71,24.79,7.03,6.9,13.96,0.6442,-0.9657,9,DFW-ORD,86,8,0,0,0,0,0,0,3,2025-03-02 08:23:00,2025-03-02 09:41:00,-5,0
2025-05-31 00:15:00,2025-05-31 04:14:00,WN,ORD,JFK,2544,12.95,13.39,0.41,0.0,16.79,1.4768,-0.4817,39,ORD-JFK,239,0,0,1,0,0,0,0,3,2025-05-31 00:18:00,2025-05-31 04:12:00,-2,0
2025-08-27 02:20:00,2025-08-27 06:31:00,DL,ATL,BOS,2700,7.25,7.07,1.21,0.78,17.61,-1.6097,0.3357,33,ATL-BOS,251,2,0,1,0,0,0,0,-6,2025-08-27 02:14:00,2025-08-27 06:27:00,-4,0
2025-05-28 12:00:00,2025-05-28 15:14:00,AA,JFK,ORD,1988,5.36,8.64,0.89,0.0,17.44,0.4019,-0.1826,47,JFK-ORD,194,12,0,0,0,0,0,0,-5,2025-05-28 11:55:00,2025-05-28 15:11:00,-3,0
2025-03-30 01:50:00,2025-03-30 07:01:00,DL,SEA,DFW,3444,2.63,3.09,0.0,0.0,15.7,-0.9576,-0.9947,40,SEA-DFW,311,1,0,1,0,0,0,0,-9,2025-03-30 01:41:00,2025-03-30 06:59:00,-2,0
2025-12-04 20:40:00,2025-12-05 00:42:00,UA,LAX,ORD,2583,19.34,22.46,0.76,0.0,14.86,-0.2203,0.4087,36,LAX-ORD,242,20,0,1,0,0,0,0,0,2025-12-04 20:40:00,2025-12-05 00:42:00,0,0
2025-01-27 18:15:00,2025-01-27 20:27:00,B6,ORD,BOS,1211,0.64,1.97,0.0,1.53,17.94,-0.8213,-0.5889,9,ORD-BOS,132,18,0,0,0,0,0,0,-4,2025-01-27 18:11:00,2025-01-27 20:23:00,-4,0
2025-03-31 17:45:00,2025-03-31 22:12:00,WN,DEN,SFO,2904,23.08,24.17,0.0,1.75,10.07,1.1162,-0.4533,91,DEN-SFO,267,17,0,0,0,0,0,0,-8,2025-03-31 17:37:00,2025-03-31 22:09:00,-3,0
2025-12-29 04:00:00,2025-12-29 06:28:00,AA,SFO,DEN,1407,7.52,5.67,0.58,0.42,15.84,0.4178,-0.0074,48,SFO-DEN,148,4,0,1,0,0,0,0,0,2025-12-29 04:00:00,2025-12-29 06:26:00,-2,0
2025-09-24 19:20:00,2025-09-24 20:59:00,AA,BOS,SFO,798,6.51,7.21,1.07,0.0,11.1,0.0111,0.8219,33,BOS-SFO,99,19,0,0,0,0,0,0,18,2025-09-24 19:38:00,2025-09-24 21:11:00,12,0
2025-02-01 15:40:00,2025-02-01 18:09:00,B6,LAX,DFW,1421,32.67,34.39,0.0,1.72,13.13,-1.5971,-0.1321,80,LAX-DFW,149,15,0,0,0,0,0,0,-6,2025-02-01 15:34:00,2025-02-01 18:17:00,8,0
2025-10-03 09:00:00,2025-10-03 15:03:00,B6,DFW,ORD,4103,17.08,18.11,0.0,0.0,13.2,-0.5811,-0.8599,16,DFW-ORD,363,9,0,0,0,0,0,0,-2,2025-10-03 08:58:00,2025-10-03 14:58:00,-5,0
2025-12-20 00:40:00,2025-12-20 04:51:00,DL,ATL,JFK,2703,11.38,9.15,0.0,0.0,13.58,-0.5219,-0.116,27,ATL-JFK,251,0,0,1,0,0,0,0,5,2025-12-20 00:45:00,2025-12-20 05:05:00,14,0
2025-02-05 12:45:00,2025-02-05 15:31:00,DL,SFO,ATL,1634,30.14,28.95,4.79,2.86,13.69,0.2558,-0.2677,91,SFO-ATL,166,12,0,0,0,0,0,0,-3,2025-02-05 12:42:00,2025-02-05 15:21:00,-10,0
2025-06-01 19:30:00,2025-06-01 22:32:00,AA,ORD,ATL,1837,8.55,9.83,3.82,4.78,13.94,-0.4787,-0.7669,7,ORD-ATL,182,19,0,0,0,0,0,0,3,2025-06-01 19:33:00,2025-06-01 22:30:00,-2,0
2025-06-20 00:10:00,2025-06-20 05:58:00,B6,DEN,DFW,3911,6.48,9.03,7.98,5.92,12.96,-0.368,-0.693,69,DEN-DFW,348,0,0,1,0,0,0,0,30,2025-06-20 00:40:00,2025-06-20 06:52:00,54,1
2025-02-17 01:40:00,2025-02-17 06:23:00,WN,ATL,BOS,3097,11.13,9.29,13.97,16.29,12.9,-2.4865,0.1991,91,ATL-BOS,283,1,1,1,1,0,1,0,41,2025-02-17 02:21:00,2025-02-17 07:30:00,67,1
2025-03-15 09:15:00,2025-03-15 14:34:00,WN,ORD,LAX,3549,17.81,17.75,0.8,0.0,17.48,0.8786,0.9618,16,ORD-LAX,319,9,0,0,0,0,0,0,4,2025-03-15 09:19:00,2025-03-15 14:42:00,8,0
2025-03-05 12:40:00,2025-03-05 17:04:00,B6,JFK,BOS,2863,1.87,4.88,0.94,0.0,13.84,-1.2331,0.7693,31,JFK-BOS,264,12,0,0,0,0,0,0,16,2025-03-05 12:56:00,2025-03-05 17:21:00,17,1
2025-03-09 11:40:00,2025-03-09 18:12:00,AA,ATL,LAX,4467,5.32,3.38,0.0,1.12,18.63,-0.7494,0.6617,45,ATL-LAX,392,11,0,0,0,0,0,0,-4,2025-03-09 11:36:00,2025-03-09 18:15:00,3,0
2025-05-28 10:00:00,2025-05-28 14:40:00,B6,SFO,BOS,3059,3.39,2.58,5.18,6.95,15.76,0.4698,-0.5121,33,SFO-BOS,280,10,0,0,0,0,0,0,3,2025-05-28 10:03:00,2025-05-28 14:33:00,-7,0
2025-06-19 06:00:00,2025-06-19 09:13:00,B6,ORD,BOS,1981,3.49,5.81,0.0,1.66,17.0,0.8206,0.1667,4,ORD-BOS,193,6,0,0,0,0,0,0,14,2025-06-19 06:14:00,2025-06-19 09:29:00,16,1
2025-03-28 01:00:00,2025-03-28 03:24:00,WN,JFK,DFW,1359,6.78,8.49,24.69,23.35,5.72,-0.0382,-0.7135,9,JFK-DFW,144,1,0,1,1,1,0,0,46,2025-03-28 01:46:00,2025-03-28 04:30:00,66,1
2025-04-16 00:00:00,2025-04-16 01:15:00,WN,DEN,LAX,494,4.85,3.3,15.7,13.93,12.53,0.3089,-0.1367,97,DEN-LAX,75,0,0,1,1,0,0,0,2,2025-04-16 00:02:00,2025-04-16 01:31:00,16,1
2025-03-12 02:15:00,2025-03-12 07:32:00,WN,DEN,DFW,3522,4.61,4.23,0.06,1.56,14.29,0.8973,0.4694,60,DEN-DFW,317,2,0,1,0,0,0,0,10,2025-03-12 02:25:00,2025-03-12 07:45:00,13,0
2025-10-18 16:00:00,2025-10-18 22:12:00,DL,JFK,DFW,4218,6.88,3.74,0.0,0.0,15.62,-2.6717,-0.5659,67,JFK-DFW,372,16,0,0,0,0,0,0,6,2025-10-18 16:06:00,2025-10-18 22:17:00,5,0
2025-03-19 18:50:00,2025-03-19 23:32:00,DL,ATL,DFW,3088,6.72,3.11,10.83,8.45,9.99,0.8224,0.7165,70,ATL-DFW,282,18,0,0,0,0,0,0,-5,2025-03-19 18:45:00,2025-03-19 23:30:00,-2,0
2025-11-28 10:50:00,2025-11-28 14:33:00,WN,DFW,DEN,2346,14.61,16.57,3.83,4.33,13.47,-2.2181,0.4708,41,DFW-DEN,223,10,0,0,0,0,0,0,14,2025-11-28 11:04:00,2025-11-28 14:45:00,12,0
2025-07-16 01:10:00,2025-07-16 02:53:00,DL,BOS,DFW,848,18.96,19.02,0.65,0.0,18.25,-0.3818,0.3321,25,BOS-DFW,103,1,0,1,0,0,0,0,9,2025-07-16 01:19:00,2025-07-16 03:04:00,11,0
2025-10-20 09:15:00,2025-10-20 13:50:00,WN,BOS,SEA,3004,6.36,7.4,0.0,0.21,17.66,0.3581,0.7701,90,BOS-SEA,275,9,0,0,0,0,0,0,1,2025-10-20 09:16:00,2025-10-20 13:34:00,-16,0
2025-08-21 23:40:00,2025-08-22 01:46:00,B6,BOS,LAX,1140,4.44,5.1,0.04,0.0,18.43,-1.0349,-0.4524,36,BOS-LAX,126,23,0,1,0,0,0,0,0,2025-08-21 23:40:00,2025-08-22 01:45:00,-1,0
2025-04-08 05:40:00,2025-04-08 10:08:00,UA,DFW,SFO,2912,31.84,30.76,0.32,1.29,18.71,-0.2624,0.8881,23,DFW-SFO,268,5,0,0,0,0,0,0,26,2025-04-08 06:06:00,2025-04-08 10:43:00,35,1
2025-08-08 11:30:00,2025-08-08 14:10:00,UA,DFW,ORD,1564,18.99,16.98,0.09,0.72,16.49,-3.2405,-0.2154,95,DFW-ORD,160,11,0,0,0,0,0,0,-5,2025-08-08 11:25:00,2025-08-08 13:59:00,-11,0
2025-04-11 12:50:00,2025-04-11 18:40:00,AA,DFW,JFK,3936,12.17,13.31,0.0,0.28,16.6,-1.3654,-0.1996,10,DFW-JFK,350,12,0,0,0,0,0,0,-2,2025-04-11 12:48:00,2025-04-11 18:43:00,3,0
2025-02-13 07:40:00,2025-02-13 13:53:00,UA,ORD,SFO,4231,8.54,9.27,0.0,0.0,13.8,-0.8702,0.6436,56,ORD-SFO,373,7,0,0,0,0,0,0,3,2025-02-13 07:43:00,2025-02-13 13:45:00,-8,0
2025-04-03 10:40:00,2025-04-03 12:58:00,B6,JFK,LAX,1283,17.0,18.24,0.0,0.0,17.3,-1.06,0.717,37,JFK-LAX,138,10,0,0,0,0,0,0,10,2025-04-03 10:50:00,2025-04-03 13:02:00,4,0
2025-04-11 11:30:00,2025-04-11 14:19:00,WN,BOS,ATL,1670,3.35,5.98,11.63,11.97,13.33,-0.2213,0.4327,80,BOS-ATL,169,11,0,0,0,0,0,0,13,2025-04-11 11:43:00,2025-04-11 14:40:00,21,1
2025-02-19 11:30:00,2025-02-19 17:39:00,AA,SFO,LAX,4172,19.45,19.57,7.31,5.85,13.0,1.6513,-0.2157,43,SFO-LAX,369,11,0,0,0,0,0,0,-5,2025-02-19 11:25:00,2025-02-19 17:33:00,-6,0
2025-01-09 17:15:00,2025-01-09 18:21:00,DL,ORD,SFO,383,14.82,12.48,5.48,6.12,13.11,0.7818,0.782,35,ORD-SFO,66,17,0,0,0,0,0,0,0,2025-01-09 17:15:00,2025-01-09 18:18:00,-3,0
2025-12-11 13:30:00,2025-12-11 17:23:00,WN,JFK,BOS,2469,15.82,15.88,9.64,9.7,11.16,0.8209,0.5693,27,JFK-BOS,233,13,0,0,0,0,0,0,5,2025-12-11 13:35:00,2025-12-11 17:21:00,-2,0
2025-07-07 01:50:00,2025-07-07 03:37:00,B6,ATL,BOS,894,10.65,10.34,0.42,0.0,15.74,0.3902,-0.1239,32,ATL-BOS,107,1,0,1,0,0,0,0,3,2025-07-07 01:53:00,2025-07-07 03:27:00,-10,0
2025-05-27 00:20:00,2025-05-27 03:44:00,WN,SFO,LAX,2118,3.4,4.46,21.76,22.56,6.87,-1.4956,-0.23,93,SFO-LAX,204,0,0,1,1,0,0,0,29,2025-05-27 00:49:00,2025-05-27 04:14:00,30,1
2025-12-06 09:10:00,2025-12-06 10:20:00,DL,ORD,SEA,435,1.89,5.06,0.0,0.0,19.07,1.1159,0.0305,14,ORD-SEA,70,9,0,0,0,0,0,0,6,2025-12-06 09:16:00,2025-12-06 10:18:00,-2,0
2025-03-24 21:30:00,2025-03-24 23:16:00,DL,JFK,DFW,889,13.8,15.0,0.0,1.4,14.26,0.308,0.7644,0,JFK-DFW,106,21,0,1,0,0,0,0,7,2025-03-24 21:37:00,2025-03-24 23:08:00,-8,0
2025-05-28 00:45:00,2025-05-28 03:59:00,AA,BOS,JFK,1991,12.13,15.49,0.0,1.37,17.97,0.4539,0.6571,22,BOS-JFK,194,0,0,1,0,0,0,0,3,2025-05-28 00:48:00,2025-05-28 03:55:00,-4,0
2025-11-06 01:50:00,2025-11-06 03:09:00,WN,ATL,LAX,552,6.79,3.6,0.6,0.44,18.66,0.7394,-0.914,81,ATL-LAX,79,1,0,1,0,0,0,0,2,2025-11-06 01:52:00,2025-11-06 03:06:00,-3,0
2025-08-19 16:30:00,2025-08-19 21:57:00,AA,DEN,LAX,3648,8.08,5.64,1.41,0.0,14.94,0.4414,0.3711,47,DEN-LAX,327,16,0,0,0,0,0,0,-10,2025-08-19 16:20:00,2025-08-19 21:55:00,-2,0
2025-05-26 10:45:00,2025-05-26 14:58:00,WN,DEN,BOS,2727,22.38,20.88,0.0,0.0,14.96,0.2995,-0.0068,64,DEN-BOS,253,10,1,0,0,0,0,0,3,2025-05-26 10:48:00,2025-05-26 15:01:00,3,0
2025-04-04 05:15:00,2025-04-04 08:45:00,B6,BOS,DFW,2191,9.44,10.53,0.77,3.59,16.01,-0.886,-0.7147,27,BOS-DFW,210,5,0,0,0,0,0,0,4,2025-04-04 05:19:00,2025-04-04 08:46:00,1,0
2025-01-13 04:20:00,2025-01-13 07:58:00,WN,DFW,SFO,2283,4.39,6.25,16.04,15.31,3.19,-1.0901,-0.9813,86,DFW-SFO,218,4,0,1,1,1,0,1,42,2025-01-13 05:02:00,2025-01-13 09:10:00,72,1
2025-02-01 15:20:00,2025-02-01 21:01:00,DL,ATL,SEA,3823,23.07,24.04,0.0,0.0,14.2,-1.0827,-0.1533,30,ATL-SEA,341,15,0,0,0,0,0,0,-4,2025-02-01 15:16:00,2025-02-01 20:53:00,-8,0
2025-03-01 12:15:00,2025-03-01 17:58:00,DL,DEN,ORD,3850,25.23,20.39,0.0,0.0,11.78,-2.9783,-0.5283,69,DEN-ORD,343,12,0,0,0,0,0,0,0,2025-03-01 12:15:00,2025-03-01 17:52:00,-6,0
2025-10-15 15:40:00,2025-10-15 16:55:00,B6,SEA,ATL,499,10.18,10.78,0.0,0.0,16.99,-0.5766,-0.5053,56,SEA-ATL,75,15,0,0,0,0,0,0,-10,2025-10-15 15:30:00,2025-10-15 16:55:00,0,0
2025-08-22 06:50:00,2025-08-22 11:39:00,AA,SEA,DFW,3177,11.87,11.83,0.4,0.7,13.5,0.473,0.2379,69,SEA-DFW,289,6,0,0,0,0,0,0,11,2025-08-22 07:01:00,2025-08-22 11:44:00,5,0
2025-06-08 12:15:00,2025-06-08 15:52:00,AA,ATL,BOS,2272,15.47,15.72,0.86,0.0,19.2,1.054,-0.0007,74,ATL-BOS,217,12,0,0,0,0,0,0,-5,2025-06-08 12:10:00,2025-06-08 16:04:00,12,0
2025-10-13 20:10:00,2025-10-14 01:32:00,UA,ORD,DEN,3588,13.96,15.0,0.0,0.0,16.25,-0.7943,-0.5798,51,ORD-DEN,322,20,0,1,0,0,0,0,-6,2025-10-13 20:04:00,2025-10-14 01:37:00,5,0
2025-02-28 07:45:00,2025-02-28 13:08:00,AA,SFO,SEA,3605,3.02,3.71,0.36,0.31,12.88,-0.1703,0.7943,99,SFO-SEA,323,7,0,0,0,0,0,0,9,2025-02-28 07:54:00,2025-02-28 13:18:00,10,0
2025-03-18 09:45:00,2025-03-18 14:42:00,B6,LAX,DFW,3274,23.91,27.36,0.0,0.0,14.69,-0.5743,0.0053,35,LAX-DFW,297,9,0,0,0,0,0,0,20,2025-03-18 10:05:00,2025-03-18 14:56:00,14,0
2025-05-24 03:50:00,2025-05-24 08:36:00,B6,DFW,BOS,3133,2.71,0.69,0.0,0.16,15.77,0.1603,-0.7847,7,DFW-BOS,286,3,0,1,0,0,0,0,22,2025-05-24 04:12:00,2025-05-24 09:01:00,25,1
2025-12-01 15:15:00,2025-12-01 17:25:00,AA,JFK,ORD,1190,13.84,15.02,0.29,0.0,17.4,-1.4324,-0.6097,72,JFK-ORD,130,15,0,0,0,0,0,0,9,2025-12-01 15:24:00,2025-12-01 17:27:00,2,0
2025-08-13 00:40:00,2025-08-13 06:25:00,UA,BOS,ORD,3881,4.49,1.88,1.34,0.0,15.87,-0.5926,0.9412,38,BOS-ORD,345,0,0,1,0,0,0,0,1,2025-08-13 00:41:00,2025-08-13 06:24:00,-1,0
2025-11-07 05:40:00,2025-11-07 10:34:00,B6,DFW,LAX,3243,13.05,13.32,0.0,1.46,15.89,-0.8632,-0.047,47,DFW-LAX,294,5,0,0,0,0,0,0,-2,2025-11-07 05:38:00,2025-11-07 10:34:00,0,0
2025-04-01 17:45:00,2025-04-01 20:16:00,WN,SFO,SEA,1450,4.36,3.74,4.68,5.89,14.84,0.5749,0.4807,36,SFO-SEA,151,17,0,0,0,0,0,0,-7,2025-04-01 17:38:00,2025-04-01 20:02:00,-14,0
2025-11-06 00:45:00,2025-11-06 03:02:00,AA,LAX,ORD,1277,5.99,7.14,0.0,0.0,16.24,-1.7682,0.9948,33,LAX-ORD,137,0,0,1,0,0,0,0,2,2025-11-06 00:47:00,2025-11-06 02:56:00,-6,0
2025-01-27 23:50:00,2025-01-28 03:37:00,UA,DFW,LAX,2403,16.7,17.76,0.31,0.48,17.27,0.3154,-0.3413,26,DFW-LAX,227,23,0,1,0,0,0,0,29,2025-01-28 00:19:00,2025-01-28 04:05:00,28,1
2025-03-25 09:20:00,2025-03-25 12:14:00,UA,BOS,SFO,1739,3.3,3.17,0.0,0.0,18.68,0.867,-0.94,89,BOS-SFO,174,9,0,0,0,0,0,0,-6,2025-03-25 09:14:00,2025-03-25 12:20:00,6,0
2025-07-10 09:00:00,2025-07-10 13:46:00,WN,SFO,DEN,3142,6.91,7.55,1.1,1.08,17.25,-1.5062,0.1924,11,SFO-DEN,286,9,0,0,0,0,0,0,2,2025-07-10 09:02:00,2025-07-10 13:38:00,-8,0
2025-01-19 12:10:00,2025-01-19 15:26:00,B6,BOS,JFK,2007,2.86,3.9,0.25,0.86,19.43,-0.6827,-0.9532,92,BOS-JFK,196,12,0,0,0,0,0,0,14,2025-01-19 12:24:00,2025-01-19 15:45:00,19,1
2025-11-10 15:50:00,2025-11-10 17:46:00,UA,ORD,LAX,1007,11.27,11.21,0.0,1.26,19.15,-0.897,-0.2145,22,ORD-LAX,116,15,0,0,0,0,0,0,15,2025-11-10 16:05:00,2025-11-10 17:46:00,0,0
2025-11-13 11:45:00,2025-11-13 14:57:00,B6,DEN,ORD,1959,4.47,3.25,0.0,0.0,14.43,1.561,-0.6107,29,DEN-ORD,192,11,0,0,0,0,0,0,5,2025-11-13 11:50:00,2025-11-13 14:50:00,-7,0
2025-07-17 21:00:00,2025-07-18 02:33:00,WN,DEN,JFK,3726,12.98,11.15,0.26,0.0,17.99,1.3378,0.7312,29,DEN-JFK,333,21,0,1,0,0,0,0,3,2025-07-17 21:03:00,2025-07-18 02:37:00,4,0
2025-04-22 23:15:00,2025-04-23 04:53:00,AA,BOS,DFW,3788,23.37,25.31,0.48,0.0,16.21,0.9037,-0.8375,72,BOS-DFW,338,23,0,1,0,0,0,0,8,2025-04-22 23:23:00,2025-04-23 04:53:00,0,0
2025-02-06 04:10:00,2025-02-06 06:54:00,UA,DFW,BOS,1608,0.0,3.83,0.0,2.68,14.88,0.3935,0.7502,51,DFW-BOS,164,4,0,1,0,0,0,0,-3,2025-02-06 04:07:00,2025-02-06 06:42:00,-12,0
2025-08-14 16:15:00,2025-08-14 21:41:00,UA,ORD,LAX,3642,5.06,8.52,0.0,0.91,18.38,0.8735,-0.153,55,ORD-LAX,326,16,0,0,0,0,0,0,11,2025-08-14 16:26:00,2025-08-14 21:42:00,1,0
2025-07-16 07:40:00,2025-07-16 09:10:00,UA,DFW,BOS,691,5.3,3.23,0.0,1.24,17.56,0.5865,-0.0564,3,DFW-BOS,90,7,0,0,0,0,0,0,-8,2025-07-16 07:32:00,2025-07-16 09:15:00,5,0
2025-10-05 23:30:00,2025-10-06 06:00:00,WN,ATL,JFK,4432,2.0,1.97,0.15,0.0,14.5,1.5917,-0.9528,13,ATL-JFK,390,23,0,1,0,0,0,0,-4,2025-10-05 23:26:00,2025-10-06 06:00:00,0,0
2025-08-08 06:20:00,2025-08-08 11:36:00,WN,DEN,DFW,3515,11.36,11.96,0.91,0.64,15.64,0.0416,0.4387,50,DEN-DFW,316,6,0,0,0,0,0,0,0,2025-08-08 06:20:00,2025-08-08 11:28:00,-8,0
2025-02-16 07:20:00,2025-02-16 08:33:00,UA,BOS,ORD,471,11.49,13.48,6.35,5.63,10.09,-2.4714,0.4059,72,BOS-ORD,73,7,0,0,0,0,0,0,23,2025-02-16 07:43:00,2025-02-16 08:49:00,16,1
2025-02-14 17:40:00,2025-02-14 22:36:00,AA,DFW,JFK,3261,24.43,24.46,0.67,0.46,16.73,-0.493,0.3228,94,DFW-JFK,296,17,0,0,0,0,0,0,-9,2025-02-14 17:31:00,2025-02-14 22:33:00,-3,0
2025-10-13 18:40:00,2025-10-13 22:25:00,AA,SFO,ATL,2374,15.62,15.39,3.25,3.02,14.3,0.5451,-0.6499,37,SFO-ATL,225,18,0,0,0,0,0,0,5,2025-10-13 18:45:00,2025-10-13 22:23:00,-2,0
2025-02-28 03:00:00,2025-02-28 08:56:00,DL,SFO,JFK,4011,12.88,11.1,0.0,0.0,16.74,-0.326,-0.1221,79,SFO-JFK,356,3,0,1,0,0,0,0,2,2025-02-28 03:02:00,2025-02-28 08:51:00,-5,0
2025-12-09 13:10:00,2025-12-09 15:30:00,WN,SFO,BOS,1307,12.64,11.02,0.56,0.0,16.92,1.1907,0.6515,8,SFO-BOS,140,13,0,0,0,0,0,0,-8,2025-12-09 13:02:00,2025-12-09 15:18:00,-12,0
2025-02-08 08:15:00,2025-02-08 14:14:00,AA,BOS,DFW,4046,5.58,4.45,0.0,1.18,16.18,-0.8366,-0.9901,64,BOS-DFW,359,8,0,0,0,0,0,0,-2,2025-02-08 08:13:00,2025-02-08 14:11:00,-3,0
2025-09-23 14:20:00,2025-09-23 20:11:00,B6,JFK,DEN,3956,10.68,12.77,0.0,0.0,15.94,0.9004,0.5164,46,JFK-DEN,351,14,0,0,0,0,0,0,5,2025-09-23 14:25:00,2025-09-23 20:12:00,1,0
2025-12-22 13:50:00,2025-12-22 16:23:00,B6,ATL,BOS,1469,3.1,1.69,0.0,1.35,15.27,-1.4636,0.5027,50,ATL-BOS,153,13,0,0,0,0,0,0,10,2025-12-22 14:00:00,2025-12-22 16:45:00,22,1
2025-06-11 23:50:00,2025-06-12 03:14:00,UA,JFK,SFO,2115,7.89,9.07,8.62,9.43,10.64,0.3357,0.8734,93,JFK-SFO,204,23,0,1,0,0,0,0,2,2025-06-11 23:52:00,2025-06-12 03:05:00,-9,0
2025-01-21 22:40:00,2025-01-22 03:14:00,WN,LAX,DEN,2993,16.76,9.39,3.65,4.4,11.63,-0.8101,0.1398,42,LAX-DEN,274,22,0,1,0,0,0,0,2,2025-01-21 22:42:00,2025-01-22 03:09:00,-5,0
2025-11-16 15:00:00,2025-11-16 17:20:00,WN,ORD,JFK,1309,9.3,7.23,0.12,0.55,16.05,-1.3372,-0.3554,7,ORD-JFK,140,15,0,0,0,0,0,0,8,2025-11-16 15:08:00,2025-11-16 17:32:00,12,0
2025-03-10 16:00:00,2025-03-10 22:35:00,AA,DFW,SEA,4496,6.73,5.92,5.45,5.49,13.82,-0.0581,-0.8687,27,DFW-SEA,395,16,0,0,0,0,0,0,8,2025-03-10 16:08:00,2025-03-10 22:37:00,2,0
2025-07-12 21:20:00,2025-07-12 23:23:00,UA,ATL,DFW,1101,11.14,8.24,4.25,4.66,9.68,-1.2153,0.7197,4,ATL-DFW,123,21,0,1,0,0,0,0,-10,2025-07-12 21:10:00,2025-07-12 23:26:00,3,0
2025-12-26 04:30:00,2025-12-26 06:51:00,B6,JFK,SFO,1323,6.75,2.77,0.0,2.15,14.7,0.7705,0.0919,60,JFK-SFO,141,4,0,1,0,0,0,0,-10,2025-12-26 04:20:00,2025-12-26 06:54:00,3,0
2025-09-29 17:40:00,2025-09-29 21:27:00,B6,DFW,BOS,2402,5.25,8.43,0.0,1.13,13.12,-0.3604,-0.38,66,DFW-BOS,227,17,0,0,0,0,0,0,-10,2025-09-29 17:30:00,2025-09-29 21:18:00,-9,0
2025-01-17 18:10:00,2025-01-17 21:48:00,DL,LAX,SFO,2286,15.81,18.57,0.0,0.0,4.3,0.0934,0.7013,47,LAX-SFO,218,18,0,0,0,1,0,1,5,2025-01-17 18:15:00,2025-01-17 21:58:00,10,0
2025-10-27 03:50:00,2025-10-27 05:06:00,UA,ATL,JFK,510,19.45,16.59,1.22,0.0,18.03,-0.054,0.4112,71,ATL-JFK,76,3,0,1,0,0,0,0,-4,2025-10-27 03:46:00,2025-10-27 05:04:00,-2,0
2025-02-28 21:20:00,2025-03-01 03:25:00,AA,LAX,ATL,4122,13.78,11.39,0.39,1.49,17.41,0.5639,-0.8218,79,LAX-ATL,365,21,0,1,0,0,0,0,2,2025-02-28 21:22:00,2025-03-01 03:20:00,-5,0
2025-10-01 16:30:00,2025-10-01 18:50:00,AA,DFW,SEA,1308,2.87,4.07,0.0,0.0,16.3,-0.6952,0.2944,93,DFW-SEA,140,16,0,0,0,0,0,0,-1,2025-10-01 16:29:00,2025-10-01 18:36:00,-14,0
2025-08-15 08:00:00,2025-08-15 09:34:00,AA,ORD,SEA,732,5.4,5.11,0.0,0.0,11.07,1.1198,0.6781,31,ORD-SEA,94,8,0,0,0,0,0,0,-1,2025-08-15 07:59:00,2025-08-15 09:41:00,7,0
2025-04-16 11:45:00,2025-04-16 15:38:00,DL,SFO,BOS,2480,11.18,12.98,0.49,0.08,15.78,2.0442,-0.4905,25,SFO-BOS,233,11,0,0,0,0,0,0,10,2025-04-16 11:55:00,2025-04-16 15:46:00,8,0
2025-06-04 11:30:00,2025-06-04 17:41:00,UA,DEN,BOS,4198,6.4,5.46,0.01,1.59,18.15,-1.1078,-0.5629,24,DEN-BOS,371,11,0,0,0,0,0,0,20,2025-06-04 11:50:00,2025-06-04 18:10:00,29,1
2025-02-13 22:10:00,2025-02-13 23:10:00,DL,ORD,SEA,309,28.95,28.47,0.0,0.0,19.15,1.5942,0.8987,75,ORD-SEA,60,22,0,1,0,0,0,0,-6,2025-02-13 22:04:00,2025-02-13 23:06:00,-4,0
2025-12-27 23:15:00,2025-12-28 02:58:00,AA,BOS,DFW,2350,5.8,6.51,0.57,0.0,17.54,-0.5512,0.425,76,BOS-DFW,223,23,0,1,0,0,0,0,2,2025-12-27 23:17:00,2025-12-28 03:04:00,6,0
2025-03-28 19:15:00,2025-03-29 01:20:00,B6,SFO,SEA,4125,8.04,7.79,0.25,0.51,17.26,-0.5051,0.7736,10,SFO-SEA,365,19,0,0,0,0,0,0,1,2025-03-28 19:16:00,2025-03-29 01:21:00,1,0
2025-04-23 15:00:00,2025-04-23 20:59:00,WN,JFK,SFO,4050,1.52,3.57,0.0,0.34,13.12,0.8464,-0.2809,54,JFK-SFO,359,15,0,0,0,0,0,0,22,2025-04-23 15:22:00,2025-04-23 21:06:00,7,0
2025-07-03 02:50:00,2025-07-03 04:46:00,WN,ORD,BOS,1017,18.57,20.65,11.65,12.74,10.12,-1.1058,0.839,24,ORD-BOS,116,2,0,1,0,0,0,0,28,2025-07-03 03:18:00,2025-07-03 05:25:00,39,1
2025-09-03 21:45:00,2025-09-04 02:13:00,B6,ORD,DFW,2909,25.15,26.1,0.71,0.32,17.34,0.5992,0.1825,77,ORD-DFW,268,21,0,1,0,0,0,0,-9,2025-09-03 21:36:00,2025-09-04 02:03:00,-10,0
2025-07-04 03:50:00,2025-07-04 09:30:00,B6,LAX,DEN,3811,1.9,5.18,0.0,0.0,13.44,0.551,0.1169,46,LAX-DEN,340,3,1,1,0,0,1,0,71,2025-07-04 05:01:00,2025-07-04 11:07:00,97,1
2025-07-04 04:15:00,2025-07-04 09:00:00,UA,DFW,DEN,3120,3.41,2.09,0.0,0.56,12.19,-0.0724,-0.4763,81,DFW-DEN,285,4,1,1,0,0,1,0,16,2025-07-04 04:31:00,2025-07-04 09:16:00,16,1
2025-08-01 01:30:00,2025-08-01 06:10:00,WN,ORD,LAX,3060,12.86,13.2,0.0,0.21,18.86,-0.1111,-0.9506,55,ORD-LAX,280,1,0,1,0,0,0,0,14,2025-08-01 01:44:00,2025-08-01 06:20:00,10,0
2025-11-10 22:20:00,2025-11-11 03:39:00,B6,JFK,DFW,3546,29.92,29.55,0.21,0.0,12.64,-0.5358,0.0538,57,JFK-DFW,319,22,0,1,0,0,0,0,-10,2025-11-10 22:10:00,2025-11-11 03:38:00,-1,0
2025-05-25 11:20:00,2025-05-25 14:51:00,WN,LAX,BOS,2203,2.81,3.0,0.0,0.0,15.46,0.7232,0.9604,35,LAX-BOS,211,11,0,0,0,0,0,0,10,2025-05-25 11:30:00,2025-05-25 15:12:00,21,1
2025-10-31 05:30:00,2025-10-31 06:51:00,DL,LAX,ORD,581,7.34,8.03,0.0,0.0,13.08,-0.3882,-0.2153,49,LAX-ORD,81,5,0,0,0,0,0,0,-10,2025-10-31 05:20:00,2025-10-31 06:50:00,-1,0
2025-10-15 01:20:00,2025-10-15 05:54:00,B6,JFK,BOS,2985,11.81,12.38,5.04,4.57,13.49,1.1127,0.8787,63,JFK-BOS,274,1,0,1,0,0,0,0,8,2025-10-15 01:28:00,2025-10-15 05:54:00,0,0
2025-12-17 09:45:00,2025-12-17 14:15:00,WN,BOS,ATL,2936,11.42,12.6,0.24,0.56,16.69,1.1443,-0.8675,97,BOS-ATL,270,9,0,0,0,0,0,0,-5,2025-12-17 09:40:00,2025-12-17 14:08:00,-7,0
2025-11-30 17:00:00,2025-11-30 22:45:00,AA,DEN,ORD,3876,14.48,17.52,0.0,0.0,13.59,-1.4552,-0.5502,23,DEN-ORD,345,17,0,0,0,0,0,0,-10,2025-11-30 16:50:00,2025-11-30 22:36:00,-9,0
2025-10-19 23:10:00,2025-10-20 05:19:00,B6,SFO,BOS,4180,24.92,23.34,0.0,0.69,17.38,-1.3229,-0.4327,84,SFO-BOS,369,23,0,1,0,0,0,0,8,2025-10-19 23:18:00,2025-10-20 05:09:00,-10,0
2025-04-01 13:50:00,2025-04-01 16:42:00,WN,JFK,BOS,1718,20.48,19.91,0.0,0.0,18.13,-0.1861,-0.2601,49,JFK-BOS,172,13,0,0,0,0,0,0,6,2025-04-01 13:56:00,2025-04-01 16:39:00,-3,0
2025-10-10 14:50:00,2025-10-10 21:10:00,UA,LAX,JFK,4315,7.63,6.49,0.76,0.0,14.56,-0.9407,0.1123,68,LAX-JFK,380,14,0,0,0,0,0,0,1,2025-10-10 14:51:00,2025-10-10 21:21:00,11,0
2025-09-26 20:45:00,2025-09-26 21:47:00,DL,DEN,LAX,341,6.71,4.76,0.46,0.0,15.48,-0.6891,0.6765,15,DEN-LAX,62,20,0,1,0,0,0,0,3,2025-09-26 20:48:00,2025-09-26 21:48:00,1,0
2025-04-16 21:15:00,2025-04-17 03:39:00,WN,ORD,BOS,4366,22.07,19.18,0.44,0.5,15.29,-0.817,0.1421,56,ORD-BOS,384,21,0,1,0,0,0,0,3,2025-04-16 21:18:00,2025-04-17 03:37:00,-2,0
2025-09-05 06:20:00,2025-09-05 08:05:00,UA,JFK,DEN,876,7.11,13.31,0.0,1.48,15.78,1.9265,-0.7501,27,JFK-DEN,105,6,0,0,0,0,0,0,-5,2025-09-05 06:15:00,2025-09-05 07:52:00,-13,0
2025-04-03 23:00:00,2025-04-04 03:36:00,WN,BOS,JFK,3012,10.84,7.84,0.0,1.8,18.7,1.1451,-0.9304,14,BOS-JFK,276,23,0,1,0,0,0,0,12,2025-04-03 23:12:00,2025-04-04 03:26:00,-10,0
2025-07-10 12:15:00,2025-07-10 17:04:00,AA,BOS,SEA,3169,15.26,21.49,0.33,1.05,14.73,-0.8424,0.3888,95,BOS-SEA,289,12,0,0,0,0,0,0,8,2025-07-10 12:23:00,2025-07-10 17:08:00,4,0
2025-10-18 22:40:00,2025-10-19 03:12:00,AA,DFW,SFO,2959,19.69,21.34,0.0,0.08,10.64,-1.9291,0.4309,0,DFW-SFO,272,22,0,1,0,0,0,0,-3,2025-10-18 22:37:00,2025-10-19 03:17:00,5,0
2025-03-10 02:15:00,2025-03-10 08:47:00,DL,LAX,ORD,4461,19.35,15.26,0.0,0.8,14.65,-0.5704,-0.9902,89,LAX-ORD,392,2,0,1,0,0,0,0,-2,2025-03-10 02:13:00,2025-03-10 08:53:00,6,0
2025-05-03 02:20:00,2025-05-03 06:25:00,B6,DEN,SFO,2620,31.37,31.7,0.2,0.0,13.13,-1.2823,-0.8265,76,DEN-SFO,245,2,0,1,0,0,0,0,-1,2025-05-03 02:19:00,2025-05-03 06:20:00,-5,0
2025-10-18 21:00:00,2025-10-18 22:43:00,WN,DEN,JFK,852,9.71,8.29,16.7,18.23,5.7,0.7084,0.7657,1,DEN-JFK,103,21,0,1,1,1,0,0,24,2025-10-18 21:24:00,2025-10-18 23:27:00,44,1
2025-06-15 16:20:00,2025-06-15 20:43:00,DL,DEN,DFW,2851,6.6,5.63,0.0,0.39,17.9,0.0593,0.1775,17,DEN-DFW,263,16,0,0,0,0,0,0,4,2025-06-15 16:24:00,2025-06-15 20:47:00,4,0
2025-12-17 04:40:00,2025-12-17 07:17:00,B6,DEN,SEA,1521,5.61,2.62,0.62,0.0,12.67,-0.5763,-0.0716,45,DEN-SEA,157,4,0,1,0,0,0,0,-6,2025-12-17 04:34:00,2025-12-17 07:11:00,-6,0
2025-01-03 21:30:00,2025-01-04 01:55:00,WN,ORD,DEN,2870,9.02,6.19,0.1,0.0,18.11,-0.0857,-0.817,55,ORD-DEN,265,21,0,1,0,0,0,0,36,2025-01-03 22:06:00,2025-01-04 02:44:00,49,1
2025-09-21 02:30:00,2025-09-21 05:37:00,AA,JFK,SEA,1898,5.37,6.56,1.65,2.66,16.0,-1.155,-0.4383,21,JFK-SEA,187,2,0,1,0,0,0,0,0,2025-09-21 02:30:00,2025-09-21 05:37:00,0,0
2025-10-25 16:50:00,2025-10-25 18:03:00,AA,JFK,SFO,478,15.31,13.27,0.33,0.38,11.81,-0.234,0.4393,60,JFK-SFO,73,16,0,0,0,0,0,0,-5,2025-10-25 16:45:00,2025-10-25 17:58:00,-5,0
2025-12-02 04:10:00,2025-12-02 08:43:00,DL,BOS,DFW,2977,14.35,18.91,0.0,0.96,14.48,1.6313,0.1402,61,BOS-DFW,273,4,0,1,0,0,0,0,17,2025-12-02 04:27:00,2025-12-02 08:59:00,16,1
2025-02-27 01:15:00,2025-02-27 02:44:00,UA,JFK,LAX,673,2.75,3.4,0.59,1.67,12.86,-0.6872,0.0862,67,JFK-LAX,89,1,0,1,0,0,0,0,-1,2025-02-27 01:14:00,2025-02-27 02:42:00,-2,0
2025-12-26 19:30:00,2025-12-26 22:19:00,WN,SFO,SEA,1677,17.47,13.2,7.57,7.07,14.12,0.0989,0.5913,29,SFO-SEA,169,19,0,0,0,0,0,0,11,2025-12-26 19:41:00,2025-12-26 22:24:00,5,0
2025-05-24 20:20:00,2025-05-25 00:47:00,UA,ORD,SEA,2901,17.96,20.12,0.0,0.0,16.76,-0.784,0.4588,51,ORD-SEA,267,20,0,1,0,0,0,0,-6,2025-05-24 20:14:00,2025-05-25 00:42:00,-5,0
2025-05-09 02:50:00,2025-05-09 08:45:00,DL,JFK,BOS,4000,15.55,14.07,0.0,0.82,16.03,-0.8003,-0.4306,67,JFK-BOS,355,2,0,1,0,0,0,0,9,2025-05-09 02:59:00,2025-05-09 08:37:00,-8,0
2025-05-10 02:00:00,2025-05-10 04:45:00,WN,DEN,SFO,1619,5.03,10.26,0.0,1.29,12.6,0.8283,0.8472,79,DEN-SFO,165,2,0,1,0,0,0,0,13,2025-05-10 02:13:00,2025-05-10 05:06:00,21,1
2025-08-21 14:00:00,2025-08-21 16:39:00,WN,DFW,JFK,1553,23.16,22.92,1.81,1.27,16.39,-1.2392,0.2039,92,DFW-JFK,159,14,0,0,0,0,0,0,2,2025-08-21 14:02:00,2025-08-21 16:41:00,2,0
2025-08-29 00:15:00,2025-08-29 02:55:00,WN,ATL,ORD,1565,10.6,8.45,0.0,0.47,17.77,-0.1835,-0.7421,38,ATL-ORD,160,0,0,1,0,0,0,0,18,2025-08-29 00:33:00,2025-08-29 03:11:00,16,1
2025-06-22 17:20:00,2025-06-22 21:32:00,WN,ATL,BOS,2715,7.51,3.86,0.0,2.0,19.62,-0.879,0.0233,87,ATL-BOS,252,17,0,0,0,0,0,0,-9,2025-06-22 17:11:00,2025-06-22 21:39:00,7,0
2025-01-26 21:50:00,2025-01-26 23:54:00,AA,ORD,ATL,1112,5.12,5.3,0.77,0.0,16.83,1.3733,-0.1528,8,ORD-ATL,124,21,0,1,0,0,0,0,10,2025-01-26 22:00:00,2025-01-26 23:56:00,2,0
2025-12-27 18:20:00,2025-12-27 22:16:00,B6,SEA,DFW,2513,13.04,10.72,0.62,1.6,15.4,-0.6931,0.6108,27,SEA-DFW,236,18,0,0,0,0,0,0,22,2025-12-27 18:42:00,2025-12-27 22:27:00,11,0
2025-03-23 05:20:00,2025-03-23 10:48:00,DL,SFO,ATL,3664,6.48,9.77,0.25,0.0,13.2,-1.2718,0.8594,87,SFO-ATL,328,5,0,0,0,0,0,0,-3,2025-03-23 05:17:00,2025-03-23 11:02:00,14,0
2025-02-04 04:10:00,2025-02-04 05:36:00,B6,LAX,JFK,639,3.83,2.96,0.0,0.0,17.33,-0.162,-0.5693,70,LAX-JFK,86,4,0,1,0,0,0,0,5,2025-02-04 04:15:00,2025-02-04 05:33:00,-3,0
2025-08-07 16:20:00,2025-08-07 22:43:00,WN,SFO,LAX,4350,0.0,4.91,0.38,0.0,15.79,-0.1584,0.4469,10,SFO-LAX,383,16,0,0,0,0,0,0,-10,2025-08-07 16:10:00,2025-08-07 22:40:00,-3,0
2025-05-31 01:30:00,2025-05-31 05:28:00,WN,DFW,ATL,2533,12.24,10.04,0.0,0.0,13.76,1.0945,0.0775,2,DFW-ATL,238,1,0,1,0,0,0,0,29,2025-05-31 01:59:00,2025-05-31 06:13:00,45,1
2025-08-13 12:30:00,2025-08-13 17:00:00,DL,DEN,DFW,2936,3.39,0.0,0.0,0.0,18.72,-0.5488,0.8043,55,DEN-DFW,270,12,0,0,0,0,0,0,20,2025-08-13 12:50:00,2025-08-13 17:27:00,27,1
2025-11-16 10:30:00,2025-11-16 14:56:00,WN,DEN,JFK,2892,1.63,2.42,0.28,0.0,15.15,0.4223,-0.8503,76,DEN-JFK,266,10,0,0,0,0,0,0,11,2025-11-16 10:41:00,2025-11-16 15:06:00,10,0
2025-02-05 17:20:00,2025-02-05 23:37:00,UA,DEN,SEA,4270,17.15,18.41,0.35,0.13,17.12,-1.0017,0.4174,3,DEN-SEA,377,17,0,0,0,0,0,0,1,2025-02-05 17:21:00,2025-02-05 23:43:00,6,0
2025-04-14 04:10:00,2025-04-14 08:52:00,DL,ORD,LAX,3091,4.19,4.25,0.0,0.65,17.56,1.0862,0.9376,33,ORD-LAX,282,4,0,1,0,0,0,0,-7,2025-04-14 04:03:00,2025-04-14 08:51:00,-1,0
2025-07-08 18:10:00,2025-07-09 00:06:00,AA,ATL,DEN,4012,13.42,12.02,20.04,19.5,8.67,0.8819,0.1526,61,ATL-DEN,356,18,0,0,1,0,0,0,40,2025-07-08 18:50:00,2025-07-09 00:50:00,44,1
2025-10-15 16:10:00,2025-10-15 18:45:00,AA,SFO,LAX,1501,10.48,9.19,0.57,0.0,17.85,0.5541,-0.3872,72,SFO-LAX,155,16,0,0,0,0,0,0,-10,2025-10-15 16:00:00,2025-10-15 18:33:00,-12,0
2025-08-08 05:30:00,2025-08-08 07:42:00,WN,ORD,SFO,1215,7.0,7.14,5.71,7.59,10.78,0.8332,0.3212,32,ORD-SFO,132,5,0,0,0,0,0,0,0,2025-08-08 05:30:00,2025-08-08 07:43:00,1,0
2025-05-20 08:45:00,2025-05-20 13:20:00,UA,DFW,ATL,3003,24.36,24.61,0.0,0.0,16.27,0.2579,-0.9536,76,DFW-ATL,275,8,0,0,0,0,0,0,8,2025-05-20 08:53:00,2025-05-20 13:29:00,9,0
2025-08-11 01:50:00,2025-08-11 03:41:00,DL,ORD,SFO,944,15.36,13.43,0.0,0.0,13.63,0.1139,0.107,63,ORD-SFO,111,1,0,1,0,0,0,0,3,2025-08-11 01:53:00,2025-08-11 03:21:00,-20,0
2025-12-24 10:15:00,2025-12-24 11:51:00,UA,BOS,ATL,766,8.68,10.66,0.0,0.0,15.62,-1.149,-0.2202,87,BOS-ATL,96,10,1,0,0,0,0,0,23,2025-12-24 10:38:00,2025-12-24 12:08:00,17,1
2025-06-25 06:00:00,2025-06-25 08:10:00,AA,DFW,LAX,1188,6.45,7.06,0.44,0.65,13.39,-0.672,-0.7706,43,DFW-LAX,130,6,0,0,0,0,0,0,-8,2025-06-25 05:52:00,2025-06-25 08:13:00,3,0
2025-11-19 02:40:00,2025-11-19 05:10:00,B6,ATL,DFW,1438,15.92,14.25,10.6,11.47,11.01,0.8433,0.8215,15,ATL-DFW,150,2,0,1,0,0,0,0,7,2025-11-19 02:47:00,2025-11-19 05:23:00,13,0
2025-10-12 13:00:00,2025-10-12 14:31:00,UA,BOS,ORD,704,15.55,17.66,0.0,0.4,15.47,0.8055,-0.0475,93,BOS-ORD,91,13,0,0,0,0,0,0,7,2025-10-12 13:07:00,2025-10-12 14:46:00,15,1
2025-04-20 13:40:00,2025-04-20 18:44:00,B6,ATL,SEA,3360,14.05,8.65,0.0,0.82,16.39,0.888,0.7592,76,ATL-SEA,304,13,0,0,0,0,0,0,0,2025-04-20 13:40:00,2025-04-20 18:39:00,-5,0
2025-04-02 02:20:00,2025-04-02 06:35:00,UA,SEA,BOS,2748,8.49,10.47,2.73,1.28,15.89,-0.4304,-0.4839,25,SEA-BOS,255,2,0,1,0,0,0,0,10,2025-04-02 02:30:00,2025-04-02 06:43:00,8,0
2025-10-09 04:45:00,2025-10-09 06:51:00,DL,ORD,SEA,1141,16.51,15.48,0.17,0.0,11.99,1.6775,-0.374,81,ORD-SEA,126,4,0,1,0,0,0,0,24,2025-10-09 05:09:00,2025-10-09 06:58:00,7,0
2025-03-17 01:40:00,2025-03-17 04:14:00,WN,SFO,SEA,1487,7.92,7.81,1.1,0.0,13.81,-0.1716,0.9702,29,SFO-SEA,154,1,0,1,0,0,0,0,6,2025-03-17 01:46:00,2025-03-17 04:14:00,0,0
2025-05-03 16:40:00,2025-05-03 22:51:00,AA,SFO,DEN,4205,6.5,8.99,14.24,13.55,9.28,0.4589,0.1056,66,SFO-DEN,371,16,0,0,1,0,0,0,24,2025-05-03 17:04:00,2025-05-03 23:15:00,24,1
2025-03-27 08:20:00,2025-03-27 14:26:00,DL,SFO,JFK,4134,3.99,3.48,0.0,0.0,18.13,2.7773,-0.2482,36,SFO-JFK,366,8,0,0,0,0,0,0,7,2025-03-27 08:27:00,2025-03-27 14:25:00,-1,0
2025-08-10 01:45:00,2025-08-10 03:25:00,UA,SFO,ORD,817,7.89,8.21,0.0,0.0,12.95,-0.5138,0.5003,62,SFO-ORD,100,1,0,1,0,0,0,0,11,2025-08-10 01:56:00,2025-08-10 03:19:00,-6,0
2025-04-18 04:30:00,2025-04-18 08:55:00,AA,ATL,BOS,2876,2.83,3.04,0.0,0.0,18.43,0.7186,-0.8864,7,ATL-BOS,265,4,0,1,0,0,0,0,-10,2025-04-18 04:20:00,2025-04-18 08:52:00,-3,0
2025-08-29 23:40:00,2025-08-30 02:27:00,B6,SEA,LAX,1656,18.51,14.61,0.0,0.8,15.37,-1.5121,0.537,14,SEA-LAX,167,23,0,1,0,0,0,0,12,2025-08-29 23:52:00,2025-08-30 02:40:00,13,0
2025-12-08 06:15:00,2025-12-08 09:15:00,DL,ORD,JFK,1810,8.15,7.24,0.0,0.0,16.31,-0.3707,-0.6982,86,ORD-JFK,180,6,0,0,0,0,0,0,-7,2025-12-08 06:08:00,2025-12-08 09:21:00,6,0
2025-10-30 16:20:00,2025-10-30 20:41:00,WN,BOS,SFO,2819,18.25,16.96,0.0,1.16,7.86,0.5952,-0.9608,42,BOS-SFO,261,16,0,0,0,0,0,0,14,2025-10-30 16:34:00,2025-10-30 20:37:00,-4,0
2025-12-13 11:45:00,2025-12-13 18:15:00,B6,BOS,ATL,4435,12.06,10.97,0.0,0.0,13.03,-0.6185,0.9878,9,BOS-ATL,390,11,0,0,0,0,0,0,2,2025-12-13 11:47:00,2025-12-13 18:10:00,-5,0
2025-01-09 04:20:00,2025-01-09 08:35:00,AA,SFO,ATL,2747,13.73,12.42,0.02,0.49,16.61,0.0384,-0.5969,60,SFO-ATL,255,4,0,1,0,0,0,0,2,2025-01-09 04:22:00,2025-01-09 08:34:00,-1,0
2025-06-16 07:00:00,2025-06-16 13:19:00,DL,SEA,ATL,4303,3.65,8.03,0.0,0.0,17.24,0.2262,0.7969,20,SEA-ATL,379,7,0,0,0,0,0,0,3,2025-06-16 07:03:00,2025-06-16 13:15:00,-4,0
2025-03-22 00:20:00,2025-03-22 05:55:00,AA,DEN,JFK,3745,9.85,7.47,0.22,0.65,17.03,0.1605,0.0071,34,DEN-JFK,335,0,0,1,0,0,0,0,7,2025-03-22 00:27:00,2025-03-22 06:25:00,30,1
2025-12-02 17:20:00,2025-12-02 22:41:00,DL,ATL,JFK,3570,11.53,9.93,0.0,0.0,6.86,-2.2053,-0.6713,12,ATL-JFK,321,17,0,0,0,0,0,0,-10,2025-12-02 17:10:00,2025-12-02 22:43:00,2,0
2025-09-17 08:20:00,2025-09-17 13:45:00,UA,DFW,LAX,3619,12.05,8.6,3.4,4.41,11.72,2.2425,0.0424,76,DFW-LAX,325,8,0,0,0,0,0,0,13,2025-09-17 08:33:00,2025-09-17 14:09:00,24,1
2025-04-27 11:00:00,2025-04-27 16:25:00,WN,ATL,DEN,3625,10.61,8.12,36.4,36.98,1.22,-1.1089,-0.6121,12,ATL-DEN,325,11,0,0,1,1,0,0,16,2025-04-27 11:16:00,2025-04-27 16:57:00,32,1
2025-07-25 03:10:00,2025-07-25 05:35:00,UA,ORD,DEN,1372,4.28,5.94,0.0,0.47,15.9,-0.8049,-0.8496,56,ORD-DEN,145,3,0,1,0,0,0,0,-1,2025-07-25 03:09:00,2025-07-25 05:36:00,1,0
2025-08-09 19:15:00,2025-08-10 01:42:00,WN,DFW,BOS,4404,2.43,2.39,0.59,0.0,15.49,-1.6233,-0.3874,40,DFW-BOS,387,19,0,0,0,0,0,0,-1,2025-08-09 19:14:00,2025-08-10 01:45:00,3,0
2025-06-30 05:20:00,2025-06-30 11:27:00,B6,ATL,ORD,4156,2.67,5.12,0.0,0.0,13.91,-1.0291,-0.0311,70,ATL-ORD,367,5,0,0,0,0,0,0,5,2025-06-30 05:25:00,2025-06-30 11:31:00,4,0
2025-06-23 13:00:00,2025-06-23 17:21:00,DL,SFO,ORD,2821,2.75,2.45,0.13,0.0,18.58,-0.071,0.331,17,SFO-ORD,261,13,0,0,0,0,0,0,8,2025-06-23 13:08:00,2025-06-23 17:29:00,8,0
2025-01-21 20:20:00,2025-01-22 01:18:00,DL,SEA,ATL,3286,1.75,1.67,0.37,0.43,15.58,0.984,-0.319,81,SEA-ATL,298,20,0,1,0,0,0,0,11,2025-01-21 20:31:00,2025-01-22 01:30:00,12,0
2025-06-15 17:15:00,2025-06-15 23:10:00,B6,SFO,ORD,3996,11.61,14.59,0.0,0.15,16.58,-0.6442,-0.4135,88,SFO-ORD,355,17,0,0,0,0,0,0,-2,2025-06-15 17:13:00,2025-06-15 22:59:00,-11,0
2025-05-08 14:00:00,2025-05-08 15:50:00,DL,SFO,JFK,941,9.66,6.91,0.0,0.0,20.83,0.1003,-0.1122,20,SFO-JFK,110,14,0,0,0,0,0,0,5,2025-05-08 14:05:00,2025-05-08 15:50:00,0,0
2025-10-26 21:15:00,2025-10-26 22:36:00,WN,ATL,SFO,572,5.56,3.38,0.0,0.15,12.42,0.2845,-0.1056,93,ATL-SFO,81,21,0,1,0,0,0,0,-5,2025-10-26 21:10:00,2025-10-26 22:39:00,3,0
2025-11-12 04:15:00,2025-11-12 10:48:00,WN,ORD,LAX,4481,7.56,8.5,0.0,0.66,15.25,-1.1655,0.6548,48,ORD-LAX,393,4,0,1,0,0,0,0,13,2025-11-12 04:28:00,2025-11-12 10:50:00,2,0
2025-10-01 23:10:00,2025-10-02 03:15:00,DL,SEA,JFK,2627,2.09,1.8,0.4,1.39,18.86,-1.8992,-0.791,17,SEA-JFK,245,23,0,1,0,0,0,0,1,2025-10-01 23:11:00,2025-10-02 03:03:00,-12,0
2025-01-12 13:45:00,2025-01-12 18:47:00,AA,SEA,ORD,3332,9.86,9.29,0.0,0.0,11.59,-1.0059,-0.8213,52,SEA-ORD,302,13,0,0,0,0,0,0,-5,2025-01-12 13:40:00,2025-01-12 18:40:00,-7,0
2025-11-04 09:00:00,2025-11-04 12:48:00,WN,DEN,BOS,2410,3.14,5.02,0.81,2.46,17.2,1.2864,0.0358,21,DEN-BOS,228,9,0,0,0,0,0,0,2,2025-11-04 09:02:00,2025-11-04 12:41:00,-7,0
2025-05-25 06:30:00,2025-05-25 10:23:00,WN,DFW,BOS,2472,22.12,21.1,8.81,9.04,14.05,-0.8541,0.1719,49,DFW-BOS,233,6,0,0,0,0,0,0,-5,2025-05-25 06:25:00,2025-05-25 10:25:00,2,0
2025-06-01 17:40:00,2025-06-01 18:52:00,DL,SFO,JFK,458,12.56,14.74,0.0,0.17,15.25,-0.7913,-0.4103,30,SFO-JFK,72,17,0,0,0,0,0,0,-7,2025-06-01 17:33:00,2025-06-01 18:46:00,-6,0
2025-12-11 23:45:00,2025-12-12 02:21:00,WN,ATL,SEA,1515,13.75,15.72,0.83,0.26,17.62,0.2802,-0.5711,68,ATL-SEA,156,23,0,1,0,0,0,0,2,2025-12-11 23:47:00,2025-12-12 02:22:00,1,0
2025-11-13 16:30:00,2025-11-13 17:58:00,UA,LAX,SEA,665,11.53,10.94,12.29,13.69,13.3,0.5704,0.7198,54,LAX-SEA,88,16,0,0,1,0,0,0,6,2025-11-13 16:36:00,2025-11-13 18:16:00,18,1
2025-01-19 00:30:00,2025-01-19 03:54:00,AA,SEA,DFW,2115,15.84,15.87,0.27,0.0,15.23,-1.2131,-0.5804,1,SEA-DFW,204,0,0,1,0,0,0,0,12,2025-01-19 00:42:00,2025-01-19 03:56:00,2,0
2025-05-12 11:45:00,2025-05-12 12:51:00,UA,SEA,DEN,391,6.17,6.67,0.0,0.0,16.58,0.6661,0.2956,48,SEA-DEN,66,11,0,0,0,0,0,0,2,2025-05-12 11:47:00,2025-05-12 13:03:00,12,0
2025-10-01 17:45:00,2025-10-01 23:14:00,DL,LAX,SFO,3670,4.96,11.45,4.75,2.61,17.35,0.4178,0.412,90,LAX-SFO,329,17,0,0,0,0,0,0,11,2025-10-01 17:56:00,2025-10-01 23:24:00,10,0
2025-07-16 09:10:00,2025-07-16 11:48:00,UA,ORD,LAX,1534,11.98,10.86,0.24,0.0,15.23,-0.6537,0.1656,37,ORD-LAX,158,9,0,0,0,0,0,0,-6,2025-07-16 09:04:00,2025-07-16 11:34:00,-14,0
2025-04-05 18:45:00,2025-04-05 23:53:00,AA,SFO,BOS,3412,20.03,17.44,0.0,0.0,18.37,-1.9493,-0.2005,12,SFO-BOS,308,18,0,0,0,0,0,0,6,2025-04-05 18:51:00,2025-04-05 23:45:00,-8,0
2025-07-11 16:20:00,2025-07-11 17:37:00,B6,ORD,DEN,524,3.89,3.43,0.41,0.34,14.27,0.7171,0.6454,26,ORD-DEN,77,16,0,0,0,0,0,0,33,2025-07-11 16:53:00,2025-07-11 18:20:00,43,1
2025-11-13 01:00:00,2025-11-13 02:10:00,AA,BOS,SEA,439,4.06,6.12,0.0,0.0,16.73,0.2713,-0.1277,51,BOS-SEA,70,1,0,1,0,0,0,0,-10,2025-11-13 00:50:00,2025-11-13 02:06:00,-4,0
2025-03-23 13:30:00,2025-03-23 16:51:00,WN,DEN,SFO,2077,27.79,28.35,0.0,0.0,15.54,0.1013,-0.8228,85,DEN-SFO,201,13,0,0,0,0,0,0,6,2025-03-23 13:36:00,2025-03-23 16:42:00,-9,0
2025-09-30 04:50:00,2025-09-30 10:14:00,DL,DEN,SFO,3609,23.13,23.37,0.85,1.37,10.35,-1.4691,-0.984,25,DEN-SFO,324,4,0,1,0,0,0,0,3,2025-09-30 04:53:00,2025-09-30 10:09:00,-5,0
2025-09-26 11:10:00,2025-09-26 16:42:00,WN,DFW,ATL,3713,9.79,8.83,0.76,1.19,20.46,2.1873,0.8421,48,DFW-ATL,332,11,0,0,0,0,0,0,3,2025-09-26 11:13:00,2025-09-26 16:29:00,-13,0
2025-11-20 09:00:00,2025-11-20 13:02:00,AA,DFW,SEA,2587,4.8,0.0,10.43,10.42,10.75,-1.0983,0.654,59,DFW-SEA,242,9,0,0,0,0,0,0,8,2025-11-20 09:08:00,2025-11-20 13:14:00,12,0
2025-04-19 19:50:00,2025-04-20 00:15:00,AA,BOS,LAX,2878,13.08,12.52,0.0,1.48,18.91,-0.634,0.7617,11,BOS-LAX,265,19,0,0,0,0,0,0,4,2025-04-19 19:54:00,2025-04-20 00:24:00,9,0
2025-03-20 20:30:00,2025-03-21 01:20:00,B6,ORD,SEA,3192,40.69,38.02,0.67,0.39,17.4,0.8866,-0.4906,80,ORD-SEA,290,20,0,1,0,0,0,0,-10,2025-03-20 20:20:00,2025-03-21 01:28:00,8,0
2025-07-19 11:10:00,2025-07-19 15:55:00,AA,ATL,SEA,3129,17.58,15.3,0.3,1.1,15.22,0.0119,-0.4665,76,ATL-SEA,285,11,0,0,0,0,0,0,21,2025-07-19 11:31:00,2025-07-19 16:28:00,33,1
2025-07-13 12:45:00,2025-07-13 17:53:00,UA,SEA,DFW,3413,14.5,15.2,0.0,0.0,17.43,0.1143,0.1867,3,SEA-DFW,308,12,0,0,0,0,0,0,-1,2025-07-13 12:44:00,2025-07-13 17:49:00,-4,0
2025-05-30 15:20:00,2025-05-30 16:30:00,WN,LAX,BOS,432,9.15,12.52,2.02,0.0,19.04,-1.2837,0.793,31,LAX-BOS,70,15,0,0,0,0,0,0,-2,2025-05-30 15:18:00,2025-05-30 16:27:00,-3,0
2025-10-12 15:15:00,2025-10-12 18:38:00,DL,SFO,ORD,2101,13.01,11.14,0.01,0.63,18.44,-1.3604,0.7817,47,SFO-ORD,203,15,0,0,0,0,0,0,-2,2025-10-12 15:13:00,2025-10-12 18:46:00,8,0
2025-10-19 15:15:00,2025-10-19 20:56:00,B6,ATL,DEN,3826,15.32,14.64,1.19,0.0,16.15,0.3079,-0.3501,80,ATL-DEN,341,15,0,0,0,0,0,0,8,2025-10-19 15:23:00,2025-10-19 20:44:00,-12,0
2025-03-31 18:30:00,2025-03-31 21:57:00,B6,DEN,LAX,2147,7.3,10.71,4.61,4.31,16.51,-0.4824,0.7332,71,DEN-LAX,207,18,0,0,0,0,0,0,2,2025-03-31 18:32:00,2025-03-31 21:55:00,-2,0
2025-10-18 23:10:00,2025-10-19 00:58:00,AA,SFO,DEN,913,8.34,8.34,0.86,1.48,17.47,1.8294,-0.2246,73,SFO-DEN,108,23,0,1,0,0,0,0,2,2025-10-18 23:12:00,2025-10-19 01:06:00,8,0
2025-03-26 19:15:00,2025-03-26 23:58:00,AA,JFK,DFW,3094,11.32,15.39,0.14,0.37,18.04,-1.2404,-0.64,27,JFK-DFW,283,19,0,0,0,0,0,0,-10,2025-03-26 19:05:00,2025-03-26 23:57:00,-1,0
2025-05-29 03:15:00,2025-05-29 05:56:00,B6,LAX,SEA,1571,10.47,10.38,0.0,0.11,18.16,-0.4686,-0.6922,12,LAX-SEA,161,3,0,1,0,0,0,0,-6,2025-05-29 03:09:00,2025-05-29 05:54:00,-2,0
2025-01-10 11:00:00,2025-01-10 14:51:00,AA,ATL,SFO,2447,0.0,0.0,0.0,1.56,12.81,0.1291,0.1665,70,ATL-SFO,231,11,0,0,0,0,0,0,4,2025-01-10 11:04:00,2025-01-10 15:01:00,10,0
2025-05-05 11:45:00,2025-05-05 15:38:00,UA,ORD,DFW,2470,34.42,34.28,0.0,0.0,14.12,-0.5038,-0.8505,32,ORD-DFW,233,11,0,0,0,0,0,0,8,2025-05-05 11:53:00,2025-05-05 15:34:00,-4,0
2025-12-16 12:00:00,2025-12-16 16:53:00,WN,DEN,SFO,3224,12.14,13.94,0.0,0.09,15.35,-0.8513,0.1221,96,DEN-SFO,293,12,0,0,0,0,0,0,9,2025-12-16 12:09:00,2025-12-16 17:07:00,14,0
2025-06-11 12:50:00,2025-06-11 19:01:00,DL,SFO,SEA,4205,22.7,19.98,20.12,20.65,7.67,0.0194,-0.9582,63,SFO-SEA,371,12,0,0,1,0,0,0,5,2025-06-11 12:55:00,2025-06-11 19:13:00,12,0
2025-09-17 17:00:00,2025-09-17 21:52:00,B6,DFW,LAX,3213,11.49,10.61,0.21,0.0,17.76,1.9702,-0.5451,85,DFW-LAX,292,17,0,0,0,0,0,0,4,2025-09-17 17:04:00,2025-09-17 21:48:00,-4,0
2025-02-09 10:15:00,2025-02-09 16:49:00,WN,BOS,DEN,4492,3.89,4.32,0.0,0.0,16.54,-0.6996,0.7728,74,BOS-DEN,394,10,0,0,0,0,0,0,5,2025-02-09 10:20:00,2025-02-09 16:43:00,-6,0
2025-08-20 06:00:00,2025-08-20 07:05:00,WN,LAX,SFO,379,17.4,21.34,0.0,0.17,18.2,-1.6663,0.8098,16,LAX-SFO,65,6,0,0,0,0,0,0,16,2025-08-20 06:16:00,2025-08-20 07:29:00,24,1
2025-05-16 10:15:00,2025-05-16 15:37:00,B6,JFK,SFO,3587,3.56,2.94,0.0,1.5,15.9,0.5026,0.3793,43,JFK-SFO,322,10,0,0,0,0,0,0,5,2025-05-16 10:20:00,2025-05-16 15:34:00,-3,0
2025-09-29 20:30:00,2025-09-29 23:49:00,AA,JFK,DEN,2051,14.75,14.2,0.43,0.14,15.88,-0.4113,-0.8098,41,JFK-DEN,199,20,0,1,0,0,0,0,5,2025-09-29 20:35:00,2025-09-29 23:45:00,-4,0
2025-12-05 07:00:00,2025-12-05 12:04:00,DL,SFO,BOS,3363,16.35,21.15,0.14,0.76,17.19,-1.0762,0.8199,56,SFO-BOS,304,7,0,0,0,0,0,0,8,2025-12-05 07:08:00,2025-12-05 12:07:00,3,0
2025-07-14 00:30:00,2025-07-14 01:58:00,AA,DFW,BOS,657,8.28,7.68,0.0,0.82,13.44,0.5774,-0.4767,46,DFW-BOS,88,0,0,1,0,0,0,0,0,2025-07-14 00:30:00,2025-07-14 01:54:00,-4,0
2025-02-07 23:45:00,2025-02-08 03:41:00,B6,DFW,LAX,2516,13.23,14.63,0.98,0.0,19.16,0.4288,-0.8436,8,DFW-LAX,236,23,0,1,0,0,0,0,-3,2025-02-07 23:42:00,2025-02-08 03:45:00,4,0
2025-06-23 04:20:00,2025-06-23 05:29:00,UA,LAX,DEN,425,0.91,0.0,0.33,0.08,15.99,-0.7239,-0.3027,81,LAX-DEN,69,4,0,1,0,0,0,0,1,2025-06-23 04:21:00,2025-06-23 05:34:00,5,0
2025-02-14 14:00:00,2025-02-14 18:43:00,AA,BOS,LAX,3095,12.37,15.28,14.1,13.74,9.06,-1.7053,-0.6768,0,BOS-LAX,283,14,0,0,1,0,0,0,36,2025-02-14 14:36:00,2025-02-14 19:30:00,47,1
2025-06-14 19:40:00,2025-06-14 21:52:00,DL,SEA,ORD,1209,7.44,5.6,6.19,8.02,11.55,0.8802,0.4116,57,SEA-ORD,132,19,0,0,0,0,0,0,10,2025-06-14 19:50:00,2025-06-14 21:52:00,0,0
2025-01-23 06:10:00,2025-01-23 07:57:00,B6,DEN,ATL,906,11.91,14.45,3.12,4.27,15.21,-0.7211,-0.3499,23,DEN-ATL,107,6,0,0,0,0,0,0,6,2025-01-23 06:16:00,2025-01-23 07:55:00,-2,0
2025-08-22 08:00:00,2025-08-22 09:26:00,UA,DEN,SEA,632,10.68,12.77,0.0,0.87,18.48,0.2286,0.1951,53,DEN-SEA,86,8,0,0,0,0,0,0,0,2025-08-22 08:00:00,2025-08-22 09:21:00,-5,0
2025-04-24 06:20:00,2025-04-24 08:49:00,WN,ATL,SFO,1430,10.76,9.53,0.82,0.52,10.91,-0.1685,0.9312,49,ATL-SFO,149,6,0,0,0,0,0,0,18,2025-04-24 06:38:00,2025-04-24 09:06:00,17,1
2025-03-15 03:15:00,2025-03-15 09:36:00,UA,DFW,BOS,4331,12.63,10.21,0.19,0.1,16.27,0.474,-0.1157,3,DFW-BOS,381,3,0,1,0,0,0,0,5,2025-03-15 03:20:00,2025-03-15 09:50:00,14,0
2025-01-07 03:00:00,2025-01-07 09:30:00,UA,LAX,ORD,4435,6.87,7.86,0.0,0.84,16.59,0.2044,-0.3722,55,LAX-ORD,390,3,0,1,0,0,0,0,8,2025-01-07 03:08:00,2025-01-07 09:28:00,-2,0
2025-11-21 04:45:00,2025-11-21 06:11:00,B6,ORD,LAX,637,8.57,9.94,16.44,15.51,9.27,1.2851,0.1869,50,ORD-LAX,86,4,0,1,1,0,0,0,21,2025-11-21 05:06:00,2025-11-21 06:25:00,14,0
2025-11-02 10:30:00,2025-11-02 16:58:00,UA,SFO,BOS,4414,30.13,31.7,0.0,1.28,15.18,0.6333,0.2228,5,SFO-BOS,388,10,0,0,0,0,0,0,8,2025-11-02 10:38:00,2025-11-02 16:59:00,1,0
2025-10-24 12:50:00,2025-10-24 17:06:00,WN,SEA,LAX,2767,21.6,23.77,0.0,0.0,17.15,-1.9916,0.1289,60,SEA-LAX,256,12,0,0,0,0,0,0,-3,2025-10-24 12:47:00,2025-10-24 17:12:00,6,0
2025-01-22 00:20:00,2025-01-22 03:07:00,B6,DEN,DFW,1656,8.94,10.93,1.38,1.04,19.57,-0.3769,-0.7933,92,DEN-DFW,167,0,0,1,0,0,0,0,-2,2025-01-22 00:18:00,2025-01-22 03:15:00,8,0
2025-05-08 20:20:00,2025-05-09 02:36:00,UA,SEA,ORD,4257,10.15,9.36,30.55,30.95,0.2,0.1254,-0.9627,15,SEA-ORD,376,20,0,1,1,1,0,0,51,2025-05-08 21:11:00,2025-05-09 03:44:00,68,1
2025-12-21 16:45:00,2025-12-21 19:05:00,WN,BOS,ORD,1312,8.25,5.1,0.0,0.68,17.28,-0.4178,0.7301,13,BOS-ORD,140,16,0,0,0,0,0,0,6,2025-12-21 16:51:00,2025-12-21 19:09:00,4,0
2025-07-31 01:00:00,2025-07-31 03:00:00,B6,BOS,ORD,1063,7.63,5.65,0.0,0.0,15.88,1.1709,-0.6153,68,BOS-ORD,120,1,0,1,0,0,0,0,-5,2025-07-31 00:55:00,2025-07-31 02:58:00,-2,0
2025-02-16 20:15:00,2025-02-16 22:31:00,B6,DFW,DEN,1263,6.12,6.89,0.23,0.27,16.67,0.4465,-0.9213,87,DFW-DEN,136,20,0,1,0,0,0,0,-5,2025-02-16 20:10:00,2025-02-16 22:27:00,-4,0
2025-02-21 00:45:00,2025-02-21 02:33:00,UA,JFK,SFO,912,8.44,11.34,8.43,8.81,12.07,-1.9086,0.1503,95,JFK-SFO,108,0,0,1,0,0,0,0,6,2025-02-21 00:51:00,2025-02-21 02:36:00,3,0
2025-04-07 13:15:00,2025-04-07 16:57:00,AA,BOS,DEN,2336,3.82,0.0,0.0,0.0,18.96,-0.3766,-0.6921,94,BOS-DEN,222,13,0,0,0,0,0,0,-7,2025-04-07 13:08:00,2025-04-07 16:56:00,-1,0
2025-12-21 11:50:00,2025-12-21 13:36:00,B6,SFO,DFW,890,8.06,5.82,0.02,0.0,17.5,0.0182,0.9171,21,SFO-DFW,106,11,0,0,0,0,0,0,15,2025-12-21 12:05:00,2025-12-21 13:54:00,18,1
2025-03-03 12:15:00,2025-03-03 14:29:00,DL,DEN,ORD,1239,6.78,7.47,0.0,0.03,13.14,-0.8042,0.3725,48,DEN-ORD,134,12,0,0,0,0,0,0,12,2025-03-03 12:27:00,2025-03-03 14:32:00,3,0
2025-11-26 22:20:00,2025-11-27 01:24:00,AA,DFW,DEN,1859,23.65,21.97,0.0,0.13,14.74,0.6759,0.9934,87,DFW-DEN,184,22,0,1,0,0,0,0,18,2025-11-26 22:38:00,2025-11-27 01:50:00,26,1
2025-09-05 22:50:00,2025-09-06 03:27:00,DL,LAX,BOS,3023,9.71,10.13,15.88,14.67,4.23,0.5499,0.6342,81,LAX-BOS,277,22,0,1,1,1,0,0,47,2025-09-05 23:37:00,2025-09-06 04:20:00,53,1
2025-12-03 06:10:00,2025-12-03 11:57:00,B6,DFW,LAX,3903,12.09,10.14,0.0,0.0,15.21,0.3833,-0.3623,68,DFW-LAX,347,6,0,0,0,0,0,0,4,2025-12-03 06:14:00,2025-12-03 11:51:00,-6,0
2025-10-29 13:50:00,2025-10-29 15:14:00,DL,DFW,ORD,614,6.76,7.73,0.0,0.16,13.76,0.7264,0.3729,54,DFW-ORD,84,13,0,0,0,0,0,0,7,2025-10-29 13:57:00,2025-10-29 15:24:00,10,0
2025-05-02 23:00:00,2025-05-03 03:31:00,WN,SFO,DFW,2948,10.93,8.25,0.0,0.41,16.48,1.3355,-0.1431,78,SFO-DFW,271,23,0,1,0,0,0,0,6,2025-05-02 23:06:00,2025-05-03 03:28:00,-3,0
2025-10-30 17:15:00,2025-10-30 18:49:00,B6,DFW,SFO,735,6.86,4.31,0.0,0.0,14.96,0.8255,-0.5269,8,DFW-SFO,94,17,0,0,0,0,0,0,9,2025-10-30 17:24:00,2025-10-30 18:51:00,2,0
2025-03-03 21:30:00,2025-03-04 04:02:00,WN,BOS,JFK,4461,9.47,12.27,0.68,0.04,10.92,0.805,0.0895,49,BOS-JFK,392,21,0,1,0,0,0,0,-2,2025-03-03 21:28:00,2025-03-04 04:07:00,5,0
2025-04-17 10:30:00,2025-04-17 13:02:00,UA,ORD,JFK,1463,11.38,12.4,0.0,0.03,14.16,-0.0192,0.8702,15,ORD-JFK,152,10,0,0,0,0,0,0,2,2025-04-17 10:32:00,2025-04-17 13:07:00,5,0
2025-03-19 06:50:00,2025-03-19 12:37:00,DL,ORD,ATL,3898,3.11,3.0,0.0,0.0,17.55,-0.5804,-0.9825,96,ORD-ATL,347,6,0,0,0,0,0,0,-7,2025-03-19 06:43:00,2025-03-19 12:36:00,-1,0
2025-02-18 12:50:00,2025-02-18 18:10:00,B6,BOS,SFO,3565,16.51,13.68,0.0,0.0,12.48,2.0456,0.8455,49,BOS-SFO,320,12,0,0,0,0,0,0,-10,2025-02-18 12:40:00,2025-02-18 18:06:00,-4,0
2025-02-02 19:40:00,2025-02-02 22:28:00,WN,SEA,BOS,1662,4.17,5.69,0.0,0.0,16.57,0.4139,-0.4924,59,SEA-BOS,168,19,0,0,0,0,0,0,-1,2025-02-02 19:39:00,2025-02-02 22:14:00,-14,0
2025-03-10 22:40:00,2025-03-11 01:28:00,AA,DFW,BOS,1657,29.05,31.4,0.0,0.0,14.18,-0.9648,-0.8298,33,DFW-BOS,168,22,0,1,0,0,0,0,3,2025-03-10 22:43:00,2025-03-11 01:22:00,-6,0
2025-02-13 16:15:00,2025-02-13 19:00:00,UA,BOS,SFO,1631,10.86,11.41,0.0,0.0,10.08,-0.0778,0.9885,4,BOS-SFO,165,16,0,0,0,0,0,0,-1,2025-02-13 16:14:00,2025-02-13 19:02:00,2,0
2025-05-19 16:45:00,2025-05-19 20:22:00,UA,BOS,JFK,2277,10.57,10.49,0.0,1.24,17.07,-0.3495,-0.7818,73,BOS-JFK,217,16,0,0,0,0,0,0,2,2025-05-19 16:47:00,2025-05-19 20:06:00,-16,0
2025-01-27 12:40:00,2025-01-27 16:07:00,DL,ORD,ATL,2156,13.74,11.64,37.82,38.25,0.2,0.8276,0.937,8,ORD-ATL,207,12,0,0,1,1,0,0,28,2025-01-27 13:08:00,2025-01-27 16:53:00,46,1
2025-01-23 07:00:00,2025-01-23 11:40:00,B6,BOS,DFW,3057,11.43,10.75,0.0,2.06,16.48,-0.3132,0.2038,29,BOS-DFW,280,7,0,0,0,0,0,0,-5,2025-01-23 06:55:00,2025-01-23 11:41:00,1,0
2025-12-28 10:45:00,2025-12-28 14:20:00,B6,JFK,LAX,2250,4.13,8.41,3.89,5.63,17.16,-1.5411,0.7102,51,JFK-LAX,215,10,0,0,0,0,0,0,2,2025-12-28 10:47:00,2025-12-28 14:04:00,-16,0
2025-02-02 11:15:00,2025-02-02 16:39:00,DL,ORD,ATL,3611,11.21,11.96,0.41,0.07,16.81,0.5853,0.2683,7,ORD-ATL,324,11,0,0,0,0,0,0,-7,2025-02-02 11:08:00,2025-02-02 16:38:00,-1,0
2025-01-28 19:20:00,2025-01-28 22:56:00,AA,SEA,ORD,2259,10.02,9.3,12.75,11.87,9.14,-0.5338,-0.9318,82,SEA-ORD,216,19,0,0,1,0,0,0,16,2025-01-28 19:36:00,2025-01-28 23:21:00,25,1
2025-01-11 13:20:00,2025-01-11 16:02:00,UA,JFK,ORD,1589,3.76,5.73,0.85,2.27,12.72,-2.3068,0.5194,79,JFK-ORD,162,13,0,0,0,0,0,0,-6,2025-01-11 13:14:00,2025-01-11 16:01:00,-1,0
2025-02-18 19:45:00,2025-02-18 22:34:00,WN,SFO,ATL,1672,3.38,3.18,0.08,0.75,15.62,0.9062,0.4676,27,SFO-ATL,169,19,0,0,0,0,0,0,-2,2025-02-18 19:43:00,2025-02-18 22:38:00,4,0
2025-07-12 00:15:00,2025-07-12 05:20:00,DL,DEN,LAX,3370,18.66,14.19,3.72,5.13,15.01,-1.3123,-0.6572,56,DEN-LAX,305,0,0,1,0,0,0,0,-5,2025-07-12 00:10:00,2025-07-12 05:15:00,-5,0
2025-10-29 18:20:00,2025-10-29 20:06:00,WN,SEA,DEN,890,7.28,4.25,0.0,0.0,17.23,-0.989,-0.8216,74,SEA-DEN,106,18,0,0,0,0,0,0,11,2025-10-29 18:31:00,2025-10-29 20:03:00,-3,0
2025-09-26 12:00:00,2025-09-26 14:35:00,WN,DEN,ORD,1501,8.02,8.58,19.84,20.3,8.96,0.0802,-0.2384,55,DEN-ORD,155,12,0,0,1,0,0,0,16,2025-09-26 12:16:00,2025-09-26 14:59:00,24,1
2025-07-31 23:15:00,2025-08-01 01:59:00,AA,ATL,DFW,1609,8.17,11.07,0.59,0.0,16.5,0.1403,-0.9517,0,ATL-DFW,164,23,0,1,0,0,0,0,-5,2025-07-31 23:10:00,2025-08-01 01:58:00,-1,0
2025-02-01 11:00:00,2025-02-01 15:35:00,AA,ORD,BOS,3006,4.8,5.16,0.96,1.49,13.2,-0.5428,-0.9945,37,ORD-BOS,275,11,0,0,0,0,0,0,-4,2025-02-01 10:56:00,2025-02-01 15:35:00,0,0
2025-10-10 11:30:00,2025-10-10 13:12:00,UA,ORD,JFK,842,12.83,13.61,0.0,0.5,16.21,0.3651,0.6667,38,ORD-JFK,102,11,0,0,0,0,0,0,5,2025-10-10 11:35:00,2025-10-10 13:02:00,-10,0
2025-01-14 03:50:00,2025-01-14 07:20:00,UA,SFO,DFW,2193,7.24,7.4,0.81,0.0,18.6,0.838,0.635,47,SFO-DFW,210,3,0,1,0,0,0,0,1,2025-01-14 03:51:00,2025-01-14 07:14:00,-6,0
2025-08-19 19:20:00,2025-08-20 00:06:00,B6,SFO,DFW,3133,11.25,7.22,0.77,0.0,16.84,-0.9205,-0.0692,92,SFO-DFW,286,19,0,0,0,0,0,0,24,2025-08-19 19:44:00,2025-08-20 00:35:00,29,1
2025-05-30 16:50:00,2025-05-30 23:00:00,AA,ATL,SEA,4191,19.06,18.41,0.21,0.0,15.63,0.0723,-0.0951,11,ATL-SEA,370,16,0,0,0,0,0,0,7,2025-05-30 16:57:00,2025-05-30 23:05:00,5,0
2025-11-18 20:50:00,2025-11-19 00:16:00,UA,LAX,JFK,2138,11.02,9.73,0.37,0.0,18.6,0.1304,-0.252,76,LAX-JFK,206,20,0,1,0,0,0,0,20,2025-11-18 21:10:00,2025-11-19 00:36:00,20,1
2025-04-23 02:00:00,2025-04-23 08:29:00,UA,ORD,JFK,4424,7.88,8.3,0.66,0.17,17.31,1.1962,-0.7035,71,ORD-JFK,389,2,0,1,0,0,0,0,-10,2025-04-23 01:50:00,2025-04-23 08:10:00,-19,0
2025-08-22 05:30:00,2025-08-22 09:53:00,WN,LAX,DEN,2852,2.91,3.09,29.64,28.34,3.53,0.2109,0.2891,42,LAX-DEN,263,5,0,0,1,1,0,0,18,2025-08-22 05:48:00,2025-08-22 10:21:00,28,1
2025-06-10 21:30:00,2025-06-11 02:49:00,UA,ATL,LAX,3551,12.26,8.05,0.17,0.0,15.62,-1.8456,-0.3358,12,ATL-LAX,319,21,0,1,0,0,0,0,-10,2025-06-10 21:20:00,2025-06-11 02:38:00,-11,0
2025-07-10 01:20:00,2025-07-10 03:41:00,WN,ATL,BOS,1320,16.36,12.76,0.39,0.0,19.07,2.3049,-0.4159,84,ATL-BOS,141,1,0,1,0,0,0,0,13,2025-07-10 01:33:00,2025-07-10 03:35:00,-6,0
2025-12-09 12:45:00,2025-12-09 18:52:00,UA,ORD,SEA,4144,7.42,8.71,0.1,2.19,16.17,0.1053,-0.8414,79,ORD-SEA,367,12,0,0,0,0,0,0,3,2025-12-09 12:48:00,2025-12-09 18:59:00,7,0
2025-09-18 09:20:00,2025-09-18 11:46:00,AA,SEA,ATL,1388,13.96,15.13,1.34,0.0,14.83,0.2483,0.0851,87,SEA-ATL,146,9,0,0,0,0,0,0,13,2025-09-18 09:33:00,2025-09-18 11:52:00,6,0
2025-06-01 22:00:00,2025-06-01 23:45:00,AA,BOS,ORD,873,13.49,8.39,0.76,0.0,17.6,-0.1149,0.9603,43,BOS-ORD,105,22,0,1,0,0,0,0,11,2025-06-01 22:11:00,2025-06-01 23:54:00,9,0
2025-06-13 20:30:00,2025-06-13 21:55:00,AA,ATL,DFW,631,10.21,11.27,0.77,0.0,16.23,0.2641,0.8402,26,ATL-DFW,85,20,0,1,0,0,0,0,-4,2025-06-13 20:26:00,2025-06-13 21:56:00,1,0
2025-09-15 21:10:00,2025-09-16 01:49:00,UA,DFW,ORD,3048,14.2,15.39,0.29,1.72,18.3,0.4165,-0.6228,3,DFW-ORD,279,21,0,1,0,0,0,0,10,2025-09-15 21:20:00,2025-09-16 01:36:00,-13,0
2025-05-07 06:15:00,2025-05-07 10:45:00,UA,DEN,DFW,2938,4.38,3.41,0.0,0.0,16.68,0.763,-0.0716,21,DEN-DFW,270,6,0,0,0,0,0,0,-1,2025-05-07 06:14:00,2025-05-07 10:43:00,-2,0
2025-03-03 14:30:00,2025-03-03 16:36:00,DL,SFO,ATL,1133,8.91,7.93,9.24,9.09,13.79,-0.1648,-0.0591,91,SFO-ATL,126,14,0,0,0,0,0,0,10,2025-03-03 14:40:00,2025-03-03 16:39:00,3,0
2025-06-20 16:40:00,2025-06-20 22:34:00,WN,SFO,SEA,3990,6.94,8.15,0.0,0.0,14.13,-2.3996,-0.2652,9,SFO-SEA,354,16,0,0,0,0,0,0,-5,2025-06-20 16:35:00,2025-06-20 22:33:00,-1,0
2025-01-25 23:15:00,2025-01-26 01:47:00,UA,LAX,ORD,1463,6.98,4.83,0.49,0.02,19.35,-0.4512,-0.5088,88,LAX-ORD,152,23,0,1,0,0,0,0,3,2025-01-25 23:18:00,2025-01-26 01:43:00,-4,0
2025-03-03 00:20:00,2025-03-03 04:44:00,DL,SFO,ATL,2861,28.75,29.27,0.38,0.13,18.83,-0.2272,0.4871,58,SFO-ATL,264,0,0,1,0,0,0,0,20,2025-03-03 00:40:00,2025-03-03 05:16:00,32,1
2025-06-03 23:00:00,2025-06-04 02:55:00,AA,DEN,ATL,2495,10.6,12.54,2.39,1.64,16.53,-0.7012,-0.2465,9,DEN-ATL,235,23,0,1,0,0,0,0,2,2025-06-03 23:02:00,2025-06-04 02:50:00,-5,0
2025-10-18 08:20:00,2025-10-18 12:38:00,AA,SFO,JFK,2787,2.52,6.24,0.0,2.73,17.46,-1.1006,0.5677,92,SFO-JFK,258,8,0,0,0,0,0,0,-5,2025-10-18 08:15:00,2025-10-18 12:38:00,0,0
2025-10-13 03:30:00,2025-10-13 08:38:00,AA,JFK,SFO,3416,7.2,5.49,0.0,0.0,12.6,-0.4954,-0.8507,5,JFK-SFO,308,3,0,1,0,0,0,0,-10,2025-10-13 03:20:00,2025-10-13 08:30:00,-8,0
2025-04-06 14:30:00,2025-04-06 20:41:00,AA,JFK,LAX,4194,9.99,7.66,0.01,0.0,13.55,0.84,0.7938,17,JFK-LAX,371,14,0,0,0,0,0,0,-9,2025-04-06 14:21:00,2025-04-06 20:42:00,1,0
2025-06-04 18:15:00,2025-06-04 23:16:00,WN,ATL,DEN,3330,11.57,13.05,0.0,0.29,14.09,0.2983,0.5153,28,ATL-DEN,301,18,0,0,0,0,0,0,36,2025-06-04 18:51:00,2025-06-04 23:57:00,41,1
2025-02-26 03:00:00,2025-02-26 09:04:00,WN,BOS,ORD,4110,0.0,1.53,23.08,21.59,4.24,-1.3704,-0.3388,28,BOS-ORD,364,3,0,1,1,1,0,0,-4,2025-02-26 02:56:00,2025-02-26 09:10:00,6,0
2025-10-03 00:30:00,2025-10-03 06:21:00,B6,BOS,DFW,3951,14.77,14.98,0.0,0.0,17.85,-1.7702,0.4475,40,BOS-DFW,351,0,0,1,0,0,0,0,-3,2025-10-03 00:27:00,2025-10-03 06:15:00,-6,0
2025-03-31 21:40:00,2025-04-01 00:40:00,AA,JFK,LAX,1807,13.87,12.78,0.18,0.51,15.86,-1.7836,0.161,15,JFK-LAX,180,21,0,1,0,0,0,0,15,2025-03-31 21:55:00,2025-04-01 01:07:00,27,1
2025-10-19 22:00:00,2025-10-20 02:07:00,B6,BOS,DFW,2648,5.69,4.75,14.89,13.69,9.1,0.2245,-0.4553,55,BOS-DFW,247,22,0,1,1,0,0,0,37,2025-10-19 22:37:00,2025-10-20 02:54:00,47,1
2025-11-04 03:30:00,2025-11-04 05:35:00,WN,ATL,ORD,1131,18.09,15.04,0.0,0.0,16.79,-1.5281,-0.2938,59,ATL-ORD,125,3,0,1,0,0,0,0,32,2025-11-04 04:02:00,2025-11-04 06:08:00,33,1
2025-09-09 21:00:00,2025-09-10 03:10:00,AA,LAX,ATL,4190,9.35,8.45,3.89,2.8,13.84,-0.1083,0.1376,68,LAX-ATL,370,21,0,1,0,0,0,0,10,2025-09-09 21:10:00,2025-09-10 03:00:00,-10,0
2025-05-01 21:20:00,2025-05-02 03:44:00,UA,SEA,LAX,4361,4.82,4.37,0.0,1.55,16.02,0.6295,0.0054,9,SEA-LAX,384,21,0,1,0,0,0,0,-3,2025-05-01 21:17:00,2025-05-02 03:54:00,10,0
2025-12-14 23:40:00,2025-12-15 05:37:00,UA,ATL,LAX,4029,4.96,8.03,0.68,1.3,12.18,0.3725,-0.5572,97,ATL-LAX,357,23,0,1,0,0,0,0,-5,2025-12-14 23:35:00,2025-12-15 05:44:00,7,0
2025-09-08 05:40:00,2025-09-08 10:48:00,AA,LAX,DEN,3418,14.75,14.24,0.01,0.0,16.45,-0.3709,0.7022,13,LAX-DEN,308,5,0,0,0,0,0,0,-7,2025-09-08 05:33:00,2025-09-08 10:43:00,-5,0
2025-08-24 13:40:00,2025-08-24 19:24:00,B6,SFO,ATL,3866,7.33,2.88,0.0,0.0,13.33,1.5299,0.8837,55,SFO-ATL,344,13,0,0,0,0,0,0,5,2025-08-24 13:45:00,2025-08-24 19:18:00,-6,0
2025-11-09 23:45:00,2025-11-10 05:11:00,WN,DFW,ORD,3635,11.77,11.5,0.0,0.9,14.74,-0.637,0.3526,67,DFW-ORD,326,23,0,1,0,0,0,0,3,2025-11-09 23:48:00,2025-11-10 04:59:00,-12,0
2025-11-18 21:10:00,2025-11-18 23:26:00,DL,BOS,DFW,1263,4.87,4.57,4.36,7.47,13.04,0.1072,0.2129,56,BOS-DFW,136,21,0,1,0,0,0,0,14,2025-11-18 21:24:00,2025-11-18 23:34:00,8,0
2025-01-29 14:45:00,2025-01-29 17:13:00,UA,ATL,BOS,1408,7.06,6.94,7.65,8.64,15.28,-0.4116,0.4402,89,ATL-BOS,148,14,0,0,0,0,0,0,7,2025-01-29 14:52:00,2025-01-29 17:36:00,23,1
2025-11-18 04:15:00,2025-11-18 08:13:00,B6,SFO,JFK,2532,14.72,10.87,0.99,0.0,18.55,-0.2258,-0.5551,95,SFO-JFK,238,4,0,1,0,0,0,0,-6,2025-11-18 04:09:00,2025-11-18 08:09:00,-4,0
2025-10-07 02:15:00,2025-10-07 05:35:00,WN,DFW,ORD,2066,17.25,20.56,0.0,1.36,14.31,0.7928,-0.45,38,DFW-ORD,200,2,0,1,0,0,0,0,2,2025-10-07 02:17:00,2025-10-07 05:33:00,-2,0
2025-03-17 06:45:00,2025-03-17 11:51:00,AA,ATL,SFO,3392,20.81,19.13,0.0,0.0,16.28,0.6183,-0.9596,37,ATL-SFO,306,6,0,0,0,0,0,0,-5,2025-03-17 06:40:00,2025-03-17 11:44:00,-7,0
2025-04-23 01:15:00,2025-04-23 06:21:00,WN,SEA,LAX,3391,18.66,20.17,0.0,0.0,15.13,-1.8442,-0.882,71,SEA-LAX,306,1,0,1,0,0,0,0,7,2025-04-23 01:22:00,2025-04-23 06:21:00,0,0
2025-10-02 04:00:00,2025-10-02 10:27:00,B6,SEA,SFO,4399,39.85,38.91,0.15,0.0,14.05,-1.0576,-0.4409,94,SEA-SFO,387,4,0,1,0,0,0,0,-10,2025-10-02 03:50:00,2025-10-02 10:25:00,-2,0
2025-03-21 01:40:00,2025-03-21 07:04:00,B6,ORD,LAX,3611,12.02,10.71,5.49,5.37,11.68,0.7978,-0.747,98,ORD-LAX,324,1,0,1,0,0,0,0,19,2025-03-21 01:59:00,2025-03-21 07:11:00,7,0
2025-06-15 18:40:00,2025-06-15 19:43:00,WN,ATL,SEA,348,2.39,5.47,0.0,0.48,15.32,-1.3393,-0.2237,35,ATL-SEA,63,18,0,0,0,0,0,0,17,2025-06-15 18:57:00,2025-06-15 20:11:00,28,1
2025-09-09 14:30:00,2025-09-09 17:23:00,UA,ATL,BOS,1730,9.14,7.17,0.0,0.0,18.21,-1.0452,-0.4061,2,ATL-BOS,173,14,0,0,0,0,0,0,-10,2025-09-09 14:20:00,2025-09-09 17:27:00,4,0
2025-08-26 12:10:00,2025-08-26 14:59:00,WN,BOS,ATL,1673,18.65,20.46,15.55,16.19,11.36,0.3141,0.697,74,BOS-ATL,169,12,0,0,1,0,0,0,64,2025-08-26 13:14:00,2025-08-26 16:15:00,76,1
2025-11-29 19:40:00,2025-11-30 00:12:00,DL,BOS,ORD,2960,4.5,5.68,0.0,0.48,16.48,0.9416,0.9814,84,BOS-ORD,272,19,0,0,0,0,0,0,-8,2025-11-29 19:32:00,2025-11-30 00:08:00,-4,0
2025-02-10 09:10:00,2025-02-10 12:04:00,UA,JFK,SFO,1737,0.0,0.63,1.75,1.02,17.55,0.816,-0.476,71,JFK-SFO,174,9,0,0,0,0,0,0,8,2025-02-10 09:18:00,2025-02-10 12:08:00,4,0
2025-04-18 09:30:00,2025-04-18 15:58:00,B6,DFW,ORD,4409,8.21,6.6,1.05,0.0,6.12,-1.6416,-0.631,92,DFW-ORD,388,9,0,0,0,0,0,0,-1,2025-04-18 09:29:00,2025-04-18 16:02:00,4,0
2025-12-26 04:30:00,2025-12-26 07:06:00,B6,ORD,DFW,1511,17.92,14.03,1.74,0.4,15.39,-0.3024,-0.5073,84,ORD-DFW,156,4,0,1,0,0,0,0,-7,2025-12-26 04:23:00,2025-12-26 07:11:00,5,0
2025-07-27 10:45:00,2025-07-27 14:11:00,UA,ATL,JFK,2137,6.93,7.22,25.61,24.15,4.68,-0.4112,-0.8506,57,ATL-JFK,206,10,0,0,1,1,0,0,6,2025-07-27 10:51:00,2025-07-27 14:25:00,14,0
2025-04-01 04:50:00,2025-04-01 10:24:00,DL,ORD,BOS,3733,22.97,23.66,10.6,10.18,12.84,-0.6314,0.0676,18,ORD-BOS,334,4,0,1,0,0,0,0,8,2025-04-01 04:58:00,2025-04-01 10:13:00,-11,0
2025-04-16 14:10:00,2025-04-16 17:12:00,DL,SFO,DFW,1842,28.39,30.49,0.62,0.0,16.66,-1.6059,0.6839,27,SFO-DFW,182,14,0,0,0,0,0,0,3,2025-04-16 14:13:00,2025-04-16 17:08:00,-4,0
2025-05-04 23:00:00,2025-05-05 00:14:00,DL,BOS,ORD,489,12.29,11.87,0.0,0.0,15.41,1.3369,-0.3626,51,BOS-ORD,74,23,0,1,0,0,0,0,-10,2025-05-04 22:50:00,2025-05-05 00:12:00,-2,0
2025-07-22 12:30:00,2025-07-22 15:21:00,DL,LAX,BOS,1695,32.34,30.68,0.0,0.0,17.38,-0.1451,0.5176,56,LAX-BOS,171,12,0,0,0,0,0,0,9,2025-07-22 12:39:00,2025-07-22 15:29:00,8,0
2025-04-14 07:50:00,2025-04-14 10:50:00,UA,JFK,ORD,1809,25.2,26.4,4.18,2.14,13.45,-1.0072,0.837,0,JFK-ORD,180,7,0,0,0,0,0,0,-2,2025-04-14 07:48:00,2025-04-14 10:42:00,-8,0
2025-08-15 16:10:00,2025-08-15 20:35:00,UA,ATL,DEN,2870,18.39,17.76,12.79,13.17,12.59,0.3279,-0.9654,83,ATL-DEN,265,16,0,0,1,0,0,0,33,2025-08-15 16:43:00,2025-08-15 21:15:00,40,1
2025-06-12 19:20:00,2025-06-13 00:18:00,B6,DEN,JFK,3289,10.28,13.78,0.0,0.08,16.16,-0.2007,0.1701,86,DEN-JFK,298,19,0,0,0,0,0,0,-10,2025-06-12 19:10:00,2025-06-13 00:19:00,1,0
2025-08-11 11:20:00,2025-08-11 15:23:00,WN,SEA,ORD,2604,14.34,13.51,15.65,16.46,9.78,0.8077,-0.4561,87,SEA-ORD,243,11,0,0,1,0,0,0,15,2025-08-11 11:35:00,2025-08-11 16:08:00,45,1
2025-02-26 06:15:00,2025-02-26 09:31:00,B6,SEA,SFO,2008,9.0,11.88,0.0,1.12,16.16,-0.5222,0.2187,25,SEA-SFO,196,6,0,0,0,0,0,0,1,2025-02-26 06:16:00,2025-02-26 09:51:00,20,1
2025-08-16 17:40:00,2025-08-16 21:28:00,B6,DFW,ORD,2411,12.11,12.3,6.68,6.16,12.8,-0.4658,-0.9143,71,DFW-ORD,228,17,0,0,0,0,0,0,7,2025-08-16 17:47:00,2025-08-16 21:20:00,-8,0
2025-12-04 04:15:00,2025-12-04 06:02:00,AA,ATL,SEA,905,0.72,0.0,0.0,0.0,18.74,-0.0032,-0.9779,86,ATL-SEA,107,4,0,1,0,0,0,0,2,2025-12-04 04:17:00,2025-12-04 06:00:00,-2,0
2025-02-19 23:20:00,2025-02-20 01:20:00,DL,DEN,ORD,1060,25.74,25.86,0.31,0.0,12.47,0.6611,-0.8308,46,DEN-ORD,120,23,0,1,0,0,0,0,28,2025-02-19 23:48:00,2025-02-20 01:37:00,17,1
2025-04-30 07:45:00,2025-04-30 12:09:00,AA,SEA,SFO,2865,32.19,31.52,14.84,16.41,6.34,-1.0072,0.5466,50,SEA-SFO,264,7,0,0,1,0,0,0,14,2025-04-30 07:59:00,2025-04-30 12:37:00,28,1
2025-09-11 08:20:00,2025-09-11 14:10:00,WN,LAX,ORD,3934,0.0,0.0,0.0,0.32,17.97,-1.4259,-0.26,76,LAX-ORD,350,8,0,0,0,0,0,0,9,2025-09-11 08:29:00,2025-09-11 14:34:00,24,1
2025-08-14 17:00:00,2025-08-14 20:55:00,B6,DFW,JFK,2494,16.41,18.35,0.0,0.2,16.54,0.4857,0.7213,66,DFW-JFK,235,17,0,0,0,0,0,0,-10,2025-08-14 16:50:00,2025-08-14 20:51:00,-4,0
2025-09-04 00:50:00,2025-09-04 02:09:00,B6,ATL,ORD,553,23.38,22.6,0.2,0.0,12.13,0.2573,-0.5211,23,ATL-ORD,79,0,0,1,0,0,0,0,19,2025-09-04 01:09:00,2025-09-04 02:26:00,17,1
2025-07-24 04:15:00,2025-07-24 10:44:00,WN,SEA,DEN,4423,11.53,10.67,0.47,0.0,17.11,0.0276,-0.5012,23,SEA-DEN,389,4,0,1,0,0,0,0,29,2025-07-24 04:44:00,2025-07-24 11:24:00,40,1
2025-09-07 03:45:00,2025-09-07 06:33:00,DL,JFK,ORD,1661,7.48,6.09,0.0,1.28,16.61,0.0602,-0.7,0,JFK-ORD,168,3,0,1,0,0,0,0,3,2025-09-07 03:48:00,2025-09-07 06:33:00,0,0
2025-08-11 09:45:00,2025-08-11 14:55:00,WN,JFK,ORD,3443,10.44,7.61,0.75,2.01,17.79,0.0081,0.7782,54,JFK-ORD,310,9,0,0,0,0,0,0,16,2025-08-11 10:01:00,2025-08-11 15:16:00,21,1
2025-01-28 13:30:00,2025-01-28 19:31:00,DL,SEA,LAX,4070,7.15,8.49,27.96,28.24,4.13,1.3277,0.5164,29,SEA-LAX,361,13,0,0,1,1,0,0,51,2025-01-28 14:21:00,2025-01-28 20:32:00,61,1
2025-10-02 04:00:00,2025-10-02 10:30:00,WN,LAX,ATL,4441,12.37,14.17,0.0,0.0,18.77,0.1878,-0.9037,76,LAX-ATL,390,4,0,1,0,0,0,0,-1,2025-10-02 03:59:00,2025-10-02 10:38:00,8,0
2025-06-13 08:50:00,2025-06-13 10:28:00,AA,SFO,JFK,789,21.76,22.72,3.97,3.68,15.55,-0.2159,0.5601,68,SFO-JFK,98,8,0,0,0,0,0,0,18,2025-06-13 09:08:00,2025-06-13 10:42:00,14,0
2025-01-19 18:40:00,2025-01-19 20:42:00,AA,LAX,ORD,1082,0.0,1.68,0.0,1.07,11.02,-1.0575,0.5841,67,LAX-ORD,122,18,0,0,0,0,0,0,3,2025-01-19 18:43:00,2025-01-19 20:30:00,-12,0
2025-05-30 22:20:00,2025-05-31 02:56:00,WN,DFW,BOS,3010,3.94,6.48,0.0,0.09,10.14,-0.4049,-0.8379,80,DFW-BOS,276,22,0,1,0,0,0,0,19,2025-05-30 22:39:00,2025-05-31 03:31:00,35,1
2025-06-08 00:45:00,2025-06-08 06:00:00,UA,SFO,SEA,3498,8.45,6.87,12.57,15.17,10.14,0.5349,-0.7733,66,SFO-SEA,315,0,0,1,1,0,0,0,23,2025-06-08 01:08:00,2025-06-08 06:37:00,37,1
2025-02-01 15:45:00,2025-02-01 21:24:00,AA,LAX,SEA,3806,2.33,2.0,13.56,15.42,10.55,0.7218,0.3389,95,LAX-SEA,339,15,0,0,1,0,0,0,30,2025-02-01 16:15:00,2025-02-01 22:17:00,53,1
2025-12-30 00:45:00,2025-12-30 04:49:00,UA,ORD,JFK,2616,15.04,15.77,0.0,2.79,16.84,-1.4818,-0.5913,65,ORD-JFK,244,0,0,1,0,0,0,0,5,2025-12-30 00:50:00,2025-12-30 04:42:00,-7,0
2025-03-23 12:10:00,2025-03-23 14:02:00,WN,DEN,SFO,965,13.21,15.32,1.39,0.19,11.45,0.8671,-0.9535,26,DEN-SFO,112,12,0,0,0,0,0,0,9,2025-03-23 12:19:00,2025-03-23 13:57:00,-5,0
2025-05-01 21:40:00,2025-05-02 02:38:00,WN,ORD,SEA,3292,19.52,15.36,0.0,0.0,11.51,-0.1401,0.4364,3,ORD-SEA,298,21,0,1,0,0,0,0,7,2025-05-01 21:47:00,2025-05-02 02:38:00,0,0
2025-06-10 19:15:00,2025-06-10 23:59:00,AA,LAX,JFK,3107,0.9,0.0,0.0,0.07,18.29,2.3338,0.4032,95,LAX-JFK,284,19,0,0,0,0,0,0,11,2025-06-10 19:26:00,2025-06-11 00:02:00,3,0
2025-10-31 05:00:00,2025-10-31 08:36:00,UA,ATL,SEA,2263,14.63,16.01,0.11,0.0,17.37,1.1976,-0.833,3,ATL-SEA,216,5,0,0,0,0,0,0,0,2025-10-31 05:00:00,2025-10-31 08:35:00,-1,0
2025-09-29 06:15:00,2025-09-29 10:48:00,AA,DEN,SFO,2977,24.22,18.79,0.0,0.17,14.48,-0.2043,-0.6651,98,DEN-SFO,273,6,0,0,0,0,0,0,-6,2025-09-29 06:09:00,2025-09-29 10:41:00,-7,0
2025-10-09 18:00:00,2025-10-09 20:10:00,WN,SFO,ATL,1192,13.54,13.22,3.16,4.84,15.44,-1.1917,-0.6082,88,SFO-ATL,130,18,0,0,0,0,0,0,5,2025-10-09 18:05:00,2025-10-09 20:16:00,6,0
2025-03-28 19:00:00,2025-03-29 00:31:00,WN,LAX,SFO,3705,9.97,9.38,0.46,0.0,12.43,-1.0571,0.3466,43,LAX-SFO,331,19,0,0,0,0,0,0,-8,2025-03-28 18:52:00,2025-03-29 00:21:00,-10,0
2025-11-05 06:40:00,2025-11-05 07:54:00,UA,ORD,ATL,492,8.02,10.8,1.04,0.0,15.53,-0.5626,-0.4156,60,ORD-ATL,74,6,0,0,0,0,0,0,1,2025-11-05 06:41:00,2025-11-05 07:50:00,-4,0
2025-10-30 00:30:00,2025-10-30 06:11:00,B6,BOS,JFK,3823,12.02,14.59,0.92,0.0,13.97,1.7664,-0.4192,8,BOS-JFK,341,0,0,1,0,0,0,0,3,2025-10-30 00:33:00,2025-10-30 06:10:00,-1,0
2025-06-19 10:20:00,2025-06-19 16:01:00,WN,BOS,SFO,3820,10.55,12.47,0.25,2.15,14.0,-0.3412,-0.0536,76,BOS-SFO,341,10,0,0,0,0,0,0,4,2025-06-19 10:24:00,2025-06-19 16:02:00,1,0
2025-07-19 14:10:00,2025-07-19 19:00:00,UA,SFO,ORD,3187,5.58,6.59,0.0,0.0,17.31,0.1831,-0.4322,9,SFO-ORD,290,14,0,0,0,0,0,0,8,2025-07-19 14:18:00,2025-07-19 19:29:00,29,1
2025-01-14 10:45:00,2025-01-14 16:18:00,AA,DFW,DEN,3722,2.62,4.89,10.92,11.3,11.03,-0.1783,0.2724,77,DFW-DEN,333,10,0,0,0,0,0,0,5,2025-01-14 10:50:00,2025-01-14 16:25:00,7,0
2025-10-05 22:40:00,2025-10-06 04:46:00,AA,SEA,LAX,4134,4.52,6.07,0.29,1.85,16.49,-0.2317,-0.9307,77,SEA-LAX,366,22,0,1,0,0,0,0,-9,2025-10-05 22:31:00,2025-10-06 04:39:00,-7,0
2025-12-17 19:30:00,2025-12-17 21:24:00,WN,SEA,BOS,982,32.34,31.11,8.04,8.73,9.69,-0.4554,0.1875,85,SEA-BOS,114,19,0,0,0,0,0,0,-1,2025-12-17 19:29:00,2025-12-17 21:31:00,7,0
2025-06-22 18:10:00,2025-06-22 22:12:00,B6,DFW,DEN,2587,2.99,0.57,0.0,0.0,13.68,1.4247,-0.7045,53,DFW-DEN,242,18,0,0,0,0,0,0,2,2025-06-22 18:12:00,2025-06-22 22:01:00,-11,0
2025-07-17 00:00:00,2025-07-17 04:36:00,UA,SFO,JFK,3009,12.45,9.6,0.0,0.0,15.63,0.8267,-0.9453,83,SFO-JFK,276,0,0,1,0,0,0,0,2,2025-07-17 00:02:00,2025-07-17 04:38:00,2,0
2025-07-02 20:00:00,2025-07-03 02:16:00,B6,ORD,ATL,4259,26.35,28.2,21.35,20.23,4.21,-1.4652,-0.2964,42,ORD-ATL,376,20,0,1,1,1,0,0,25,2025-07-02 20:25:00,2025-07-03 03:18:00,62,1
2025-01-31 18:00:00,2025-01-31 23:07:00,UA,BOS,SFO,3398,18.26,17.38,5.73,3.78,15.03,-1.6923,0.6807,19,BOS-SFO,307,18,0,0,0,0,0,0,19,2025-01-31 18:19:00,2025-01-31 23:40:00,33,1
2025-08-15 09:50:00,2025-08-15 14:09:00,AA,ATL,JFK,2796,21.58,20.91,17.43,17.48,9.18,0.7751,-0.562,45,ATL-JFK,259,9,0,0,1,0,0,0,49,2025-08-15 10:39:00,2025-08-15 15:27:00,78,1
2025-09-21 14:15:00,2025-09-21 18:21:00,WN,BOS,ATL,2642,16.04,17.89,1.04,0.0,18.55,1.0405,-0.6306,57,BOS-ATL,246,14,0,0,0,0,0,0,-2,2025-09-21 14:13:00,2025-09-21 18:10:00,-11,0
2025-12-05 19:40:00,2025-12-05 21:27:00,WN,ORD,SEA,903,3.72,4.89,0.15,0.33,17.49,-0.9603,0.0617,29,ORD-SEA,107,19,0,0,0,0,0,0,-2,2025-12-05 19:38:00,2025-12-05 21:28:00,1,0
2025-12-06 21:50:00,2025-12-07 00:36:00,AA,BOS,ATL,1632,22.28,21.55,10.41,11.42,13.13,-0.466,0.1375,49,BOS-ATL,166,21,0,1,0,0,0,0,11,2025-12-06 22:01:00,2025-12-07 00:29:00,-7,0
2025-06-29 13:50:00,2025-06-29 17:15:00,B6,DEN,JFK,2119,26.44,27.34,0.66,0.0,16.36,1.0657,0.1842,87,DEN-JFK,205,13,0,0,0,0,0,0,-10,2025-06-29 13:40:00,2025-06-29 17:11:00,-4,0
2025-12-17 00:15:00,2025-12-17 06:10:00,WN,DFW,DEN,3999,2.8,5.12,0.0,0.0,15.56,0.6056,0.248,72,DFW-DEN,355,0,0,1,0,0,0,0,-2,2025-12-17 00:13:00,2025-12-17 06:12:00,2,0
2025-07-12 14:20:00,2025-07-12 20:09:00,UA,BOS,SEA,3919,8.37,4.41,0.0,1.39,16.29,-0.0286,0.1576,51,BOS-SEA,349,14,0,0,0,0,0,0,9,2025-07-12 14:29:00,2025-07-12 20:47:00,38,1
2025-08-23 16:20:00,2025-08-23 20:55:00,B6,DEN,DFW,2998,8.79,9.92,0.0,0.0,16.97,0.542,-0.7033,89,DEN-DFW,275,16,0,0,0,0,0,0,-3,2025-08-23 16:17:00,2025-08-23 20:48:00,-7,0
2025-08-08 01:00:00,2025-08-08 02:35:00,WN,ORD,LAX,745,5.32,9.26,0.6,1.1,14.21,-0.2768,0.0183,93,ORD-LAX,95,1,0,1,0,0,0,0,7,2025-08-08 01:07:00,2025-08-08 02:23:00,-12,0
2025-12-31 19:45:00,2026-01-01 00:46:00,AA,SFO,ATL,3324,5.71,8.64,0.0,0.0,14.9,-0.4314,-0.5729,88,SFO-ATL,301,19,1,0,0,0,0,0,21,2025-12-31 20:06:00,2026-01-01 00:39:00,-7,0
2025-09-27 04:30:00,2025-09-27 08:03:00,WN,JFK,ORD,2227,7.83,7.18,0.43,1.46,17.86,1.0414,-0.0035,4,JFK-ORD,213,4,0,1,0,0,0,0,8,2025-09-27 04:38:00,2025-09-27 08:08:00,5,0
2025-02-13 21:15:00,2025-02-14 01:53:00,DL,ORD,ATL,3038,16.92,15.55,0.0,0.58,17.15,-0.6883,-0.7385,14,ORD-ATL,278,21,0,1,0,0,0,0,6,2025-02-13 21:21:00,2025-02-14 02:01:00,8,0
2025-01-27 13:30:00,2025-01-27 16:55:00,B6,JFK,DEN,2119,20.03,17.7,0.0,0.11,15.29,-0.4925,0.1372,79,JFK-DEN,205,13,0,0,0,0,0,0,6,2025-01-27 13:36:00,2025-01-27 16:47:00,-8,0
2025-05-30 07:40:00,2025-05-30 12:41:00,B6,JFK,SEA,3329,7.1,6.95,0.02,0.0,15.52,1.6751,0.5601,67,JFK-SEA,301,7,0,0,0,0,0,0,-4,2025-05-30 07:36:00,2025-05-30 12:37:00,-4,0
2025-07-08 01:00:00,2025-07-08 03:12:00,WN,JFK,LAX,1213,18.75,18.54,0.0,1.3,20.69,-0.882,0.8032,24,JFK-LAX,132,1,0,1,0,0,0,0,4,2025-07-08 01:04:00,2025-07-08 03:11:00,-1,0
2025-09-02 00:40:00,2025-09-02 02:28:00,AA,SFO,ORD,909,8.29,6.85,0.0,0.0,16.74,1.6437,0.7228,17,SFO-ORD,108,0,0,1,0,0,0,0,2,2025-09-02 00:42:00,2025-09-02 02:19:00,-9,0
2025-06-25 17:45:00,2025-06-25 19:58:00,B6,ATL,BOS,1223,3.06,3.44,0.52,0.0,18.17,0.1547,-0.641,87,ATL-BOS,133,17,0,0,0,0,0,0,17,2025-06-25 18:02:00,2025-06-25 20:11:00,13,0
2025-07-07 09:40:00,2025-07-07 15:49:00,DL,JFK,SFO,4174,12.31,14.22,22.86,23.26,5.26,-0.0169,-0.0985,59,JFK-SFO,369,9,0,0,1,1,0,1,75,2025-07-07 10:55:00,2025-07-07 17:44:00,115,1
2025-12-03 20:30:00,2025-12-03 21:54:00,WN,ATL,DEN,616,10.21,13.53,0.0,0.0,19.26,0.4995,-0.9876,15,ATL-DEN,84,20,0,1,0,0,0,0,3,2025-12-03 20:33:00,2025-12-03 21:44:00,-10,0
2025-05-03 05:00:00,2025-05-03 07:35:00,B6,SEA,LAX,1500,12.34,14.79,0.08,0.87,15.25,0.8171,-0.2421,22,SEA-LAX,155,5,0,0,0,0,0,0,11,2025-05-03 05:11:00,2025-05-03 07:56:00,21,1
2025-06-30 22:40:00,2025-07-01 01:34:00,UA,LAX,ATL,1738,12.82,12.92,13.15,12.76,5.07,1.3412,0.0693,16,LAX-ATL,174,22,0,1,1,1,0,0,28,2025-06-30 23:08:00,2025-07-01 02:16:00,42,1
2025-07-23 22:45:00,2025-07-24 04:25:00,DL,ATL,JFK,3813,11.67,10.47,0.71,2.38,17.45,-0.2461,0.4696,2,ATL-JFK,340,22,0,1,0,0,0,0,1,2025-07-23 22:46:00,2025-07-24 04:20:00,-5,0
2025-06-20 02:20:00,2025-06-20 05:20:00,DL,LAX,BOS,1808,8.7,10.75,0.09,0.46,16.95,0.4236,-0.4475,23,LAX-BOS,180,2,0,1,0,0,0,0,29,2025-06-20 02:49:00,2025-06-20 05:59:00,39,1
2025-12-20 15:30:00,2025-12-20 21:29:00,DL,DFW,SFO,4052,18.8,21.82,0.07,0.0,14.85,-0.4684,-0.1853,5,DFW-SFO,359,15,0,0,0,0,0,0,6,2025-12-20 15:36:00,2025-12-20 21:37:00,8,0
2025-12-18 22:30:00,2025-12-19 05:01:00,AA,ATL,BOS,4449,15.62,17.12,10.0,10.83,2.07,-0.5688,0.7322,48,ATL-BOS,391,22,0,1,0,1,0,0,-1,2025-12-18 22:29:00,2025-12-19 04:50:00,-11,0
2025-07-07 07:00:00,2025-07-07 11:38:00,DL,SFO,SEA,3035,6.27,8.05,0.48,0.0,16.98,0.0997,0.3127,47,SFO-SEA,278,7,0,0,0,0,0,0,-3,2025-07-07 06:57:00,2025-07-07 11:40:00,2,0
2025-06-14 01:15:00,2025-06-14 04:09:00,UA,DFW,LAX,1740,8.1,6.73,0.0,0.12,18.42,0.7134,0.1263,19,DFW-LAX,174,1,0,1,0,0,0,0,13,2025-06-14 01:28:00,2025-06-14 04:31:00,22,1
2025-08-03 21:45:00,2025-08-04 02:05:00,B6,ATL,ORD,2812,1.91,3.14,9.58,9.37,10.7,-0.9435,-0.0062,32,ATL-ORD,260,21,0,1,0,0,0,0,-3,2025-08-03 21:42:00,2025-08-04 02:05:00,0,0
2025-03-08 11:50:00,2025-03-08 16:34:00,UA,LAX,DFW,3110,3.19,4.9,0.0,0.0,18.2,-1.6196,0.0245,70,LAX-DFW,284,11,0,0,0,0,0,0,10,2025-03-08 12:00:00,2025-03-08 16:49:00,15,1
2025-06-05 00:15:00,2025-06-05 01:51:00,AA,DFW,JFK,758,8.27,9.53,0.04,0.52,17.6,-1.0447,-0.3977,92,DFW-JFK,96,0,0,1,0,0,0,0,-8,2025-06-05 00:07:00,2025-06-05 01:52:00,1,0
2025-03-21 20:20:00,2025-03-22 01:59:00,AA,LAX,DEN,3798,18.81,17.27,0.03,0.79,15.7,-0.5023,-0.8707,47,LAX-DEN,339,20,0,1,0,0,0,0,11,2025-03-21 20:31:00,2025-03-22 01:58:00,-1,0
2025-02-22 16:50:00,2025-02-22 20:16:00,DL,BOS,LAX,2132,6.47,4.06,0.22,0.0,18.48,1.2636,0.1585,23,BOS-LAX,206,16,0,0,0,0,0,0,-5,2025-02-22 16:45:00,2025-02-22 20:14:00,-2,0
2025-02-04 01:10:00,2025-02-04 06:53:00,DL,SEA,DEN,3852,14.52,20.28,0.98,1.25,14.62,-0.8661,0.7477,31,SEA-DEN,343,1,0,1,0,0,0,0,14,2025-02-04 01:24:00,2025-02-04 06:58:00,5,0
2025-08-03 06:15:00,2025-08-03 10:39:00,DL,DFW,SEA,2868,12.39,10.2,5.99,6.89,5.46,0.4735,0.9947,88,DFW-SEA,264,6,0,0,0,1,0,0,-1,2025-08-03 06:14:00,2025-08-03 10:49:00,10,0
2025-01-01 00:00:00,2025-01-01 05:48:00,UA,DFW,JFK,3915,7.38,3.83,0.0,1.91,18.95,1.111,-0.8092,15,DFW-JFK,348,0,1,1,0,0,1,0,40,2025-01-01 00:40:00,2025-01-01 06:30:00,42,1
2025-08-24 22:10:00,2025-08-24 23:36:00,B6,SEA,SFO,643,9.5,11.01,0.0,1.31,8.48,-0.7935,-0.5942,64,SEA-SFO,86,22,0,1,0,0,0,0,5,2025-08-24 22:15:00,2025-08-24 23:29:00,-7,0
2025-06-07 00:40:00,2025-06-07 01:53:00,AA,JFK,SFO,478,9.31,10.1,0.0,0.41,16.99,1.3368,0.4094,80,JFK-SFO,73,0,0,1,0,0,0,0,-4,2025-06-07 00:36:00,2025-06-07 01:59:00,6,0
2025-05-14 19:15:00,2025-05-14 20:51:00,DL,ATL,ORD,768,6.64,7.43,1.61,0.0,18.61,0.5532,0.113,47,ATL-ORD,96,19,0,0,0,0,0,0,19,2025-05-14 19:34:00,2025-05-14 21:17:00,26,1
2025-10-08 12:50:00,2025-10-08 18:43:00,DL,LAX,DFW,3972,13.49,16.99,0.65,0.0,13.69,-0.9916,0.7398,73,LAX-DFW,353,12,0,0,0,0,0,0,5,2025-10-08 12:55:00,2025-10-08 18:46:00,3,0
2025-07-16 13:50:00,2025-07-16 20:23:00,B6,LAX,ORD,4472,17.53,16.48,0.36,1.01,16.56,-0.4173,-0.2801,22,LAX-ORD,393,13,0,0,0,0,0,0,11,2025-07-16 14:01:00,2025-07-16 20:20:00,-3,0
2025-09-25 19:50:00,2025-09-26 02:25:00,WN,DEN,ATL,4494,6.89,6.92,0.55,0.0,18.0,-0.8161,0.1524,4,DEN-ATL,395,19,0,0,0,0,0,0,-1,2025-09-25 19:49:00,2025-09-26 02:17:00,-8,0
2025-09-16 21:40:00,2025-09-17 00:31:00,UA,BOS,LAX,1695,5.1,2.64,0.89,0.43,10.8,-0.2826,0.8158,1,BOS-LAX,171,21,0,1,0,0,0,0,10,2025-09-16 21:50:00,2025-09-17 00:35:00,4,0
2025-01-12 03:40:00,2025-01-12 06:08:00,AA,ATL,SFO,1409,18.23,20.46,0.0,0.55,15.47,0.372,0.3343,93,ATL-SFO,148,3,0,1,0,0,0,0,0,2025-01-12 03:40:00,2025-01-12 06:07:00,-1,0
2025-03-20 00:30:00,2025-03-20 03:26:00,UA,SEA,DEN,1768,2.4,3.5,0.0,0.0,16.43,-0.6778,-0.557,42,SEA-DEN,176,0,0,1,0,0,0,0,-10,2025-03-20 00:20:00,2025-03-20 03:23:00,-3,0
2025-07-28 02:50:00,2025-07-28 08:24:00,B6,ATL,SEA,3732,11.44,11.78,0.24,0.0,20.9,0.3424,0.5494,27,ATL-SEA,334,2,0,1,0,0,0,0,4,2025-07-28 02:54:00,2025-07-28 08:22:00,-2,0
2025-12-23 16:00:00,2025-12-23 18:23:00,WN,LAX,SFO,1356,6.72,5.59,2.86,4.81,12.42,0.1506,-0.7072,42,LAX-SFO,143,16,0,0,0,0,0,0,-1,2025-12-23 15:59:00,2025-12-23 18:24:00,1,0
2025-02-26 13:40:00,2025-02-26 17:43:00,B6,SEA,LAX,2598,2.73,1.93,25.7,26.82,3.68,-1.0893,-0.7878,36,SEA-LAX,243,13,0,0,1,1,0,0,7,2025-02-26 13:47:00,2025-02-26 17:53:00,10,0
2025-02-08 02:10:00,2025-02-08 06:46:00,UA,DFW,LAX,3013,5.03,5.6,0.0,0.0,15.44,0.3471,-0.3208,22,DFW-LAX,276,2,0,1,0,0,0,0,9,2025-02-08 02:19:00,2025-02-08 06:50:00,4,0
2025-12-10 05:15:00,2025-12-10 08:15:00,DL,BOS,JFK,1817,8.55,8.22,6.53,5.48,13.7,1.0485,-0.0178,89,BOS-JFK,180,5,0,0,0,0,0,0,11,2025-12-10 05:26:00,2025-12-10 08:02:00,-13,0
2025-12-19 12:15:00,2025-12-19 15:53:00,DL,ORD,DFW,2286,5.45,4.8,20.56,20.82,5.46,-0.2651,0.3735,71,ORD-DFW,218,12,0,0,1,1,0,0,40,2025-12-19 12:55:00,2025-12-19 17:03:00,70,1
2025-03-03 17:30:00,2025-03-03 22:12:00,WN,LAX,JFK,3093,4.31,3.56,3.53,4.35,15.21,0.7105,0.5776,15,LAX-JFK,282,17,0,0,0,0,0,0,-2,2025-03-03 17:28:00,2025-03-03 22:14:00,2,0
2025-05-27 08:45:00,2025-05-27 14:10:00,B6,ATL,JFK,3619,3.67,0.37,0.0,0.98,11.66,-1.0487,0.283,64,ATL-JFK,325,8,0,0,0,0,0,0,-1,2025-05-27 08:44:00,2025-05-27 14:13:00,3,0
2025-08-17 22:00:00,2025-08-18 00:03:00,UA,LAX,JFK,1096,24.56,26.92,20.95,20.07,6.93,1.5149,0.4988,53,LAX-JFK,123,22,0,1,1,0,0,0,24,2025-08-17 22:24:00,2025-08-18 00:36:00,33,1
2025-03-13 23:30:00,2025-03-14 03:21:00,DL,ATL,SEA,2452,12.79,14.89,0.0,0.3,11.81,0.5817,0.9971,31,ATL-SEA,231,23,0,1,0,0,0,0,14,2025-03-13 23:44:00,2025-03-14 03:42:00,21,1
2025-04-30 18:10:00,2025-04-30 20:01:00,WN,DFW,ORD,948,8.68,3.78,0.31,0.0,14.48,0.6808,-0.9456,20,DFW-ORD,111,18,0,0,0,0,0,0,2,2025-04-30 18:12:00,2025-04-30 20:06:00,5,0
2025-05-25 10:00:00,2025-05-25 11:04:00,B6,DEN,DFW,364,13.14,12.98,9.66,11.48,12.76,-0.6845,0.7222,94,DEN-DFW,64,10,0,0,0,0,0,0,-4,2025-05-25 09:56:00,2025-05-25 10:51:00,-13,0
2025-08-23 21:20:00,2025-08-24 01:56:00,UA,SEA,JFK,3009,9.63,11.23,4.21,5.24,13.26,0.6835,0.1121,27,SEA-JFK,276,21,0,1,0,0,0,0,-6,2025-08-23 21:14:00,2025-08-24 01:57:00,1,0
2025-04-23 17:30:00,2025-04-23 21:11:00,B6,SFO,BOS,2327,16.22,16.24,4.85,4.2,13.22,0.3913,-0.2201,81,SFO-BOS,221,17,0,0,0,0,0,0,-6,2025-04-23 17:24:00,2025-04-23 21:00:00,-11,0
2025-05-31 12:10:00,2025-05-31 14:36:00,DL,ORD,BOS,1389,9.38,6.36,0.37,0.93,14.59,0.7207,-0.6578,8,ORD-BOS,146,12,0,0,0,0,0,0,-4,2025-05-31 12:06:00,2025-05-31 14:33:00,-3,0
2025-04-16 10:20:00,2025-04-16 11:37:00,UA,ORD,DFW,531,18.82,17.4,0.99,1.54,15.36,1.2789,0.9821,55,ORD-DFW,77,10,0,0,0,0,0,0,9,2025-04-16 10:29:00,2025-04-16 11:44:00,7,0
2025-10-05 19:50:00,2025-10-06 02:07:00,DL,ATL,ORD,4272,5.37,5.36,0.24,0.0,17.65,-0.5079,0.2205,86,ATL-ORD,377,19,0,0,0,0,0,0,6,2025-10-05 19:56:00,2025-10-06 02:25:00,18,1
2025-02-25 13:15:00,2025-02-25 18:52:00,AA,ATL,SEA,3772,10.88,11.35,1.33,0.0,16.65,1.2787,0.2424,81,ATL-SEA,337,13,0,0,0,0,0,0,13,2025-02-25 13:28:00,2025-02-25 18:41:00,-11,0
2025-03-26 04:50:00,2025-03-26 11:03:00,AA,ORD,BOS,4228,17.04,17.21,0.78,0.0,17.0,0.7428,-0.6909,57,ORD-BOS,373,4,0,1,0,0,0,0,6,2025-03-26 04:56:00,2025-03-26 11:34:00,31,1
2025-04-02 23:45:00,2025-04-03 01:22:00,AA,DFW,DEN,777,11.09,14.7,0.39,1.1,15.78,-1.1913,0.6438,82,DFW-DEN,97,23,0,1,0,0,0,0,9,2025-04-02 23:54:00,2025-04-03 01:41:00,19,1
2025-11-27 01:15:00,2025-11-27 02:19:00,DL,JFK,DEN,359,29.73,30.98,0.0,0.0,17.54,1.6356,-0.0208,52,JFK-DEN,64,1,1,1,0,0,1,0,34,2025-11-27 01:49:00,2025-11-27 03:11:00,52,1
2025-12-11 16:30:00,2025-12-11 18:42:00,B6,ORD,BOS,1211,18.4,13.13,0.79,0.0,14.48,-0.5422,-0.7734,48,ORD-BOS,132,16,0,0,0,0,0,0,16,2025-12-11 16:46:00,2025-12-11 19:04:00,22,1
2025-07-02 15:40:00,2025-07-02 17:13:00,AA,DFW,ATL,722,12.85,13.53,0.0,0.0,12.34,0.1939,-0.8622,47,DFW-ATL,93,15,0,0,0,0,0,0,4,2025-07-02 15:44:00,2025-07-02 17:16:00,3,0
2025-02-27 14:20:00,2025-02-27 17:53:00,DL,ORD,DFW,2231,7.35,10.78,0.52,1.8,16.42,0.2372,0.9643,96,ORD-DFW,213,14,0,0,0,0,0,0,-1,2025-02-27 14:19:00,2025-02-27 17:45:00,-8,0
2025-10-03 01:20:00,2025-10-03 05:56:00,WN,ORD,SFO,3010,11.4,11.53,0.0,1.33,9.69,-0.9631,-0.9721,1,ORD-SFO,276,1,0,1,0,0,0,0,5,2025-10-03 01:25:00,2025-10-03 05:54:00,-2,0
2025-06-29 11:15:00,2025-06-29 13:20:00,UA,DEN,BOS,1119,21.45,20.81,0.0,0.3,18.69,0.8595,0.7406,65,DEN-BOS,125,11,0,0,0,0,0,0,-9,2025-06-29 11:06:00,2025-06-29 13:17:00,-3,0
2025-11-07 21:10:00,2025-11-08 00:22:00,WN,ORD,DEN,1966,7.66,6.57,0.0,1.05,17.52,-0.4432,-0.7489,15,ORD-DEN,192,21,0,1,0,0,0,0,8,2025-11-07 21:18:00,2025-11-08 00:21:00,-1,0
2025-05-12 05:00:00,2025-05-12 09:00:00,WN,BOS,JFK,2564,4.47,6.07,0.0,0.0,17.38,-1.2798,0.3868,2,BOS-JFK,240,5,0,0,0,0,0,0,-5,2025-05-12 04:55:00,2025-05-12 09:05:00,5,0
2025-12-31 16:15:00,2025-12-31 19:01:00,UA,DEN,BOS,1632,8.6,6.59,0.0,0.0,17.57,-0.8239,-0.5685,97,DEN-BOS,166,16,1,0,0,0,0,0,-2,2025-12-31 16:13:00,2025-12-31 19:06:00,5,0
2025-10-22 20:45:00,2025-10-23 00:19:00,AA,SEA,BOS,2234,7.62,4.26,0.02,0.0,19.03,-1.8176,0.0748,45,SEA-BOS,214,20,0,1,0,0,0,0,-1,2025-10-22 20:44:00,2025-10-23 00:19:00,0,0
2025-03-23 22:10:00,2025-03-24 02:27:00,UA,SFO,DEN,2779,14.37,13.48,0.33,0.79,12.54,-1.3372,-0.9373,93,SFO-DEN,257,22,0,1,0,0,0,0,15,2025-03-23 22:25:00,2025-03-24 02:41:00,14,0
2025-09-22 12:10:00,2025-09-22 18:29:00,UA,ATL,DFW,4300,28.19,28.94,0.0,0.0,17.21,0.9858,0.689,78,ATL-DFW,379,12,0,0,0,0,0,0,10,2025-09-22 12:20:00,2025-09-22 18:40:00,11,0
2025-04-15 07:15:00,2025-04-15 09:58:00,B6,LAX,JFK,1602,4.3,3.8,0.0,2.53,15.71,-1.5358,-0.489,59,LAX-JFK,163,7,0,0,0,0,0,0,9,2025-04-15 07:24:00,2025-04-15 09:47:00,-11,0
2025-05-08 16:30:00,2025-05-08 17:59:00,WN,LAX,DFW,671,10.35,9.57,0.15,0.0,16.0,0.3394,0.5589,43,LAX-DFW,89,16,0,0,0,0,0,0,-2,2025-05-08 16:28:00,2025-05-08 17:53:00,-6,0
2025-04-02 11:10:00,2025-04-02 17:01:00,WN,LAX,ATL,3947,2.95,4.07,0.0,1.01,14.76,-0.5864,0.7505,81,LAX-ATL,351,11,0,0,0,0,0,0,4,2025-04-02 11:14:00,2025-04-02 16:52:00,-9,0
2025-09-07 15:10:00,2025-09-07 19:23:00,UA,SEA,DEN,2722,14.1,12.85,0.94,1.28,14.98,1.0768,-0.0551,90,SEA-DEN,253,15,0,0,0,0,0,0,-7,2025-09-07 15:03:00,2025-09-07 19:15:00,-8,0
2025-04-06 17:00:00,2025-04-06 20:38:00,DL,ATL,JFK,2282,12.85,12.47,15.05,14.19,8.25,-0.0248,0.9242,88,ATL-JFK,218,17,0,0,1,0,0,0,25,2025-04-06 17:25:00,2025-04-06 21:09:00,31,1
2025-08-22 17:15:00,2025-08-22 22:16:00,UA,ORD,JFK,3325,7.99,6.71,0.38,0.0,17.0,-1.208,0.2891,78,ORD-JFK,301,17,0,0,0,0,0,0,3,2025-08-22 17:18:00,2025-08-22 22:15:00,-1,0
2025-08-01 05:10:00,2025-08-01 11:39:00,DL,DEN,SFO,4421,11.62,15.68,0.18,0.0,13.42,0.5808,-0.5985,9,DEN-SFO,389,5,0,0,0,0,0,0,8,2025-08-01 05:18:00,2025-08-01 11:55:00,16,1
2025-10-02 18:45:00,2025-10-02 20:27:00,DL,BOS,SFO,836,5.55,4.01,2.91,7.5,8.05,-0.387,-0.1279,54,BOS-SFO,102,18,0,0,0,0,0,0,23,2025-10-02 19:08:00,2025-10-02 21:09:00,42,1
2025-12-29 13:50:00,2025-12-29 19:38:00,WN,JFK,SFO,3914,7.53,6.54,0.06,0.0,11.78,0.6655,-0.4234,42,JFK-SFO,348,13,0,0,0,0,0,0,8,2025-12-29 13:58:00,2025-12-29 19:33:00,-5,0
2025-01-04 22:15:00,2025-01-05 02:48:00,AA,ATL,DFW,2973,5.33,3.47,21.51,20.43,4.7,0.3199,0.4795,35,ATL-DFW,273,22,0,1,1,1,0,0,39,2025-01-04 22:54:00,2025-01-05 03:45:00,57,1
2025-12-28 15:00:00,2025-12-28 19:16:00,UA,LAX,SEA,2758,7.96,5.36,5.09,5.93,7.97,-1.0609,0.6321,86,LAX-SEA,256,15,0,0,0,0,0,0,10,2025-12-28 15:10:00,2025-12-28 19:17:00,1,0
2025-02-09 21:00:00,2025-02-10 02:49:00,WN,LAX,SFO,3929,8.68,8.73,1.24,0.0,10.89,-0.1348,-0.776,16,LAX-SFO,349,21,0,1,0,0,0,0,-1,2025-02-09 20:59:00,2025-02-10 02:40:00,-9,0
2025-07-12 23:15:00,2025-07-13 01:56:00,AA,JFK,SEA,1577,9.55,11.42,0.9,0.0,14.36,-0.5759,-0.5785,89,JFK-SEA,161,23,0,1,0,0,0,0,22,2025-07-12 23:37:00,2025-07-13 02:21:00,25,1
2025-05-05 23:20:00,2025-05-06 04:44:00,AA,ATL,ORD,3607,11.24,8.32,0.0,0.0,18.43,-0.264,-0.9186,95,ATL-ORD,324,23,0,1,0,0,0,0,16,2025-05-05 23:36:00,2025-05-06 04:49:00,5,0
2025-08-22 17:30:00,2025-08-22 21:41:00,UA,ORD,DFW,2696,14.7,13.6,0.44,0.52,11.6,-0.1437,0.3887,61,ORD-DFW,251,17,0,0,0,0,0,0,5,2025-08-22 17:35:00,2025-08-22 21:36:00,-5,0
2025-09-21 14:15:00,2025-09-21 20:28:00,UA,ATL,ORD,4227,13.99,11.29,7.66,6.58,10.73,-1.5997,0.266,30,ATL-ORD,373,14,0,0,0,0,0,0,10,2025-09-21 14:25:00,2025-09-21 20:21:00,-7,0
2025-11-10 02:15:00,2025-11-10 05:51:00,AA,DEN,LAX,2264,27.58,27.86,0.1,0.0,13.38,0.2921,-0.5304,40,DEN-LAX,216,2,0,1,0,0,0,0,13,2025-11-10 02:28:00,2025-11-10 05:57:00,6,0
2025-05-27 09:15:00,2025-05-27 14:16:00,AA,DFW,SEA,3326,11.39,13.67,0.0,1.08,14.49,-0.3372,0.2812,25,DFW-SEA,301,9,0,0,0,0,0,0,10,2025-05-27 09:25:00,2025-05-27 14:21:00,5,0
2025-12-07 11:30:00,2025-12-07 15:16:00,DL,ORD,DFW,2388,17.65,15.88,0.0,0.29,11.31,-1.2827,-0.1253,58,ORD-DFW,226,11,0,0,0,0,0,0,15,2025-12-07 11:45:00,2025-12-07 15:37:00,21,1
2025-04-28 18:40:00,2025-04-28 21:51:00,AA,DFW,ORD,1954,1.36,3.46,25.7,25.35,5.05,-1.1699,0.394,45,DFW-ORD,191,18,0,0,1,1,0,0,43,2025-04-28 19:23:00,2025-04-28 22:42:00,51,1
2025-03-16 14:00:00,2025-03-16 17:05:00,WN,SEA,BOS,1876,10.63,11.08,0.35,0.0,17.52,-1.745,0.635,46,SEA-BOS,185,14,0,0,0,0,0,0,3,2025-03-16 14:03:00,2025-03-16 16:57:00,-8,0
2025-05-19 10:20:00,2025-05-19 16:28:00,UA,SFO,SEA,4165,7.04,8.86,0.0,0.62,15.55,1.9426,-0.6343,49,SFO-SEA,368,10,0,0,0,0,0,0,15,2025-05-19 10:35:00,2025-05-19 16:52:00,24,1
2025-07-12 03:40:00,2025-07-12 09:20:00,UA,ORD,BOS,3818,6.8,8.92,0.92,0.0,18.98,-0.0409,0.3026,83,ORD-BOS,340,3,0,1,0,0,0,0,0,2025-07-12 03:40:00,2025-07-12 09:16:00,-4,0
2025-09-01 17:40:00,2025-09-01 19:55:00,DL,ATL,SEA,1246,20.13,18.58,1.05,0.28,16.51,0.3631,0.1891,99,ATL-SEA,135,17,1,0,0,0,0,0,19,2025-09-01 17:59:00,2025-09-01 20:18:00,23,1
2025-10-31 10:30:00,2025-10-31 16:20:00,UA,ORD,BOS,3935,32.06,32.02,1.04,0.0,17.48,1.4317,-0.1982,53,ORD-BOS,350,10,0,0,0,0,0,0,10,2025-10-31 10:40:00,2025-10-31 16:32:00,12,0
2025-03-24 00:30:00,2025-03-24 04:45:00,UA,BOS,SFO,2751,12.9,15.25,1.04,0.28,18.57,2.7226,-0.2815,10,BOS-SFO,255,0,0,1,0,0,0,0,-5,2025-03-24 00:25:00,2025-03-24 04:50:00,5,0
2025-04-21 06:40:00,2025-04-21 08:14:00,B6,SEA,ATL,737,1.97,0.56,8.76,8.96,12.18,-0.7183,0.935,94,SEA-ATL,94,6,0,0,0,0,0,0,15,2025-04-21 06:55:00,2025-04-21 08:07:00,-7,0
2025-12-09 21:20:00,2025-12-10 02:36:00,AA,SFO,DEN,3515,6.4,7.37,0.0,0.0,15.64,-0.5295,-0.902,87,SFO-DEN,316,21,0,1,0,0,0,0,0,2025-12-09 21:20:00,2025-12-10 02:29:00,-7,0
2025-06-10 02:30:00,2025-06-10 04:23:00,UA,ATL,LAX,981,1.5,0.03,8.94,8.27,7.81,-1.0143,0.3237,38,ATL-LAX,113,2,0,1,0,0,0,0,4,2025-06-10 02:34:00,2025-06-10 04:20:00,-3,0
2025-03-30 09:15:00,2025-03-30 15:07:00,B6,ATL,JFK,3963,13.02,11.19,0.0,1.17,16.94,-0.1593,0.7402,13,ATL-JFK,352,9,0,0,0,0,0,0,11,2025-03-30 09:26:00,2025-03-30 14:57:00,-10,0
2025-12-26 12:20:00,2025-12-26 15:52:00,B6,ORD,SFO,2208,11.55,15.56,0.0,0.0,15.96,-1.816,0.8384,50,ORD-SFO,212,12,0,0,0,0,0,0,-8,2025-12-26 12:12:00,2025-12-26 15:51:00,-1,0
2025-06-13 02:00:00,2025-06-13 08:07:00,AA,BOS,DFW,4149,3.8,1.97,0.0,0.91,13.36,1.3001,0.426,48,BOS-DFW,367,2,0,1,0,0,0,0,20,2025-06-13 02:20:00,2025-06-13 08:29:00,22,1
2025-12-26 03:15:00,2025-12-26 06:56:00,DL,SFO,ATL,2329,20.76,22.03,0.0,1.05,16.96,0.4933,-0.1971,87,SFO-ATL,221,3,0,1,0,0,0,0,-6,2025-12-26 03:09:00,2025-12-26 06:50:00,-6,0
2025-12-02 22:10:00,2025-12-02 23:37:00,AA,JFK,LAX,656,3.61,1.37,0.5,0.0,16.32,-0.2136,-0.8902,86,JFK-LAX,87,22,0,1,0,0,0,0,1,2025-12-02 22:11:00,2025-12-02 23:29:00,-8,0
2025-11-27 14:10:00,2025-11-27 19:27:00,WN,LAX,JFK,3520,11.31,13.53,1.14,0.75,17.43,-1.4681,0.3189,48,LAX-JFK,317,14,1,0,0,0,0,0,14,2025-11-27 14:24:00,2025-11-27 19:35:00,8,0
2025-08-01 05:20:00,2025-08-01 10:23:00,WN,SEA,JFK,3349,22.52,24.95,1.67,0.0,15.64,1.4331,0.5334,80,SEA-JFK,303,5,0,0,0,0,0,0,7,2025-08-01 05:27:00,2025-08-01 10:14:00,-9,0
2025-10-19 04:30:00,2025-10-19 07:11:00,UA,BOS,DFW,1569,13.54,11.09,0.17,0.64,18.2,-0.4473,-0.3774,84,BOS-DFW,161,4,0,1,0,0,0,0,-1,2025-10-19 04:29:00,2025-10-19 07:15:00,4,0
2025-12-17 10:50:00,2025-12-17 12:58:00,B6,LAX,SFO,1157,5.28,4.95,0.0,0.0,13.44,1.7316,-0.0899,99,LAX-SFO,128,10,0,0,0,0,0,0,-9,2025-12-17 10:41:00,2025-12-17 13:00:00,2,0
2025-04-09 17:00:00,2025-04-09 22:49:00,AA,SFO,SEA,3927,4.04,2.19,0.0,0.0,14.99,-0.3046,-0.6802,58,SFO-SEA,349,17,0,0,0,0,0,0,-10,2025-04-09 16:50:00,2025-04-09 22:47:00,-2,0
2025-01-14 17:50:00,2025-01-14 23:11:00,AA,ATL,BOS,3572,12.03,11.6,0.95,0.08,11.48,0.0698,-0.6397,62,ATL-BOS,321,17,0,0,0,0,0,0,11,2025-01-14 18:01:00,2025-01-14 23:08:00,-3,0
2025-04-28 04:15:00,2025-04-28 06:54:00,B6,BOS,ATL,1551,16.16,15.45,0.94,0.0,14.77,-1.2518,0.5548,9,BOS-ATL,159,4,0,1,0,0,0,0,-10,2025-04-28 04:05:00,2025-04-28 06:50:00,-4,0
2025-08-21 17:40:00,2025-08-21 22:34:00,AA,BOS,DFW,3242,12.76,11.49,11.7,12.25,12.23,1.2041,-0.4926,75,BOS-DFW,294,17,0,0,0,0,0,0,0,2025-08-21 17:40:00,2025-08-21 22:35:00,1,0
2025-07-19 21:40:00,2025-07-20 00:00:00,B6,DFW,ATL,1311,4.19,8.12,0.84,0.0,15.91,-1.6761,0.2401,60,DFW-ATL,140,21,0,1,0,0,0,0,-5,2025-07-19 21:35:00,2025-07-20 00:02:00,2,0
2025-01-30 05:50:00,2025-01-30 07:50:00,UA,BOS,ORD,1061,7.75,5.81,0.11,0.0,17.4,0.7739,-0.3252,95,BOS-ORD,120,5,0,0,0,0,0,0,-10,2025-01-30 05:40:00,2025-01-30 07:35:00,-15,0
2025-07-24 00:00:00,2025-07-24 04:42:00,WN,BOS,LAX,3088,3.78,1.97,0.0,0.71,14.61,1.3783,-0.0314,53,BOS-LAX,282,0,0,1,0,0,0,0,7,2025-07-24 00:07:00,2025-07-24 05:02:00,20,1
2025-03-05 23:50:00,2025-03-06 05:29:00,UA,SEA,JFK,3797,5.8,5.15,0.0,0.0,17.44,-1.6655,0.1982,41,SEA-JFK,339,23,0,1,0,0,0,0,-2,2025-03-05 23:48:00,2025-03-06 05:30:00,1,0
2025-07-04 12:00:00,2025-07-04 18:08:00,WN,JFK,LAX,4158,4.26,3.9,1.19,0.0,17.83,0.93,0.5727,11,JFK-LAX,368,12,1,0,0,0,0,0,11,2025-07-04 12:11:00,2025-07-04 18:16:00,8,0
2025-07-30 18:50:00,2025-07-30 22:24:00,DL,DFW,SEA,2239,6.14,6.62,0.51,0.0,16.57,1.4379,-0.3798,41,DFW-SEA,214,18,0,0,0,0,0,0,2,2025-07-30 18:52:00,2025-07-30 22:18:00,-6,0
2025-08-21 07:40:00,2025-08-21 09:27:00,AA,DFW,SEA,902,9.76,10.02,0.0,0.0,16.11,0.4317,-0.6844,16,DFW-SEA,107,7,0,0,0,0,0,0,-5,2025-08-21 07:35:00,2025-08-21 09:19:00,-8,0
2025-05-31 07:20:00,2025-05-31 11:22:00,AA,SFO,DFW,2584,10.46,10.79,0.66,0.0,14.68,0.5872,-0.2044,63,SFO-DFW,242,7,0,0,0,0,0,0,-10,2025-05-31 07:10:00,2025-05-31 11:13:00,-9,0
2025-05-30 05:20:00,2025-05-30 10:08:00,AA,JFK,LAX,3159,12.86,10.46,2.26,2.48,14.67,0.3838,0.4919,76,JFK-LAX,288,5,0,0,0,0,0,0,8,2025-05-30 05:28:00,2025-05-30 10:07:00,-1,0
2025-09-05 05:00:00,2025-09-05 11:25:00,B6,JFK,LAX,4379,5.0,4.62,0.0,0.0,16.8,0.067,-0.6949,83,JFK-LAX,385,5,0,0,0,0,0,0,-3,2025-09-05 04:57:00,2025-09-05 11:20:00,-5,0
2025-10-01 11:45:00,2025-10-01 13:22:00,UA,SFO,DEN,771,9.59,9.78,0.0,0.0,14.57,-1.0247,-0.9228,37,SFO-DEN,97,11,0,0,0,0,0,0,-5,2025-10-01 11:40:00,2025-10-01 13:16:00,-6,0
2025-10-22 02:40:00,2025-10-22 07:20:00,AA,ATL,ORD,3057,11.1,10.84,12.63,13.21,9.8,-0.0544,-0.6128,26,ATL-ORD,280,2,0,1,1,0,0,0,21,2025-10-22 03:01:00,2025-10-22 07:41:00,21,1
2025-05-02 20:50:00,2025-05-03 00:41:00,DL,JFK,DEN,2451,18.78,20.91,0.0,0.0,16.21,-0.303,0.9778,98,JFK-DEN,231,20,0,1,0,0,0,0,-4,2025-05-02 20:46:00,2025-05-03 00:40:00,-1,0
2025-06-04 12:40:00,2025-06-04 16:57:00,WN,ORD,SEA,2771,3.57,1.43,0.0,0.0,19.11,1.8777,-0.4814,76,ORD-SEA,257,12,0,0,0,0,0,0,1,2025-06-04 12:41:00,2025-06-04 17:00:00,3,0
2025-05-01 21:50:00,2025-05-01 23:20:00,DL,JFK,DFW,689,3.11,3.68,0.0,1.35,13.21,-0.067,0.4489,57,JFK-DFW,90,21,0,1,0,0,0,0,11,2025-05-01 22:01:00,2025-05-01 23:29:00,9,0
2025-07-12 12:50:00,2025-07-12 13:55:00,B6,SEA,ORD,370,12.57,15.62,15.96,13.99,13.12,-0.0317,0.9947,81,SEA-ORD,65,12,0,0,1,0,0,0,38,2025-07-12 13:28:00,2025-07-12 14:49:00,54,1
2025-02-16 07:20:00,2025-02-16 11:43:00,AA,SEA,SFO,2847,13.55,15.07,0.58,0.0,14.66,0.1891,-0.1538,66,SEA-SFO,263,7,0,0,0,0,0,0,4,2025-02-16 07:24:00,2025-02-16 11:58:00,15,1
2025-06-06 12:40:00,2025-06-06 14:46:00,AA,DFW,SEA,1136,13.92,13.87,20.49,22.56,7.17,0.4511,-0.399,59,DFW-SEA,126,12,0,0,1,0,0,0,9,2025-06-06 12:49:00,2025-06-06 15:10:00,24,1
2025-03-10 03:15:00,2025-03-10 07:40:00,WN,SEA,ATL,2878,13.23,13.55,0.0,0.25,13.85,-0.7749,0.0792,95,SEA-ATL,265,3,0,1,0,0,0,0,14,2025-03-10 03:29:00,2025-03-10 07:56:00,16,1
2025-07-14 19:45:00,2025-07-14 20:53:00,WN,DEN,BOS,411,3.63,1.6,0.21,0.0,16.81,0.951,0.815,20,DEN-BOS,68,19,0,0,0,0,0,0,4,2025-07-14 19:49:00,2025-07-14 21:07:00,14,0
2025-11-07 17:30:00,2025-11-07 22:58:00,AA,DEN,SEA,3665,28.71,27.49,0.0,0.0,16.38,-0.0806,-0.4407,61,DEN-SEA,328,17,0,0,0,0,0,0,2,2025-11-07 17:32:00,2025-11-07 22:56:00,-2,0
2025-12-26 03:20:00,2025-12-26 06:11:00,WN,SFO,BOS,1699,19.05,18.15,0.61,0.17,17.14,0.7346,0.4955,79,SFO-BOS,171,3,0,1,0,0,0,0,3,2025-12-26 03:23:00,2025-12-26 06:27:00,16,1
2025-06-12 13:40:00,2025-06-12 17:11:00,DL,ATL,DEN,2194,1.58,3.45,0.63,0.0,19.62,-0.9026,-0.2074,50,ATL-DEN,211,13,0,0,0,0,0,0,22,2025-06-12 14:02:00,2025-06-12 17:37:00,26,1
2025-01-21 12:15:00,2025-01-21 15:10:00,UA,DFW,DEN,1746,8.02,6.54,0.04,0.56,16.97,-0.136,-0.2166,92,DFW-DEN,175,12,0,0,0,0,0,0,10,2025-01-21 12:25:00,2025-01-21 15:05:00,-5,0
2025-03-25 04:30:00,2025-03-25 07:50:00,WN,LAX,JFK,2057,9.44,7.6,0.57,0.0,14.91,1.4871,-0.7146,63,LAX-JFK,200,4,0,1,0,0,0,0,3,2025-03-25 04:33:00,2025-03-25 07:47:00,-3,0
2025-02-08 02:20:00,2025-02-08 06:17:00,AA,DFW,BOS,2527,8.88,8.74,0.71,0.28,20.5,1.9903,0.1208,34,DFW-BOS,237,2,0,1,0,0,0,0,19,2025-02-08 02:39:00,2025-02-08 06:40:00,23,1
2025-10-05 18:15:00,2025-10-05 22:51:00,B6,SEA,BOS,3011,6.3,10.05,10.33,11.7,9.62,0.6704,-0.8712,57,SEA-BOS,276,18,0,0,0,0,0,0,-9,2025-10-05 18:06:00,2025-10-05 22:46:00,-5,0
2025-12-26 06:50:00,2025-12-26 11:41:00,B6,DEN,DFW,3197,2.92,5.27,0.0,0.67,17.48,-1.1176,0.3026,18,DEN-DFW,291,6,0,0,0,0,0,0,-3,2025-12-26 06:47:00,2025-12-26 11:56:00,15,1
2025-07-22 12:00:00,2025-07-22 18:32:00,DL,JFK,LAX,4458,10.66,11.88,0.0,0.0,10.86,-1.8408,0.7689,96,JFK-LAX,392,12,0,0,0,0,0,0,-4,2025-07-22 11:56:00,2025-07-22 18:20:00,-12,0
2025-03-06 05:45:00,2025-03-06 07:44:00,B6,BOS,JFK,1053,22.75,22.49,6.04,6.37,11.4,0.6698,-0.4293,92,BOS-JFK,119,5,0,0,0,0,0,0,-7,2025-03-06 05:38:00,2025-03-06 07:35:00,-9,0
2025-01-08 15:10:00,2025-01-08 21:02:00,UA,BOS,SEA,3960,5.09,5.94,0.0,0.96,15.39,1.9826,-0.0741,45,BOS-SEA,352,15,0,0,0,0,0,0,3,2025-01-08 15:13:00,2025-01-08 21:05:00,3,0
2025-12-23 01:10:00,2025-12-23 05:31:00,DL,BOS,SFO,2826,11.98,14.39,7.34,6.52,11.26,-0.3863,-0.188,2,BOS-SFO,261,1,0,1,0,0,0,0,8,2025-12-23 01:18:00,2025-12-23 05:29:00,-2,0
2025-04-26 08:10:00,2025-04-26 10:53:00,B6,ORD,ATL,1600,7.03,9.52,1.54,3.74,16.39,-0.1876,0.4543,32,ORD-ATL,163,8,0,0,0,0,0,0,-10,2025-04-26 08:00:00,2025-04-26 10:48:00,-5,0
2025-02-10 13:00:00,2025-02-10 19:07:00,DL,BOS,ORD,4151,13.41,13.87,0.0,0.14,16.0,0.2777,0.6374,91,BOS-ORD,367,13,0,0,0,0,0,0,3,2025-02-10 13:03:00,2025-02-10 19:00:00,-7,0
2025-03-06 10:00:00,2025-03-06 14:56:00,UA,ORD,BOS,3268,9.03,6.62,0.69,0.58,17.64,2.5189,-0.2657,77,ORD-BOS,296,10,0,0,0,0,0,0,0,2025-03-06 10:00:00,2025-03-06 14:47:00,-9,0
2025-04-04 14:45:00,2025-04-04 16:46:00,UA,DFW,BOS,1077,4.08,5.45,5.02,4.53,13.23,0.1932,0.3662,42,DFW-BOS,121,14,0,0,0,0,0,0,3,2025-04-04 14:48:00,2025-04-04 16:45:00,-1,0
2025-08-28 04:50:00,2025-08-28 06:48:00,DL,LAX,DFW,1034,6.57,4.15,0.81,0.05,18.05,0.2103,-0.8721,65,LAX-DFW,118,4,0,1,0,0,0,0,15,2025-08-28 05:05:00,2025-08-28 06:55:00,7,0
2025-11-22 10:30:00,2025-11-22 15:10:00,B6,SEA,ORD,3068,20.79,19.99,0.56,0.0,8.46,-0.3687,0.16,66,SEA-ORD,280,10,0,0,0,0,0,0,9,2025-11-22 10:39:00,2025-11-22 15:30:00,20,1
2025-04-11 18:00:00,2025-04-11 23:04:00,B6,SEA,DEN,3364,10.25,9.1,0.35,1.55,16.27,0.1139,-0.0067,79,SEA-DEN,304,18,0,0,0,0,0,0,2,2025-04-11 18:02:00,2025-04-11 22:59:00,-5,0
2025-09-08 08:45:00,2025-09-08 09:59:00,B6,ATL,SFO,491,10.3,9.18,9.75,10.99,11.8,1.1388,-0.912,35,ATL-SFO,74,8,0,0,0,0,0,0,-2,2025-09-08 08:43:00,2025-09-08 09:55:00,-4,0
2025-01-24 03:30:00,2025-01-24 08:00:00,B6,SEA,DFW,2938,18.74,17.65,0.11,2.15,15.26,-0.6386,0.7242,78,SEA-DFW,270,3,0,1,0,0,0,0,15,2025-01-24 03:45:00,2025-01-24 08:06:00,6,0
2025-01-04 20:30:00,2025-01-05 00:27:00,DL,SFO,SEA,2530,22.75,23.57,0.91,0.0,17.3,0.9652,-0.1276,31,SFO-SEA,237,20,0,1,0,0,0,0,-1,2025-01-04 20:29:00,2025-01-05 00:22:00,-5,0
2025-01-21 18:50:00,2025-01-22 01:15:00,UA,ORD,SFO,4371,0.41,2.2,0.0,0.33,10.09,1.0085,0.6405,70,ORD-SFO,385,18,0,0,0,0,0,0,5,2025-01-21 18:55:00,2025-01-22 01:19:00,4,0
2025-12-03 16:20:00,2025-12-03 21:28:00,UA,BOS,JFK,3414,4.09,6.03,2.61,3.06,15.34,-0.7828,-0.1308,11,BOS-JFK,308,16,0,0,0,0,0,0,-3,2025-12-03 16:17:00,2025-12-03 21:19:00,-9,0
2025-08-01 19:15:00,2025-08-02 01:19:00,B6,LAX,ATL,4118,13.39,19.22,0.0,0.0,14.19,0.8077,-0.3486,46,LAX-ATL,364,19,0,0,0,0,0,0,0,2025-08-01 19:15:00,2025-08-02 01:14:00,-5,0
2025-10-21 18:45:00,2025-10-21 19:55:00,DL,LAX,ORD,442,10.03,10.67,1.41,0.37,15.76,2.0659,-0.0807,59,LAX-ORD,70,18,0,0,0,0,0,0,4,2025-10-21 18:49:00,2025-10-21 19:45:00,-10,0
2025-01-08 17:30:00,2025-01-08 22:46:00,UA,LAX,DFW,3509,22.56,24.17,12.91,11.91,7.98,-1.2115,-0.364,62,LAX-DFW,316,17,0,0,1,0,0,0,24,2025-01-08 17:54:00,2025-01-08 23:25:00,39,1
2025-01-09 12:40:00,2025-01-09 15:31:00,DL,DFW,LAX,1701,4.19,2.88,5.81,6.38,11.6,-0.1387,-0.7054,71,DFW-LAX,171,12,0,0,0,0,0,0,-5,2025-01-09 12:35:00,2025-01-09 15:33:00,2,0
2025-11-06 00:40:00,2025-11-06 04:45:00,UA,JFK,DEN,2624,11.57,10.73,0.0,0.0,19.7,0.267,0.1176,98,JFK-DEN,245,0,0,1,0,0,0,0,-5,2025-11-06 00:35:00,2025-11-06 04:47:00,2,0
2025-02-07 14:45:00,2025-02-07 20:39:00,AA,LAX,DEN,3987,14.66,13.95,0.07,0.25,18.54,0.3957,-0.9056,12,LAX-DEN,354,14,0,0,0,0,0,0,13,2025-02-07 14:58:00,2025-02-07 20:31:00,-8,0
2025-02-26 06:15:00,2025-02-26 12:06:00,AA,JFK,DEN,3953,8.3,8.9,0.0,0.79,16.1,-0.9411,-0.9698,89,JFK-DEN,351,6,0,0,0,0,0,0,10,2025-02-26 06:25:00,2025-02-26 12:24:00,18,1
2025-07-09 18:00:00,2025-07-09 20:15:00,DL,ORD,SFO,1247,17.42,22.74,0.0,0.0,18.62,-1.2441,-0.0314,78,ORD-SFO,135,18,0,0,0,0,0,0,12,2025-07-09 18:12:00,2025-07-09 20:05:00,-10,0
2025-08-10 11:20:00,2025-08-10 13:40:00,WN,ORD,DEN,1308,16.11,18.59,2.32,4.15,16.21,-0.7308,0.3644,12,ORD-DEN,140,11,0,0,0,0,0,0,10,2025-08-10 11:30:00,2025-08-10 13:51:00,11,0
2025-03-25 21:40:00,2025-03-26 02:42:00,DL,DEN,JFK,3336,7.51,9.75,0.35,0.0,16.64,0.1069,0.7804,22,DEN-JFK,302,21,0,1,0,0,0,0,20,2025-03-25 22:00:00,2025-03-26 03:05:00,23,1
2025-06-12 14:45:00,2025-06-12 20:39:00,WN,LAX,ORD,3987,6.82,9.71,0.0,0.0,18.12,-0.4621,-0.4497,5,LAX-ORD,354,14,0,0,0,0,0,0,0,2025-06-12 14:45:00,2025-06-12 20:44:00,5,0
2025-09-04 13:15:00,2025-09-04 17:40:00,WN,ORD,BOS,2871,18.52,18.46,0.0,0.0,8.1,0.8764,0.0896,35,ORD-BOS,265,13,0,0,0,0,0,0,8,2025-09-04 13:23:00,2025-09-04 17:36:00,-4,0
2025-06-11 22:40:00,2025-06-11 23:57:00,DL,JFK,LAX,529,11.6,11.15,0.63,0.0,14.55,1.2157,0.8402,11,JFK-LAX,77,22,0,1,0,0,0,0,19,2025-06-11 22:59:00,2025-06-12 00:18:00,21,1
2025-05-20 11:45:00,2025-05-20 13:39:00,WN,ORD,SFO,987,13.44,15.06,0.0,0.0,14.31,-0.8531,-0.8157,11,ORD-SFO,114,11,0,0,0,0,0,0,12,2025-05-20 11:57:00,2025-05-20 13:31:00,-8,0
2025-01-27 09:45:00,2025-01-27 14:56:00,UA,BOS,SEA,3447,10.5,11.0,0.23,0.0,16.21,0.339,-0.3645,88,BOS-SEA,311,9,0,0,0,0,0,0,-5,2025-01-27 09:40:00,2025-01-27 14:48:00,-8,0
2025-06-14 08:45:00,2025-06-14 13:53:00,B6,DFW,ATL,3415,11.12,9.16,0.77,1.27,17.62,0.1053,-0.6517,78,DFW-ATL,308,8,0,0,0,0,0,0,7,2025-06-14 08:52:00,2025-06-14 13:59:00,6,0
2025-10-21 21:50:00,2025-10-22 03:50:00,AA,ORD,DFW,4065,9.15,9.69,1.08,0.0,14.67,2.5507,0.2498,66,ORD-DFW,360,21,0,1,0,0,0,0,35,2025-10-21 22:25:00,2025-10-22 04:26:00,36,1
2025-08-17 18:40:00,2025-08-17 22:38:00,WN,SFO,ATL,2534,15.0,15.43,19.35,19.39,3.81,-0.4174,0.971,16,SFO-ATL,238,18,0,0,1,1,0,0,20,2025-08-17 19:00:00,2025-08-17 23:16:00,38,1
2025-11-22 03:15:00,2025-11-22 06:38:00,B6,LAX,DEN,2095,3.81,5.0,0.0,0.0,14.83,0.4162,0.3085,28,LAX-DEN,203,3,0,1,0,0,0,0,-5,2025-11-22 03:10:00,2025-11-22 06:35:00,-3,0
2025-02-16 11:20:00,2025-02-16 12:57:00,AA,LAX,DEN,770,0.25,3.07,0.0,0.11,10.23,2.0011,0.7696,24,LAX-DEN,97,11,0,0,0,0,0,0,13,2025-02-16 11:33:00,2025-02-16 13:11:00,14,0
2025-01-05 08:40:00,2025-01-05 14:02:00,B6,DFW,SFO,3584,8.65,11.48,1.91,0.5,16.44,-1.9856,0.4034,93,DFW-SFO,322,8,0,0,0,0,0,0,8,2025-01-05 08:48:00,2025-01-05 14:16:00,14,0
2025-07-20 15:10:00,2025-07-20 21:28:00,UA,ORD,BOS,4287,20.89,22.55,15.26,16.3,11.23,1.4838,0.2559,9,ORD-BOS,378,15,0,0,1,0,0,0,36,2025-07-20 15:46:00,2025-07-20 22:21:00,53,1
2025-03-07 01:30:00,2025-03-07 02:44:00,UA,DFW,SEA,490,9.49,10.56,0.68,0.0,13.15,-0.6109,-0.3308,5,DFW-SEA,74,1,0,1,0,0,0,0,9,2025-03-07 01:39:00,2025-03-07 03:07:00,23,1
2025-08-05 17:30:00,2025-08-05 21:14:00,AA,ATL,DFW,2366,10.35,7.1,0.0,1.69,10.73,-1.4468,0.433,93,ATL-DFW,224,17,0,0,0,0,0,0,7,2025-08-05 17:37:00,2025-08-05 21:23:00,9,0
2025-11-26 17:40:00,2025-11-26 20:38:00,UA,DEN,SFO,1792,4.61,7.12,0.0,0.0,14.43,0.32,-0.7892,73,DEN-SFO,178,17,0,0,0,0,0,0,7,2025-11-26 17:47:00,2025-11-26 20:36:00,-2,0
2025-05-04 05:20:00,2025-05-04 10:29:00,AA,LAX,BOS,3429,7.8,9.8,0.77,0.0,17.22,0.2097,-0.9502,66,LAX-BOS,309,5,0,0,0,0,0,0,3,2025-05-04 05:23:00,2025-05-04 10:33:00,4,0
2025-07-20 03:40:00,2025-07-20 08:55:00,UA,SFO,DEN,3506,1.8,0.29,0.36,0.02,11.01,0.625,0.363,33,SFO-DEN,315,3,0,1,0,0,0,0,16,2025-07-20 03:56:00,2025-07-20 09:07:00,12,0
2025-09-06 15:00:00,2025-09-06 17:12:00,B6,JFK,DFW,1214,21.98,21.31,1.17,0.0,14.31,0.7612,0.8159,68,JFK-DFW,132,15,0,0,0,0,0,0,-6,2025-09-06 14:54:00,2025-09-06 17:21:00,9,0
2025-02-24 06:40:00,2025-02-24 12:59:00,DL,SEA,SFO,4298,7.02,6.11,0.0,0.0,15.73,-0.0983,0.4234,32,SEA-SFO,379,6,0,0,0,0,0,0,4,2025-02-24 06:44:00,2025-02-24 12:50:00,-9,0
2025-11-24 22:45:00,2025-11-25 00:30:00,AA,SEA,ORD,876,11.69,9.27,0.0,0.99,12.99,1.7666,-0.5526,96,SEA-ORD,105,22,0,1,0,0,0,0,3,2025-11-24 22:48:00,2025-11-25 00:25:00,-5,0
2025-03-16 18:50:00,2025-03-17 00:11:00,AA,LAX,SEA,3581,10.27,6.46,0.36,0.63,16.44,1.4024,0.6791,47,LAX-SEA,321,18,0,0,0,0,0,0,0,2025-03-16 18:50:00,2025-03-17 00:07:00,-4,0
2025-10-23 22:50:00,2025-10-24 03:58:00,UA,SEA,JFK,3413,5.45,6.02,0.47,0.0,18.59,0.4607,0.0517,43,SEA-JFK,308,22,0,1,0,0,0,0,16,2025-10-23 23:06:00,2025-10-24 04:03:00,5,0
2025-08-29 12:15:00,2025-08-29 14:08:00,WN,DFW,SEA,981,21.95,20.49,0.29,0.21,15.95,0.3689,-0.6634,47,DFW-SEA,113,12,0,0,0,0,0,0,1,2025-08-29 12:16:00,2025-08-29 14:06:00,-2,0
2025-02-21 22:00:00,2025-02-22 02:45:00,B6,DFW,LAX,3130,5.85,6.36,0.0,0.46,18.64,1.1953,0.2468,51,DFW-LAX,285,22,0,1,0,0,0,0,3,2025-02-21 22:03:00,2025-02-22 02:55:00,10,0
2025-09-22 00:40:00,2025-09-22 03:10:00,AA,ORD,SEA,1435,13.58,14.52,0.0,0.0,16.6,0.0561,-0.7584,78,ORD-SEA,150,0,0,1,0,0,0,0,3,2025-09-22 00:43:00,2025-09-22 03:07:00,-3,0
2025-03-13 06:00:00,2025-03-13 08:31:00,WN,LAX,SEA,1451,2.59,2.83,11.86,12.11,8.49,-1.216,-0.5306,17,LAX-SEA,151,6,0,0,0,0,0,0,4,2025-03-13 06:04:00,2025-03-13 08:53:00,22,1
2025-08-07 00:15:00,2025-08-07 01:43:00,AA,JFK,SFO,663,8.11,8.62,0.0,0.0,10.91,-0.0919,0.4704,53,JFK-SFO,88,0,0,1,0,0,0,0,-3,2025-08-07 00:12:00,2025-08-07 01:41:00,-2,0
2025-12-17 16:40:00,2025-12-17 21:50:00,UA,DFW,LAX,3434,20.1,20.14,0.0,0.0,15.2,-0.3238,0.9302,49,DFW-LAX,310,16,0,0,0,0,0,0,-6,2025-12-17 16:34:00,2025-12-17 21:46:00,-4,0
2025-12-14 12:30:00,2025-12-14 18:00:00,DL,SFO,DFW,3691,4.51,9.51,0.03,0.0,15.78,0.1532,-0.298,35,SFO-DFW,330,12,0,0,0,0,0,0,-10,2025-12-14 12:20:00,2025-12-14 17:50:00,-10,0
2025-11-15 06:30:00,2025-11-15 10:19:00,DL,ATL,LAX,2420,15.73,12.09,18.66,16.79,8.79,-1.1669,-0.6089,68,ATL-LAX,229,6,0,0,1,0,0,0,23,2025-11-15 06:53:00,2025-11-15 11:02:00,43,1
2025-06-30 07:45:00,2025-06-30 13:05:00,UA,ATL,ORD,3558,7.43,7.21,0.16,0.69,16.08,-1.0356,-0.6979,82,ATL-ORD,320,7,0,0,0,0,0,0,4,2025-06-30 07:49:00,2025-06-30 12:57:00,-8,0
2025-07-24 15:10:00,2025-07-24 18:06:00,AA,JFK,SFO,1764,8.57,5.13,26.28,26.42,0.2,1.1678,0.1303,19,JFK-SFO,176,15,0,0,1,1,0,1,70,2025-07-24 16:20:00,2025-07-24 19:53:00,107,1
2025-04-20 04:45:00,2025-04-20 08:54:00,B6,ATL,ORD,2673,12.92,18.08,0.0,0.0,15.38,0.0922,-0.9767,92,ATL-ORD,249,4,0,1,0,0,0,0,11,2025-04-20 04:56:00,2025-04-20 08:58:00,4,0
2025-12-03 12:30:00,2025-12-03 17:53:00,B6,DFW,SFO,3604,12.71,13.88,0.0,0.8,13.37,-0.2621,0.448,4,DFW-SFO,323,12,0,0,0,0,0,0,-3,2025-12-03 12:27:00,2025-12-03 17:46:00,-7,0
2025-06-24 14:20:00,2025-06-24 17:44:00,DL,LAX,ORD,2109,24.74,20.26,3.23,2.72,14.62,-0.4069,0.2022,30,LAX-ORD,204,14,0,0,0,0,0,0,-6,2025-06-24 14:14:00,2025-06-24 17:42:00,-2,0
2025-10-09 05:20:00,2025-10-09 09:46:00,B6,DFW,SFO,2890,6.72,4.78,0.27,1.06,11.57,-0.1326,0.3788,25,DFW-SFO,266,5,0,0,0,0,0,0,2,2025-10-09 05:22:00,2025-10-09 09:42:00,-4,0
2025-05-12 05:30:00,2025-05-12 07:18:00,WN,BOS,ORD,909,10.14,13.77,0.17,1.58,14.06,0.1931,-0.2824,56,BOS-ORD,108,5,0,0,0,0,0,0,6,2025-05-12 05:36:00,2025-05-12 07:17:00,-1,0
2025-09-28 08:30:00,2025-09-28 12:19:00,B6,DEN,SEA,2430,10.65,7.54,0.04,0.33,11.47,-1.6288,-0.7879,8,DEN-SEA,229,8,0,0,0,0,0,0,2,2025-09-28 08:32:00,2025-09-28 12:17:00,-2,0
2025-03-23 14:15:00,2025-03-23 20:00:00,WN,LAX,BOS,3873,13.5,13.09,0.0,0.0,14.71,-0.3734,0.9314,19,LAX-BOS,345,14,0,0,0,0,0,0,11,2025-03-23 14:26:00,2025-03-23 20:19:00,19,1
2025-09-25 06:10:00,2025-09-25 11:29:00,WN,SFO,LAX,3547,19.25,17.83,0.0,0.72,15.88,0.2242,0.6685,80,SFO-LAX,319,6,0,0,0,0,0,0,5,2025-09-25 06:15:00,2025-09-25 11:17:00,-12,0
2025-01-17 09:10:00,2025-01-17 11:50:00,UA,SEA,DFW,1560,5.87,5.74,0.0,0.0,13.21,-0.1209,0.0864,29,SEA-DFW,160,9,0,0,0,0,0,0,-2,2025-01-17 09:08:00,2025-01-17 11:50:00,0,0
2025-02-08 13:15:00,2025-02-08 17:17:00,UA,JFK,SEA,2588,13.53,10.91,0.0,0.0,11.71,-1.7149,-0.6342,87,JFK-SEA,242,13,0,0,0,0,0,0,7,2025-02-08 13:22:00,2025-02-08 17:20:00,3,0
2025-05-09 04:15:00,2025-05-09 08:42:00,DL,BOS,DFW,2902,20.3,19.59,0.0,0.0,18.34,0.0522,0.9246,18,BOS-DFW,267,4,0,1,0,0,0,0,-4,2025-05-09 04:11:00,2025-05-09 08:45:00,3,0
2025-06-25 13:30:00,2025-06-25 19:44:00,AA,DEN,JFK,4241,11.08,9.54,0.38,1.16,14.82,-0.0079,-0.3701,27,DEN-JFK,374,13,0,0,0,0,0,0,-1,2025-06-25 13:29:00,2025-06-25 19:41:00,-3,0
2025-09-17 03:50:00,2025-09-17 09:27:00,UA,DFW,ORD,3781,16.1,16.89,0.0,0.75,17.77,-0.6657,0.7753,21,DFW-ORD,337,3,0,1,0,0,0,0,-2,2025-09-17 03:48:00,2025-09-17 09:22:00,-5,0
2025-05-12 03:00:00,2025-05-12 08:34:00,B6,DEN,JFK,3735,1.65,1.32,0.55,0.89,16.97,-0.8964,-0.5639,24,DEN-JFK,334,3,0,1,0,0,0,0,12,2025-05-12 03:12:00,2025-05-12 08:35:00,1,0
2025-01-07 05:15:00,2025-01-07 10:27:00,UA,ORD,DFW,3461,10.2,11.41,0.0,0.12,18.06,0.2286,-0.4263,45,ORD-DFW,312,5,0,0,0,0,0,0,4,2025-01-07 05:19:00,2025-01-07 10:23:00,-4,0
2025-04-29 06:00:00,2025-04-29 08:59:00,DL,DFW,ATL,1804,6.81,6.84,0.1,0.57,17.56,0.1388,-0.3287,66,DFW-ATL,179,6,0,0,0,0,0,0,-10,2025-04-29 05:50:00,2025-04-29 09:03:00,4,0
2025-06-10 00:50:00,2025-06-10 03:56:00,UA,SEA,JFK,1883,13.97,14.96,0.0,0.6,19.05,0.4941,-0.1815,29,SEA-JFK,186,0,0,1,0,0,0,0,19,2025-06-10 01:09:00,2025-06-10 04:07:00,11,0
2025-07-18 23:40:00,2025-07-19 03:15:00,UA,DEN,DFW,2252,11.73,12.81,0.49,0.0,16.92,2.1113,0.8126,78,DEN-DFW,215,23,0,1,0,0,0,0,6,2025-07-18 23:46:00,2025-07-19 03:05:00,-10,0
2025-08-24 07:10:00,2025-08-24 10:32:00,DL,JFK,SEA,2089,6.25,4.38,0.84,0.59,16.61,0.6057,0.8687,12,JFK-SEA,202,7,0,0,0,0,0,0,14,2025-08-24 07:24:00,2025-08-24 10:38:00,6,0
2025-04-01 19:20:00,2025-04-02 01:41:00,WN,ORD,DEN,4320,2.51,1.59,0.0,0.0,6.98,-0.694,-0.8454,69,ORD-DEN,381,19,0,0,0,0,0,0,8,2025-04-01 19:28:00,2025-04-02 01:37:00,-4,0
2025-08-11 21:40:00,2025-08-12 03:33:00,DL,BOS,LAX,3976,31.76,31.35,4.45,2.82,15.41,1.2882,0.6812,2,BOS-LAX,353,21,0,1,0,0,0,0,-5,2025-08-11 21:35:00,2025-08-12 03:35:00,2,0
2025-08-19 19:50:00,2025-08-20 01:50:00,B6,ORD,LAX,4059,12.0,11.37,6.63,6.87,11.91,-0.2211,-0.2149,60,ORD-LAX,360,19,0,0,0,0,0,0,-5,2025-08-19 19:45:00,2025-08-20 01:49:00,-1,0
2025-10-11 19:30:00,2025-10-11 23:53:00,B6,LAX,BOS,2851,13.75,13.4,0.0,0.0,17.55,-0.2173,0.2032,25,LAX-BOS,263,19,0,0,0,0,0,0,-7,2025-10-11 19:23:00,2025-10-11 23:49:00,-4,0
2025-07-10 02:15:00,2025-07-10 04:18:00,B6,LAX,JFK,1102,7.19,5.99,0.0,0.0,15.25,-0.8709,-0.6861,34,LAX-JFK,123,2,0,1,0,0,0,0,2,2025-07-10 02:17:00,2025-07-10 04:20:00,2,0
2025-10-23 08:40:00,2025-10-23 10:27:00,B6,JFK,LAX,903,8.19,7.19,1.06,0.0,14.24,0.6052,-0.7671,91,JFK-LAX,107,8,0,0,0,0,0,0,0,2025-10-23 08:40:00,2025-10-23 10:46:00,19,1
2025-03-22 17:40:00,2025-03-22 20:11:00,DL,SFO,SEA,1452,21.45,22.08,2.51,3.92,12.38,-0.2675,-0.054,66,SFO-SEA,151,17,0,0,0,0,0,0,2,2025-03-22 17:42:00,2025-03-22 20:09:00,-2,0
2025-09-17 13:40:00,2025-09-17 18:18:00,WN,ORD,SEA,3034,9.57,12.84,0.5,1.51,12.42,0.9178,0.3912,95,ORD-SEA,278,13,0,0,0,0,0,0,11,2025-09-17 13:51:00,2025-09-17 18:34:00,16,1
2025-01-17 00:00:00,2025-01-17 03:01:00,AA,BOS,DFW,1830,21.14,22.88,0.0,0.57,18.42,0.6269,0.8321,65,BOS-DFW,181,0,0,1,0,0,0,0,-5,2025-01-16 23:55:00,2025-01-17 02:51:00,-10,0
2025-02-07 13:40:00,2025-02-07 18:19:00,WN,LAX,SFO,3051,13.07,13.0,14.91,14.46,6.58,-0.8013,0.9728,10,LAX-SFO,279,13,0,0,1,0,0,0,24,2025-02-07 14:04:00,2025-02-07 18:36:00,17,1
2025-11-12 19:00:00,2025-11-13 00:55:00,UA,SFO,BOS,3995,18.83,21.65,0.0,0.0,12.14,-0.91,0.6533,21,SFO-BOS,355,19,0,0,0,0,0,0,8,2025-11-12 19:08:00,2025-11-13 00:59:00,4,0
2025-06-23 19:50:00,2025-06-23 22:41:00,DL,DEN,SFO,1704,3.22,0.0,0.0,2.42,14.43,0.2895,0.6426,49,DEN-SFO,171,19,0,0,0,0,0,0,-10,2025-06-23 19:40:00,2025-06-23 22:43:00,2,0
2025-08-15 09:50:00,2025-08-15 16:01:00,B6,JFK,SEA,4195,5.1,3.8,0.0,0.0,16.08,1.2871,-0.7558,2,JFK-SEA,371,9,0,0,0,0,0,0,5,2025-08-15 09:55:00,2025-08-15 15:57:00,-4,0
2025-08-09 05:30:00,2025-08-09 09:21:00,DL,ORD,SFO,2450,9.87,9.6,0.0,0.0,11.43,1.1043,-0.1493,25,ORD-SFO,231,5,0,0,0,0,0,0,-2,2025-08-09 05:28:00,2025-08-09 09:21:00,0,0
2025-09-11 07:40:00,2025-09-11 13:09:00,DL,DEN,JFK,3669,6.29,10.87,0.0,1.26,14.0,1.5683,0.4192,65,DEN-JFK,329,7,0,0,0,0,0,0,-1,2025-09-11 07:39:00,2025-09-11 13:01:00,-8,0
2025-03-31 07:00:00,2025-03-31 08:19:00,WN,JFK,DFW,551,14.82,15.59,0.0,0.0,16.9,0.2133,0.0451,5,JFK-DFW,79,7,0,0,0,0,0,0,11,2025-03-31 07:11:00,2025-03-31 08:25:00,6,0
2025-03-07 08:45:00,2025-03-07 11:17:00,UA,JFK,ORD,1457,3.93,0.3,0.0,0.37,12.32,0.9589,-0.5535,32,JFK-ORD,152,8,0,0,0,0,0,0,2,2025-03-07 08:47:00,2025-03-07 11:20:00,3,0
2025-01-16 07:15:00,2025-01-16 13:27:00,WN,BOS,ORD,4209,4.54,2.53,0.56,0.0,15.04,1.1906,-0.5902,47,BOS-ORD,372,7,0,0,0,0,0,0,-2,2025-01-16 07:13:00,2025-01-16 13:25:00,-2,0
2025-11-12 10:15:00,2025-11-12 16:12:00,AA,BOS,ORD,4025,14.99,11.39,11.78,11.81,13.41,2.0647,0.0882,2,BOS-ORD,357,10,0,0,0,0,0,0,-8,2025-11-12 10:07:00,2025-11-12 16:11:00,-1,0
2025-03-23 00:40:00,2025-03-23 04:51:00,B6,LAX,JFK,2698,19.41,18.31,0.0,0.05,15.55,0.4692,0.7443,36,LAX-JFK,251,0,0,1,0,0,0,0,1,2025-03-23 00:41:00,2025-03-23 04:51:00,0,0
2025-07-29 06:50:00,2025-07-29 08:00:00,WN,BOS,LAX,438,9.02,9.47,0.03,0.0,16.78,-0.316,-0.4442,1,BOS-LAX,70,6,0,0,0,0,0,0,6,2025-07-29 06:56:00,2025-07-29 08:15:00,15,1
2025-06-16 07:20:00,2025-06-16 08:39:00,DL,SFO,JFK,550,24.01,24.88,0.34,0.0,19.16,1.2249,-0.452,50,SFO-JFK,79,7,0,0,0,0,0,0,4,2025-06-16 07:24:00,2025-06-16 08:34:00,-5,0
2025-03-01 03:30:00,2025-03-01 06:51:00,WN,JFK,DFW,2075,27.61,27.08,0.46,1.03,11.29,-1.2527,0.8975,14,JFK-DFW,201,3,0,1,0,0,0,0,11,2025-03-01 03:41:00,2025-03-01 07:04:00,13,0
2025-06-01 21:30:00,2025-06-02 03:31:00,AA,ORD,DEN,4071,7.29,8.96,0.24,0.0,18.56,1.1544,-0.4464,9,ORD-DEN,361,21,0,1,0,0,0,0,22,2025-06-01 21:52:00,2025-06-02 03:40:00,9,0
2025-01-31 16:15:00,2025-01-31 19:21:00,WN,DFW,SEA,1886,6.31,7.58,0.85,3.5,18.81,1.4166,-0.8221,8,DFW-SEA,186,16,0,0,0,0,0,0,-2,2025-01-31 16:13:00,2025-01-31 19:26:00,5,0
2025-03-06 21:30:00,2025-03-07 03:26:00,AA,DEN,SFO,4013,4.86,7.67,0.03,0.09,13.05,1.0923,-0.192,50,DEN-SFO,356,21,0,1,0,0,0,0,-5,2025-03-06 21:25:00,2025-03-07 03:21:00,-5,0
2025-02-20 13:50:00,2025-02-20 17:49:00,DL,JFK,DEN,2548,7.31,9.65,0.0,0.0,15.27,-0.8628,0.4309,70,JFK-DEN,239,13,0,0,0,0,0,0,4,2025-02-20 13:54:00,2025-02-20 17:48:00,-1,0
2025-10-28 02:20:00,2025-10-28 04:04:00,B6,ORD,BOS,866,14.39,13.39,0.61,0.0,19.41,0.3009,0.9842,18,ORD-BOS,104,2,0,1,0,0,0,0,-6,2025-10-28 02:14:00,2025-10-28 04:02:00,-2,0
2025-07-27 21:45:00,2025-07-28 01:52:00,WN,DFW,ATL,2654,4.32,7.83,6.14,4.7,15.3,1.1686,-0.2841,93,DFW-ATL,247,21,0,1,0,0,0,0,-3,2025-07-27 21:42:00,2025-07-28 01:58:00,6,0
2025-12-04 10:45:00,2025-12-04 13:46:00,UA,DEN,LAX,1830,4.44,4.84,0.0,1.08,17.23,0.6062,-0.974,15,DEN-LAX,181,10,0,0,0,0,0,0,-8,2025-12-04 10:37:00,2025-12-04 13:46:00,0,0
2025-06-09 16:45:00,2025-06-09 19:00:00,AA,BOS,DFW,1246,3.85,6.86,12.84,15.56,10.01,0.1176,-0.2557,13,BOS-DFW,135,16,0,0,1,0,0,0,44,2025-06-09 17:29:00,2025-06-09 19:50:00,50,1
2025-03-15 09:40:00,2025-03-15 14:26:00,WN,JFK,BOS,3135,10.24,10.06,1.27,0.84,13.81,0.2952,0.1065,56,JFK-BOS,286,9,0,0,0,0,0,0,-2,2025-03-15 09:38:00,2025-03-15 14:28:00,2,0
2025-08-11 11:50:00,2025-08-11 13:58:00,UA,ORD,SEA,1159,7.46,12.61,2.6,0.3,12.68,3.1611,-0.547,68,ORD-SEA,128,11,0,0,0,0,0,0,3,2025-08-11 11:53:00,2025-08-11 14:03:00,5,0
2025-12-06 11:40:00,2025-12-06 17:43:00,WN,JFK,DFW,4103,13.34,15.43,0.0,0.0,17.39,-0.9112,0.26,40,JFK-DFW,363,11,0,0,0,0,0,0,-6,2025-12-06 11:34:00,2025-12-06 17:44:00,1,0
2025-07-14 06:50:00,2025-07-14 12:19:00,B6,DEN,LAX,3674,9.39,8.03,0.53,0.74,14.85,-1.1893,-0.6308,52,DEN-LAX,329,6,0,0,0,0,0,0,9,2025-07-14 06:59:00,2025-07-14 12:25:00,6,0
2025-01-07 13:40:00,2025-01-07 19:02:00,B6,DEN,JFK,3584,1.42,3.8,0.49,0.0,17.5,-0.8633,0.9415,93,DEN-JFK,322,13,0,0,0,0,0,0,33,2025-01-07 14:13:00,2025-01-07 19:49:00,47,1
2025-04-21 17:45:00,2025-04-21 19:10:00,UA,DFW,JFK,620,9.18,9.41,0.13,0.0,20.37,2.2089,-0.6876,70,DFW-JFK,85,17,0,0,0,0,0,0,8,2025-04-21 17:53:00,2025-04-21 19:17:00,7,0
2025-12-04 00:50:00,2025-12-04 07:12:00,WN,DFW,JFK,4334,9.98,9.92,0.85,0.0,16.75,0.8003,0.4534,68,DFW-JFK,382,0,0,1,0,0,0,0,5,2025-12-04 00:55:00,2025-12-04 07:25:00,13,0
2025-07-09 03:50:00,2025-07-09 07:35:00,B6,BOS,ORD,2371,7.68,2.69,0.0,1.87,16.85,-0.479,0.4992,18,BOS-ORD,225,3,0,1,0,0,0,0,1,2025-07-09 03:51:00,2025-07-09 07:32:00,-3,0
2025-12-14 20:30:00,2025-12-15 01:35:00,UA,SFO,SEA,3378,12.54,11.88,0.0,0.0,15.25,2.3083,0.0987,49,SFO-SEA,305,20,0,1,0,0,0,0,1,2025-12-14 20:31:00,2025-12-15 01:27:00,-8,0
2025-07-05 13:40:00,2025-07-05 15:43:00,B6,DEN,SFO,1104,1.02,1.2,0.0,0.83,13.72,-1.0588,-0.471,12,DEN-SFO,123,13,0,0,0,0,0,0,0,2025-07-05 13:40:00,2025-07-05 15:38:00,-5,0
2025-01-05 23:50:00,2025-01-06 05:07:00,WN,DEN,DFW,3525,7.78,9.0,0.0,0.55,18.1,-0.5145,-0.1819,50,DEN-DFW,317,23,0,1,0,0,0,0,13,2025-01-06 00:03:00,2025-01-06 05:16:00,9,0
2025-11-15 14:20:00,2025-11-15 17:06:00,UA,LAX,DFW,1642,21.92,19.87,0.0,0.0,9.41,-1.1027,0.5034,82,LAX-DFW,166,14,0,0,0,0,0,0,-1,2025-11-15 14:19:00,2025-11-15 16:57:00,-9,0
2025-10-06 15:00:00,2025-10-06 19:57:00,B6,SEA,ATL,3269,18.63,20.3,0.0,0.04,17.07,0.1479,-0.2023,64,SEA-ATL,297,15,0,0,0,0,0,0,4,2025-10-06 15:04:00,2025-10-06 19:49:00,-8,0
2025-09-19 21:50:00,2025-09-20 00:22:00,DL,JFK,DFW,1464,13.47,6.72,0.0,0.0,18.14,0.5449,-0.173,80,JFK-DFW,152,21,0,1,0,0,0,0,-5,2025-09-19 21:45:00,2025-09-20 00:20:00,-2,0
2025-12-21 15:40:00,2025-12-21 21:52:00,B6,ORD,SFO,4215,11.24,10.32,0.26,1.45,13.96,0.2217,0.0637,11,ORD-SFO,372,15,0,0,0,0,0,0,4,2025-12-21 15:44:00,2025-12-21 21:46:00,-6,0
2025-03-13 07:20:00,2025-03-13 12:17:00,WN,ATL,DEN,3275,12.71,13.41,0.0,0.0,15.7,1.2708,0.2672,92,ATL-DEN,297,7,0,0,0,0,0,0,-6,2025-03-13 07:14:00,2025-03-13 12:12:00,-5,0
2025-11-27 12:40:00,2025-11-27 16:11:00,UA,JFK,SEA,2199,4.85,8.03,0.0,0.37,14.68,-0.3261,0.6239,91,JFK-SEA,211,12,1,0,0,0,0,0,26,2025-11-27 13:06:00,2025-11-27 16:12:00,1,0
2025-03-26 05:00:00,2025-03-26 08:32:00,WN,ATL,ORD,2215,17.69,17.11,0.0,0.0,16.89,-0.2125,0.8,21,ATL-ORD,212,5,0,0,0,0,0,0,5,2025-03-26 05:05:00,2025-03-26 08:30:00,-2,0
2025-12-21 08:20:00,2025-12-21 09:19:00,DL,BOS,LAX,301,24.3,23.55,0.1,0.0,15.33,0.3753,-0.9446,74,BOS-LAX,59,8,0,0,0,0,0,0,-7,2025-12-21 08:13:00,2025-12-21 09:06:00,-13,0
2025-03-11 16:15:00,2025-03-11 18:55:00,UA,LAX,SEA,1557,10.76,9.25,0.0,1.08,15.99,1.9095,0.5776,53,LAX-SEA,160,16,0,0,0,0,0,0,0,2025-03-11 16:15:00,2025-03-11 18:49:00,-6,0
2025-07-20 03:15:00,2025-07-20 08:39:00,WN,BOS,ORD,3614,10.54,10.91,0.0,0.0,3.49,0.535,0.3478,18,BOS-ORD,324,3,0,1,0,1,0,0,0,2025-07-20 03:15:00,2025-07-20 08:34:00,-5,0
2025-10-16 16:50:00,2025-10-16 22:28:00,AA,ATL,ORD,3791,13.42,18.0,0.65,0.0,17.63,-0.2166,0.8905,38,ATL-ORD,338,16,0,0,0,0,0,0,1,2025-10-16 16:51:00,2025-10-16 22:21:00,-7,0
2025-01-29 14:30:00,2025-01-29 21:05:00,B6,BOS,DEN,4498,3.37,3.89,0.0,0.42,14.04,0.8735,-0.2837,28,BOS-DEN,395,14,0,0,0,0,0,0,-6,2025-01-29 14:24:00,2025-01-29 21:02:00,-3,0
2025-01-25 07:10:00,2025-01-25 08:38:00,DL,ORD,BOS,660,21.76,22.11,0.0,0.0,17.76,-0.1426,0.8289,85,ORD-BOS,88,7,0,0,0,0,0,0,-10,2025-01-25 07:00:00,2025-01-25 08:33:00,-5,0
2025-11-07 01:15:00,2025-11-07 03:38:00,WN,LAX,ORD,1353,28.54,30.59,0.52,0.16,16.86,0.3265,-0.7778,2,LAX-ORD,143,1,0,1,0,0,0,0,15,2025-11-07 01:30:00,2025-11-07 03:44:00,6,0
2025-01-23 16:10:00,2025-01-23 21:26:00,UA,DFW,JFK,3518,15.9,14.38,0.0,0.86,18.52,-0.1069,-0.1976,52,DFW-JFK,316,16,0,0,0,0,0,0,0,2025-01-23 16:10:00,2025-01-23 21:17:00,-9,0
2025-08-13 19:50:00,2025-08-13 22:50:00,B6,SFO,BOS,1817,26.37,23.91,11.57,11.07,9.23,-1.1545,-0.1547,73,SFO-BOS,180,19,0,0,0,0,0,0,11,2025-08-13 20:01:00,2025-08-13 22:59:00,9,0
2025-12-09 17:15:00,2025-12-09 19:37:00,B6,DFW,ATL,1342,5.27,3.9,0.0,0.89,14.51,-0.5819,-0.8813,16,DFW-ATL,142,17,0,0,0,0,0,0,17,2025-12-09 17:32:00,2025-12-09 20:16:00,39,1
2025-08-13 10:15:00,2025-08-13 12:48:00,AA,SEA,JFK,1481,13.41,13.37,0.06,0.0,14.44,1.5969,-0.2521,77,SEA-JFK,153,10,0,0,0,0,0,0,12,2025-08-13 10:27:00,2025-08-13 12:58:00,10,0
2025-06-25 15:15:00,2025-06-25 21:22:00,WN,DFW,LAX,4155,0.99,2.73,11.2,13.1,11.52,0.3681,-0.3869,29,DFW-LAX,367,15,0,0,0,0,0,0,0,2025-06-25 15:15:00,2025-06-25 21:17:00,-5,0
2025-06-02 09:10:00,2025-06-02 14:57:00,UA,ATL,BOS,3903,5.52,6.28,0.01,0.0,18.3,0.2162,0.6831,38,ATL-BOS,347,9,0,0,0,0,0,0,16,2025-06-02 09:26:00,2025-06-02 15:23:00,26,1
2025-08-21 08:45:00,2025-08-21 09:46:00,WN,ATL,DEN,323,6.31,8.02,0.0,0.0,11.05,0.0973,0.0808,59,ATL-DEN,61,8,0,0,0,0,0,0,-9,2025-08-21 08:36:00,2025-08-21 09:45:00,-1,0
2025-07-28 07:30:00,2025-07-28 13:11:00,B6,DEN,ORD,3830,3.65,6.21,0.0,0.0,15.33,-0.2272,-0.865,78,DEN-ORD,341,7,0,0,0,0,0,0,0,2025-07-28 07:30:00,2025-07-28 13:01:00,-10,0
2025-07-03 05:20:00,2025-07-03 09:26:00,DL,BOS,SEA,2637,2.63,4.88,0.0,0.0,15.85,0.107,-0.1374,55,BOS-SEA,246,5,0,0,0,0,0,0,24,2025-07-03 05:44:00,2025-07-03 09:53:00,27,1
2025-02-26 23:20:00,2025-02-27 05:03:00,B6,BOS,DEN,3846,13.19,13.3,0.0,0.0,10.75,-0.3144,-0.4415,75,BOS-DEN,343,23,0,1,0,0,0,0,5,2025-02-26 23:25:00,2025-02-27 05:11:00,8,0
2025-08-30 15:40:00,2025-08-30 20:08:00,AA,DFW,JFK,2913,5.66,3.39,0.33,0.0,15.84,0.3145,-0.6039,75,DFW-JFK,268,15,0,0,0,0,0,0,13,2025-08-30 15:53:00,2025-08-30 20:03:00,-5,0
2025-09-28 04:00:00,2025-09-28 08:50:00,DL,SFO,DEN,3191,14.03,15.0,0.47,0.33,15.19,-0.9946,-0.0622,75,SFO-DEN,290,4,0,1,0,0,0,0,5,2025-09-28 04:05:00,2025-09-28 08:52:00,2,0
2025-09-16 20:50:00,2025-09-17 01:03:00,B6,BOS,DFW,2724,8.59,10.42,0.0,1.72,19.17,0.7499,-0.3576,99,BOS-DFW,253,20,0,1,0,0,0,0,13,2025-09-16 21:03:00,2025-09-17 00:56:00,-7,0
2025-01-28 03:30:00,2025-01-28 08:36:00,AA,DEN,ATL,3385,13.01,14.68,0.0,0.0,14.73,-0.0172,-0.0518,86,DEN-ATL,306,3,0,1,0,0,0,0,-2,2025-01-28 03:28:00,2025-01-28 08:40:00,4,0
2025-09-14 14:10:00,2025-09-14 19:43:00,DL,SFO,SEA,3723,5.88,4.51,0.0,0.09,12.75,-1.2257,-0.094,42,SFO-SEA,333,14,0,0,0,0,0,0,-8,2025-09-14 14:02:00,2025-09-14 19:33:00,-10,0
2025-09-24 03:30:00,2025-09-24 07:20:00,WN,BOS,ORD,2434,9.44,9.31,0.0,0.0,12.51,-0.2359,-0.4872,14,BOS-ORD,230,3,0,1,0,0,0,0,-2,2025-09-24 03:28:00,2025-09-24 07:22:00,2,0
2025-03-08 08:45:00,2025-03-08 10:22:00,WN,SEA,SFO,771,31.07,32.12,5.17,4.19,8.77,-0.3383,-0.6212,48,SEA-SFO,97,8,0,0,0,0,0,0,-5,2025-03-08 08:40:00,2025-03-08 10:21:00,-1,0
2025-11-06 15:10:00,2025-11-06 16:40:00,B6,LAX,DEN,690,13.42,11.33,0.0,0.0,19.8,1.0576,0.2545,98,LAX-DEN,90,15,0,0,0,0,0,0,-1,2025-11-06 15:09:00,2025-11-06 16:43:00,3,0
2025-07-11 23:30:00,2025-07-12 02:49:00,WN,SFO,SEA,2045,23.31,20.67,0.0,1.64,15.15,-0.117,0.2702,55,SFO-SEA,199,23,0,1,0,0,0,0,21,2025-07-11 23:51:00,2025-07-12 03:18:00,29,1
2025-06-22 23:30:00,2025-06-23 03:08:00,DL,LAX,JFK,2288,23.42,20.72,0.0,0.01,14.56,-0.7372,-0.553,55,LAX-JFK,218,23,0,1,0,0,0,0,3,2025-06-22 23:33:00,2025-06-23 02:56:00,-12,0
2025-09-21 21:45:00,2025-09-22 03:34:00,UA,LAX,BOS,3927,1.91,3.95,0.0,0.0,16.86,-1.944,-0.7711,69,LAX-BOS,349,21,0,1,0,0,0,0,-3,2025-09-21 21:42:00,2025-09-22 03:36:00,2,0
2025-07-06 05:30:00,2025-07-06 06:40:00,AA,DEN,SFO,439,22.72,21.64,0.0,0.0,11.59,-0.534,0.5406,15,DEN-SFO,70,5,0,0,0,0,0,0,11,2025-07-06 05:41:00,2025-07-06 06:55:00,15,1
2025-07-18 02:40:00,2025-07-18 08:38:00,AA,LAX,SEA,4032,10.17,8.02,0.55,0.07,15.68,1.2259,0.5575,25,LAX-SEA,358,2,0,1,0,0,0,0,-3,2025-07-18 02:37:00,2025-07-18 08:45:00,7,0
2025-04-24 21:45:00,2025-04-24 23:02:00,WN,ORD,BOS,531,4.95,10.04,0.98,0.0,15.77,0.5108,0.0833,77,ORD-BOS,77,21,0,1,0,0,0,0,-1,2025-04-24 21:44:00,2025-04-24 22:59:00,-3,0
2025-12-05 22:50:00,2025-12-06 02:36:00,DL,SFO,ORD,2393,6.1,8.62,0.82,1.93,15.5,-0.8204,0.0829,59,SFO-ORD,226,22,0,1,0,0,0,0,-4,2025-12-05 22:46:00,2025-12-06 02:25:00,-11,0
2025-12-20 06:15:00,2025-12-20 09:36:00,UA,ATL,DEN,2075,1.89,3.41,0.06,0.25,17.86,-0.1283,-0.721,94,ATL-DEN,201,6,0,0,0,0,0,0,8,2025-12-20 06:23:00,2025-12-20 09:56:00,20,1
2025-02-17 00:40:00,2025-02-17 04:46:00,B6,BOS,LAX,2643,13.87,11.04,0.0,0.14,15.61,0.1292,0.6917,24,BOS-LAX,246,0,1,1,0,0,1,0,38,2025-02-17 01:18:00,2025-02-17 05:36:00,50,1
2025-09-25 15:10:00,2025-09-25 16:23:00,WN,ATL,SFO,478,5.73,4.08,30.83,31.33,0.2,1.6185,-0.2654,61,ATL-SFO,73,15,0,0,1,1,0,1,42,2025-09-25 15:52:00,2025-09-25 17:32:00,69,1
2025-01-09 01:45:00,2025-01-09 07:01:00,UA,SEA,ATL,3508,15.21,10.43,5.54,7.38,14.84,0.055,-0.545,42,SEA-ATL,316,1,0,1,0,0,0,0,3,2025-01-09 01:48:00,2025-01-09 07:00:00,-1,0
2025-05-15 00:50:00,2025-05-15 02:34:00,UA,ATL,DEN,864,0.0,0.0,0.0,0.0,14.98,-0.4814,-0.1456,55,ATL-DEN,104,0,0,1,0,0,0,0,14,2025-05-15 01:04:00,2025-05-15 03:04:00,30,1
2025-12-21 22:15:00,2025-12-22 03:36:00,B6,SFO,ATL,3574,4.67,5.6,0.0,0.0,17.69,0.3973,-0.7118,50,SFO-ATL,321,22,0,1,0,0,0,0,16,2025-12-21 22:31:00,2025-12-22 04:00:00,24,1
2025-03-05 11:30:00,2025-03-05 15:39:00,DL,DFW,ATL,2680,10.09,6.13,4.33,5.0,15.65,0.6819,-0.4716,52,DFW-ATL,249,11,0,0,0,0,0,0,3,2025-03-05 11:33:00,2025-03-05 15:37:00,-2,0
2025-05-18 02:45:00,2025-05-18 08:42:00,AA,DEN,SFO,4029,9.14,9.7,0.0,0.79,19.01,0.8088,-0.1846,45,DEN-SFO,357,2,0,1,0,0,0,0,8,2025-05-18 02:53:00,2025-05-18 08:43:00,1,0
2025-03-22 15:00:00,2025-03-22 21:28:00,B6,SFO,DEN,4410,4.64,2.58,0.65,1.18,21.09,0.7895,-0.5528,78,SFO-DEN,388,15,0,0,0,0,0,0,-3,2025-03-22 14:57:00,2025-03-22 21:25:00,-3,0
2025-09-23 08:40:00,2025-09-23 14:23:00,AA,ORD,BOS,3844,3.29,3.89,0.43,0.22,17.57,2.1868,-0.4858,56,ORD-BOS,343,8,0,0,0,0,0,0,-8,2025-09-23 08:32:00,2025-09-23 14:10:00,-13,0
2025-06-19 12:45:00,2025-06-19 16:16:00,B6,JFK,ATL,2198,8.57,9.74,0.0,0.23,13.59,-1.1636,-0.0106,31,JFK-ATL,211,12,0,0,0,0,0,0,17,2025-06-19 13:02:00,2025-06-19 16:42:00,26,1
2025-08-05 21:45:00,2025-08-06 01:03:00,WN,SFO,ATL,2040,4.41,5.37,0.27,0.99,16.75,-0.086,0.425,31,SFO-ATL,198,21,0,1,0,0,0,0,-10,2025-08-05 21:35:00,2025-08-06 00:51:00,-12,0
2025-12-11 05:10:00,2025-12-11 09:52:00,AA,ORD,JFK,3084,7.84,6.99,0.21,0.0,15.81,0.0319,-0.0592,50,ORD-JFK,282,5,0,0,0,0,0,0,46,2025-12-11 05:56:00,2025-12-11 10:55:00,63,1
2025-07-10 15:45:00,2025-07-10 20:22:00,DL,LAX,SEA,3028,13.62,13.05,0.0,0.09,10.28,-1.2405,0.983,98,LAX-SEA,277,15,0,0,0,0,0,0,-1,2025-07-10 15:44:00,2025-07-10 20:16:00,-6,0
2025-09-25 19:45:00,2025-09-26 01:10:00,DL,DEN,ORD,3619,20.29,19.04,1.26,0.0,14.6,-1.072,-0.8217,17,DEN-ORD,325,19,0,0,0,0,0,0,-1,2025-09-25 19:44:00,2025-09-26 01:23:00,13,0
2025-02-05 10:00:00,2025-02-05 13:41:00,UA,SFO,LAX,2329,7.23,6.1,0.0,0.06,18.42,-0.2145,0.0233,63,SFO-LAX,221,10,0,0,0,0,0,0,-4,2025-02-05 09:56:00,2025-02-05 13:38:00,-3,0
2025-03-20 23:40:00,2025-03-21 03:14:00,UA,ORD,SEA,2243,15.22,15.78,0.0,0.36,15.32,-0.3215,-0.1948,12,ORD-SEA,214,23,0,1,0,0,0,0,6,2025-03-20 23:46:00,2025-03-21 03:12:00,-2,0
2025-12-12 10:40:00,2025-12-12 12:19:00,DL,SFO,ORD,795,6.53,4.16,0.11,1.25,15.78,-0.4719,-0.6106,17,SFO-ORD,99,10,0,0,0,0,0,0,-7,2025-12-12 10:33:00,2025-12-12 12:13:00,-6,0
2025-11-10 11:50:00,2025-11-10 13:46:00,UA,SFO,JFK,1009,8.06,5.62,28.59,26.81,4.82,-1.7516,-0.9516,70,SFO-JFK,116,11,0,0,1,1,0,0,38,2025-11-10 12:28:00,2025-11-10 14:37:00,51,1
2025-08-28 21:00:00,2025-08-29 02:35:00,DL,JFK,BOS,3751,9.08,8.49,0.0,0.0,14.75,-1.0784,-0.9668,77,JFK-BOS,335,21,0,1,0,0,0,0,19,2025-08-28 21:19:00,2025-08-29 02:47:00,12,0
2025-05-19 15:50:00,2025-05-19 22:21:00,AA,DFW,DEN,4454,17.42,20.0,0.87,0.0,16.64,-0.5293,0.4026,60,DFW-DEN,391,15,0,0,0,0,0,0,25,2025-05-19 16:15:00,2025-05-19 22:48:00,27,1
2025-03-14 20:30:00,2025-03-15 00:51:00,AA,SFO,LAX,2827,4.55,3.52,0.13,0.0,16.79,-0.2071,0.1889,37,SFO-LAX,261,20,0,1,0,0,0,0,3,2025-03-14 20:33:00,2025-03-15 00:50:00,-1,0
2025-11-07 18:15:00,2025-11-07 21:10:00,DL,SFO,JFK,1745,2.85,2.31,0.0,0.0,18.83,0.3248,0.2495,1,SFO-JFK,175,18,0,0,0,0,0,0,0,2025-11-07 18:15:00,2025-11-07 21:11:00,1,0
2025-10-14 17:20:00,2025-10-14 18:38:00,UA,BOS,ATL,543,26.27,25.08,0.0,2.14,8.69,-0.23,-0.4813,31,BOS-ATL,78,17,0,0,0,0,0,0,12,2025-10-14 17:32:00,2025-10-14 19:05:00,27,1
2025-03-30 05:45:00,2025-03-30 06:59:00,AA,LAX,BOS,482,6.09,6.56,0.1,0.87,15.13,-0.6376,0.1893,31,LAX-BOS,74,5,0,0,0,0,0,0,6,2025-03-30 05:51:00,2025-03-30 06:56:00,-3,0
2025-08-04 09:50:00,2025-08-04 14:36:00,AA,LAX,DFW,3142,7.22,7.1,2.04,1.21,12.72,0.3857,-0.3429,80,LAX-DFW,286,9,0,0,0,0,0,0,5,2025-08-04 09:55:00,2025-08-04 14:37:00,1,0
2025-08-14 20:15:00,2025-08-15 00:50:00,WN,ORD,BOS,2995,5.19,5.53,0.85,0.02,15.43,0.2857,0.8758,28,ORD-BOS,275,20,0,1,0,0,0,0,19,2025-08-14 20:34:00,2025-08-15 01:01:00,11,0
2025-06-24 14:50:00,2025-06-24 17:24:00,WN,SFO,JFK,1489,22.95,25.21,0.58,0.0,20.61,-0.9004,-0.9431,52,SFO-JFK,154,14,0,0,0,0,0,0,2,2025-06-24 14:52:00,2025-06-24 17:11:00,-13,0
2025-12-05 06:40:00,2025-12-05 08:42:00,UA,DEN,ATL,1092,17.55,18.95,6.68,7.94,15.89,1.9906,0.9414,38,DEN-ATL,122,6,0,0,0,0,0,0,2,2025-12-05 06:42:00,2025-12-05 08:43:00,1,0
2025-02-15 07:10:00,2025-02-15 08:32:00,DL,SFO,DEN,590,6.46,4.43,21.35,20.7,9.56,-2.2528,0.9596,5,SFO-DEN,82,7,0,0,1,0,0,0,46,2025-02-15 07:56:00,2025-02-15 09:31:00,59,1
2025-04-05 18:30:00,2025-04-05 23:18:00,WN,LAX,ATL,3166,9.27,11.28,0.0,0.0,15.12,0.6911,0.9304,89,LAX-ATL,288,18,0,0,0,0,0,0,33,2025-04-05 19:03:00,2025-04-05 23:57:00,39,1
2025-02-04 04:45:00,2025-02-04 09:08:00,AA,ATL,JFK,2847,12.17,11.96,1.02,0.0,18.46,0.9361,0.7184,64,ATL-JFK,263,4,0,1,0,0,0,0,-10,2025-02-04 04:35:00,2025-02-04 09:11:00,3,0
2025-09-10 02:00:00,2025-09-10 04:51:00,AA,JFK,BOS,1699,14.42,11.73,0.0,1.38,18.74,1.0657,-0.2878,70,JFK-BOS,171,2,0,1,0,0,0,0,15,2025-09-10 02:15:00,2025-09-10 05:00:00,9,0
2025-08-24 18:00:00,2025-08-24 23:05:00,B6,BOS,LAX,3375,3.29,2.12,0.14,0.0,13.34,0.3538,0.7738,16,BOS-LAX,305,18,0,0,0,0,0,0,6,2025-08-24 18:06:00,2025-08-24 22:57:00,-8,0
2025-12-27 06:00:00,2025-12-27 11:43:00,WN,SFO,SEA,3850,1.14,2.4,0.0,1.1,17.4,-1.3412,-0.5045,73,SFO-SEA,343,6,0,0,0,0,0,0,17,2025-12-27 06:17:00,2025-12-27 12:14:00,31,1
2025-07-17 18:30:00,2025-07-17 22:23:00,B6,ORD,SFO,2472,12.74,13.38,19.63,21.58,3.88,1.9809,-0.3159,67,ORD-SFO,233,18,0,0,1,1,0,1,46,2025-07-17 19:16:00,2025-07-17 23:31:00,68,1
2025-02-24 12:00:00,2025-02-24 14:27:00,B6,SFO,ORD,1402,5.13,1.47,0.0,0.0,18.11,-1.335,0.9885,44,SFO-ORD,147,12,0,0,0,0,0,0,7,2025-02-24 12:07:00,2025-02-24 14:12:00,-15,0
2025-06-14 23:50:00,2025-06-15 00:51:00,AA,LAX,SEA,323,12.09,11.91,9.94,10.87,14.97,-1.0462,-0.5234,55,LAX-SEA,61,23,0,1,0,0,0,0,9,2025-06-14 23:59:00,2025-06-15 00:45:00,-6,0
2025-02-02 12:10:00,2025-02-02 17:36:00,AA,DFW,SFO,3640,4.99,1.63,0.4,0.21,11.96,-0.5137,-0.3877,24,DFW-SFO,326,12,0,0,0,0,0,0,12,2025-02-02 12:22:00,2025-02-02 17:47:00,11,0
2025-09-02 20:00:00,2025-09-03 00:13:00,B6,DFW,ORD,2722,3.69,2.33,0.37,0.0,13.33,-1.2421,0.5423,31,DFW-ORD,253,20,0,1,0,0,0,0,3,2025-09-02 20:03:00,2025-09-03 00:11:00,-2,0
2025-09-04 20:15:00,2025-09-04 23:11:00,B6,SFO,DEN,1759,6.19,4.4,14.26,14.79,11.81,-1.2339,0.5986,76,SFO-DEN,176,20,0,1,1,0,0,0,20,2025-09-04 20:35:00,2025-09-04 23:35:00,24,1
2025-11-10 05:45:00,2025-11-10 06:46:00,UA,BOS,JFK,327,8.74,9.03,0.22,0.0,18.08,-0.865,-0.3111,88,BOS-JFK,61,5,0,0,0,0,0,0,5,2025-11-10 05:50:00,2025-11-10 06:43:00,-3,0
2025-05-05 23:50:00,2025-05-06 05:22:00,UA,SEA,SFO,3718,10.79,12.32,0.66,1.44,16.51,-1.9258,0.6437,47,SEA-SFO,332,23,0,1,0,0,0,0,26,2025-05-06 00:16:00,2025-05-06 05:36:00,14,0
2025-04-24 17:15:00,2025-04-24 23:25:00,AA,DFW,ORD,4190,9.98,13.63,22.04,21.28,2.44,0.1323,0.0878,23,DFW-ORD,370,17,0,0,1,1,0,0,38,2025-04-24 17:53:00,2025-04-25 00:08:00,43,1
2025-01-27 02:30:00,2025-01-27 06:11:00,DL,LAX,DFW,2321,14.7,14.78,0.0,0.0,15.06,-0.4236,0.2898,44,LAX-DFW,221,2,0,1,0,0,0,0,25,2025-01-27 02:55:00,2025-01-27 06:42:00,31,1
2025-06-01 00:45:00,2025-06-01 03:14:00,DL,ORD,BOS,1422,5.15,6.55,0.03,0.0,18.45,-0.2334,0.7546,27,ORD-BOS,149,0,0,1,0,0,0,0,-6,2025-06-01 00:39:00,2025-06-01 03:10:00,-4,0
2025-06-23 06:45:00,2025-06-23 11:12:00,DL,ATL,BOS,2902,14.5,15.04,0.11,0.0,15.73,0.2965,-0.1541,47,ATL-BOS,267,6,0,0,0,0,0,0,5,2025-06-23 06:50:00,2025-06-23 11:10:00,-2,0
2025-10-03 00:10:00,2025-10-03 06:02:00,UA,BOS,DFW,3958,8.37,12.83,0.98,0.0,16.55,-0.1136,-0.7296,26,BOS-DFW,352,0,0,1,0,0,0,0,-2,2025-10-03 00:08:00,2025-10-03 05:54:00,-8,0
2025-10-03 08:45:00,2025-10-03 13:01:00,DL,BOS,SEA,2766,10.99,9.93,1.19,1.09,13.5,-0.6388,0.7255,85,BOS-SEA,256,8,0,0,0,0,0,0,7,2025-10-03 08:52:00,2025-10-03 13:14:00,13,0
2025-02-21 23:45:00,2025-02-22 00:48:00,DL,SEA,JFK,350,36.12,31.63,0.45,0.0,16.17,0.4685,0.1468,52,SEA-JFK,63,23,0,1,0,0,0,0,-6,2025-02-21 23:39:00,2025-02-22 00:42:00,-6,0
2025-04-15 11:40:00,2025-04-15 13:45:00,DL,ATL,BOS,1119,13.71,15.2,0.04,0.0,18.92,-0.2615,0.8862,27,ATL-BOS,125,11,0,0,0,0,0,0,1,2025-04-15 11:41:00,2025-04-15 13:42:00,-3,0
2025-07-06 00:30:00,2025-07-06 02:02:00,WN,LAX,SFO,708,6.6,8.8,0.0,1.23,13.84,-0.7989,0.2054,36,LAX-SFO,92,0,0,1,0,0,0,0,1,2025-07-06 00:31:00,2025-07-06 01:59:00,-3,0
2025-05-03 11:20:00,2025-05-03 14:37:00,WN,ATL,DFW,2027,8.81,9.2,0.05,0.0,14.03,-0.1342,-0.8012,9,ATL-DFW,197,11,0,0,0,0,0,0,40,2025-05-03 12:00:00,2025-05-03 15:21:00,44,1
2025-01-10 05:50:00,2025-01-10 09:21:00,AA,ORD,DFW,2195,8.29,9.82,0.14,0.26,15.34,1.2798,-0.3777,34,ORD-DFW,211,5,0,0,0,0,0,0,-2,2025-01-10 05:48:00,2025-01-10 09:16:00,-5,0
2025-11-05 20:45:00,2025-11-06 00:44:00,WN,SFO,SEA,2549,4.82,6.88,0.0,0.0,15.48,-0.5611,0.5728,72,SFO-SEA,239,20,0,1,0,0,0,0,13,2025-11-05 20:58:00,2025-11-06 01:00:00,16,1
2025-09-24 02:30:00,2025-09-24 07:44:00,B6,DFW,ATL,3486,11.64,11.66,5.45,4.37,14.79,0.6618,-0.4192,73,DFW-ATL,314,2,0,1,0,0,0,0,7,2025-09-24 02:37:00,2025-09-24 07:39:00,-5,0
2025-07-09 18:40:00,2025-07-09 20:17:00,DL,BOS,LAX,772,9.35,11.0,0.0,1.07,15.94,-0.979,0.6645,7,BOS-LAX,97,18,0,0,0,0,0,0,4,2025-07-09 18:44:00,2025-07-09 20:02:00,-15,0
2025-04-26 10:20:00,2025-04-26 16:36:00,UA,JFK,SFO,4258,12.87,9.94,0.91,0.0,15.51,0.032,0.8366,98,JFK-SFO,376,10,0,0,0,0,0,0,4,2025-04-26 10:24:00,2025-04-26 16:41:00,5,0
2025-11-04 00:40:00,2025-11-04 03:07:00,AA,ORD,JFK,1406,8.06,10.66,0.0,0.0,18.23,0.2822,-0.1173,53,ORD-JFK,147,0,0,1,0,0,0,0,11,2025-11-04 00:51:00,2025-11-04 03:09:00,2,0
2025-01-13 16:00:00,2025-01-13 19:54:00,B6,ORD,LAX,2488,1.81,4.33,5.43,4.47,13.76,-0.8602,0.6376,47,ORD-LAX,234,16,0,0,0,0,0,0,-6,2025-01-13 15:54:00,2025-01-13 20:15:00,21,1
2025-06-12 10:50:00,2025-06-12 13:00:00,WN,LAX,DFW,1185,13.66,15.5,0.0,0.0,17.97,-0.3459,-0.5162,45,LAX-DFW,130,10,0,0,0,0,0,0,11,2025-06-12 11:01:00,2025-06-12 12:47:00,-13,0
2025-10-20 18:30:00,2025-10-20 21:28:00,UA,LAX,SFO,1792,5.89,7.39,0.16,1.93,16.88,-0.9386,-0.1595,64,LAX-SFO,178,18,0,0,0,0,0,0,5,2025-10-20 18:35:00,2025-10-20 21:58:00,30,1
2025-12-14 14:30:00,2025-12-14 20:09:00,AA,LAX,ATL,3797,20.61,11.68,2.58,3.9,14.87,-0.8464,0.5177,55,LAX-ATL,339,14,0,0,0,0,0,0,9,2025-12-14 14:39:00,2025-12-14 20:05:00,-4,0
2025-04-02 18:10:00,2025-04-02 19:24:00,AA,BOS,DEN,487,13.71,14.75,0.97,1.17,16.38,-0.0092,-0.6416,73,BOS-DEN,74,18,0,0,0,0,0,0,6,2025-04-02 18:16:00,2025-04-02 19:11:00,-13,0
2025-08-26 11:30:00,2025-08-26 15:11:00,UA,BOS,SFO,2329,23.46,24.18,0.0,0.0,11.31,1.6124,-0.3285,12,BOS-SFO,221,11,0,0,0,0,0,0,6,2025-08-26 11:36:00,2025-08-26 15:17:00,6,0
2025-03-11 00:00:00,2025-03-11 04:15:00,DL,SFO,JFK,2751,8.06,8.63,0.0,1.1,12.99,0.4214,-0.3689,69,SFO-JFK,255,0,0,1,0,0,0,0,13,2025-03-11 00:13:00,2025-03-11 04:20:00,5,0
2025-02-12 03:50:00,2025-02-12 08:00:00,UA,LAX,BOS,2693,16.3,15.52,0.0,0.99,16.65,0.0385,0.9098,17,LAX-BOS,250,3,0,1,0,0,0,0,0,2025-02-12 03:50:00,2025-02-12 07:59:00,-1,0
2025-05-09 11:40:00,2025-05-09 14:47:00,DL,SEA,DFW,1896,27.55,28.58,2.59,3.23,19.56,1.4258,-0.0101,78,SEA-DFW,187,11,0,0,0,0,0,0,4,2025-05-09 11:44:00,2025-05-09 14:49:00,2,0
2025-11-20 09:20:00,2025-11-20 12:26:00,B6,LAX,DEN,1886,4.76,6.02,0.51,0.0,15.83,-1.3009,-0.3649,44,LAX-DEN,186,9,0,0,0,0,0,0,-5,2025-11-20 09:15:00,2025-11-20 12:26:00,0,0
2025-09-09 19:45:00,2025-09-10 01:49:00,DL,JFK,SFO,4118,18.53,17.64,0.63,0.97,14.38,1.3572,-0.3697,71,JFK-SFO,364,19,0,0,0,0,0,0,1,2025-09-09 19:46:00,2025-09-10 01:44:00,-5,0
2025-06-28 09:45:00,2025-06-28 12:05:00,UA,LAX,DEN,1312,16.15,11.12,0.0,0.0,15.03,-0.3592,-0.2432,6,LAX-DEN,140,9,0,0,0,0,0,0,10,2025-06-28 09:55:00,2025-06-28 11:51:00,-14,0
2025-04-14 20:00:00,2025-04-14 23:40:00,WN,ORD,DFW,2316,4.39,6.95,0.0,0.66,17.12,0.2975,-0.433,96,ORD-DFW,220,20,0,1,0,0,0,0,5,2025-04-14 20:05:00,2025-04-14 23:31:00,-9,0
2025-02-21 04:00:00,2025-02-21 07:01:00,DL,BOS,SFO,1829,8.93,7.41,0.0,0.0,12.76,0.6962,-0.3978,18,BOS-SFO,181,4,0,1,0,0,0,0,6,2025-02-21 04:06:00,2025-02-21 06:55:00,-6,0
2025-04-09 09:15:00,2025-04-09 14:31:00,UA,JFK,ATL,3514,40.15,37.47,0.0,0.0,15.46,0.5027,-0.1462,90,JFK-ATL,316,9,0,0,0,0,0,0,16,2025-04-09 09:31:00,2025-04-09 14:55:00,24,1
2025-02-25 18:00:00,2025-02-25 23:30:00,WN,ORD,BOS,3684,16.96,21.5,21.16,20.08,2.5,-0.3397,0.3777,58,ORD-BOS,330,18,0,0,1,1,0,0,25,2025-02-25 18:25:00,2025-02-26 00:08:00,38,1
2025-03-10 02:30:00,2025-03-10 08:14:00,B6,ATL,DFW,3862,11.79,11.73,0.12,1.97,14.11,0.8545,-0.5186,60,ATL-DFW,344,2,0,1,0,0,0,0,-5,2025-03-10 02:25:00,2025-03-10 08:09:00,-5,0
2025-09-08 07:30:00,2025-09-08 08:57:00,AA,ATL,JFK,656,5.19,5.33,0.39,0.0,17.87,-0.3838,0.1611,55,ATL-JFK,87,7,0,0,0,0,0,0,1,2025-09-08 07:31:00,2025-09-08 08:54:00,-3,0
2025-02-18 18:30:00,2025-02-18 20:02:00,WN,BOS,ORD,712,0.64,1.73,0.52,0.99,12.87,-0.3889,0.4874,38,BOS-ORD,92,18,0,0,0,0,0,0,2,2025-02-18 18:32:00,2025-02-18 20:18:00,16,1
2025-01-18 14:00:00,2025-01-18 17:05:00,UA,LAX,SFO,1876,0.99,0.63,0.0,0.84,11.42,-0.025,-0.6057,54,LAX-SFO,185,14,0,0,0,0,0,0,-4,2025-01-18 13:56:00,2025-01-18 17:01:00,-4,0
2025-07-17 18:50:00,2025-07-17 22:17:00,UA,DEN,SEA,2151,9.71,6.61,0.0,0.0,18.36,0.5292,0.4199,98,DEN-SEA,207,18,0,0,0,0,0,0,14,2025-07-17 19:04:00,2025-07-17 22:48:00,31,1
2025-04-15 12:50:00,2025-04-15 14:10:00,B6,DFW,ATL,564,9.82,8.72,0.0,0.0,19.12,-0.9711,0.2541,34,DFW-ATL,80,12,0,0,0,0,0,0,30,2025-04-15 13:20:00,2025-04-15 14:45:00,35,1
2025-06-15 20:30:00,2025-06-16 02:29:00,DL,BOS,ORD,4053,20.74,20.23,11.98,10.15,13.89,-0.8593,-0.3794,36,BOS-ORD,359,20,0,1,0,0,0,0,6,2025-06-15 20:36:00,2025-06-16 02:23:00,-6,0
2025-02-21 21:00:00,2025-02-22 03:00:00,B6,DEN,SFO,4067,5.1,5.01,0.42,1.29,12.41,-1.7017,0.1854,94,DEN-SFO,360,21,0,1,0,0,0,0,33,2025-02-21 21:33:00,2025-02-22 03:39:00,39,1
2025-03-18 23:20:00,2025-03-19 02:42:00,WN,ATL,LAX,2082,4.8,2.8,6.26,5.02,13.58,-0.2537,0.9935,30,ATL-LAX,202,23,0,1,0,0,0,0,17,2025-03-18 23:37:00,2025-03-19 03:05:00,23,1
2025-06-10 02:40:00,2025-06-10 07:57:00,UA,SEA,ATL,3531,12.05,14.5,0.66,0.0,14.8,1.0826,0.0287,81,SEA-ATL,317,2,0,1,0,0,0,0,7,2025-06-10 02:47:00,2025-06-10 07:54:00,-3,0
2025-09-09 14:40:00,2025-09-09 18:49:00,WN,JFK,BOS,2673,7.63,3.59,0.1,0.31,17.88,3.2424,0.654,3,JFK-BOS,249,14,0,0,0,0,0,0,6,2025-09-09 14:46:00,2025-09-09 18:51:00,2,0
2025-06-01 02:10:00,2025-06-01 06:50:00,WN,BOS,DFW,3059,7.92,7.08,6.83,5.72,13.34,0.2734,0.3977,16,BOS-DFW,280,2,0,1,0,0,0,0,-6,2025-06-01 02:04:00,2025-06-01 06:45:00,-5,0
2025-07-17 05:45:00,2025-07-17 11:37:00,AA,JFK,LAX,3967,17.61,20.3,6.66,7.65,15.74,1.6723,0.5369,96,JFK-LAX,352,5,0,0,0,0,0,0,-10,2025-07-17 05:35:00,2025-07-17 11:26:00,-11,0
2025-07-10 07:50:00,2025-07-10 09:20:00,UA,SFO,ATL,686,6.15,4.8,0.89,0.0,12.37,0.0635,-0.8231,39,SFO-ATL,90,7,0,0,0,0,0,0,-4,2025-07-10 07:46:00,2025-07-10 09:19:00,-1,0
2025-04-09 15:30:00,2025-04-09 17:47:00,AA,SEA,DEN,1276,16.25,17.58,0.0,0.0,15.14,0.1363,0.8103,86,SEA-DEN,137,15,0,0,0,0,0,0,4,2025-04-09 15:34:00,2025-04-09 17:36:00,-11,0
2025-04-13 10:20:00,2025-04-13 13:43:00,AA,SEA,SFO,2097,11.2,11.56,0.0,0.07,12.33,-0.0951,-0.6646,11,SEA-SFO,203,10,0,0,0,0,0,0,13,2025-04-13 10:33:00,2025-04-13 13:38:00,-5,0
2025-06-05 20:30:00,2025-06-06 02:30:00,DL,DFW,ATL,4057,6.98,6.39,0.0,0.27,16.45,-0.0141,-0.3754,23,DFW-ATL,360,20,0,1,0,0,0,0,5,2025-06-05 20:35:00,2025-06-06 02:30:00,0,0
2025-01-12 07:00:00,2025-01-12 11:18:00,DL,DFW,SFO,2786,10.03,11.43,1.05,1.34,14.09,-0.0085,0.3647,17,DFW-SFO,258,7,0,0,0,0,0,0,-7,2025-01-12 06:53:00,2025-01-12 11:08:00,-10,0
2025-09-08 14:30:00,2025-09-08 17:42:00,UA,DEN,JFK,1967,6.2,4.17,0.69,0.0,12.35,-0.2963,-0.3315,38,DEN-JFK,192,14,0,0,0,0,0,0,3,2025-09-08 14:33:00,2025-09-08 17:44:00,2,0
2025-08-13 18:00:00,2025-08-13 19:09:00,B6,DEN,LAX,420,9.01,9.94,4.83,5.19,14.63,1.8025,-0.0985,62,DEN-LAX,69,18,0,0,0,0,0,0,5,2025-08-13 18:05:00,2025-08-13 19:07:00,-2,0
2025-04-22 23:00:00,2025-04-23 03:18:00,WN,SFO,DFW,2790,25.33,27.94,0.33,0.0,14.82,0.5814,-0.2217,22,SFO-DFW,258,23,0,1,0,0,0,0,42,2025-04-22 23:42:00,2025-04-23 04:14:00,56,1
2025-05-17 05:30:00,2025-05-17 08:00:00,B6,BOS,DFW,1432,5.78,2.69,0.86,0.92,18.3,-0.682,0.8064,74,BOS-DFW,150,5,0,0,0,0,0,0,3,2025-05-17 05:33:00,2025-05-17 08:05:00,5,0
2025-04-30 17:30:00,2025-04-30 20:19:00,DL,SEA,SFO,1677,1.75,1.94,0.24,0.0,16.29,0.6704,-0.3594,98,SEA-SFO,169,17,0,0,0,0,0,0,-6,2025-04-30 17:24:00,2025-04-30 20:20:00,1,0
2025-08-26 02:50:00,2025-08-26 09:24:00,B6,SFO,DEN,4482,9.76,7.87,0.08,0.0,19.05,1.0285,-0.6488,73,SFO-DEN,394,2,0,1,0,0,0,0,9,2025-08-26 02:59:00,2025-08-26 09:27:00,3,0
2025-10-05 13:30:00,2025-10-05 17:26:00,DL,SEA,DFW,2513,23.31,20.66,2.63,4.1,16.47,-1.2014,-0.7269,2,SEA-DFW,236,13,0,0,0,0,0,0,-9,2025-10-05 13:21:00,2025-10-05 17:19:00,-7,0
2025-02-09 09:50:00,2025-02-09 11:36:00,WN,LAX,JFK,882,10.4,12.4,19.34,17.56,7.92,1.0683,-0.8381,89,LAX-JFK,106,9,0,0,1,0,0,0,31,2025-02-09 10:21:00,2025-02-09 12:17:00,41,1
2025-05-31 23:45:00,2025-06-01 01:01:00,AA,SEA,LAX,507,7.47,8.72,14.1,16.22,10.84,0.9341,0.8254,2,SEA-LAX,76,23,0,1,1,0,0,0,30,2025-06-01 00:15:00,2025-06-01 01:55:00,54,1
2025-01-06 18:15:00,2025-01-06 21:24:00,UA,ATL,DEN,1930,5.26,8.11,0.0,0.32,14.74,0.4061,0.4842,60,ATL-DEN,189,18,0,0,0,0,0,0,-10,2025-01-06 18:05:00,2025-01-06 21:33:00,9,0
2025-06-15 22:50:00,2025-06-16 00:11:00,DL,SEA,SFO,574,19.27,16.34,0.0,0.0,16.17,1.6149,0.2138,70,SEA-SFO,81,22,0,1,0,0,0,0,2,2025-06-15 22:52:00,2025-06-16 00:14:00,3,0
2025-04-01 20:20:00,2025-04-01 23:43:00,WN,JFK,ATL,2100,12.39,12.36,2.93,3.93,17.26,1.0392,0.5458,60,JFK-ATL,203,20,0,1,0,0,0,0,1,2025-04-01 20:21:00,2025-04-01 23:46:00,3,0
2025-05-03 09:30:00,2025-05-03 12:48:00,UA,SFO,LAX,2041,10.74,11.51,0.34,1.31,19.02,-0.3729,0.1783,19,SFO-LAX,198,9,0,0,0,0,0,0,-5,2025-05-03 09:25:00,2025-05-03 12:47:00,-1,0
2025-06-16 17:00:00,2025-06-16 22:54:00,AA,ATL,LAX,3993,11.47,10.57,5.98,4.44,16.54,0.1793,0.7698,82,ATL-LAX,354,17,0,0,0,0,0,0,9,2025-06-16 17:09:00,2025-06-16 22:40:00,-14,0
2025-04-29 00:10:00,2025-04-29 03:01:00,UA,SFO,JFK,1706,16.23,15.17,8.37,9.5,13.29,1.4554,-0.4813,0,SFO-JFK,171,0,0,1,0,0,0,0,-9,2025-04-29 00:01:00,2025-04-29 03:06:00,5,0
2025-05-24 13:30:00,2025-05-24 16:02:00,WN,LAX,SEA,1460,24.79,27.79,1.21,0.26,18.07,-0.4227,0.2699,94,LAX-SEA,152,13,0,0,0,0,0,0,4,2025-05-24 13:34:00,2025-05-24 15:56:00,-6,0
2025-10-07 01:15:00,2025-10-07 05:41:00,B6,ATL,ORD,2886,26.64,27.36,0.0,0.2,18.44,-0.3459,0.6316,61,ATL-ORD,266,1,0,1,0,0,0,0,28,2025-10-07 01:43:00,2025-10-07 06:17:00,36,1
2025-10-23 17:30:00,2025-10-23 22:04:00,B6,JFK,SFO,2983,8.52,9.81,0.0,1.2,16.01,0.3373,-0.9033,13,JFK-SFO,274,17,0,0,0,0,0,0,20,2025-10-23 17:50:00,2025-10-23 22:32:00,28,1
2025-01-03 23:00:00,2025-01-04 00:12:00,WN,ATL,BOS,459,10.64,12.25,0.0,0.2,18.15,-0.1659,-0.6967,46,ATL-BOS,72,23,0,1,0,0,0,0,6,2025-01-03 23:06:00,2025-01-04 00:23:00,11,0
2025-05-18 16:15:00,2025-05-18 17:42:00,WN,ATL,JFK,651,24.27,25.18,2.67,3.46,18.24,2.5311,0.6106,11,ATL-JFK,87,16,0,0,0,0,0,0,17,2025-05-18 16:32:00,2025-05-18 18:19:00,37,1
2025-11-06 20:40:00,2025-11-06 22:35:00,UA,JFK,LAX,1004,12.63,10.6,0.0,0.09,15.14,1.4221,-0.9423,37,JFK-LAX,115,20,0,1,0,0,0,0,2,2025-11-06 20:42:00,2025-11-06 22:40:00,5,0
2025-07-13 05:30:00,2025-07-13 10:50:00,B6,SEA,DFW,3563,18.51,18.55,7.76,6.94,9.34,2.2465,0.6257,33,SEA-DFW,320,5,0,0,0,0,0,0,15,2025-07-13 05:45:00,2025-07-13 11:05:00,15,1
2025-03-16 23:50:00,2025-03-17 01:59:00,DL,ATL,SFO,1180,7.56,3.39,0.44,0.41,17.45,1.2842,0.162,1,ATL-SFO,129,23,0,1,0,0,0,0,-6,2025-03-16 23:44:00,2025-03-17 02:01:00,2,0
2025-08-05 13:50:00,2025-08-05 20:23:00,UA,DEN,JFK,4469,5.78,6.17,0.0,0.25,18.19,0.2709,0.1716,44,DEN-JFK,393,13,0,0,0,0,0,0,-8,2025-08-05 13:42:00,2025-08-05 20:34:00,11,0
2025-02-22 16:45:00,2025-02-22 20:12:00,UA,DFW,LAX,2150,30.59,31.3,0.0,0.0,17.15,-1.9325,0.1257,8,DFW-LAX,207,16,0,0,0,0,0,0,-1,2025-02-22 16:44:00,2025-02-22 20:16:00,4,0
2025-01-08 18:00:00,2025-01-09 00:13:00,DL,JFK,BOS,4220,14.27,16.09,0.0,0.0,10.97,0.4072,0.555,27,JFK-BOS,373,18,0,0,0,0,0,0,0,2025-01-08 18:00:00,2025-01-09 00:19:00,6,0
2025-08-19 15:30:00,2025-08-19 17:52:00,WN,ATL,DFW,1336,8.37,7.98,0.54,0.62,17.78,-1.0696,0.3876,84,ATL-DFW,142,15,0,0,0,0,0,0,-10,2025-08-19 15:20:00,2025-08-19 17:48:00,-4,0
2025-07-08 07:10:00,2025-07-08 10:31:00,AA,LAX,DEN,2079,6.34,6.74,9.35,7.34,15.12,-1.5164,-0.5152,36,LAX-DEN,201,7,0,0,0,0,0,0,-4,2025-07-08 07:06:00,2025-07-08 10:32:00,1,0
2025-10-04 14:15:00,2025-10-04 16:00:00,WN,JFK,DFW,878,8.49,7.06,5.58,4.51,15.63,1.2256,0.5592,94,JFK-DFW,105,14,0,0,0,0,0,0,30,2025-10-04 14:45:00,2025-10-04 16:27:00,27,1
2025-05-06 15:10:00,2025-05-06 20:53:00,B6,SFO,ORD,3853,3.41,3.27,0.66,0.0,14.15,-1.0581,0.3876,14,SFO-ORD,343,15,0,0,0,0,0,0,7,2025-05-06 15:17:00,2025-05-06 20:53:00,0,0
2025-11-08 20:20:00,2025-11-09 00:40:00,DL,DEN,BOS,2809,15.05,12.57,9.51,8.37,10.82,-0.675,0.7005,33,DEN-BOS,260,20,0,1,0,0,0,0,13,2025-11-08 20:33:00,2025-11-09 00:53:00,13,0
2025-06-03 11:00:00,2025-06-03 12:24:00,DL,JFK,BOS,617,14.06,15.99,0.86,0.46,17.59,-0.4395,0.6764,63,JFK-BOS,84,11,0,0,0,0,0,0,2,2025-06-03 11:02:00,2025-06-03 12:15:00,-9,0
2025-09-27 12:30:00,2025-09-27 17:39:00,B6,ATL,DFW,3424,13.04,16.73,0.0,2.36,14.47,0.182,-0.3398,82,ATL-DFW,309,12,0,0,0,0,0,0,-10,2025-09-27 12:20:00,2025-09-27 17:26:00,-13,0
2025-02-06 12:10:00,2025-02-06 18:07:00,DL,SFO,DEN,4026,21.32,20.65,0.47,0.0,16.61,-0.0256,0.1186,58,SFO-DEN,357,12,0,0,0,0,0,0,8,2025-02-06 12:18:00,2025-02-06 17:58:00,-9,0
2025-02-05 02:30:00,2025-02-05 07:19:00,B6,SEA,SFO,3178,9.15,11.36,0.0,0.82,15.61,0.7842,0.5078,87,SEA-SFO,289,2,0,1,0,0,0,0,-2,2025-02-05 02:28:00,2025-02-05 07:32:00,13,0
2025-10-13 02:40:00,2025-10-13 08:11:00,WN,DFW,SEA,3695,14.1,15.17,0.0,0.0,14.56,0.6139,-0.2777,54,DFW-SEA,331,2,0,1,0,0,0,0,10,2025-10-13 02:50:00,2025-10-13 08:34:00,23,1
2025-11-01 00:10:00,2025-11-01 02:42:00,B6,JFK,LAX,1459,1.86,0.63,30.81,31.71,1.19,-1.5373,0.9655,80,JFK-LAX,152,0,0,1,1,1,0,0,38,2025-11-01 00:48:00,2025-11-01 03:45:00,63,1
2025-12-10 15:00:00,2025-12-10 18:24:00,UA,SEA,JFK,2115,15.94,11.85,0.12,0.0,15.12,1.5696,0.2187,54,SEA-JFK,204,15,0,0,0,0,0,0,1,2025-12-10 15:01:00,2025-12-10 18:16:00,-8,0
2025-04-29 10:45:00,2025-04-29 16:31:00,B6,DEN,ATL,3888,13.66,16.44,23.57,25.65,3.9,-1.1129,0.749,92,DEN-ATL,346,10,0,0,1,1,0,0,13,2025-04-29 10:58:00,2025-04-29 17:02:00,31,1
2025-01-09 20:40:00,2025-01-10 01:03:00,B6,DEN,JFK,2854,5.24,3.84,19.64,18.22,0.77,-0.9803,0.2916,7,DEN-JFK,263,20,0,1,1,1,0,0,17,2025-01-09 20:57:00,2025-01-10 01:40:00,37,1
2025-12-24 16:15:00,2025-12-24 20:40:00,AA,DEN,ORD,2869,6.03,7.73,0.0,0.1,8.51,1.7876,-0.8793,99,DEN-ORD,265,16,1,0,0,0,0,0,7,2025-12-24 16:22:00,2025-12-24 20:32:00,-8,0
2025-08-08 03:50:00,2025-08-08 09:07:00,DL,ORD,DFW,3521,20.37,20.05,0.38,1.13,14.94,-0.054,0.5125,18,ORD-DFW,317,3,0,1,0,0,0,0,19,2025-08-08 04:09:00,2025-08-08 09:16:00,9,0
2025-04-01 02:10:00,2025-04-01 06:35:00,UA,BOS,SFO,2881,10.8,11.81,2.98,4.63,15.93,1.1525,-0.5266,28,BOS-SFO,265,2,0,1,0,0,0,0,-2,2025-04-01 02:08:00,2025-04-01 06:31:00,-4,0
2025-10-06 08:50:00,2025-10-06 10:31:00,DL,ATL,LAX,830,6.58,11.1,0.31,0.33,14.07,0.7352,0.5615,69,ATL-LAX,101,8,0,0,0,0,0,0,5,2025-10-06 08:55:00,2025-10-06 10:27:00,-4,0
2025-11-26 22:00:00,2025-11-27 00:10:00,AA,BOS,DFW,1193,13.7,12.99,10.31,9.83,10.01,0.468,-0.5081,0,BOS-DFW,130,22,0,1,0,0,0,0,-1,2025-11-26 21:59:00,2025-11-27 00:00:00,-10,0
2025-04-14 01:40:00,2025-04-14 07:01:00,B6,SFO,ATL,3569,26.18,28.66,0.0,0.0,18.1,-0.6932,-0.7721,63,SFO-ATL,321,1,0,1,0,0,0,0,7,2025-04-14 01:47:00,2025-04-14 07:02:00,1,0
2025-10-08 04:00:00,2025-10-08 06:20:00,WN,SEA,ORD,1317,3.39,5.15,0.0,0.0,16.36,-0.191,0.3987,40,SEA-ORD,140,4,0,1,0,0,0,0,12,2025-10-08 04:12:00,2025-10-08 06:33:00,13,0
2025-10-15 00:10:00,2025-10-15 04:53:00,DL,SFO,SEA,3095,15.45,17.35,1.04,0.0,17.91,1.6858,-0.1918,20,SFO-SEA,283,0,0,1,0,0,0,0,4,2025-10-15 00:14:00,2025-10-15 04:47:00,-6,0
2025-07-03 09:20:00,2025-07-03 12:58:00,B6,DEN,JFK,2293,11.81,13.97,0.0,0.5,13.36,-0.6834,-0.9651,71,DEN-JFK,218,9,0,0,0,0,0,0,0,2025-07-03 09:20:00,2025-07-03 13:08:00,10,0
2025-08-19 23:00:00,2025-08-20 03:27:00,B6,DFW,SFO,2905,3.42,2.84,0.0,1.36,19.23,0.0746,0.8139,62,DFW-SFO,267,23,0,1,0,0,0,0,-3,2025-08-19 22:57:00,2025-08-20 03:20:00,-7,0
2025-04-09 16:20:00,2025-04-09 18:39:00,UA,JFK,DEN,1298,12.7,12.23,0.45,0.29,17.36,0.5214,0.1159,34,JFK-DEN,139,16,0,0,0,0,0,0,0,2025-04-09 16:20:00,2025-04-09 18:36:00,-3,0
2025-12-06 11:10:00,2025-12-06 13:53:00,AA,JFK,ATL,1603,8.05,2.82,0.3,0.02,17.52,-0.3913,0.1917,69,JFK-ATL,163,11,0,0,0,0,0,0,-2,2025-12-06 11:08:00,2025-12-06 13:42:00,-11,0
2025-12-25 03:00:00,2025-12-25 07:50:00,AA,ATL,LAX,3189,7.57,7.85,21.63,22.4,5.54,-0.6894,-0.2419,51,ATL-LAX,290,3,1,1,1,1,1,0,40,2025-12-25 03:40:00,2025-12-25 08:46:00,56,1
2025-12-25 08:50:00,2025-12-25 10:47:00,B6,LAX,BOS,1021,15.26,14.0,0.0,0.0,15.89,-0.1767,-0.2842,36,LAX-BOS,117,8,1,0,0,0,0,0,-7,2025-12-25 08:43:00,2025-12-25 10:55:00,8,0
2025-09-27 12:50:00,2025-09-27 15:33:00,UA,ATL,DEN,1595,13.54,14.85,13.09,11.9,6.48,-0.1981,-0.6941,34,ATL-DEN,163,12,0,0,1,0,0,0,35,2025-09-27 13:25:00,2025-09-27 16:10:00,37,1
2025-01-16 06:50:00,2025-01-16 13:24:00,UA,DEN,ORD,4492,15.09,16.45,0.0,0.0,18.63,-1.4993,-0.8326,69,DEN-ORD,394,6,0,0,0,0,0,0,11,2025-01-16 07:01:00,2025-01-16 13:21:00,-3,0
2025-05-14 16:10:00,2025-05-14 18:00:00,AA,DEN,DFW,938,37.28,38.8,1.59,0.0,18.11,0.2774,0.0358,40,DEN-DFW,110,16,0,0,0,0,0,0,4,2025-05-14 16:14:00,2025-05-14 17:52:00,-8,0
2025-06-12 23:20:00,2025-06-13 03:33:00,AA,ORD,LAX,2725,8.01,10.7,0.0,0.16,18.78,1.3298,0.3219,41,ORD-LAX,253,23,0,1,0,0,0,0,5,2025-06-12 23:25:00,2025-06-13 03:44:00,11,0
2025-12-17 04:15:00,2025-12-17 06:05:00,AA,SFO,ORD,936,2.8,4.19,0.0,0.0,15.82,-3.3472,0.1333,47,SFO-ORD,110,4,0,1,0,0,0,0,0,2025-12-17 04:15:00,2025-12-17 06:09:00,4,0
2025-07-19 06:15:00,2025-07-19 11:12:00,WN,ORD,DFW,3270,15.23,17.46,0.24,0.69,15.5,0.184,0.9675,44,ORD-DFW,297,6,0,0,0,0,0,0,11,2025-07-19 06:26:00,2025-07-19 11:34:00,22,1
2025-07-15 03:20:00,2025-07-15 05:02:00,AA,DFW,LAX,834,11.02,12.07,0.38,0.23,14.56,-3.0018,0.4535,87,DFW-LAX,102,3,0,1,0,0,0,0,3,2025-07-15 03:23:00,2025-07-15 05:01:00,-1,0
2025-02-23 17:30:00,2025-02-23 21:42:00,B6,JFK,LAX,2710,8.59,8.7,2.78,3.27,13.49,1.4771,0.7192,72,JFK-LAX,252,17,0,0,0,0,0,0,-4,2025-02-23 17:26:00,2025-02-23 21:39:00,-3,0
2025-10-17 11:20:00,2025-10-17 14:47:00,AA,JFK,LAX,2146,5.29,7.79,1.18,0.76,17.79,-0.591,-0.9449,81,JFK-LAX,207,11,0,0,0,0,0,0,-3,2025-10-17 11:17:00,2025-10-17 14:47:00,0,0
2025-05-03 06:15:00,2025-05-03 11:06:00,AA,BOS,ORD,3205,21.86,23.43,0.23,0.15,17.22,0.0108,-0.8661,74,BOS-ORD,291,6,0,0,0,0,0,0,-10,2025-05-03 06:05:00,2025-05-03 11:09:00,3,0
2025-02-03 05:50:00,2025-02-03 06:50:00,B6,SFO,DFW,312,2.3,0.0,0.0,0.48,13.9,-1.0116,-0.7668,95,SFO-DFW,60,5,0,0,0,0,0,0,1,2025-02-03 05:51:00,2025-02-03 06:38:00,-12,0
2025-12-27 01:50:00,2025-12-27 05:42:00,UA,SFO,JFK,2467,13.41,13.73,15.95,15.96,6.93,1.9762,0.3108,39,SFO-JFK,232,1,0,1,1,0,0,0,24,2025-12-27 02:14:00,2025-12-27 06:22:00,40,1
2025-03-11 11:15:00,2025-03-11 15:16:00,AA,DEN,LAX,2577,7.19,6.88,0.85,0.0,14.82,2.0836,0.8226,24,DEN-LAX,241,11,0,0,0,0,0,0,12,2025-03-11 11:27:00,2025-03-11 15:14:00,-2,0
2025-01-06 16:10:00,2025-01-06 18:30:00,AA,BOS,SEA,1310,14.38,14.2,1.13,1.57,17.06,-1.1116,-0.5958,69,BOS-SEA,140,16,0,0,0,0,0,0,0,2025-01-06 16:10:00,2025-01-06 18:28:00,-2,0
2025-01-29 05:30:00,2025-01-29 08:09:00,DL,BOS,ATL,1552,5.41,6.05,0.14,1.25,15.98,-1.2277,0.7382,46,BOS-ATL,159,5,0,0,0,0,0,0,3,2025-01-29 05:33:00,2025-01-29 08:39:00,30,1
2025-06-15 00:15:00,2025-06-15 05:11:00,DL,LAX,ATL,3267,13.12,14.04,0.0,0.43,14.87,0.8381,-0.5758,27,LAX-ATL,296,0,0,1,0,0,0,0,5,2025-06-15 00:20:00,2025-06-15 05:14:00,3,0
2025-02-07 11:50:00,2025-02-07 15:55:00,DL,ATL,BOS,2620,21.85,21.45,0.0,0.15,16.47,0.8615,0.3533,68,ATL-BOS,245,11,0,0,0,0,0,0,2,2025-02-07 11:52:00,2025-02-07 15:52:00,-3,0
2025-11-04 16:20:00,2025-11-04 20:33:00,DL,ATL,DFW,2731,9.1,6.09,0.0,0.75,16.82,-0.3883,-0.896,6,ATL-DFW,253,16,0,0,0,0,0,0,-4,2025-11-04 16:16:00,2025-11-04 20:35:00,2,0
2025-07-07 08:00:00,2025-07-07 14:13:00,UA,LAX,SFO,4228,8.61,8.48,3.36,5.07,16.13,-1.0571,-0.3432,51,LAX-SFO,373,8,0,0,0,0,0,0,14,2025-07-07 08:14:00,2025-07-07 14:02:00,-11,0
2025-04-29 06:10:00,2025-04-29 09:25:00,AA,BOS,SFO,2001,14.32,11.56,0.03,1.9,13.34,1.5018,0.0325,17,BOS-SFO,195,6,0,0,0,0,0,0,2,2025-04-29 06:12:00,2025-04-29 09:23:00,-2,0
2025-01-02 03:00:00,2025-01-02 08:51:00,DL,ATL,ORD,3949,17.25,17.11,0.15,0.0,17.47,-0.2704,0.162,40,ATL-ORD,351,3,0,1,0,0,0,0,-6,2025-01-02 02:54:00,2025-01-02 08:51:00,0,0
2025-06-25 17:20:00,2025-06-25 23:46:00,B6,ATL,LAX,4391,31.7,33.7,0.79,1.05,12.04,-0.3285,-0.3531,16,ATL-LAX,386,17,0,0,0,0,0,0,10,2025-06-25 17:30:00,2025-06-25 23:36:00,-10,0
2025-02-25 20:15:00,2025-02-26 00:28:00,DL,ORD,BOS,2721,7.75,6.73,0.0,0.0,13.42,0.1187,-0.0955,15,ORD-BOS,253,20,0,1,0,0,0,0,6,2025-02-25 20:21:00,2025-02-26 00:35:00,7,0
2025-12-23 18:45:00,2025-12-23 20:55:00,AA,DFW,SEA,1189,9.62,7.84,17.78,16.18,11.13,-1.4825,-0.8295,51,DFW-SEA,130,18,0,0,1,0,0,0,64,2025-12-23 19:49:00,2025-12-23 22:35:00,100,1
2025-04-17 12:50:00,2025-04-17 16:09:00,B6,DEN,ORD,2055,5.41,3.5,0.32,0.84,17.75,-0.6337,-0.2267,56,DEN-ORD,199,12,0,0,0,0,0,0,1,2025-04-17 12:51:00,2025-04-17 16:18:00,9,0
2025-06-23 17:10:00,2025-06-23 18:25:00,AA,LAX,SFO,495,1.04,0.48,0.0,1.47,15.19,-1.0135,-0.2746,77,LAX-SFO,75,17,0,0,0,0,0,0,-2,2025-06-23 17:08:00,2025-06-23 18:15:00,-10,0
2025-01-07 09:50:00,2025-01-07 14:44:00,WN,BOS,SFO,3233,21.31,19.95,8.36,9.02,8.32,-1.9907,-0.9361,94,BOS-SFO,294,9,0,0,0,0,0,0,-10,2025-01-07 09:40:00,2025-01-07 14:31:00,-13,0
2025-02-17 00:30:00,2025-02-17 03:01:00,AA,JFK,DFW,1449,9.65,9.63,1.91,0.0,14.81,-0.8675,0.0941,7,JFK-DFW,151,0,1,1,0,0,1,0,15,2025-02-17 00:45:00,2025-02-17 03:27:00,26,1
2025-03-17 08:15:00,2025-03-17 14:24:00,DL,JFK,SFO,4177,5.33,1.08,0.54,0.39,16.73,-0.0639,0.928,75,JFK-SFO,369,8,0,0,0,0,0,0,30,2025-03-17 08:45:00,2025-03-17 15:21:00,57,1
2025-01-19 16:20:00,2025-01-19 20:58:00,WN,ORD,JFK,3042,17.98,18.12,6.27,6.75,11.33,-0.8086,0.0705,61,ORD-JFK,278,16,0,0,0,0,0,0,20,2025-01-19 16:40:00,2025-01-19 21:16:00,18,1
2025-09-22 15:20:00,2025-09-22 19:03:00,DL,LAX,ATL,2356,19.11,17.89,0.0,0.57,17.58,-0.1541,-0.9098,48,LAX-ATL,223,15,0,0,0,0,0,0,0,2025-09-22 15:20:00,2025-09-22 18:48:00,-15,0
2025-12-12 23:10:00,2025-12-13 01:12:00,WN,ORD,BOS,1083,16.05,14.55,0.16,1.23,17.65,-1.0809,-0.8619,42,ORD-BOS,122,23,0,1,0,0,0,0,27,2025-12-12 23:37:00,2025-12-13 01:38:00,26,1
2025-12-26 23:45:00,2025-12-27 01:17:00,DL,BOS,ATL,717,9.3,5.7,1.08,0.94,18.61,0.5967,0.5574,59,BOS-ATL,92,23,0,1,0,0,0,0,10,2025-12-26 23:55:00,2025-12-27 01:11:00,-6,0
2025-04-08 05:00:00,2025-04-08 09:45:00,DL,BOS,ORD,3124,14.06,12.13,0.0,0.0,15.17,0.9723,0.2364,55,BOS-ORD,285,5,0,0,0,0,0,0,-6,2025-04-08 04:54:00,2025-04-08 09:46:00,1,0
2025-10-15 00:00:00,2025-10-15 05:16:00,DL,JFK,DEN,3517,4.37,4.06,0.84,0.03,9.89,0.6475,0.2631,14,JFK-DEN,316,0,0,1,0,0,0,0,5,2025-10-15 00:05:00,2025-10-15 05:22:00,6,0
2025-07-03 06:15:00,2025-07-03 08:43:00,AA,ATL,ORD,1417,16.22,17.93,21.03,20.2,6.91,0.1441,0.6722,43,ATL-ORD,148,6,0,0,1,0,0,0,43,2025-07-03 06:58:00,2025-07-03 09:49:00,66,1
2025-01-17 21:10:00,2025-01-17 22:13:00,AA,JFK,DFW,344,8.27,3.65,1.14,0.16,12.56,0.8054,-0.7076,68,JFK-DFW,63,21,0,1,0,0,0,0,5,2025-01-17 21:15:00,2025-01-17 22:19:00,6,0
2025-02-03 19:00:00,2025-02-03 21:46:00,WN,LAX,SEA,1643,20.61,19.14,0.76,0.0,14.2,-0.6293,0.9828,95,LAX-SEA,166,19,0,0,0,0,0,0,31,2025-02-03 19:31:00,2025-02-03 22:21:00,35,1
2025-07-19 02:20:00,2025-07-19 07:36:00,DL,SEA,BOS,3511,12.37,12.32,0.13,1.93,11.65,-0.8068,0.266,62,SEA-BOS,316,2,0,1,0,0,0,0,-1,2025-07-19 02:19:00,2025-07-19 07:34:00,-2,0
2025-06-04 03:20:00,2025-06-04 07:34:00,B6,LAX,DEN,2736,2.47,4.09,0.09,0.0,20.15,-0.0844,0.9621,94,LAX-DEN,254,3,0,1,0,0,0,0,1,2025-06-04 03:21:00,2025-06-04 07:30:00,-4,0
2025-01-04 13:10:00,2025-01-04 14:37:00,B6,SFO,BOS,656,18.29,21.38,0.0,0.0,14.65,-0.5568,0.1379,29,SFO-BOS,87,13,0,0,0,0,0,0,0,2025-01-04 13:10:00,2025-01-04 14:37:00,0,0
2025-12-06 15:45:00,2025-12-06 17:22:00,WN,LAX,DFW,781,17.81,19.26,17.7,17.1,11.06,1.3601,0.6484,13,LAX-DFW,97,15,0,0,1,0,0,0,20,2025-12-06 16:05:00,2025-12-06 17:52:00,30,1
2025-09-24 23:50:00,2025-09-25 01:25:00,WN,JFK,LAX,747,15.88,14.99,0.0,0.0,14.79,2.0127,0.0948,97,JFK-LAX,95,23,0,1,0,0,0,0,-7,2025-09-24 23:43:00,2025-09-25 01:14:00,-11,0
2025-07-03 18:40:00,2025-07-03 23:54:00,WN,DEN,BOS,3483,18.79,16.72,0.08,0.0,15.67,2.6251,-0.5228,30,DEN-BOS,314,18,0,0,0,0,0,0,5,2025-07-03 18:45:00,2025-07-04 00:08:00,14,0
2025-12-27 05:30:00,2025-12-27 10:52:00,AA,ORD,SFO,3583,9.71,8.69,0.0,0.17,15.01,0.9186,0.824,23,ORD-SFO,322,5,0,0,0,0,0,0,-10,2025-12-27 05:20:00,2025-12-27 10:50:00,-2,0
2025-12-21 00:50:00,2025-12-21 04:06:00,DL,SEA,SFO,2013,13.7,12.92,0.0,1.65,15.35,0.3586,-0.0281,9,SEA-SFO,196,0,0,1,0,0,0,0,3,2025-12-21 00:53:00,2025-12-21 04:04:00,-2,0
2025-12-22 15:15:00,2025-12-22 20:06:00,B6,DEN,ATL,3195,7.3,8.01,0.15,0.14,18.15,-1.966,-0.381,36,DEN-ATL,291,15,0,0,0,0,0,0,30,2025-12-22 15:45:00,2025-12-22 20:51:00,45,1
2025-04-05 13:20:00,2025-04-05 14:26:00,B6,ATL,LAX,387,1.78,0.0,6.57,7.23,11.42,-0.4203,0.7359,27,ATL-LAX,66,13,0,0,0,0,0,0,4,2025-04-05 13:24:00,2025-04-05 14:30:00,4,0
2025-11-18 22:00:00,2025-11-19 02:08:00,UA,ATL,SFO,2659,14.06,14.92,0.0,0.0,10.11,-0.7416,-0.1226,48,ATL-SFO,248,22,0,1,0,0,0,0,10,2025-11-18 22:10:00,2025-11-19 02:05:00,-3,0
2025-07-04 13:40:00,2025-07-04 16:10:00,UA,LAX,DEN,1442,3.98,5.07,0.47,2.14,18.64,-0.6682,-0.3732,3,LAX-DEN,150,13,1,0,0,0,0,0,5,2025-07-04 13:45:00,2025-07-04 16:05:00,-5,0
2025-09-23 12:00:00,2025-09-23 17:35:00,WN,LAX,SFO,3746,5.95,4.16,0.12,0.08,15.33,1.3516,0.5361,93,LAX-SFO,335,12,0,0,0,0,0,0,8,2025-09-23 12:08:00,2025-09-23 17:30:00,-5,0
2025-11-10 07:40:00,2025-11-10 11:23:00,UA,BOS,ORD,2352,5.66,6.56,4.39,4.36,15.17,1.45,-0.2784,47,BOS-ORD,223,7,0,0,0,0,0,0,8,2025-11-10 07:48:00,2025-11-10 11:18:00,-5,0
2025-03-01 02:45:00,2025-03-01 08:30:00,DL,ATL,ORD,3875,11.8,7.95,0.0,0.0,8.05,-0.4232,-0.2714,35,ATL-ORD,345,2,0,1,0,0,0,0,18,2025-03-01 03:03:00,2025-03-01 08:39:00,9,0
2025-06-13 21:10:00,2025-06-14 01:18:00,B6,LAX,BOS,2664,27.07,25.75,0.73,0.52,17.99,-0.6146,0.7369,88,LAX-BOS,248,21,0,1,0,0,0,0,14,2025-06-13 21:24:00,2025-06-14 01:26:00,8,0
2025-02-17 19:30:00,2025-02-17 23:03:00,WN,DFW,JFK,2221,7.45,3.18,0.0,0.0,20.54,-0.221,0.4801,57,DFW-JFK,213,19,1,0,0,0,0,0,-6,2025-02-17 19:24:00,2025-02-17 22:58:00,-5,0
2025-04-13 03:15:00,2025-04-13 09:32:00,B6,DFW,BOS,4277,29.01,30.67,0.49,1.47,13.03,-1.8304,-0.554,87,DFW-BOS,377,3,0,1,0,0,0,0,5,2025-04-13 03:20:00,2025-04-13 09:33:00,1,0
2025-05-31 16:20:00,2025-05-31 22:54:00,WN,DEN,SEA,4484,18.65,17.54,0.91,0.46,16.57,1.2879,-0.8098,30,DEN-SEA,394,16,0,0,0,0,0,0,17,2025-05-31 16:37:00,2025-05-31 23:13:00,19,1
2025-11-09 08:30:00,2025-11-09 12:02:00,AA,ORD,ATL,2213,14.27,13.73,0.0,0.13,17.22,0.8272,-0.1421,32,ORD-ATL,212,8,0,0,0,0,0,0,3,2025-11-09 08:33:00,2025-11-09 11:55:00,-7,0
2025-11-11 10:10:00,2025-11-11 13:09:00,WN,ORD,ATL,1801,6.95,5.46,0.0,0.0,16.69,-1.2369,-0.0119,10,ORD-ATL,179,10,0,0,0,0,0,0,14,2025-11-11 10:24:00,2025-11-11 13:07:00,-2,0
2025-05-23 20:45:00,2025-05-24 01:21:00,DL,ATL,LAX,3014,8.48,12.29,0.0,0.0,17.17,-1.2176,-0.5645,0,ATL-LAX,276,20,0,1,0,0,0,0,4,2025-05-23 20:49:00,2025-05-24 01:24:00,3,0
2025-05-01 20:20:00,2025-05-01 22:17:00,B6,ATL,SFO,1020,10.63,12.7,0.19,0.0,12.17,1.6627,0.9951,37,ATL-SFO,117,20,0,1,0,0,0,0,4,2025-05-01 20:24:00,2025-05-01 22:17:00,0,0
2025-07-13 04:20:00,2025-07-13 07:29:00,B6,JFK,SFO,1922,16.56,15.08,0.0,0.12,16.47,0.8469,-0.4269,79,JFK-SFO,189,4,0,1,0,0,0,0,20,2025-07-13 04:40:00,2025-07-13 08:00:00,31,1
2025-11-29 07:45:00,2025-11-29 13:28:00,B6,LAX,SFO,3853,6.93,4.32,0.0,0.0,15.97,1.8564,-0.7088,81,LAX-SFO,343,7,0,0,0,0,0,0,-1,2025-11-29 07:44:00,2025-11-29 13:21:00,-7,0
2025-12-23 19:10:00,2025-12-24 01:10:00,UA,BOS,DFW,4066,18.78,15.17,0.0,0.0,17.63,-0.7493,-0.7658,97,BOS-DFW,360,19,0,0,0,0,0,0,18,2025-12-23 19:28:00,2025-12-24 01:41:00,31,1
2025-03-24 22:20:00,2025-03-25 01:39:00,UA,BOS,DEN,2045,6.93,12.23,0.0,0.0,18.02,1.8269,-0.7707,38,BOS-DEN,199,22,0,1,0,0,0,0,-6,2025-03-24 22:14:00,2025-03-25 01:26:00,-13,0
2025-03-10 01:50:00,2025-03-10 05:00:00,DL,ORD,SFO,1939,15.45,12.29,32.82,33.43,0.2,-0.9143,-0.3768,55,ORD-SFO,190,1,0,1,1,1,0,1,28,2025-03-10 02:18:00,2025-03-10 05:39:00,39,1
2025-09-15 20:20:00,2025-09-16 02:13:00,WN,JFK,BOS,3972,11.03,6.7,0.62,0.0,17.37,0.1939,-0.6637,58,JFK-BOS,353,20,0,1,0,0,0,0,30,2025-09-15 20:50:00,2025-09-16 02:40:00,27,1
2025-04-21 11:00:00,2025-04-21 13:07:00,WN,BOS,DFW,1149,22.67,22.68,0.0,1.38,17.45,-1.6969,0.3232,90,BOS-DFW,127,11,0,0,0,0,0,0,20,2025-04-21 11:20:00,2025-04-21 13:39:00,32,1
2025-03-14 14:15:00,2025-03-14 15:34:00,DL,LAX,JFK,556,4.98,2.16,8.97,10.29,11.55,-0.4654,0.2917,72,LAX-JFK,79,14,0,0,0,0,0,0,2,2025-03-14 14:17:00,2025-03-14 15:25:00,-9,0
2025-01-12 01:50:00,2025-01-12 03:13:00,B6,ATL,DFW,605,12.95,12.52,2.74,2.15,16.1,0.2332,-0.7797,42,ATL-DFW,83,1,0,1,0,0,0,0,-6,2025-01-12 01:44:00,2025-01-12 03:03:00,-10,0
2025-05-28 16:45:00,2025-05-28 18:21:00,WN,DEN,JFK,766,5.48,3.01,0.02,2.47,15.81,-0.3642,0.6571,52,DEN-JFK,96,16,0,0,0,0,0,0,-10,2025-05-28 16:35:00,2025-05-28 18:13:00,-8,0
2025-05-24 16:45:00,2025-05-24 22:40:00,DL,ORD,SFO,3995,14.97,16.22,0.0,0.24,11.2,0.6822,0.5188,99,ORD-SFO,355,16,0,0,0,0,0,0,0,2025-05-24 16:45:00,2025-05-24 22:38:00,-2,0
2025-07-25 15:15:00,2025-07-25 16:28:00,DL,DEN,DFW,469,4.13,5.8,0.0,0.0,19.74,-0.7626,-0.1862,29,DEN-DFW,73,15,0,0,0,0,0,0,-4,2025-07-25 15:11:00,2025-07-25 16:16:00,-12,0
2025-03-15 18:45:00,2025-03-15 21:36:00,AA,ATL,SEA,1696,8.91,10.29,0.28,0.59,13.67,0.052,-0.2904,11,ATL-SEA,171,18,0,0,0,0,0,0,0,2025-03-15 18:45:00,2025-03-15 21:47:00,11,0
2025-09-18 22:20:00,2025-09-19 02:41:00,UA,SFO,BOS,2828,7.7,8.07,1.94,0.42,16.2,-0.2817,-0.6155,99,SFO-BOS,261,22,0,1,0,0,0,0,-10,2025-09-18 22:10:00,2025-09-19 02:34:00,-7,0
2025-09-06 20:45:00,2025-09-07 01:09:00,UA,DEN,ORD,2858,35.49,34.03,7.14,7.32,12.21,-0.2939,-0.1138,98,DEN-ORD,264,20,0,1,0,0,0,0,-10,2025-09-06 20:35:00,2025-09-07 01:01:00,-8,0
2025-06-18 17:50:00,2025-06-18 23:28:00,B6,JFK,ATL,3793,3.63,4.17,14.96,14.39,8.06,0.8555,-0.0804,26,JFK-ATL,338,17,0,0,1,0,0,0,12,2025-06-18 18:02:00,2025-06-18 23:45:00,17,1
2025-03-08 23:10:00,2025-03-09 05:39:00,AA,SEA,ORD,4420,19.2,17.61,0.0,0.0,15.78,-0.6491,-0.1998,51,SEA-ORD,389,23,0,1,0,0,0,0,22,2025-03-08 23:32:00,2025-03-09 05:53:00,14,0
2025-07-05 16:50:00,2025-07-05 20:04:00,UA,SFO,SEA,1991,2.59,4.46,0.65,0.36,18.52,-0.1355,-0.694,17,SFO-SEA,194,16,0,0,0,0,0,0,-4,2025-07-05 16:46:00,2025-07-05 19:58:00,-6,0
2025-09-04 16:40:00,2025-09-04 18:57:00,AA,SEA,ORD,1278,11.86,10.11,0.0,0.83,11.3,-0.4373,-0.756,87,SEA-ORD,137,16,0,0,0,0,0,0,4,2025-09-04 16:44:00,2025-09-04 18:57:00,0,0
2025-05-17 13:40:00,2025-05-17 15:09:00,WN,DFW,BOS,680,24.31,23.35,3.2,3.73,16.18,1.6447,0.697,77,DFW-BOS,89,13,0,0,0,0,0,0,-7,2025-05-17 13:33:00,2025-05-17 15:08:00,-1,0
2025-04-07 18:45:00,2025-04-08 00:43:00,UA,SEA,ORD,4043,2.3,4.95,18.76,19.45,4.13,-0.0012,-0.7011,13,SEA-ORD,358,18,0,0,1,1,0,0,16,2025-04-07 19:01:00,2025-04-08 01:15:00,32,1
2025-07-04 01:10:00,2025-07-04 04:14:00,DL,ATL,BOS,1868,18.19,18.43,12.59,12.53,13.35,0.007,0.7264,0,ATL-BOS,184,1,1,1,1,0,1,0,25,2025-07-04 01:35:00,2025-07-04 05:08:00,54,1
2025-05-10 12:40:00,2025-05-10 18:41:00,B6,DEN,LAX,4073,10.84,8.02,0.46,0.0,14.75,-0.2489,0.2706,96,DEN-LAX,361,12,0,0,0,0,0,0,11,2025-05-10 12:51:00,2025-05-10 19:02:00,21,1
2025-05-27 10:10:00,2025-05-27 13:06:00,B6,BOS,ORD,1761,2.6,2.72,0.53,1.09,17.78,0.4558,0.3527,47,BOS-ORD,176,10,0,0,0,0,0,0,-10,2025-05-27 10:00:00,2025-05-27 13:01:00,-5,0
2025-05-08 21:15:00,2025-05-09 02:28:00,AA,JFK,BOS,3475,21.6,18.94,0.48,0.0,16.29,-0.3979,-0.2456,21,JFK-BOS,313,21,0,1,0,0,0,0,-7,2025-05-08 21:08:00,2025-05-09 02:22:00,-6,0
2025-04-21 01:00:00,2025-04-21 05:35:00,UA,SFO,ATL,3002,14.24,15.6,0.19,0.0,15.66,-0.4429,-0.7044,37,SFO-ATL,275,1,0,1,0,0,0,0,-3,2025-04-21 00:57:00,2025-04-21 05:35:00,0,0
2025-09-19 15:10:00,2025-09-19 20:09:00,WN,ORD,ATL,3296,4.41,6.17,0.81,0.06,15.33,-0.4421,-0.1412,30,ORD-ATL,299,15,0,0,0,0,0,0,-4,2025-09-19 15:06:00,2025-09-19 20:04:00,-5,0
2025-06-17 04:50:00,2025-06-17 09:28:00,DL,SFO,ORD,3039,15.29,14.88,0.0,0.0,17.21,0.0753,0.2334,25,SFO-ORD,278,4,0,1,0,0,0,0,33,2025-06-17 05:23:00,2025-06-17 10:14:00,46,1
2025-06-20 21:15:00,2025-06-20 23:57:00,UA,BOS,LAX,1589,1.32,2.87,0.0,0.54,17.06,1.0923,-0.0059,81,BOS-LAX,162,21,0,1,0,0,0,0,5,2025-06-20 21:20:00,2025-06-20 23:55:00,-2,0
2025-08-27 20:20:00,2025-08-27 21:54:00,AA,ORD,BOS,732,4.94,9.38,0.0,0.0,14.8,-0.3116,0.7697,45,ORD-BOS,94,20,0,1,0,0,0,0,-1,2025-08-27 20:19:00,2025-08-27 21:51:00,-3,0
2025-05-12 05:20:00,2025-05-12 06:23:00,UA,ORD,JFK,345,10.95,9.28,1.04,2.77,14.67,-1.3033,-0.7612,16,ORD-JFK,63,5,0,0,0,0,0,0,17,2025-05-12 05:37:00,2025-05-12 06:37:00,14,0
2025-02-06 20:40:00,2025-02-07 00:00:00,AA,JFK,SEA,2064,10.5,12.21,0.33,0.0,16.94,-1.4821,0.4586,50,JFK-SEA,200,20,0,1,0,0,0,0,-10,2025-02-06 20:30:00,2025-02-06 23:53:00,-7,0
2025-11-08 11:30:00,2025-11-08 17:29:00,B6,ATL,DEN,4044,13.93,12.61,1.82,1.08,19.29,2.9084,0.0712,86,ATL-DEN,359,11,0,0,0,0,0,0,6,2025-11-08 11:36:00,2025-11-08 17:31:00,2,0
2025-01-21 23:30:00,2025-01-22 04:05:00,AA,ATL,LAX,2998,35.4,38.01,0.0,1.02,12.54,-0.8179,0.1983,42,ATL-LAX,275,23,0,1,0,0,0,0,-1,2025-01-21 23:29:00,2025-01-22 04:04:00,-1,0
2025-07-28 17:45:00,2025-07-28 22:30:00,AA,SFO,DEN,3131,2.43,2.88,25.77,25.98,5.9,1.9036,-0.6441,71,SFO-DEN,285,17,0,0,1,1,0,0,21,2025-07-28 18:06:00,2025-07-28 23:19:00,49,1
2025-04-08 00:20:00,2025-04-08 02:46:00,UA,DEN,SEA,1387,11.12,11.07,0.0,1.04,14.37,-0.2362,0.3007,91,DEN-SEA,146,0,0,1,0,0,0,0,14,2025-04-08 00:34:00,2025-04-08 02:59:00,13,0
2025-03-20 04:45:00,2025-03-20 08:27:00,UA,LAX,DFW,2341,11.58,14.52,0.0,0.0,13.88,-0.957,0.0463,59,LAX-DFW,222,4,0,1,0,0,0,0,9,2025-03-20 04:54:00,2025-03-20 08:37:00,10,0
2025-01-16 09:50:00,2025-01-16 13:06:00,AA,SFO,DFW,2009,20.89,23.47,0.0,0.0,16.88,-0.0776,0.946,98,SFO-DFW,196,9,0,0,0,0,0,0,-4,2025-01-16 09:46:00,2025-01-16 13:00:00,-6,0
2025-11-25 05:40:00,2025-11-25 07:25:00,UA,JFK,SEA,872,8.03,11.32,0.0,2.67,4.3,0.628,0.2361,61,JFK-SEA,105,5,0,0,0,1,0,0,13,2025-11-25 05:53:00,2025-11-25 07:34:00,9,0
2025-06-06 03:00:00,2025-06-06 07:25:00,WN,BOS,SEA,2877,0.8,0.17,0.0,0.52,15.16,-0.2238,0.0507,7,BOS-SEA,265,3,0,1,0,0,0,0,0,2025-06-06 03:00:00,2025-06-06 07:18:00,-7,0
2025-05-06 23:15:00,2025-05-07 02:16:00,UA,JFK,DFW,1826,10.39,11.1,0.38,0.23,14.96,-0.6012,-0.6041,68,JFK-DFW,181,23,0,1,0,0,0,0,7,2025-05-06 23:22:00,2025-05-07 02:18:00,2,0
2025-09-28 20:30:00,2025-09-28 23:44:00,AA,DEN,LAX,1992,3.13,1.76,15.35,15.99,10.22,-1.5589,-0.6831,87,DEN-LAX,194,20,0,1,1,0,0,0,12,2025-09-28 20:42:00,2025-09-28 23:59:00,15,1
2025-01-15 10:20:00,2025-01-15 14:39:00,AA,BOS,DFW,2806,19.93,18.14,0.84,0.0,10.39,-0.626,-0.0723,35,BOS-DFW,259,10,0,0,0,0,0,0,1,2025-01-15 10:21:00,2025-01-15 14:52:00,13,0
2025-07-26 05:15:00,2025-07-26 06:24:00,WN,SEA,LAX,429,11.59,11.44,4.03,5.04,12.82,0.4038,0.4,55,SEA-LAX,69,5,0,0,0,0,0,0,4,2025-07-26 05:19:00,2025-07-26 06:48:00,24,1
2025-06-30 04:15:00,2025-06-30 10:29:00,B6,DFW,BOS,4232,13.09,11.92,1.04,0.0,18.86,-1.5444,-0.7585,31,DFW-BOS,374,4,0,1,0,0,0,0,-8,2025-06-30 04:07:00,2025-06-30 10:25:00,-4,0
2025-07-22 21:00:00,2025-07-22 23:14:00,UA,ORD,BOS,1234,4.76,2.56,0.0,0.17,13.45,-0.4366,0.791,45,ORD-BOS,134,21,0,1,0,0,0,0,16,2025-07-22 21:16:00,2025-07-22 23:35:00,21,1
2025-02-15 07:10:00,2025-02-15 11:57:00,WN,ORD,SEA,3152,5.6,2.19,0.92,0.0,17.0,0.2664,0.7019,48,ORD-SEA,287,7,0,0,0,0,0,0,-4,2025-02-15 07:06:00,2025-02-15 11:50:00,-7,0
2025-12-14 00:45:00,2025-12-14 06:05:00,DL,JFK,BOS,3559,14.76,17.9,0.0,0.67,17.5,1.1957,-0.9718,75,JFK-BOS,320,0,0,1,0,0,0,0,2,2025-12-14 00:47:00,2025-12-14 06:04:00,-1,0
2025-03-29 09:00:00,2025-03-29 10:51:00,AA,JFK,LAX,946,7.59,7.54,0.26,1.18,16.17,-1.11,0.5749,63,JFK-LAX,111,9,0,0,0,0,0,0,-4,2025-03-29 08:56:00,2025-03-29 10:46:00,-5,0
2025-09-05 10:45:00,2025-09-05 13:07:00,UA,BOS,ORD,1343,4.03,5.13,0.0,1.15,16.25,2.0385,0.8631,73,BOS-ORD,142,10,0,0,0,0,0,0,-10,2025-09-05 10:35:00,2025-09-05 13:08:00,1,0
2025-09-30 14:15:00,2025-09-30 17:33:00,AA,JFK,BOS,2032,22.29,21.32,0.0,0.44,14.32,0.4594,0.2338,42,JFK-BOS,198,14,0,0,0,0,0,0,3,2025-09-30 14:18:00,2025-09-30 17:14:00,-19,0
2025-05-06 08:45:00,2025-05-06 14:19:00,UA,ORD,SFO,3734,12.24,13.48,6.76,6.54,10.1,-1.1677,0.3625,81,ORD-SFO,334,8,0,0,0,0,0,0,6,2025-05-06 08:51:00,2025-05-06 14:10:00,-9,0
2025-02-17 22:15:00,2025-02-18 02:48:00,DL,BOS,DFW,2970,8.25,4.26,0.0,0.0,16.5,0.148,-0.6337,18,BOS-DFW,273,22,1,1,0,0,1,0,80,2025-02-17 23:35:00,2025-02-18 04:53:00,125,1
2025-04-19 15:45:00,2025-04-19 19:21:00,AA,DEN,SFO,2261,10.62,9.57,0.0,0.45,19.07,-0.7231,0.0583,10,DEN-SFO,216,15,0,0,0,0,0,0,1,2025-04-19 15:46:00,2025-04-19 19:26:00,5,0
2025-10-22 23:30:00,2025-10-23 05:14:00,B6,ORD,DFW,3867,5.25,6.96,0.54,0.0,17.4,-1.5662,-0.1063,27,ORD-DFW,344,23,0,1,0,0,0,0,23,2025-10-22 23:53:00,2025-10-23 05:39:00,25,1
2025-11-27 08:45:00,2025-11-27 12:23:00,UA,SFO,DFW,2286,15.36,14.12,0.0,0.0,11.86,-0.161,-0.3861,5,SFO-DFW,218,8,1,0,0,0,0,0,30,2025-11-27 09:15:00,2025-11-27 13:03:00,40,1
2025-12-08 15:00:00,2025-12-08 20:57:00,WN,DFW,LAX,4021,4.62,5.65,0.0,0.0,14.4,-0.1341,-0.0332,22,DFW-LAX,357,15,0,0,0,0,0,0,9,2025-12-08 15:09:00,2025-12-08 20:47:00,-10,0
2025-03-24 08:45:00,2025-03-24 14:03:00,WN,SEA,BOS,3536,18.05,18.65,1.07,0.79,17.71,0.2792,-0.9569,69,SEA-BOS,318,8,0,0,0,0,0,0,7,2025-03-24 08:52:00,2025-03-24 14:00:00,-3,0
2025-08-10 16:15:00,2025-08-10 18:12:00,B6,BOS,LAX,1023,3.46,10.13,1.31,0.0,16.68,-0.9488,-0.5163,33,BOS-LAX,117,16,0,0,0,0,0,0,7,2025-08-10 16:22:00,2025-08-10 18:29:00,17,1
2025-02-25 17:15:00,2025-02-25 20:23:00,WN,LAX,SFO,1909,2.22,2.34,0.0,0.0,13.28,-0.8779,-0.3201,65,LAX-SFO,188,17,0,0,0,0,0,0,2,2025-02-25 17:17:00,2025-02-25 20:30:00,7,0
2025-09-17 07:00:00,2025-09-17 08:07:00,DL,SFO,LAX,405,3.25,2.14,0.89,0.0,17.19,0.9411,-0.6324,6,SFO-LAX,67,7,0,0,0,0,0,0,0,2025-09-17 07:00:00,2025-09-17 07:52:00,-15,0
2025-06-01 22:50:00,2025-06-02 01:09:00,B6,DFW,ATL,1301,7.34,6.96,1.06,0.0,17.2,0.7614,-0.6906,84,DFW-ATL,139,22,0,1,0,0,0,0,-1,2025-06-01 22:49:00,2025-06-02 01:10:00,1,0
2025-09-18 20:40:00,2025-09-18 21:47:00,B6,JFK,ORD,394,6.89,4.68,0.0,0.73,10.33,-1.245,0.0889,62,JFK-ORD,67,20,0,1,0,0,0,0,8,2025-09-18 20:48:00,2025-09-18 22:05:00,18,1
2025-09-08 21:50:00,2025-09-08 23:24:00,WN,BOS,ATL,741,1.86,0.93,35.47,36.47,0.2,-1.671,0.8953,83,BOS-ATL,94,21,0,1,1,1,0,0,64,2025-09-08 22:54:00,2025-09-09 00:57:00,93,1
2025-12-29 05:30:00,2025-12-29 06:30:00,AA,JFK,ATL,317,3.08,4.34,2.24,3.13,15.04,-1.1207,0.0752,74,JFK-ATL,60,5,0,0,0,0,0,0,6,2025-12-29 05:36:00,2025-12-29 06:37:00,7,0
2025-06-28 17:10:00,2025-06-28 21:55:00,UA,LAX,DEN,3122,13.42,8.63,0.0,0.22,14.24,1.1186,0.4947,47,LAX-DEN,285,17,0,0,0,0,0,0,4,2025-06-28 17:14:00,2025-06-28 22:07:00,12,0
2025-05-05 02:15:00,2025-05-05 05:32:00,B6,SFO,DEN,2020,12.22,11.84,0.4,0.0,18.21,-2.8895,-0.3089,45,SFO-DEN,197,2,0,1,0,0,0,0,-8,2025-05-05 02:07:00,2025-05-05 05:22:00,-10,0
2025-07-12 02:20:00,2025-07-12 05:57:00,DL,BOS,ATL,2273,10.68,9.08,0.0,0.0,19.05,-0.585,0.9549,35,BOS-ATL,217,2,0,1,0,0,0,0,12,2025-07-12 02:32:00,2025-07-12 06:13:00,16,1
2025-03-01 23:10:00,2025-03-02 04:26:00,B6,DFW,ATL,3510,22.53,20.65,0.04,0.55,15.93,0.9237,-0.2898,48,DFW-ATL,316,23,0,1,0,0,0,0,16,2025-03-01 23:26:00,2025-03-02 04:58:00,32,1
2025-02-10 03:50:00,2025-02-10 09:21:00,UA,LAX,SEA,3699,14.11,15.12,0.03,0.72,13.85,0.193,0.8808,47,LAX-SEA,331,3,0,1,0,0,0,0,-4,2025-02-10 03:46:00,2025-02-10 09:17:00,-4,0
2025-07-09 20:50:00,2025-07-10 00:48:00,UA,SFO,JFK,2538,7.26,9.27,4.13,3.6,14.57,-0.1518,0.7331,32,SFO-JFK,238,20,0,1,0,0,0,0,0,2025-07-09 20:50:00,2025-07-10 00:57:00,9,0
2025-10-29 10:30:00,2025-10-29 14:03:00,B6,DEN,BOS,2222,43.7,47.16,0.0,0.0,15.3,0.9216,0.6781,23,DEN-BOS,213,10,0,0,0,0,0,0,-2,2025-10-29 10:28:00,2025-10-29 14:04:00,1,0
2025-07-14 07:30:00,2025-07-14 12:07:00,DL,ORD,DFW,3029,4.59,2.62,0.0,0.0,17.54,-0.2228,0.9142,12,ORD-DFW,277,7,0,0,0,0,0,0,-3,2025-07-14 07:27:00,2025-07-14 12:09:00,2,0
2025-10-13 01:40:00,2025-10-13 04:58:00,B6,SEA,ORD,2042,1.74,0.34,0.0,0.14,14.55,-0.5458,0.7396,17,SEA-ORD,198,1,0,1,0,0,0,0,9,2025-10-13 01:49:00,2025-10-13 05:01:00,3,0
2025-03-06 16:40:00,2025-03-06 20:08:00,B6,LAX,ORD,2158,15.14,18.88,0.0,0.93,18.48,0.7512,0.8619,16,LAX-ORD,208,16,0,0,0,0,0,0,-2,2025-03-06 16:38:00,2025-03-06 19:59:00,-9,0
2025-06-14 17:00:00,2025-06-14 19:39:00,WN,DFW,DEN,1555,31.74,28.93,0.0,0.66,16.37,1.915,-0.0114,80,DFW-DEN,159,17,0,0,0,0,0,0,-8,2025-06-14 16:52:00,2025-06-14 19:42:00,3,0
2025-08-12 11:30:00,2025-08-12 13:33:00,AA,DEN,BOS,1096,18.43,15.29,0.0,0.0,17.37,-2.2775,-0.5381,48,DEN-BOS,123,11,0,0,0,0,0,0,7,2025-08-12 11:37:00,2025-08-12 13:43:00,10,0
2025-05-07 19:45:00,2025-05-07 21:51:00,AA,DEN,SFO,1137,8.37,10.32,22.55,23.89,4.49,-0.7849,0.3176,19,DEN-SFO,126,19,0,0,1,1,0,1,47,2025-05-07 20:32:00,2025-05-07 22:50:00,59,1
2025-01-06 07:45:00,2025-01-06 12:24:00,DL,ATL,LAX,3052,7.19,5.69,3.62,2.93,15.47,-0.3074,-0.0813,89,ATL-LAX,279,7,0,0,0,0,0,0,-1,2025-01-06 07:44:00,2025-01-06 12:14:00,-10,0
2025-01-27 13:30:00,2025-01-27 19:08:00,AA,BOS,SFO,3787,15.06,15.78,17.97,17.54,8.19,-0.5641,-0.8282,20,BOS-SFO,338,13,0,0,1,0,0,0,3,2025-01-27 13:33:00,2025-01-27 19:14:00,6,0
2025-12-05 06:50:00,2025-12-05 10:11:00,DL,DFW,DEN,2079,6.68,5.01,0.76,0.85,16.24,0.0605,0.7485,18,DFW-DEN,201,6,0,0,0,0,0,0,-10,2025-12-05 06:40:00,2025-12-05 10:12:00,1,0
2025-08-09 13:30:00,2025-08-09 15:01:00,B6,BOS,DEN,699,10.3,7.58,0.0,0.96,14.7,-0.0216,-0.9999,11,BOS-DEN,91,13,0,0,0,0,0,0,-1,2025-08-09 13:29:00,2025-08-09 14:55:00,-6,0
2025-04-07 03:20:00,2025-04-07 07:44:00,WN,ATL,DFW,2863,23.6,25.41,0.0,0.98,16.27,-1.2215,-0.3739,41,ATL-DFW,264,3,0,1,0,0,0,0,10,2025-04-07 03:30:00,2025-04-07 08:06:00,22,1
2025-04-05 11:20:00,2025-04-05 17:22:00,B6,ORD,DEN,4088,0.0,0.99,0.64,0.0,14.89,0.5721,-0.9409,27,ORD-DEN,362,11,0,0,0,0,0,0,-10,2025-04-05 11:10:00,2025-04-05 17:21:00,-1,0
2025-01-15 13:40:00,2025-01-15 17:36:00,UA,ATL,ORD,2515,10.73,14.91,0.0,0.07,16.59,-0.1215,-0.2365,98,ATL-ORD,236,13,0,0,0,0,0,0,11,2025-01-15 13:51:00,2025-01-15 18:04:00,28,1
2025-12-11 13:50:00,2025-12-11 14:58:00,UA,BOS,ORD,413,7.36,3.65,21.37,20.38,7.24,1.2502,-0.7969,2,BOS-ORD,68,13,0,0,1,0,0,0,31,2025-12-11 14:21:00,2025-12-11 15:33:00,35,1
2025-02-09 10:10:00,2025-02-09 11:37:00,DL,LAX,ATL,644,7.97,9.83,1.48,0.9,17.08,1.0675,0.4942,49,LAX-ATL,87,10,0,0,0,0,0,0,7,2025-02-09 10:17:00,2025-02-09 11:30:00,-7,0
2025-10-05 15:15:00,2025-10-05 19:09:00,UA,SFO,LAX,2493,6.75,7.79,0.0,0.0,17.51,-0.2127,0.3753,12,SFO-LAX,234,15,0,0,0,0,0,0,10,2025-10-05 15:25:00,2025-10-05 19:11:00,2,0
2025-03-29 12:40:00,2025-03-29 18:28:00,UA,ORD,DFW,3918,8.92,6.86,0.0,0.0,16.67,0.5306,-0.9548,47,ORD-DFW,348,12,0,0,0,0,0,0,11,2025-03-29 12:51:00,2025-03-29 18:44:00,16,1
2025-05-03 06:45:00,2025-05-03 08:04:00,AA,ATL,LAX,544,40.02,39.55,21.24,21.49,7.89,-2.2953,-0.6873,51,ATL-LAX,79,6,0,0,1,0,0,0,-3,2025-05-03 06:42:00,2025-05-03 08:22:00,18,1
2025-04-10 05:20:00,2025-04-10 10:32:00,AA,BOS,DFW,3465,16.23,17.56,0.0,0.0,17.0,-2.1279,-0.718,14,BOS-DFW,312,5,0,0,0,0,0,0,14,2025-04-10 05:34:00,2025-04-10 10:50:00,18,1
2025-10-28 15:40:00,2025-10-28 21:01:00,UA,ORD,JFK,3574,15.48,14.96,0.72,0.0,16.06,1.0915,0.5819,86,ORD-JFK,321,15,0,0,0,0,0,0,31,2025-10-28 16:11:00,2025-10-28 21:23:00,22,1
2025-01-12 22:00:00,2025-01-12 23:16:00,UA,ORD,BOS,516,10.63,9.79,0.4,0.0,17.4,-0.1377,0.1865,97,ORD-BOS,76,22,0,1,0,0,0,0,-1,2025-01-12 21:59:00,2025-01-12 23:27:00,11,0
2025-05-09 18:15:00,2025-05-09 20:25:00,WN,DFW,DEN,1188,9.55,8.11,12.45,12.23,0.41,1.2694,-0.0134,96,DFW-DEN,130,18,0,0,1,1,0,0,21,2025-05-09 18:36:00,2025-05-09 21:16:00,51,1
2025-04-12 15:50:00,2025-04-12 16:50:00,AA,SFO,BOS,316,9.31,11.03,0.25,0.41,16.48,1.0972,0.7824,90,SFO-BOS,60,15,0,0,0,0,0,0,-7,2025-04-12 15:43:00,2025-04-12 16:50:00,0,0
2025-04-10 22:30:00,2025-04-11 02:39:00,AA,SEA,ORD,2676,14.28,13.64,0.0,0.41,18.9,-1.5349,-0.4811,29,SEA-ORD,249,22,0,1,0,0,0,0,4,2025-04-10 22:34:00,2025-04-11 02:25:00,-14,0
2025-03-12 21:45:00,2025-03-12 23:43:00,B6,ORD,SFO,1034,14.4,14.32,7.02,8.01,5.01,0.6531,-0.4347,43,ORD-SFO,118,21,0,1,0,1,0,1,22,2025-03-12 22:07:00,2025-03-13 00:40:00,57,1
2025-11-30 12:10:00,2025-11-30 18:17:00,UA,ORD,DFW,4149,32.79,33.45,0.07,0.0,17.43,-0.7844,0.5922,39,ORD-DFW,367,12,0,0,0,0,0,0,4,2025-11-30 12:14:00,2025-11-30 18:13:00,-4,0
2025-05-19 02:15:00,2025-05-19 03:45:00,DL,SEA,SFO,682,8.71,6.9,0.0,0.0,13.72,-0.3039,-0.919,15,SEA-SFO,90,2,0,1,0,0,0,0,-1,2025-05-19 02:14:00,2025-05-19 03:48:00,3,0
2025-06-02 15:50:00,2025-06-02 20:27:00,DL,BOS,LAX,3026,24.04,21.04,3.04,2.68,15.05,-1.2755,0.3978,22,BOS-LAX,277,15,0,0,0,0,0,0,0,2025-06-02 15:50:00,2025-06-02 20:28:00,1,0
2025-05-21 14:50:00,2025-05-21 20:13:00,AA,ORD,SEA,3604,28.4,30.79,0.0,0.36,15.59,0.9939,0.09,63,ORD-SEA,323,14,0,0,0,0,0,0,3,2025-05-21 14:53:00,2025-05-21 20:13:00,0,0
2025-12-24 06:50:00,2025-12-24 08:49:00,B6,SFO,LAX,1048,16.13,16.08,32.58,30.91,3.38,0.4884,-0.0687,49,SFO-LAX,119,6,1,0,1,1,0,0,27,2025-12-24 07:17:00,2025-12-24 09:35:00,46,1
2025-05-04 20:15:00,2025-05-04 22:39:00,B6,DEN,SEA,1360,8.82,9.04,0.0,0.0,17.04,-0.6023,-0.9201,7,DEN-SEA,144,20,0,1,0,0,0,0,-1,2025-05-04 20:14:00,2025-05-04 22:32:00,-7,0
2025-05-05 20:45:00,2025-05-06 02:12:00,WN,ATL,BOS,3646,18.54,15.56,0.0,0.54,19.55,-0.7789,-0.6542,64,ATL-BOS,327,20,0,1,0,0,0,0,2,2025-05-05 20:47:00,2025-05-06 02:14:00,2,0
2025-04-30 07:20:00,2025-04-30 08:50:00,WN,DFW,LAX,689,1.56,3.55,0.0,0.27,15.49,0.7733,-0.3217,94,DFW-LAX,90,7,0,0,0,0,0,0,7,2025-04-30 07:27:00,2025-04-30 08:44:00,-6,0
2025-04-30 11:45:00,2025-04-30 15:12:00,B6,DEN,SEA,2154,31.79,30.82,0.0,0.73,17.83,-0.7876,0.2781,83,DEN-SEA,207,11,0,0,0,0,0,0,-1,2025-04-30 11:44:00,2025-04-30 15:05:00,-7,0
2025-02-02 04:45:00,2025-02-02 07:08:00,WN,SFO,ATL,1350,18.34,18.86,20.24,19.19,2.71,-0.6086,-0.584,36,SFO-ATL,143,4,0,1,1,1,0,0,2,2025-02-02 04:47:00,2025-02-02 07:29:00,21,1
2025-08-09 04:20:00,2025-08-09 05:23:00,DL,JFK,LAX,355,7.88,6.75,0.0,0.0,17.49,-0.7334,0.9995,27,JFK-LAX,63,4,0,1,0,0,0,0,2,2025-08-09 04:22:00,2025-08-09 05:19:00,-4,0
2025-01-10 06:15:00,2025-01-10 09:46:00,AA,LAX,SEA,2196,8.49,7.18,1.05,0.0,16.95,-0.7434,0.8597,71,LAX-SEA,211,6,0,0,0,0,0,0,4,2025-01-10 06:19:00,2025-01-10 09:40:00,-6,0
2025-03-24 08:50:00,2025-03-24 12:33:00,AA,SFO,ATL,2344,2.17,3.78,0.0,0.86,13.7,0.6791,0.5369,85,SFO-ATL,223,8,0,0,0,0,0,0,23,2025-03-24 09:13:00,2025-03-24 12:43:00,10,0
2025-03-15 06:20:00,2025-03-15 09:16:00,UA,SEA,JFK,1758,18.98,17.18,0.0,1.04,18.64,0.227,0.382,57,SEA-JFK,176,6,0,0,0,0,0,0,1,2025-03-15 06:21:00,2025-03-15 09:15:00,-1,0
2025-04-17 03:20:00,2025-04-17 08:52:00,B6,ORD,ATL,3712,10.18,6.77,7.36,7.19,17.73,-0.563,0.5358,64,ORD-ATL,332,3,0,1,0,0,0,0,6,2025-04-17 03:26:00,2025-04-17 08:43:00,-9,0
2025-10-04 10:40:00,2025-10-04 12:11:00,DL,SFO,BOS,703,30.71,27.24,0.21,1.51,16.67,-1.0532,0.4409,45,SFO-BOS,91,10,0,0,0,0,0,0,1,2025-10-04 10:41:00,2025-10-04 12:01:00,-10,0
2025-08-07 14:50:00,2025-08-07 18:13:00,UA,ORD,JFK,2105,3.42,2.95,0.32,0.0,14.68,-0.0184,-0.0522,89,ORD-JFK,203,14,0,0,0,0,0,0,1,2025-08-07 14:51:00,2025-08-07 18:13:00,0,0
2025-12-28 07:10:00,2025-12-28 09:10:00,B6,DEN,SEA,1058,6.73,8.75,1.58,0.0,18.83,-0.2695,-0.7912,37,DEN-SEA,120,7,0,0,0,0,0,0,9,2025-12-28 07:19:00,2025-12-28 09:09:00,-1,0
2025-05-09 12:50:00,2025-05-09 18:04:00,UA,ORD,ATL,3485,5.25,2.48,0.0,0.0,17.81,0.7778,-0.6533,23,ORD-ATL,314,12,0,0,0,0,0,0,14,2025-05-09 13:04:00,2025-05-09 17:59:00,-5,0
2025-12-05 06:20:00,2025-12-05 10:26:00,B6,DEN,SEA,2638,0.0,2.36,7.66,7.36,9.56,-0.7263,0.7074,1,DEN-SEA,246,6,0,0,0,0,0,0,4,2025-12-05 06:24:00,2025-12-05 10:27:00,1,0
2025-01-17 16:00:00,2025-01-17 20:56:00,WN,DEN,BOS,3263,16.47,14.59,0.0,1.06,16.65,0.4298,0.8248,32,DEN-BOS,296,16,0,0,0,0,0,0,10,2025-01-17 16:10:00,2025-01-17 20:58:00,2,0
2025-07-04 15:15:00,2025-07-04 16:50:00,UA,LAX,SEA,751,2.55,1.78,0.69,1.27,18.68,-0.256,-0.1093,7,LAX-SEA,95,15,1,0,0,0,0,0,-10,2025-07-04 15:05:00,2025-07-04 16:40:00,-10,0
2025-10-19 23:20:00,2025-10-20 02:53:00,WN,DEN,BOS,2219,4.47,7.75,4.54,5.29,12.88,0.2884,0.4289,1,DEN-BOS,213,23,0,1,0,0,0,0,-8,2025-10-19 23:12:00,2025-10-20 02:53:00,0,0
2025-07-14 01:40:00,2025-07-14 02:56:00,WN,ATL,JFK,512,4.16,7.9,0.15,0.5,14.91,1.6242,0.5477,50,ATL-JFK,76,1,0,1,0,0,0,0,-4,2025-07-14 01:36:00,2025-07-14 02:48:00,-8,0
2025-12-07 20:30:00,2025-12-07 23:18:00,B6,SFO,ORD,1657,7.41,8.3,4.35,7.0,15.37,-0.2627,0.1756,47,SFO-ORD,168,20,0,1,0,0,0,0,3,2025-12-07 20:33:00,2025-12-07 23:00:00,-18,0
2025-04-25 08:10:00,2025-04-25 14:27:00,WN,LAX,JFK,4270,24.0,26.95,0.0,0.0,17.88,2.1733,-0.829,33,LAX-JFK,377,8,0,0,0,0,0,0,-2,2025-04-25 08:08:00,2025-04-25 14:36:00,9,0
2025-01-13 01:20:00,2025-01-13 06:23:00,AA,ORD,DFW,3351,12.55,13.92,0.0,1.19,18.06,-0.2153,-0.9308,37,ORD-DFW,303,1,0,1,0,0,0,0,-3,2025-01-13 01:17:00,2025-01-13 06:12:00,-11,0
2025-10-10 16:10:00,2025-10-10 17:35:00,DL,SEA,ORD,629,11.45,11.23,0.0,0.28,18.12,-1.0422,-0.5821,51,SEA-ORD,85,16,0,0,0,0,0,0,3,2025-10-10 16:13:00,2025-10-10 17:38:00,3,0
2025-01-25 04:15:00,2025-01-25 07:18:00,AA,LAX,ATL,1849,9.25,10.62,0.0,0.21,15.93,1.5668,-0.4503,94,LAX-ATL,183,4,0,1,0,0,0,0,9,2025-01-25 04:24:00,2025-01-25 07:21:00,3,0
2025-10-07 04:40:00,2025-10-07 10:32:00,DL,LAX,SEA,3957,8.19,7.88,0.0,0.0,17.56,1.8142,-0.6367,19,LAX-SEA,352,4,0,1,0,0,0,0,19,2025-10-07 04:59:00,2025-10-07 11:00:00,28,1
2025-09-25 23:45:00,2025-09-26 01:41:00,DL,SEA,ORD,1014,8.49,9.63,0.0,0.34,17.68,-0.9366,-0.1055,78,SEA-ORD,116,23,0,1,0,0,0,0,9,2025-09-25 23:54:00,2025-09-26 01:48:00,7,0
2025-11-05 05:10:00,2025-11-05 10:23:00,AA,DEN,ORD,3479,9.64,10.21,0.0,1.15,17.69,-0.7893,0.1536,6,DEN-ORD,313,5,0,0,0,0,0,0,-2,2025-11-05 05:08:00,2025-11-05 10:23:00,0,0
2025-06-24 13:30:00,2025-06-24 16:17:00,UA,SEA,DFW,1647,24.6,24.74,0.0,0.0,15.85,0.8184,-0.683,93,SEA-DFW,167,13,0,0,0,0,0,0,-4,2025-06-24 13:26:00,2025-06-24 16:14:00,-3,0
2025-11-23 04:20:00,2025-11-23 07:59:00,B6,ORD,DFW,2303,8.42,6.21,0.0,0.8,18.22,0.5724,0.3232,33,ORD-DFW,219,4,0,1,0,0,0,0,18,2025-11-23 04:38:00,2025-11-23 08:10:00,11,0
2025-03-03 02:15:00,2025-03-03 08:09:00,WN,BOS,LAX,3982,18.88,20.8,0.03,0.0,16.08,-0.8097,0.5762,77,BOS-LAX,354,2,0,1,0,0,0,0,1,2025-03-03 02:16:00,2025-03-03 08:09:00,0,0
2025-06-08 00:40:00,2025-06-08 05:25:00,B6,BOS,LAX,3124,3.85,8.46,0.0,0.0,12.68,-0.8951,0.945,60,BOS-LAX,285,0,0,1,0,0,0,0,0,2025-06-08 00:40:00,2025-06-08 05:38:00,13,0
2025-02-14 00:10:00,2025-02-14 02:44:00,WN,SEA,SFO,1490,16.59,17.27,0.0,0.0,15.76,0.285,0.5702,33,SEA-SFO,154,0,0,1,0,0,0,0,-1,2025-02-14 00:09:00,2025-02-14 02:42:00,-2,0
2025-10-07 11:45:00,2025-10-07 12:47:00,B6,SFO,SEA,337,23.56,25.27,0.0,1.58,15.11,-0.1359,0.4321,24,SFO-SEA,62,11,0,0,0,0,0,0,14,2025-10-07 11:59:00,2025-10-07 12:58:00,11,0
2025-09-18 10:20:00,2025-09-18 12:38:00,UA,SFO,ATL,1286,11.15,11.04,21.61,23.29,5.59,0.5774,-0.7801,57,SFO-ATL,138,10,0,0,1,1,0,0,12,2025-09-18 10:32:00,2025-09-18 13:10:00,32,1
2025-10-22 00:00:00,2025-10-22 03:19:00,UA,ATL,BOS,2054,5.99,8.92,1.74,0.47,16.13,0.5738,0.4561,12,ATL-BOS,199,0,0,1,0,0,0,0,-7,2025-10-21 23:53:00,2025-10-22 03:18:00,-1,0
2025-10-06 08:45:00,2025-10-06 10:29:00,WN,SFO,SEA,860,14.82,19.54,0.37,0.0,20.2,0.9141,0.3727,68,SFO-SEA,104,8,0,0,0,0,0,0,-7,2025-10-06 08:38:00,2025-10-06 10:23:00,-6,0
2025-04-23 06:45:00,2025-04-23 12:40:00,UA,SEA,DFW,4005,29.18,25.28,0.22,0.0,16.69,-2.0436,-0.169,4,SEA-DFW,355,6,0,0,0,0,0,0,2,2025-04-23 06:47:00,2025-04-23 12:31:00,-9,0
2025-01-25 13:30:00,2025-01-25 14:47:00,UA,ORD,LAX,531,18.64,19.53,0.0,0.0,15.51,1.8642,0.9503,74,ORD-LAX,77,13,0,0,0,0,0,0,-4,2025-01-25 13:26:00,2025-01-25 14:44:00,-3,0
2025-12-06 23:40:00,2025-12-07 03:41:00,B6,JFK,ATL,2570,30.71,26.18,0.07,1.63,17.07,0.5184,-0.5175,72,JFK-ATL,241,23,0,1,0,0,0,0,-7,2025-12-06 23:33:00,2025-12-07 03:44:00,3,0
2025-06-29 16:10:00,2025-06-29 22:37:00,DL,JFK,ATL,4402,7.68,11.78,0.0,0.0,16.81,-0.4328,0.6125,69,JFK-ATL,387,16,0,0,0,0,0,0,-9,2025-06-29 16:01:00,2025-06-29 22:33:00,-4,0
2025-02-04 22:15:00,2025-02-05 01:06:00,AA,DFW,ATL,1706,9.27,10.66,0.34,0.0,15.01,-0.106,0.2559,89,DFW-ATL,171,22,0,1,0,0,0,0,8,2025-02-04 22:23:00,2025-02-05 01:06:00,0,0
2025-12-05 04:15:00,2025-12-05 08:14:00,WN,ATL,ORD,2554,4.15,2.1,10.55,12.81,10.76,0.6488,-0.3547,14,ATL-ORD,239,4,0,1,0,0,0,0,14,2025-12-05 04:29:00,2025-12-05 08:36:00,22,1
2025-12-29 05:45:00,2025-12-29 07:09:00,WN,JFK,ORD,608,5.53,2.01,15.25,15.89,11.01,0.235,0.8081,26,JFK-ORD,84,5,0,0,1,0,0,0,19,2025-12-29 06:04:00,2025-12-29 07:35:00,26,1
2025-06-12 18:15:00,2025-06-12 23:19:00,UA,DEN,SFO,3364,10.13,9.2,6.74,7.35,10.37,0.2491,-0.436,38,DEN-SFO,304,18,0,0,0,0,0,0,-2,2025-06-12 18:13:00,2025-06-12 23:19:00,0,0
2025-10-09 07:40:00,2025-10-09 14:07:00,AA,BOS,ORD,4405,10.23,10.26,1.06,0.44,18.01,-0.0923,-0.7604,91,BOS-ORD,387,7,0,0,0,0,0,0,-9,2025-10-09 07:31:00,2025-10-09 14:08:00,1,0
2025-01-14 20:15:00,2025-01-15 01:34:00,UA,ATL,BOS,3546,14.99,15.14,0.0,0.0,19.8,1.6684,0.8565,3,ATL-BOS,319,20,0,1,0,0,0,0,5,2025-01-14 20:20:00,2025-01-15 01:33:00,-1,0
2025-02-04 11:30:00,2025-02-04 13:19:00,UA,JFK,SEA,927,8.83,6.01,0.23,0.0,13.47,0.34,-0.2543,17,JFK-SEA,109,11,0,0,0,0,0,0,-4,2025-02-04 11:26:00,2025-02-04 13:03:00,-16,0
2025-04-11 04:10:00,2025-04-11 07:07:00,B6,ATL,JFK,1779,6.94,5.86,16.28,18.8,7.53,1.1381,-0.5027,30,ATL-JFK,177,4,0,1,1,0,0,0,21,2025-04-11 04:31:00,2025-04-11 07:34:00,27,1
2025-08-28 20:30:00,2025-08-29 01:32:00,DL,SEA,ATL,3338,33.5,33.77,0.02,0.12,14.07,2.1827,-0.4501,35,SEA-ATL,302,20,0,1,0,0,0,0,7,2025-08-28 20:37:00,2025-08-29 01:47:00,15,1
2025-02-18 13:00:00,2025-02-18 18:27:00,AA,SFO,JFK,3655,0.74,0.0,1.21,0.0,15.7,0.963,-0.7283,77,SFO-JFK,327,13,0,0,0,0,0,0,-4,2025-02-18 12:56:00,2025-02-18 18:29:00,2,0
2025-01-13 19:40:00,2025-01-13 22:55:00,WN,SEA,SFO,1994,1.51,2.78,8.75,9.17,10.53,0.3009,0.5253,20,SEA-SFO,195,19,0,0,0,0,0,0,3,2025-01-13 19:43:00,2025-01-13 22:49:00,-6,0
2025-09-02 10:00:00,2025-09-02 16:22:00,DL,DEN,BOS,4338,5.95,4.82,0.0,2.01,12.52,-1.8401,-0.4442,36,DEN-BOS,382,10,0,0,0,0,0,0,-1,2025-09-02 09:59:00,2025-09-02 16:25:00,3,0
2025-10-09 03:50:00,2025-10-09 05:57:00,DL,BOS,SEA,1154,0.0,0.0,6.95,8.11,14.25,-0.4095,-0.9735,36,BOS-SEA,127,3,0,1,0,0,0,0,27,2025-10-09 04:17:00,2025-10-09 06:18:00,21,1
2025-09-27 16:45:00,2025-09-27 21:53:00,WN,JFK,SFO,3415,2.8,1.97,14.19,16.6,5.99,2.1209,0.9944,4,JFK-SFO,308,16,0,0,1,1,0,1,54,2025-09-27 17:39:00,2025-09-27 23:03:00,70,1
2025-10-19 02:30:00,2025-10-19 06:16:00,DL,ORD,JFK,2385,7.82,8.44,0.86,0.0,17.49,0.3308,0.4125,45,ORD-JFK,226,2,0,1,0,0,0,0,-9,2025-10-19 02:21:00,2025-10-19 06:17:00,1,0
2025-10-21 15:50:00,2025-10-21 20:48:00,DL,ATL,LAX,3289,13.23,15.26,0.0,0.25,14.21,-1.3335,-0.9302,98,ATL-LAX,298,15,0,0,0,0,0,0,1,2025-10-21 15:51:00,2025-10-21 20:41:00,-7,0
2025-08-08 10:45:00,2025-08-08 15:04:00,AA,SEA,ORD,2803,10.62,9.09,8.71,10.08,13.1,-0.2133,0.9322,30,SEA-ORD,259,10,0,0,0,0,0,0,6,2025-08-08 10:51:00,2025-08-08 15:16:00,12,0
2025-07-09 18:10:00,2025-07-09 21:34:00,AA,DFW,LAX,2115,12.36,11.49,0.0,0.0,19.17,-1.1797,0.7907,18,DFW-LAX,204,18,0,0,0,0,0,0,-4,2025-07-09 18:06:00,2025-07-09 21:36:00,2,0
2025-11-09 20:40:00,2025-11-10 02:13:00,AA,SEA,ATL,3724,15.24,19.25,0.0,0.0,14.14,-0.4576,0.1609,25,SEA-ATL,333,20,0,1,0,0,0,0,-6,2025-11-09 20:34:00,2025-11-10 02:01:00,-12,0
2025-05-08 09:20:00,2025-05-08 15:02:00,B6,ATL,DEN,3833,11.81,9.2,0.0,0.0,15.59,-0.4027,0.0599,32,ATL-DEN,342,9,0,0,0,0,0,0,-1,2025-05-08 09:19:00,2025-05-08 15:06:00,4,0
2025-02-05 21:45:00,2025-02-06 03:19:00,DL,DFW,SEA,3732,13.45,13.04,0.0,1.69,14.25,-0.5859,-0.1487,34,DFW-SEA,334,21,0,1,0,0,0,0,10,2025-02-05 21:55:00,2025-02-06 03:13:00,-6,0
2025-10-02 02:45:00,2025-10-02 04:14:00,B6,JFK,ATL,673,9.36,9.51,0.0,0.0,14.6,0.0774,0.2982,7,JFK-ATL,89,2,0,1,0,0,0,0,3,2025-10-02 02:48:00,2025-10-02 04:12:00,-2,0
2025-04-11 02:50:00,2025-04-11 06:11:00,DL,ATL,ORD,2076,6.35,9.53,3.47,4.1,17.21,-2.0427,-0.8513,95,ATL-ORD,201,2,0,1,0,0,0,0,1,2025-04-11 02:51:00,2025-04-11 06:02:00,-9,0
2025-12-24 23:20:00,2025-12-25 04:31:00,UA,ORD,JFK,3448,0.12,4.41,0.71,0.01,17.63,0.6617,0.8441,87,ORD-JFK,311,23,1,1,0,0,1,0,31,2025-12-24 23:51:00,2025-12-25 05:33:00,62,1
2025-06-01 13:10:00,2025-06-01 19:00:00,AA,SFO,BOS,3940,15.4,19.56,14.04,14.21,10.64,1.4332,-0.9689,12,SFO-BOS,350,13,0,0,1,0,0,0,-8,2025-06-01 13:02:00,2025-06-01 19:26:00,26,1
2025-11-07 10:10:00,2025-11-07 13:11:00,AA,JFK,BOS,1820,9.42,10.97,0.0,0.0,18.9,-1.8404,-0.8956,32,JFK-BOS,181,10,0,0,0,0,0,0,-7,2025-11-07 10:03:00,2025-11-07 13:08:00,-3,0
2025-01-16 03:10:00,2025-01-16 08:18:00,DL,DFW,SFO,3410,11.81,13.33,0.0,0.2,12.74,1.063,0.6995,46,DFW-SFO,308,3,0,1,0,0,0,0,10,2025-01-16 03:20:00,2025-01-16 08:12:00,-6,0
2025-08-29 06:50:00,2025-08-29 10:59:00,WN,LAX,ATL,2677,2.74,3.27,16.64,17.29,9.56,0.6552,0.3488,25,LAX-ATL,249,6,0,0,1,0,0,0,11,2025-08-29 07:01:00,2025-08-29 11:21:00,22,1
2025-06-13 16:30:00,2025-06-13 18:43:00,B6,DFW,ATL,1226,7.89,4.0,0.85,0.95,13.96,0.365,-0.1278,72,DFW-ATL,133,16,0,0,0,0,0,0,14,2025-06-13 16:44:00,2025-06-13 19:11:00,28,1
2025-06-18 19:15:00,2025-06-19 01:14:00,WN,DFW,ATL,4050,5.71,7.71,0.0,0.0,15.18,0.0482,-0.5535,80,DFW-ATL,359,19,0,0,0,0,0,0,20,2025-06-18 19:35:00,2025-06-19 01:37:00,23,1
2025-04-07 21:20:00,2025-04-08 00:48:00,DL,ORD,LAX,2168,4.43,7.05,0.0,0.0,15.94,0.2253,0.0962,23,ORD-LAX,208,21,0,1,0,0,0,0,0,2025-04-07 21:20:00,2025-04-08 00:43:00,-5,0
2025-12-21 09:10:00,2025-12-21 13:32:00,DL,LAX,SFO,2841,10.49,12.54,0.0,0.0,9.16,0.8665,0.3926,56,LAX-SFO,262,9,0,0,0,0,0,0,15,2025-12-21 09:25:00,2025-12-21 14:03:00,31,1
2025-05-24 10:30:00,2025-05-24 13:06:00,DL,DEN,BOS,1511,11.19,14.4,0.0,1.04,15.11,0.2187,-0.6923,25,DEN-BOS,156,10,0,0,0,0,0,0,7,2025-05-24 10:37:00,2025-05-24 13:12:00,6,0
2025-11-07 03:20:00,2025-11-07 04:28:00,WN,DFW,SEA,407,9.71,8.59,1.34,0.0,10.77,2.6918,0.6661,92,DFW-SEA,68,3,0,1,0,0,0,0,4,2025-11-07 03:24:00,2025-11-07 04:27:00,-1,0
2025-06-05 01:45:00,2025-06-05 05:16:00,B6,SEA,ORD,2201,18.57,16.57,0.0,0.0,13.26,-0.634,-0.8532,29,SEA-ORD,211,1,0,1,0,0,0,0,24,2025-06-05 02:09:00,2025-06-05 05:29:00,13,0
2025-01-18 10:00:00,2025-01-18 15:02:00,AA,JFK,DEN,3334,12.96,12.33,0.0,0.0,18.82,1.6454,0.6316,75,JFK-DEN,302,10,0,0,0,0,0,0,9,2025-01-18 10:09:00,2025-01-18 14:49:00,-13,0
2025-11-17 13:50:00,2025-11-17 16:39:00,AA,ATL,DFW,1674,22.54,23.95,8.5,8.38,13.64,-0.128,0.2754,59,ATL-DFW,169,13,0,0,0,0,0,0,-2,2025-11-17 13:48:00,2025-11-17 16:33:00,-6,0
2025-03-09 02:00:00,2025-03-09 08:11:00,UA,SEA,JFK,4201,13.76,11.69,10.49,9.68,13.43,-0.3953,-0.5389,22,SEA-JFK,371,2,0,1,0,0,0,0,0,2025-03-09 02:00:00,2025-03-09 08:05:00,-6,0
2025-04-09 09:20:00,2025-04-09 14:31:00,B6,ORD,ATL,3450,7.04,7.41,13.8,14.86,11.25,1.0078,-0.2435,1,ORD-ATL,311,9,0,0,1,0,0,0,7,2025-04-09 09:27:00,2025-04-09 14:56:00,25,1
2025-11-11 15:15:00,2025-11-11 19:50:00,AA,DEN,BOS,2996,11.57,11.11,3.6,6.07,15.3,-0.307,0.2084,25,DEN-BOS,275,15,0,0,0,0,0,0,43,2025-11-11 15:58:00,2025-11-11 20:58:00,68,1
2025-11-23 19:40:00,2025-11-24 01:10:00,DL,SFO,JFK,3687,0.64,0.0,0.0,0.0,16.44,1.7406,-0.4956,97,SFO-JFK,330,19,0,0,0,0,0,0,3,2025-11-23 19:43:00,2025-11-24 01:09:00,-1,0
2025-12-01 22:40:00,2025-12-02 04:28:00,B6,SFO,SEA,3917,13.68,13.73,0.83,0.0,16.11,-0.7469,-0.335,48,SFO-SEA,348,22,0,1,0,0,0,0,0,2025-12-01 22:40:00,2025-12-02 04:23:00,-5,0
2025-06-05 08:10:00,2025-06-05 13:11:00,UA,SFO,ORD,3329,4.33,7.16,0.82,0.87,15.3,1.2697,0.5069,63,SFO-ORD,301,8,0,0,0,0,0,0,2,2025-06-05 08:12:00,2025-06-05 13:27:00,16,1
2025-10-04 09:20:00,2025-10-04 14:56:00,DL,DFW,LAX,3766,9.59,11.23,0.0,1.11,18.73,0.6021,-0.8979,55,DFW-LAX,336,9,0,0,0,0,0,0,-3,2025-10-04 09:17:00,2025-10-04 14:59:00,3,0
2025-04-30 20:30:00,2025-05-01 01:29:00,B6,SFO,DEN,3295,8.82,2.86,0.0,1.16,16.34,-0.1641,0.3709,43,SFO-DEN,299,20,0,1,0,0,0,0,-5,2025-04-30 20:25:00,2025-05-01 01:25:00,-4,0
2025-09-28 16:20:00,2025-09-28 22:08:00,AA,SEA,DEN,3917,2.59,3.53,0.09,0.06,16.14,-0.9823,-0.2986,47,SEA-DEN,348,16,0,0,0,0,0,0,4,2025-09-28 16:24:00,2025-09-28 22:01:00,-7,0
2025-07-03 06:00:00,2025-07-03 07:34:00,AA,SEA,LAX,735,26.64,27.95,0.0,2.33,17.24,-0.9861,-0.4982,26,SEA-LAX,94,6,0,0,0,0,0,0,4,2025-07-03 06:04:00,2025-07-03 07:24:00,-10,0
2025-01-19 16:10:00,2025-01-19 19:05:00,AA,JFK,BOS,1745,3.43,4.43,0.92,0.74,15.71,-0.8496,-0.4107,53,JFK-BOS,175,16,0,0,0,0,0,0,1,2025-01-19 16:11:00,2025-01-19 18:56:00,-9,0
2025-06-02 03:30:00,2025-06-02 09:27:00,B6,DEN,JFK,4028,4.0,6.66,0.53,2.99,16.87,1.1077,0.789,40,DEN-JFK,357,3,0,1,0,0,0,0,3,2025-06-02 03:33:00,2025-06-02 09:17:00,-10,0
2025-06-20 10:15:00,2025-06-20 13:53:00,AA,DEN,ORD,2291,14.37,16.91,0.25,1.35,14.35,0.0457,0.7226,99,DEN-ORD,218,10,0,0,0,0,0,0,-2,2025-06-20 10:13:00,2025-06-20 13:51:00,-2,0
2025-04-04 07:30:00,2025-04-04 08:34:00,WN,SFO,SEA,362,6.86,7.96,1.99,3.14,10.98,0.79,0.0115,38,SFO-SEA,64,7,0,0,0,0,0,0,-6,2025-04-04 07:24:00,2025-04-04 08:27:00,-7,0
2025-05-17 23:10:00,2025-05-18 04:54:00,AA,JFK,ATL,3861,5.96,5.59,0.0,0.0,15.52,0.153,-0.5425,41,JFK-ATL,344,23,0,1,0,0,0,0,8,2025-05-17 23:18:00,2025-05-18 05:09:00,15,1
2025-07-03 00:40:00,2025-07-03 05:19:00,WN,SFO,DEN,3053,16.66,16.28,0.95,0.0,15.79,-1.0979,0.7751,63,SFO-DEN,279,0,0,1,0,0,0,0,1,2025-07-03 00:41:00,2025-07-03 05:03:00,-16,0
2025-01-19 20:10:00,2025-01-20 02:15:00,UA,JFK,DEN,4123,8.24,9.55,0.41,0.12,14.13,0.3554,-0.5164,39,JFK-DEN,365,20,0,1,0,0,0,0,2,2025-01-19 20:12:00,2025-01-20 02:16:00,1,0
2025-02-25 06:40:00,2025-02-25 07:44:00,DL,JFK,DFW,368,16.32,15.16,0.29,0.0,12.37,0.6137,-0.0294,41,JFK-DFW,64,6,0,0,0,0,0,0,5,2025-02-25 06:45:00,2025-02-25 07:58:00,14,0
2025-10-07 00:45:00,2025-10-07 02:33:00,AA,ATL,BOS,916,24.61,22.47,11.96,11.94,10.67,-1.7483,-0.0289,78,ATL-BOS,108,0,0,1,0,0,0,0,-10,2025-10-07 00:35:00,2025-10-07 02:31:00,-2,0
2025-05-09 15:15:00,2025-05-09 19:06:00,WN,DFW,SFO,2444,9.8,7.71,0.0,0.0,16.96,-0.5953,0.2149,36,DFW-SFO,231,15,0,0,0,0,0,0,8,2025-05-09 15:23:00,2025-05-09 19:16:00,10,0
2025-08-11 16:10:00,2025-08-11 18:10:00,WN,LAX,SFO,1062,16.74,17.52,0.35,0.0,13.73,-0.8138,0.2834,87,LAX-SFO,120,16,0,0,0,0,0,0,-10,2025-08-11 16:00:00,2025-08-11 18:13:00,3,0
2025-07-26 03:00:00,2025-07-26 06:54:00,UA,ATL,DEN,2486,21.74,25.06,0.77,0.0,17.53,-1.2547,0.3708,11,ATL-DEN,234,3,0,1,0,0,0,0,6,2025-07-26 03:06:00,2025-07-26 07:07:00,13,0
2025-07-21 00:15:00,2025-07-21 03:10:00,UA,BOS,DFW,1756,29.47,30.42,1.21,0.66,15.38,0.145,0.5076,29,BOS-DFW,175,0,0,1,0,0,0,0,-10,2025-07-21 00:05:00,2025-07-21 03:10:00,0,0
2025-05-31 02:00:00,2025-05-31 04:10:00,UA,LAX,DFW,1182,8.87,4.07,0.0,0.0,12.83,0.2751,-0.3898,26,LAX-DFW,130,2,0,1,0,0,0,0,8,2025-05-31 02:08:00,2025-05-31 04:08:00,-2,0
2025-06-26 09:50:00,2025-06-26 15:08:00,B6,DEN,ATL,3535,16.77,18.37,0.0,0.0,12.86,1.3133,0.6761,87,DEN-ATL,318,9,0,0,0,0,0,0,5,2025-06-26 09:55:00,2025-06-26 15:08:00,0,0
2025-10-28 03:50:00,2025-10-28 05:02:00,DL,ORD,SEA,463,2.83,4.95,10.4,10.65,9.47,0.8068,0.2033,57,ORD-SEA,72,3,0,1,0,0,0,0,6,2025-10-28 03:56:00,2025-10-28 04:58:00,-4,0
2025-12-19 16:50:00,2025-12-19 22:43:00,B6,JFK,SEA,3974,12.08,10.52,0.0,0.1,11.29,-0.3051,0.9607,84,JFK-SEA,353,16,0,0,0,0,0,0,0,2025-12-19 16:50:00,2025-12-19 22:57:00,14,0
2025-04-04 01:50:00,2025-04-04 03:41:00,AA,DFW,DEN,945,2.82,1.94,1.61,1.44,16.4,-0.3031,0.1116,31,DFW-DEN,111,1,0,1,0,0,0,0,-10,2025-04-04 01:40:00,2025-04-04 03:38:00,-3,0
2025-09-02 18:30:00,2025-09-02 22:44:00,WN,BOS,JFK,2737,7.72,7.12,0.0,0.0,16.29,1.7725,0.6277,28,BOS-JFK,254,18,0,0,0,0,0,0,15,2025-09-02 18:45:00,2025-09-02 22:40:00,-4,0
2025-12-20 20:15:00,2025-12-21 02:47:00,B6,DFW,BOS,4464,36.27,39.13,0.0,0.07,16.98,0.5065,-0.7968,81,DFW-BOS,392,20,0,1,0,0,0,0,3,2025-12-20 20:18:00,2025-12-21 02:51:00,4,0
2025-01-03 17:20:00,2025-01-03 18:57:00,AA,JFK,DEN,775,19.07,16.43,0.0,0.0,13.32,1.1495,-0.921,24,JFK-DEN,97,17,0,0,0,0,0,0,-10,2025-01-03 17:10:00,2025-01-03 18:53:00,-4,0
2025-10-14 22:15:00,2025-10-15 04:25:00,DL,LAX,DEN,4192,4.75,4.26,0.24,0.0,18.36,-1.4122,-0.619,16,LAX-DEN,370,22,0,1,0,0,0,0,1,2025-10-14 22:16:00,2025-10-15 04:31:00,6,0
2025-07-01 22:45:00,2025-07-02 01:26:00,UA,DEN,ATL,1575,2.32,4.94,8.51,7.79,8.79,-1.5844,-0.5087,69,DEN-ATL,161,22,0,1,0,0,0,0,-6,2025-07-01 22:39:00,2025-07-02 01:14:00,-12,0
2025-12-20 01:20:00,2025-12-20 06:28:00,WN,ATL,SEA,3412,19.34,16.91,0.0,0.45,14.63,-0.4141,0.6978,84,ATL-SEA,308,1,0,1,0,0,0,0,5,2025-12-20 01:25:00,2025-12-20 06:19:00,-9,0
2025-07-31 08:20:00,2025-07-31 14:07:00,B6,SFO,LAX,3899,19.89,19.74,0.87,0.03,17.28,0.9774,-0.4731,73,SFO-LAX,347,8,0,0,0,0,0,0,6,2025-07-31 08:26:00,2025-07-31 14:28:00,21,1
2025-11-02 18:40:00,2025-11-02 20:57:00,UA,SFO,DFW,1273,22.48,19.5,1.08,2.53,13.41,1.5917,-0.7426,2,SFO-DFW,137,18,0,0,0,0,0,0,1,2025-11-02 18:41:00,2025-11-02 21:04:00,7,0
2025-03-02 08:15:00,2025-03-02 11:11:00,WN,SFO,ATL,1759,8.2,12.9,0.19,0.0,18.51,-0.7631,-0.8177,72,SFO-ATL,176,8,0,0,0,0,0,0,10,2025-03-02 08:25:00,2025-03-02 11:20:00,9,0
2025-02-21 17:15:00,2025-02-21 23:03:00,DL,DEN,LAX,3915,16.72,20.47,0.03,0.0,18.47,0.5277,-0.7862,29,DEN-LAX,348,17,0,0,0,0,0,0,13,2025-02-21 17:28:00,2025-02-21 23:20:00,17,1
2025-12-05 18:10:00,2025-12-05 19:43:00,UA,LAX,DEN,731,5.86,7.27,0.0,0.0,13.66,0.4136,0.3176,3,LAX-DEN,93,18,0,0,0,0,0,0,-1,2025-12-05 18:09:00,2025-12-05 19:47:00,4,0
2025-07-12 23:00:00,2025-07-13 00:35:00,DL,BOS,LAX,755,5.82,7.01,0.0,0.06,6.36,-1.1634,-0.2574,99,BOS-LAX,95,23,0,1,0,0,0,0,-8,2025-07-12 22:52:00,2025-07-13 00:34:00,-1,0
2025-07-23 07:00:00,2025-07-23 09:40:00,UA,SFO,LAX,1568,12.59,15.58,0.0,0.27,15.14,-0.8515,-0.6235,69,SFO-LAX,160,7,0,0,0,0,0,0,2,2025-07-23 07:02:00,2025-07-23 09:40:00,0,0
2025-03-04 08:20:00,2025-03-04 12:42:00,B6,ATL,DFW,2833,4.8,4.28,6.49,5.12,11.23,-0.1098,-0.9297,87,ATL-DFW,262,8,0,0,0,0,0,0,-10,2025-03-04 08:10:00,2025-03-04 12:45:00,3,0
2025-03-24 00:50:00,2025-03-24 06:20:00,DL,JFK,BOS,3688,1.78,2.53,0.0,0.59,17.29,-1.2769,0.8931,94,JFK-BOS,330,0,0,1,0,0,0,0,2,2025-03-24 00:52:00,2025-03-24 06:20:00,0,0
2025-10-26 06:15:00,2025-10-26 10:23:00,B6,SEA,ATL,2662,14.28,16.83,0.07,2.16,17.43,2.5341,-0.7193,67,SEA-ATL,248,6,0,0,0,0,0,0,27,2025-10-26 06:42:00,2025-10-26 11:04:00,41,1
2025-04-21 06:40:00,2025-04-21 10:25:00,B6,ORD,JFK,2372,17.98,15.25,0.77,0.17,20.19,-1.0606,0.0834,35,ORD-JFK,225,6,0,0,0,0,0,0,10,2025-04-21 06:50:00,2025-04-21 10:45:00,20,1
2025-08-02 10:15:00,2025-08-02 16:07:00,WN,SEA,BOS,3957,2.56,5.39,0.0,0.0,13.65,-0.457,0.0685,22,SEA-BOS,352,10,0,0,0,0,0,0,-5,2025-08-02 10:10:00,2025-08-02 16:11:00,4,0
2025-04-26 10:15:00,2025-04-26 12:12:00,B6,JFK,BOS,1020,7.18,10.28,14.47,13.72,12.55,0.3664,-0.1825,14,JFK-BOS,117,10,0,0,1,0,0,0,22,2025-04-26 10:37:00,2025-04-26 12:43:00,31,1
2025-04-07 20:10:00,2025-04-08 02:12:00,B6,ATL,BOS,4087,15.2,10.77,13.48,13.31,9.45,0.2421,0.2469,66,ATL-BOS,362,20,0,1,1,0,0,0,35,2025-04-07 20:45:00,2025-04-08 03:04:00,52,1
2025-03-02 18:30:00,2025-03-02 21:14:00,WN,ATL,DEN,1613,12.37,12.1,1.0,0.0,17.2,0.6168,-0.3114,61,ATL-DEN,164,18,0,0,0,0,0,0,-4,2025-03-02 18:26:00,2025-03-02 21:18:00,4,0
2025-12-06 17:40:00,2025-12-06 20:12:00,B6,BOS,ORD,1459,14.26,9.65,0.0,0.72,15.9,-1.0126,-0.7548,99,BOS-ORD,152,17,0,0,0,0,0,0,-10,2025-12-06 17:30:00,2025-12-06 20:15:00,3,0
2025-12-10 00:15:00,2025-12-10 06:34:00,B6,ATL,JFK,4305,4.24,5.67,0.91,0.0,11.58,-1.3559,-0.4004,16,ATL-JFK,379,0,0,1,0,0,0,0,0,2025-12-10 00:15:00,2025-12-10 06:21:00,-13,0
2025-02-12 11:30:00,2025-02-12 16:06:00,DL,JFK,LAX,3012,40.57,37.75,9.27,9.91,11.14,0.0998,0.9561,98,JFK-LAX,276,11,0,0,0,0,0,0,8,2025-02-12 11:38:00,2025-02-12 15:59:00,-7,0
2025-05-09 17:20:00,2025-05-09 20:44:00,WN,ATL,DEN,2114,8.68,5.11,1.48,1.29,17.99,-0.9073,0.3718,21,ATL-DEN,204,17,0,0,0,0,0,0,-2,2025-05-09 17:18:00,2025-05-09 20:37:00,-7,0
2025-07-25 05:15:00,2025-07-25 08:05:00,UA,BOS,ATL,1686,13.48,14.77,0.3,1.23,12.99,-0.7293,-0.3736,47,BOS-ATL,170,5,0,0,0,0,0,0,-3,2025-07-25 05:12:00,2025-07-25 08:01:00,-4,0
2025-05-20 10:40:00,2025-05-20 14:07:00,B6,DFW,LAX,2154,2.05,4.0,2.49,2.92,13.58,-0.802,-0.6834,5,DFW-LAX,207,10,0,0,0,0,0,0,3,2025-05-20 10:43:00,2025-05-20 14:09:00,2,0
2025-09-21 17:30:00,2025-09-21 22:55:00,AA,ORD,ATL,3624,8.25,7.43,0.0,0.0,17.83,-0.8034,0.2912,13,ORD-ATL,325,17,0,0,0,0,0,0,28,2025-09-21 17:58:00,2025-09-21 23:47:00,52,1
2025-04-05 19:00:00,2025-04-05 20:50:00,UA,ORD,LAX,942,1.77,2.79,0.48,1.46,17.99,-1.4522,-0.2751,26,ORD-LAX,110,19,0,0,0,0,0,0,2,2025-04-05 19:02:00,2025-04-05 20:56:00,6,0
2025-01-22 20:20:00,2025-01-22 22:18:00,UA,ATL,DFW,1032,7.67,7.25,0.48,0.37,18.2,-1.0693,-0.5206,84,ATL-DFW,118,20,0,1,0,0,0,0,7,2025-01-22 20:27:00,2025-01-22 22:16:00,-2,0
2025-05-03 10:20:00,2025-05-03 13:01:00,UA,SFO,DFW,1579,12.52,9.06,0.0,1.42,20.25,-0.3666,-0.1212,63,SFO-DFW,161,10,0,0,0,0,0,0,2,2025-05-03 10:22:00,2025-05-03 13:02:00,1,0
2025-08-07 09:45:00,2025-08-07 13:26:00,B6,JFK,DEN,2325,22.54,22.83,0.54,1.08,13.66,1.1328,-0.4575,3,JFK-DEN,221,9,0,0,0,0,0,0,54,2025-08-07 10:39:00,2025-08-07 14:31:00,65,1
2025-03-07 09:15:00,2025-03-07 14:48:00,DL,DFW,DEN,3721,6.21,8.64,0.0,0.31,16.44,2.0307,-0.3841,22,DFW-DEN,333,9,0,0,0,0,0,0,7,2025-03-07 09:22:00,2025-03-07 14:57:00,9,0
2025-10-25 16:50:00,2025-10-25 19:00:00,WN,DFW,BOS,1185,13.28,12.65,0.0,0.0,16.15,0.9249,-0.4766,50,DFW-BOS,130,16,0,0,0,0,0,0,8,2025-10-25 16:58:00,2025-10-25 19:06:00,6,0
2025-01-05 10:30:00,2025-01-05 15:53:00,UA,SEA,LAX,3602,13.79,12.34,0.01,2.36,8.64,0.2412,0.2533,54,SEA-LAX,323,10,0,0,0,0,0,0,-4,2025-01-05 10:26:00,2025-01-05 15:49:00,-4,0
2025-01-25 09:10:00,2025-01-25 15:14:00,UA,JFK,BOS,4112,15.07,16.26,7.66,5.53,15.22,1.0218,0.6836,49,JFK-BOS,364,9,0,0,0,0,0,0,-2,2025-01-25 09:08:00,2025-01-25 15:10:00,-4,0
2025-07-05 04:20:00,2025-07-05 07:45:00,UA,DEN,ORD,2129,2.11,0.0,0.68,0.0,19.02,-0.1561,0.1242,77,DEN-ORD,205,4,0,1,0,0,0,0,3,2025-07-05 04:23:00,2025-07-05 07:48:00,3,0
2025-07-06 11:50:00,2025-07-06 18:12:00,UA,DFW,DEN,4337,19.97,17.54,0.0,0.0,16.68,0.2564,0.6825,40,DFW-DEN,382,11,0,0,0,0,0,0,12,2025-07-06 12:02:00,2025-07-06 18:17:00,5,0
2025-04-18 05:15:00,2025-04-18 11:14:00,UA,ATL,LAX,4053,14.32,12.95,4.0,4.39,6.76,0.7183,0.2997,46,ATL-LAX,359,5,0,0,0,0,0,0,-1,2025-04-18 05:14:00,2025-04-18 11:15:00,1,0
2025-04-05 12:40:00,2025-04-05 18:07:00,B6,BOS,JFK,3648,11.23,9.97,0.61,0.36,11.26,0.5419,0.1689,49,BOS-JFK,327,12,0,0,0,0,0,0,7,2025-04-05 12:47:00,2025-04-05 18:09:00,2,0
2025-01-26 21:45:00,2025-01-27 00:52:00,DL,DEN,LAX,1897,37.08,38.2,10.08,8.63,12.14,0.9572,0.9252,86,DEN-LAX,187,21,0,1,0,0,0,0,9,2025-01-26 21:54:00,2025-01-27 00:46:00,-6,0
2025-08-30 18:40:00,2025-08-30 21:20:00,AA,BOS,ORD,1562,6.4,2.44,0.52,0.0,13.35,0.6784,0.5604,78,BOS-ORD,160,18,0,0,0,0,0,0,14,2025-08-30 18:54:00,2025-08-30 21:21:00,1,0
2025-05-19 11:00:00,2025-05-19 16:49:00,UA,DFW,LAX,3930,11.91,10.44,0.0,0.0,13.68,-0.734,-0.6215,20,DFW-LAX,349,11,0,0,0,0,0,0,6,2025-05-19 11:06:00,2025-05-19 16:56:00,7,0
2025-02-13 23:15:00,2025-02-14 02:42:00,B6,ATL,SEA,2154,31.7,30.55,1.78,0.45,18.31,0.6428,0.182,74,ATL-SEA,207,23,0,1,0,0,0,0,4,2025-02-13 23:19:00,2025-02-14 02:44:00,2,0
2025-05-26 23:15:00,2025-05-27 00:25:00,UA,LAX,DEN,432,20.87,20.02,0.06,0.0,17.34,-0.7487,-0.7587,97,LAX-DEN,70,23,1,1,0,0,1,0,21,2025-05-26 23:36:00,2025-05-27 01:03:00,38,1
2025-12-09 10:15:00,2025-12-09 15:15:00,DL,BOS,ORD,3312,9.53,9.77,0.15,0.42,20.42,0.7319,-0.9953,68,BOS-ORD,300,10,0,0,0,0,0,0,2,2025-12-09 10:17:00,2025-12-09 15:11:00,-4,0
2025-04-06 18:50:00,2025-04-06 21:46:00,UA,BOS,DFW,1758,12.65,12.91,3.77,2.1,16.48,-0.4096,-0.1562,21,BOS-DFW,176,18,0,0,0,0,0,0,4,2025-04-06 18:54:00,2025-04-06 21:31:00,-15,0
2025-11-23 08:00:00,2025-11-23 14:13:00,B6,SFO,LAX,4229,11.34,12.05,1.07,0.25,14.29,-1.2917,-0.4649,23,SFO-LAX,373,8,0,0,0,0,0,0,2,2025-11-23 08:02:00,2025-11-23 14:17:00,4,0
2025-04-05 21:30:00,2025-04-06 03:16:00,AA,ATL,JFK,3891,9.52,8.48,0.5,0.74,16.74,-1.4,0.8445,65,ATL-JFK,346,21,0,1,0,0,0,0,-9,2025-04-05 21:21:00,2025-04-06 03:06:00,-10,0
2025-03-09 08:50:00,2025-03-09 10:24:00,WN,DEN,SFO,738,3.42,3.39,0.0,0.48,15.01,2.1586,0.7682,10,DEN-SFO,94,8,0,0,0,0,0,0,0,2025-03-09 08:50:00,2025-03-09 10:28:00,4,0
2025-04-06 06:50:00,2025-04-06 12:52:00,WN,JFK,DEN,4085,8.1,9.99,0.08,0.21,16.49,-1.0502,0.3197,53,JFK-DEN,362,6,0,0,0,0,0,0,-10,2025-04-06 06:40:00,2025-04-06 12:50:00,-2,0
2025-04-28 03:30:00,2025-04-28 09:48:00,DL,DEN,JFK,4288,14.5,11.08,0.36,0.0,14.43,0.9474,-0.9419,93,DEN-JFK,378,3,0,1,0,0,0,0,11,2025-04-28 03:41:00,2025-04-28 10:06:00,18,1
2025-02-14 20:50:00,2025-02-15 02:03:00,B6,DEN,BOS,3476,4.79,8.84,1.37,0.48,15.99,0.6755,-0.7838,28,DEN-BOS,313,20,0,1,0,0,0,0,-5,2025-02-14 20:45:00,2025-02-15 02:07:00,4,0
2025-08-03 07:20:00,2025-08-03 09:51:00,UA,BOS,LAX,1456,5.59,8.69,5.66,2.99,12.23,0.9216,-0.4864,37,BOS-LAX,151,7,0,0,0,0,0,0,3,2025-08-03 07:23:00,2025-08-03 09:51:00,0,0
2025-05-02 19:30:00,2025-05-03 00:14:00,AA,DFW,ATL,3113,22.91,23.47,2.0,2.23,14.12,-1.0077,0.2984,20,DFW-ATL,284,19,0,0,0,0,0,0,16,2025-05-02 19:46:00,2025-05-03 00:14:00,0,0
2025-09-20 02:30:00,2025-09-20 08:21:00,UA,ORD,DFW,3945,8.49,10.46,0.6,0.35,14.57,-0.4193,0.0911,89,ORD-DFW,351,2,0,1,0,0,0,0,7,2025-09-20 02:37:00,2025-09-20 08:15:00,-6,0
2025-06-29 12:00:00,2025-06-29 17:33:00,B6,LAX,ATL,3725,7.9,11.27,3.71,5.82,10.89,-0.9735,-0.8303,8,LAX-ATL,333,12,0,0,0,0,0,0,-5,2025-06-29 11:55:00,2025-06-29 17:31:00,-2,0
2025-06-11 10:00:00,2025-06-11 13:24:00,B6,SFO,DEN,2110,9.86,13.62,0.0,0.0,13.49,0.9844,0.446,0,SFO-DEN,204,10,0,0,0,0,0,0,8,2025-06-11 10:08:00,2025-06-11 13:21:00,-3,0
2025-06-21 10:50:00,2025-06-21 15:47:00,DL,ORD,JFK,3271,8.24,4.71,0.0,0.0,19.36,1.4807,-0.9116,79,ORD-JFK,297,10,0,0,0,0,0,0,2,2025-06-21 10:52:00,2025-06-21 15:35:00,-12,0
2025-02-27 04:10:00,2025-02-27 07:19:00,DL,SEA,DEN,1920,18.13,19.37,1.17,0.29,16.93,-0.0477,0.4392,54,SEA-DEN,189,4,0,1,0,0,0,0,12,2025-02-27 04:22:00,2025-02-27 07:30:00,11,0
2025-09-18 01:15:00,2025-09-18 03:39:00,AA,DFW,LAX,1367,5.0,3.88,0.17,1.21,16.61,2.142,0.8911,16,DFW-LAX,144,1,0,1,0,0,0,0,-1,2025-09-18 01:14:00,2025-09-18 03:35:00,-4,0
2025-02-08 08:30:00,2025-02-08 13:15:00,AA,LAX,BOS,3125,7.6,6.23,0.21,0.81,18.93,0.259,-0.251,79,LAX-BOS,285,8,0,0,0,0,0,0,7,2025-02-08 08:37:00,2025-02-08 13:11:00,-4,0
2025-09-21 11:30:00,2025-09-21 15:06:00,WN,LAX,ORD,2258,10.47,15.12,0.03,0.02,17.01,-0.2093,0.6563,63,LAX-ORD,216,11,0,0,0,0,0,0,-6,2025-09-21 11:24:00,2025-09-21 14:53:00,-13,0
2025-12-31 19:30:00,2025-12-31 21:45:00,UA,SEA,LAX,1244,8.88,9.06,7.34,8.3,11.15,0.0956,0.966,59,SEA-LAX,135,19,1,0,0,0,0,0,-10,2025-12-31 19:20:00,2025-12-31 21:45:00,0,0
2025-10-06 11:50:00,2025-10-06 16:31:00,B6,JFK,BOS,3074,27.09,25.62,0.29,0.0,17.11,0.4812,-0.8021,18,JFK-BOS,281,11,0,0,0,0,0,0,-3,2025-10-06 11:47:00,2025-10-06 16:33:00,2,0
2025-06-16 05:45:00,2025-06-16 08:32:00,AA,DFW,ATL,1651,9.94,11.72,5.07,6.57,14.42,-1.4807,-0.8144,0,DFW-ATL,167,5,0,0,0,0,0,0,2,2025-06-16 05:47:00,2025-06-16 08:25:00,-7,0
2025-04-25 06:50:00,2025-04-25 11:06:00,B6,ATL,JFK,2768,9.98,9.83,0.0,0.0,16.15,0.2589,-0.0001,55,ATL-JFK,256,6,0,0,0,0,0,0,-4,2025-04-25 06:46:00,2025-04-25 10:57:00,-9,0
2025-11-15 14:40:00,2025-11-15 17:40:00,WN,SEA,ORD,1817,5.93,4.16,2.17,3.73,16.66,-0.1633,0.9409,81,SEA-ORD,180,14,0,0,0,0,0,0,19,2025-11-15 14:59:00,2025-11-15 18:01:00,21,1
2025-04-04 10:50:00,2025-04-04 16:46:00,AA,DFW,SFO,4017,7.01,6.95,0.0,1.01,13.6,-0.2673,0.3243,10,DFW-SFO,356,10,0,0,0,0,0,0,1,2025-04-04 10:51:00,2025-04-04 16:44:00,-2,0
2025-06-26 21:30:00,2025-06-27 03:15:00,WN,SEA,SFO,3872,18.58,17.69,21.88,21.93,2.45,-0.1355,-0.5517,64,SEA-SFO,345,21,0,1,1,1,0,1,46,2025-06-26 22:16:00,2025-06-27 04:31:00,76,1
2025-10-09 10:30:00,2025-10-09 14:08:00,AA,ORD,DFW,2290,6.76,4.98,0.0,0.07,16.37,0.9738,-0.3605,37,ORD-DFW,218,10,0,0,0,0,0,0,4,2025-10-09 10:34:00,2025-10-09 14:13:00,5,0
2025-12-03 13:45:00,2025-12-03 18:43:00,B6,ATL,JFK,3283,2.39,2.65,4.11,3.03,9.4,0.0001,-0.9112,73,ATL-JFK,298,13,0,0,0,0,0,0,-10,2025-12-03 13:35:00,2025-12-03 18:40:00,-3,0
2025-12-03 01:45:00,2025-12-03 03:44:00,B6,LAX,BOS,1047,10.96,10.48,0.17,1.69,17.48,-1.1403,-0.625,65,LAX-BOS,119,1,0,1,0,0,0,0,4,2025-12-03 01:49:00,2025-12-03 03:33:00,-11,0
2025-02-02 04:00:00,2025-02-02 10:34:00,DL,JFK,ATL,4488,8.74,10.61,0.0,0.34,17.66,0.0681,0.5677,89,JFK-ATL,394,4,0,1,0,0,0,0,2,2025-02-02 04:02:00,2025-02-02 10:28:00,-6,0
2025-11-24 20:50:00,2025-11-24 23:01:00,DL,DEN,ORD,1201,6.76,10.72,0.0,0.22,15.31,-0.2505,0.9713,81,DEN-ORD,131,20,0,1,0,0,0,0,-4,2025-11-24 20:46:00,2025-11-24 23:04:00,3,0
2025-02-11 08:40:00,2025-02-11 14:30:00,AA,DEN,DFW,3941,21.94,22.85,0.0,1.51,19.76,-0.0017,0.8451,33,DEN-DFW,350,8,0,0,0,0,0,0,7,2025-02-11 08:47:00,2025-02-11 14:28:00,-2,0
2025-08-02 10:50:00,2025-08-02 16:33:00,DL,LAX,JFK,3853,36.11,37.93,0.0,0.0,14.63,-0.0852,-0.4374,93,LAX-JFK,343,10,0,0,0,0,0,0,-3,2025-08-02 10:47:00,2025-08-02 16:34:00,1,0
2025-12-06 14:40:00,2025-12-06 16:39:00,UA,ATL,DFW,1048,13.15,13.27,0.0,0.0,15.96,0.3451,0.8548,56,ATL-DFW,119,14,0,0,0,0,0,0,8,2025-12-06 14:48:00,2025-12-06 16:50:00,11,0
2025-08-28 01:50:00,2025-08-28 02:52:00,B6,LAX,DEN,336,6.65,10.52,0.0,0.94,16.49,-1.3986,-0.5809,87,LAX-DEN,62,1,0,1,0,0,0,0,-1,2025-08-28 01:49:00,2025-08-28 02:55:00,3,0
2025-12-12 12:15:00,2025-12-12 17:22:00,AA,SEA,SFO,3395,18.47,17.53,1.32,1.77,16.0,-1.363,-0.5538,41,SEA-SFO,307,12,0,0,0,0,0,0,-10,2025-12-12 12:05:00,2025-12-12 17:21:00,-1,0
2025-05-06 08:10:00,2025-05-06 14:01:00,DL,ATL,SEA,3950,22.06,19.93,0.52,0.04,17.32,-0.0992,-0.7426,23,ATL-SEA,351,8,0,0,0,0,0,0,1,2025-05-06 08:11:00,2025-05-06 14:06:00,5,0
2025-04-25 03:10:00,2025-04-25 08:10:00,DL,ATL,ORD,3308,6.85,6.83,38.67,39.29,0.2,-0.2708,0.4198,10,ATL-ORD,300,3,0,1,1,1,0,0,17,2025-04-25 03:27:00,2025-04-25 08:56:00,46,1
2025-04-30 10:15:00,2025-04-30 11:33:00,UA,ATL,DFW,533,16.6,16.4,1.0,0.0,15.69,-0.9666,-0.4925,19,ATL-DFW,78,10,0,0,0,0,0,0,0,2025-04-30 10:15:00,2025-04-30 11:28:00,-5,0
2025-05-10 10:10:00,2025-05-10 14:46:00,AA,ORD,ATL,3010,9.03,9.16,0.0,1.28,15.85,-2.052,-0.0496,72,ORD-ATL,276,10,0,0,0,0,0,0,1,2025-05-10 10:11:00,2025-05-10 14:44:00,-2,0
2025-09-07 04:20:00,2025-09-07 07:31:00,B6,SEA,DFW,1944,19.06,19.42,0.0,0.0,16.39,0.2401,-0.3514,25,SEA-DFW,191,4,0,1,0,0,0,0,15,2025-09-07 04:35:00,2025-09-07 07:50:00,19,1
2025-06-15 13:10:00,2025-06-15 19:17:00,AA,SFO,JFK,4145,6.29,3.97,0.6,0.0,17.94,-0.4606,-0.7545,90,SFO-JFK,367,13,0,0,0,0,0,0,-5,2025-06-15 13:05:00,2025-06-15 19:06:00,-11,0
2025-09-27 17:10:00,2025-09-27 22:38:00,WN,ATL,BOS,3660,23.61,22.85,11.28,12.25,9.23,0.3226,-0.6276,97,ATL-BOS,328,17,0,0,0,0,0,0,-7,2025-09-27 17:03:00,2025-09-27 22:34:00,-4,0
2025-06-01 06:30:00,2025-06-01 11:57:00,UA,JFK,ORD,3655,9.57,12.04,0.48,0.0,14.67,0.2606,-0.6826,67,JFK-ORD,327,6,0,0,0,0,0,0,2,2025-06-01 06:32:00,2025-06-01 11:50:00,-7,0
2025-04-23 23:45:00,2025-04-24 03:01:00,UA,ATL,SEA,2011,12.69,15.73,0.2,0.0,17.35,0.7044,-0.5508,98,ATL-SEA,196,23,0,1,0,0,0,0,-10,2025-04-23 23:35:00,2025-04-24 02:54:00,-7,0
2025-03-11 14:10:00,2025-03-11 16:57:00,DL,DFW,ORD,1652,6.17,3.45,0.41,0.0,16.4,-1.0729,-0.3108,63,DFW-ORD,167,14,0,0,0,0,0,0,1,2025-03-11 14:11:00,2025-03-11 16:48:00,-9,0
2025-07-21 18:30:00,2025-07-22 00:05:00,UA,DEN,LAX,3753,5.82,3.63,9.19,8.03,16.85,0.0156,0.016,98,DEN-LAX,335,18,0,0,0,0,0,0,8,2025-07-21 18:38:00,2025-07-22 00:00:00,-5,0
2025-11-24 01:40:00,2025-11-24 03:18:00,UA,LAX,ATL,783,10.07,11.5,0.32,1.5,17.2,2.0796,-0.5667,28,LAX-ATL,98,1,0,1,0,0,0,0,-3,2025-11-24 01:37:00,2025-11-24 03:11:00,-7,0
2025-11-10 18:40:00,2025-11-10 20:13:00,DL,SFO,JFK,721,15.49,12.74,0.09,1.42,12.55,0.2382,0.3141,69,SFO-JFK,93,18,0,0,0,0,0,0,8,2025-11-10 18:48:00,2025-11-10 20:10:00,-3,0
2025-04-03 08:00:00,2025-04-03 09:20:00,UA,SEA,DEN,561,5.85,8.03,0.0,0.38,19.69,1.4863,-0.481,15,SEA-DEN,80,8,0,0,0,0,0,0,32,2025-04-03 08:32:00,2025-04-03 10:05:00,45,1
2025-06-24 17:40:00,2025-06-24 21:31:00,B6,ATL,JFK,2448,15.39,16.01,0.15,0.16,12.94,0.6953,-0.5992,42,ATL-JFK,231,17,0,0,0,0,0,0,9,2025-06-24 17:49:00,2025-06-24 21:24:00,-7,0
2025-09-15 19:00:00,2025-09-15 20:24:00,UA,DEN,ATL,616,2.7,6.41,16.85,17.99,8.14,-0.8942,0.7853,33,DEN-ATL,84,19,0,0,1,0,0,0,28,2025-09-15 19:28:00,2025-09-15 21:01:00,37,1
2025-08-12 06:10:00,2025-08-12 10:25:00,UA,DEN,ORD,2746,4.36,1.18,0.0,1.33,14.66,2.402,-0.5267,82,DEN-ORD,255,6,0,0,0,0,0,0,-2,2025-08-12 06:08:00,2025-08-12 10:21:00,-4,0
2025-01-25 06:15:00,2025-01-25 08:10:00,UA,DEN,JFK,1002,11.7,10.93,0.0,0.12,18.1,1.3847,-0.393,39,DEN-JFK,115,6,0,0,0,0,0,0,-1,2025-01-25 06:14:00,2025-01-25 08:02:00,-8,0
2025-08-04 01:45:00,2025-08-04 07:43:00,B6,DFW,BOS,4041,5.41,6.14,0.34,0.15,16.28,-1.2915,-0.0455,86,DFW-BOS,358,1,0,1,0,0,0,0,-2,2025-08-04 01:43:00,2025-08-04 07:47:00,4,0
2025-01-15 14:10:00,2025-01-15 17:34:00,UA,LAX,SEA,2115,2.06,0.44,0.0,0.2,15.5,-0.1597,0.794,83,LAX-SEA,204,14,0,0,0,0,0,0,-5,2025-01-15 14:05:00,2025-01-15 17:35:00,1,0
2025-02-12 18:45:00,2025-02-12 20:15:00,B6,ORD,LAX,693,4.96,7.36,0.15,1.01,14.25,1.7806,0.6635,29,ORD-LAX,90,18,0,0,0,0,0,0,3,2025-02-12 18:48:00,2025-02-12 20:12:00,-3,0
2025-08-27 09:50:00,2025-08-27 14:42:00,DL,SFO,LAX,3213,12.16,13.36,0.0,0.0,18.69,0.638,-0.5457,32,SFO-LAX,292,9,0,0,0,0,0,0,-1,2025-08-27 09:49:00,2025-08-27 14:30:00,-12,0
2025-02-07 03:50:00,2025-02-07 06:43:00,UA,ORD,BOS,1722,10.37,12.92,0.0,0.02,17.29,-1.844,-0.9792,28,ORD-BOS,173,3,0,1,0,0,0,0,6,2025-02-07 03:56:00,2025-02-07 07:01:00,18,1
2025-05-04 07:15:00,2025-05-04 09:42:00,B6,DEN,JFK,1399,24.34,22.74,0.0,0.4,17.38,-0.6999,-0.2292,53,DEN-JFK,147,7,0,0,0,0,0,0,21,2025-05-04 07:36:00,2025-05-04 10:02:00,20,1
2025-08-03 09:00:00,2025-08-03 13:41:00,AA,BOS,ORD,3069,12.72,13.02,0.32,0.0,17.49,-0.7916,-0.2484,98,BOS-ORD,281,9,0,0,0,0,0,0,3,2025-08-03 09:03:00,2025-08-03 13:40:00,-1,0
2025-08-28 21:10:00,2025-08-29 03:30:00,B6,DFW,SFO,4313,4.54,7.14,0.0,0.92,15.92,1.481,-0.5853,86,DFW-SFO,380,21,0,1,0,0,0,0,-10,2025-08-28 21:00:00,2025-08-29 03:23:00,-7,0
2025-06-12 02:45:00,2025-06-12 09:13:00,B6,SEA,LAX,4415,16.36,14.52,0.1,1.08,13.29,0.5154,0.1129,60,SEA-LAX,388,2,0,1,0,0,0,0,22,2025-06-12 03:07:00,2025-06-12 09:40:00,27,1
2025-02-04 08:10:00,2025-02-04 11:35:00,UA,SFO,BOS,2129,4.56,7.94,0.0,0.0,19.69,-0.3076,0.832,59,SFO-BOS,205,8,0,0,0,0,0,0,-5,2025-02-04 08:05:00,2025-02-04 11:31:00,-4,0
2025-10-19 15:40:00,2025-10-19 21:24:00,DL,DFW,ORD,3862,9.25,8.78,0.0,0.0,17.21,-0.7787,-0.8992,99,DFW-ORD,344,15,0,0,0,0,0,0,23,2025-10-19 16:03:00,2025-10-19 21:48:00,24,1
2025-12-13 05:15:00,2025-12-13 07:24:00,B6,BOS,ATL,1179,4.8,5.0,0.39,0.0,18.35,0.6693,0.5228,32,BOS-ATL,129,5,0,0,0,0,0,0,17,2025-12-13 05:32:00,2025-12-13 07:41:00,17,1
2025-11-21 21:45:00,2025-11-22 03:28:00,DL,ATL,DEN,3855,5.84,3.67,0.0,0.0,13.61,-0.1238,-0.7519,63,ATL-DEN,343,21,0,1,0,0,0,0,9,2025-11-21 21:54:00,2025-11-22 03:30:00,2,0
2025-10-01 21:30:00,2025-10-02 03:45:00,WN,ATL,SFO,4256,45.71,44.65,7.35,6.33,7.6,0.1802,0.6965,35,ATL-SFO,375,21,0,1,0,0,0,0,5,2025-10-01 21:35:00,2025-10-02 03:42:00,-3,0
2025-05-27 09:30:00,2025-05-27 13:23:00,DL,LAX,SEA,2472,6.79,3.14,24.16,24.66,6.88,0.6066,0.5256,99,LAX-SEA,233,9,0,0,1,0,0,0,21,2025-05-27 09:51:00,2025-05-27 13:42:00,19,1
2025-11-16 17:45:00,2025-11-16 21:40:00,AA,LAX,SFO,2496,1.24,2.93,0.1,0.61,10.36,0.174,0.2127,50,LAX-SFO,235,17,0,0,0,0,0,0,-6,2025-11-16 17:39:00,2025-11-16 21:54:00,14,0
2025-06-28 18:50:00,2025-06-28 22:59:00,B6,LAX,DFW,2670,18.71,16.99,0.44,1.25,15.26,-1.3559,0.7364,52,LAX-DFW,249,18,0,0,0,0,0,0,-5,2025-06-28 18:45:00,2025-06-28 23:09:00,10,0
2025-02-19 16:15:00,2025-02-19 17:38:00,DL,ATL,ORD,606,4.23,3.02,0.25,0.55,15.97,0.8544,0.4266,82,ATL-ORD,83,16,0,0,0,0,0,0,14,2025-02-19 16:29:00,2025-02-19 17:50:00,12,0
2025-11-07 04:30:00,2025-11-07 10:17:00,WN,DFW,ORD,3906,9.58,11.45,0.62,0.0,6.54,1.0357,0.7949,81,DFW-ORD,347,4,0,1,0,0,0,0,-10,2025-11-07 04:20:00,2025-11-07 10:17:00,0,0
2025-04-27 01:40:00,2025-04-27 06:47:00,UA,BOS,DEN,3397,18.97,19.07,7.68,8.02,14.47,2.107,0.189,39,BOS-DEN,307,1,0,1,0,0,0,0,2,2025-04-27 01:42:00,2025-04-27 06:54:00,7,0
2025-12-09 08:45:00,2025-12-09 14:36:00,WN,DFW,SFO,3952,3.11,2.48,1.03,1.42,12.42,-0.6244,-0.6217,50,DFW-SFO,351,8,0,0,0,0,0,0,19,2025-12-09 09:04:00,2025-12-09 14:56:00,20,1
2025-05-15 03:20:00,2025-05-15 04:58:00,AA,LAX,SFO,784,8.46,9.44,0.59,0.0,12.65,1.2825,-0.0293,33,LAX-SFO,98,3,0,1,0,0,0,0,39,2025-05-15 03:59:00,2025-05-15 05:30:00,32,1
2025-11-14 07:15:00,2025-11-14 12:44:00,AA,DEN,ATL,3669,9.11,9.5,0.0,1.24,9.55,1.2786,-0.4847,91,DEN-ATL,329,7,0,0,0,0,0,0,2,2025-11-14 07:17:00,2025-11-14 12:27:00,-17,0
2025-07-16 15:45:00,2025-07-16 18:46:00,B6,LAX,ORD,1823,4.27,6.13,0.36,0.13,18.44,1.0669,0.8527,4,LAX-ORD,181,15,0,0,0,0,0,0,1,2025-07-16 15:46:00,2025-07-16 18:46:00,0,0
2025-06-20 14:50:00,2025-06-20 20:24:00,DL,DEN,JFK,3737,24.85,23.12,0.02,0.17,15.35,0.1592,-0.3858,34,DEN-JFK,334,14,0,0,0,0,0,0,-10,2025-06-20 14:40:00,2025-06-20 20:30:00,6,0
2025-04-19 05:30:00,2025-04-19 12:03:00,DL,JFK,ORD,4474,9.38,6.53,3.04,0.0,14.87,-0.9166,0.1831,80,JFK-ORD,393,5,0,0,0,0,0,0,5,2025-04-19 05:35:00,2025-04-19 12:06:00,3,0
2025-11-02 00:00:00,2025-11-02 05:55:00,DL,JFK,DEN,3994,15.97,14.76,0.19,1.61,14.29,-0.2912,-0.1732,52,JFK-DEN,355,0,0,1,0,0,0,0,0,2025-11-02 00:00:00,2025-11-02 05:46:00,-9,0
2025-01-23 05:15:00,2025-01-23 11:22:00,WN,DFW,DEN,4145,18.64,19.4,0.0,0.34,13.34,-1.1195,-0.822,67,DFW-DEN,367,5,0,0,0,0,0,0,6,2025-01-23 05:21:00,2025-01-23 11:15:00,-7,0
2025-06-21 10:20:00,2025-06-21 11:57:00,AA,BOS,ATL,777,10.03,5.42,0.18,0.78,17.08,-1.5084,-0.5564,17,BOS-ATL,97,10,0,0,0,0,0,0,8,2025-06-21 10:28:00,2025-06-21 12:04:00,7,0
2025-05-15 18:40:00,2025-05-15 21:29:00,WN,LAX,JFK,1680,4.84,0.5,0.0,0.0,13.48,0.7533,-0.681,79,LAX-JFK,169,18,0,0,0,0,0,0,19,2025-05-15 18:59:00,2025-05-15 21:48:00,19,1
2025-07-18 08:40:00,2025-07-18 11:17:00,WN,SFO,SEA,1529,18.17,19.87,0.51,0.51,20.5,-0.8391,-0.1796,80,SFO-SEA,157,8,0,0,0,0,0,0,-8,2025-07-18 08:32:00,2025-07-18 11:17:00,0,0
2025-04-03 06:45:00,2025-04-03 10:37:00,WN,LAX,SEA,2457,7.06,8.13,0.52,0.53,16.65,-1.9801,-0.0521,19,LAX-SEA,232,6,0,0,0,0,0,0,17,2025-04-03 07:02:00,2025-04-03 10:55:00,18,1
2025-08-31 13:00:00,2025-08-31 19:27:00,AA,ORD,DEN,4399,10.98,10.53,0.0,0.0,11.58,0.1246,-0.4578,31,ORD-DEN,387,13,0,0,0,0,0,0,-4,2025-08-31 12:56:00,2025-08-31 19:23:00,-4,0
2025-05-21 01:20:00,2025-05-21 06:09:00,AA,SEA,SFO,3180,8.13,10.34,0.0,0.0,10.18,0.8131,0.7778,53,SEA-SFO,289,1,0,1,0,0,0,0,6,2025-05-21 01:26:00,2025-05-21 06:30:00,21,1
2025-03-10 05:40:00,2025-03-10 09:42:00,B6,ATL,DFW,2588,21.84,16.54,0.09,0.0,21.37,0.6325,-0.827,0,ATL-DFW,242,5,0,0,0,0,0,0,-2,2025-03-10 05:38:00,2025-03-10 09:39:00,-3,0
2025-03-13 00:50:00,2025-03-13 06:19:00,B6,SEA,LAX,3680,3.92,1.21,0.0,0.0,10.43,-0.9853,-0.1364,26,SEA-LAX,329,0,0,1,0,0,0,0,0,2025-03-13 00:50:00,2025-03-13 06:19:00,0,0
2025-09-12 12:10:00,2025-09-12 14:08:00,WN,DEN,LAX,1041,10.22,9.35,0.0,0.0,17.41,-0.5998,-0.8829,21,DEN-LAX,118,12,0,0,0,0,0,0,3,2025-09-12 12:13:00,2025-09-12 14:10:00,2,0
2025-04-06 10:50:00,2025-04-06 15:31:00,AA,LAX,JFK,3074,4.99,3.41,0.0,1.16,15.96,0.4136,0.3555,49,LAX-JFK,281,10,0,0,0,0,0,0,-8,2025-04-06 10:42:00,2025-04-06 15:32:00,1,0
2025-04-23 13:00:00,2025-04-23 16:48:00,UA,SFO,JFK,2412,8.48,7.59,26.29,25.94,4.88,0.9073,-0.2966,90,SFO-JFK,228,13,0,0,1,1,0,0,19,2025-04-23 13:19:00,2025-04-23 17:05:00,17,1
2025-08-17 14:10:00,2025-08-17 16:17:00,UA,SFO,ORD,1153,18.61,20.78,0.0,0.0,19.16,0.4378,0.6901,67,SFO-ORD,127,14,0,0,0,0,0,0,24,2025-08-17 14:34:00,2025-08-17 16:45:00,28,1
2025-05-01 09:45:00,2025-05-01 14:21:00,UA,DFW,JFK,3012,19.61,20.26,0.0,0.0,14.62,0.8747,0.4779,43,DFW-JFK,276,9,0,0,0,0,0,0,15,2025-05-01 10:00:00,2025-05-01 14:32:00,11,0
2025-05-22 20:45:00,2025-05-23 02:26:00,WN,SEA,JFK,3829,9.58,8.58,13.97,12.24,12.21,-0.1655,-0.287,89,SEA-JFK,341,20,0,1,1,0,0,0,27,2025-05-22 21:12:00,2025-05-23 02:50:00,24,1
2025-03-31 22:50:00,2025-04-01 04:27:00,UA,LAX,JFK,3778,11.8,14.03,1.37,0.0,16.53,0.4005,0.9042,12,LAX-JFK,337,22,0,1,0,0,0,0,-4,2025-03-31 22:46:00,2025-04-01 04:19:00,-8,0
2025-05-07 02:30:00,2025-05-07 08:12:00,WN,BOS,DFW,3841,13.1,13.22,0.85,0.0,14.77,0.2185,0.156,15,BOS-DFW,342,2,0,1,0,0,0,0,10,2025-05-07 02:40:00,2025-05-07 08:05:00,-7,0
2025-09-10 22:30:00,2025-09-11 04:02:00,DL,DEN,JFK,3711,4.71,4.28,0.03,1.09,16.06,-1.0985,-0.3018,61,DEN-JFK,332,22,0,1,0,0,0,0,-4,2025-09-10 22:26:00,2025-09-11 03:50:00,-12,0
2025-07-14 04:30:00,2025-07-14 08:07:00,WN,SFO,ATL,2269,14.87,15.43,4.55,5.06,9.06,-1.7638,-0.2207,59,SFO-ATL,217,4,0,1,0,0,0,0,14,2025-07-14 04:44:00,2025-07-14 08:26:00,19,1
2025-12-31 05:30:00,2025-12-31 06:45:00,WN,SFO,SEA,506,6.48,2.35,0.0,0.0,18.03,-0.8579,0.3855,94,SFO-SEA,75,5,1,0,0,0,0,0,6,2025-12-31 05:36:00,2025-12-31 06:40:00,-5,0
2025-10-09 12:30:00,2025-10-09 18:53:00,WN,SFO,BOS,4354,7.01,9.12,0.0,0.4,16.61,-0.7357,-0.1109,88,SFO-BOS,383,12,0,0,0,0,0,0,0,2025-10-09 12:30:00,2025-10-09 18:52:00,-1,0
2025-01-07 00:15:00,2025-01-07 03:46:00,WN,DFW,SEA,2204,0.35,2.27,0.0,0.0,19.29,1.332,0.2961,73,DFW-SEA,211,0,0,1,0,0,0,0,6,2025-01-07 00:21:00,2025-01-07 03:44:00,-2,0
2025-05-19 08:45:00,2025-05-19 13:17:00,B6,DEN,ORD,2957,15.63,13.94,0.0,0.32,14.74,-0.1178,-0.466,44,DEN-ORD,272,8,0,0,0,0,0,0,-6,2025-05-19 08:39:00,2025-05-19 13:08:00,-9,0
2025-04-16 04:15:00,2025-04-16 05:21:00,DL,SEA,SFO,386,17.25,17.61,0.02,0.78,14.56,-0.841,-0.5709,63,SEA-SFO,66,4,0,1,0,0,0,0,0,2025-04-16 04:15:00,2025-04-16 05:12:00,-9,0
2025-08-03 11:30:00,2025-08-03 17:28:00,AA,ATL,DFW,4032,9.77,14.3,3.6,2.14,15.72,-0.1945,0.1961,32,ATL-DFW,358,11,0,0,0,0,0,0,27,2025-08-03 11:57:00,2025-08-03 18:03:00,35,1
2025-04-07 19:40:00,2025-04-08 01:37:00,B6,SFO,BOS,4030,10.01,8.84,1.16,0.02,15.38,0.2036,-0.3518,61,SFO-BOS,357,19,0,0,0,0,0,0,4,2025-04-07 19:44:00,2025-04-08 01:39:00,2,0
2025-12-19 22:30:00,2025-12-20 04:41:00,B6,LAX,ATL,4198,7.29,7.73,13.76,13.87,3.14,-0.4405,0.6867,39,LAX-ATL,371,22,0,1,1,1,0,0,29,2025-12-19 22:59:00,2025-12-20 05:41:00,60,1
2025-04-20 05:30:00,2025-04-20 07:27:00,DL,LAX,DFW,1030,17.57,17.74,0.0,2.89,16.09,-0.5829,0.7114,50,LAX-DFW,117,5,0,0,0,0,0,0,-4,2025-04-20 05:26:00,2025-04-20 07:24:00,-3,0
2025-07-10 13:00:00,2025-07-10 18:42:00,WN,DFW,SFO,3840,25.18,26.7,8.87,11.58,6.47,-0.4023,-0.3379,42,DFW-SFO,342,13,0,0,0,0,0,0,-3,2025-07-10 12:57:00,2025-07-10 18:32:00,-10,0
2025-02-14 11:15:00,2025-02-14 15:44:00,WN,SFO,ORD,2924,5.65,4.07,0.45,0.32,17.42,0.2082,-0.8317,42,SFO-ORD,269,11,0,0,0,0,0,0,3,2025-02-14 11:18:00,2025-02-14 15:43:00,-1,0
2025-11-29 09:20:00,2025-11-29 11:08:00,DL,ORD,LAX,913,10.12,8.54,0.0,0.0,16.5,-0.1786,-0.2352,62,ORD-LAX,108,9,0,0,0,0,0,0,12,2025-11-29 09:32:00,2025-11-29 11:01:00,-7,0
2025-11-29 15:20:00,2025-11-29 19:31:00,UA,ATL,SEA,2696,3.62,1.97,0.0,0.24,11.49,-0.473,-0.7025,27,ATL-SEA,251,15,0,0,0,0,0,0,12,2025-11-29 15:32:00,2025-11-29 20:04:00,33,1
2025-10-17 23:50:00,2025-10-18 03:29:00,AA,JFK,ATL,2301,10.88,9.36,24.95,25.71,3.0,-0.7693,0.8276,98,JFK-ATL,219,23,0,1,1,1,0,0,52,2025-10-18 00:42:00,2025-10-18 04:59:00,90,1
2025-05-09 09:50:00,2025-05-09 14:19:00,AA,SEA,DFW,2927,9.65,5.69,0.0,0.0,14.22,0.3278,0.5237,54,SEA-DFW,269,9,0,0,0,0,0,0,29,2025-05-09 10:19:00,2025-05-09 14:46:00,27,1
2025-01-22 01:40:00,2025-01-22 03:07:00,B6,ATL,DEN,651,6.68,9.02,0.0,0.0,13.35,-0.3926,-0.5361,68,ATL-DEN,87,1,0,1,0,0,0,0,7,2025-01-22 01:47:00,2025-01-22 03:02:00,-5,0
2025-09-17 21:15:00,2025-09-18 01:23:00,B6,ORD,DFW,2666,16.74,14.22,0.29,0.0,15.6,0.5641,0.1256,9,ORD-DFW,248,21,0,1,0,0,0,0,1,2025-09-17 21:16:00,2025-09-18 01:20:00,-3,0
2025-06-06 22:00:00,2025-06-07 02:47:00,DL,DEN,ORD,3145,20.93,19.56,7.81,9.12,16.58,1.5685,-0.3923,76,DEN-ORD,287,22,0,1,0,0,0,0,7,2025-06-06 22:07:00,2025-06-07 02:53:00,6,0
2025-12-28 07:45:00,2025-12-28 12:44:00,WN,JFK,ORD,3305,3.37,5.75,0.0,0.82,14.17,-1.1209,0.649,2,JFK-ORD,299,7,0,0,0,0,0,0,14,2025-12-28 07:59:00,2025-12-28 12:58:00,14,0
2025-09-12 12:50:00,2025-09-12 18:07:00,UA,SEA,DFW,3530,13.79,14.02,0.01,0.44,11.01,-0.2475,0.9889,28,SEA-DFW,317,12,0,0,0,0,0,0,5,2025-09-12 12:55:00,2025-09-12 18:12:00,5,0
2025-07-16 20:20:00,2025-07-17 00:49:00,AA,JFK,LAX,2929,24.02,21.08,0.0,1.11,18.86,-1.6014,0.2771,59,JFK-LAX,269,20,0,1,0,0,0,0,1,2025-07-16 20:21:00,2025-07-17 00:43:00,-6,0
2025-12-27 12:45:00,2025-12-27 17:40:00,DL,ATL,JFK,3245,16.07,12.64,0.0,0.0,17.86,-0.2432,-0.6494,53,ATL-JFK,295,12,0,0,0,0,0,0,10,2025-12-27 12:55:00,2025-12-27 17:41:00,1,0
2025-10-20 11:50:00,2025-10-20 13:19:00,UA,ATL,LAX,679,5.42,6.11,19.24,18.74,5.78,1.887,-0.6479,33,ATL-LAX,89,11,0,0,1,1,0,0,9,2025-10-20 11:59:00,2025-10-20 13:50:00,31,1
2025-06-17 22:30:00,2025-06-18 03:57:00,B6,ORD,JFK,3651,21.28,20.07,10.14,11.17,11.89,0.5926,0.1294,2,ORD-JFK,327,22,0,1,0,0,0,0,10,2025-06-17 22:40:00,2025-06-18 03:59:00,2,0
2025-01-07 19:10:00,2025-01-07 22:12:00,B6,SFO,DFW,1840,14.8,13.36,1.16,1.71,18.12,-0.6692,0.337,79,SFO-DFW,182,19,0,0,0,0,0,0,-9,2025-01-07 19:01:00,2025-01-07 22:02:00,-10,0
2025-02-03 12:00:00,2025-02-03 16:03:00,UA,DEN,BOS,2599,11.72,12.67,0.0,0.41,16.9,0.4595,0.9095,69,DEN-BOS,243,12,0,0,0,0,0,0,12,2025-02-03 12:12:00,2025-02-03 16:05:00,2,0
2025-06-11 03:45:00,2025-06-11 07:48:00,WN,SFO,DFW,2595,7.65,8.61,0.43,0.0,16.3,-1.13,-0.4057,77,SFO-DFW,243,3,0,1,0,0,0,0,-1,2025-06-11 03:44:00,2025-06-11 07:46:00,-2,0
2025-07-25 10:30:00,2025-07-25 16:57:00,WN,JFK,ORD,4399,14.28,9.84,0.51,0.4,14.82,-1.1304,-0.5366,31,JFK-ORD,387,10,0,0,0,0,0,0,-2,2025-07-25 10:28:00,2025-07-25 16:48:00,-9,0
2025-01-12 16:10:00,2025-01-12 18:58:00,WN,ATL,SEA,1665,46.3,45.89,1.19,2.86,15.43,0.6546,0.2736,86,ATL-SEA,168,16,0,0,0,0,0,0,-9,2025-01-12 16:01:00,2025-01-12 18:57:00,-1,0
2025-02-16 06:00:00,2025-02-16 09:08:00,B6,JFK,ATL,1914,1.49,3.73,0.0,0.0,14.97,-0.3125,0.2092,17,JFK-ATL,188,6,0,0,0,0,0,0,8,2025-02-16 06:08:00,2025-02-16 09:11:00,3,0
2025-09-15 12:50:00,2025-09-15 18:04:00,B6,SFO,BOS,3493,9.6,6.59,5.12,4.16,16.12,-0.2232,0.1173,48,SFO-BOS,314,12,0,0,0,0,0,0,3,2025-09-15 12:53:00,2025-09-15 17:58:00,-6,0
2025-10-02 15:15:00,2025-10-02 19:47:00,AA,DEN,JFK,2964,7.32,5.37,0.0,0.0,17.22,-0.0494,0.4077,2,DEN-JFK,272,15,0,0,0,0,0,0,1,2025-10-02 15:16:00,2025-10-02 19:50:00,3,0
2025-01-11 02:15:00,2025-01-11 05:01:00,DL,SFO,ORD,1635,1.46,3.27,19.92,21.62,6.79,-0.256,0.0815,85,SFO-ORD,166,2,0,1,1,0,0,0,35,2025-01-11 02:50:00,2025-01-11 06:04:00,63,1
2025-07-05 13:40:00,2025-07-05 16:35:00,AA,LAX,BOS,1746,33.57,33.38,0.42,0.0,15.76,1.3048,-0.9293,27,LAX-BOS,175,13,0,0,0,0,0,0,7,2025-07-05 13:47:00,2025-07-05 16:34:00,-1,0
2025-01-30 17:15:00,2025-01-30 22:52:00,B6,DFW,DEN,3780,2.63,5.57,0.0,0.64,16.16,-1.4593,-0.4483,66,DFW-DEN,337,17,0,0,0,0,0,0,5,2025-01-30 17:20:00,2025-01-30 23:02:00,10,0
2025-09-22 05:50:00,2025-09-22 11:30:00,AA,ORD,ATL,3810,4.0,1.9,0.0,0.0,16.37,-0.8025,0.7758,51,ORD-ATL,340,5,0,0,0,0,0,0,0,2025-09-22 05:50:00,2025-09-22 11:34:00,4,0
2025-11-01 13:40:00,2025-11-01 15:28:00,B6,DFW,ATL,916,5.85,0.52,1.51,1.6,15.41,0.2262,0.3599,92,DFW-ATL,108,13,0,0,0,0,0,0,9,2025-11-01 13:49:00,2025-11-01 15:19:00,-9,0
2025-11-14 17:15:00,2025-11-14 20:28:00,DL,ATL,BOS,1979,5.99,7.9,0.0,0.0,17.83,-1.1674,0.4109,9,ATL-BOS,193,17,0,0,0,0,0,0,6,2025-11-14 17:21:00,2025-11-14 20:31:00,3,0
2025-08-07 01:15:00,2025-08-07 06:32:00,AA,SEA,ORD,3531,14.27,15.21,1.53,1.79,17.07,-0.7622,-0.0172,46,SEA-ORD,317,1,0,1,0,0,0,0,18,2025-08-07 01:33:00,2025-08-07 06:34:00,2,0
2025-08-18 15:45:00,2025-08-18 17:24:00,DL,DFW,SEA,798,8.15,7.73,0.71,0.97,17.59,0.8599,-0.1318,34,DFW-SEA,99,15,0,0,0,0,0,0,1,2025-08-18 15:46:00,2025-08-18 17:22:00,-2,0
2025-12-05 06:30:00,2025-12-05 08:31:00,B6,LAX,JFK,1070,3.68,4.72,0.0,0.0,16.62,-0.8427,0.6134,67,LAX-JFK,121,6,0,0,0,0,0,0,15,2025-12-05 06:45:00,2025-12-05 08:29:00,-2,0
2025-08-12 09:50:00,2025-08-12 11:42:00,DL,ORD,BOS,965,11.14,10.28,10.03,9.73,12.11,0.8182,0.8665,17,ORD-BOS,112,9,0,0,0,0,0,0,4,2025-08-12 09:54:00,2025-08-12 11:42:00,0,0
2025-06-12 15:15:00,2025-06-12 19:11:00,B6,ATL,SFO,2517,10.96,8.54,0.42,0.0,14.42,-1.3445,-0.7239,24,ATL-SFO,236,15,0,0,0,0,0,0,26,2025-06-12 15:41:00,2025-06-12 19:42:00,31,1
2025-10-03 00:00:00,2025-10-03 03:31:00,B6,ORD,DEN,2194,20.37,21.06,0.0,0.0,14.02,2.0549,-0.7324,38,ORD-DEN,211,0,0,1,0,0,0,0,1,2025-10-03 00:01:00,2025-10-03 03:27:00,-4,0
2025-08-04 00:50:00,2025-08-04 03:37:00,DL,DFW,BOS,1646,7.71,6.89,14.49,16.5,9.15,0.6798,-0.9025,80,DFW-BOS,167,0,0,1,1,0,0,0,58,2025-08-04 01:48:00,2025-08-04 05:00:00,83,1
2025-11-04 10:10:00,2025-11-04 11:55:00,DL,JFK,BOS,871,4.95,2.06,11.25,10.7,8.9,0.7032,-0.5929,13,JFK-BOS,105,10,0,0,0,0,0,0,7,2025-11-04 10:17:00,2025-11-04 11:48:00,-7,0
2025-07-11 22:45:00,2025-07-12 03:18:00,B6,JFK,DFW,2976,17.06,19.14,0.0,1.72,15.06,-0.3876,0.6304,73,JFK-DFW,273,22,0,1,0,0,0,0,17,2025-07-11 23:02:00,2025-07-12 03:44:00,26,1
2025-11-14 00:40:00,2025-11-14 06:10:00,UA,ORD,SEA,3690,4.77,3.94,0.77,0.1,16.92,0.0106,0.1173,56,ORD-SEA,330,0,0,1,0,0,0,0,-4,2025-11-14 00:36:00,2025-11-14 06:07:00,-3,0
2025-01-17 18:10:00,2025-01-17 20:20:00,AA,BOS,DFW,1193,0.58,4.88,0.0,0.0,14.68,2.6976,-0.1535,64,BOS-DFW,130,18,0,0,0,0,0,0,-2,2025-01-17 18:08:00,2025-01-17 20:22:00,2,0
2025-01-14 01:45:00,2025-01-14 06:28:00,WN,ATL,JFK,3099,9.79,10.71,0.0,0.1,14.93,-1.093,-0.0028,51,ATL-JFK,283,1,0,1,0,0,0,0,2,2025-01-14 01:47:00,2025-01-14 06:17:00,-11,0
2025-02-06 11:00:00,2025-02-06 16:26:00,WN,DFW,JFK,3640,14.2,15.2,5.05,6.18,11.22,-0.5646,0.7486,14,DFW-JFK,326,11,0,0,0,0,0,0,-2,2025-02-06 10:58:00,2025-02-06 16:06:00,-20,0
2025-07-23 10:20:00,2025-07-23 14:26:00,DL,BOS,SFO,2639,3.98,5.93,1.11,0.0,10.16,-0.3314,0.633,33,BOS-SFO,246,10,0,0,0,0,0,0,5,2025-07-23 10:25:00,2025-07-23 14:32:00,6,0
2025-09-16 11:15:00,2025-09-16 15:27:00,UA,DEN,ORD,2709,16.85,16.77,0.0,0.51,14.0,0.1718,0.5403,46,DEN-ORD,252,11,0,0,0,0,0,0,5,2025-09-16 11:20:00,2025-09-16 15:24:00,-3,0
2025-03-20 01:40:00,2025-03-20 03:35:00,DL,LAX,JFK,1000,1.2,2.5,9.91,8.38,13.13,0.688,-0.6068,25,LAX-JFK,115,1,0,1,0,0,0,0,9,2025-03-20 01:49:00,2025-03-20 03:44:00,9,0
2025-02-26 18:30:00,2025-02-27 00:51:00,UA,SEA,DFW,4320,7.17,4.63,0.0,0.4,18.37,0.4968,0.341,98,SEA-DFW,381,18,0,0,0,0,0,0,22,2025-02-26 18:52:00,2025-02-27 01:14:00,23,1
2025-11-11 06:30:00,2025-11-11 12:50:00,WN,ORD,JFK,4317,11.54,9.53,0.0,0.0,14.14,-1.0769,-0.3578,43,ORD-JFK,380,6,0,0,0,0,0,0,17,2025-11-11 06:47:00,2025-11-11 13:14:00,24,1
2025-10-01 18:20:00,2025-10-01 23:18:00,B6,DEN,SEA,3289,22.05,24.05,0.66,0.0,17.22,0.7702,-0.0593,99,DEN-SEA,298,18,0,0,0,0,0,0,-5,2025-10-01 18:15:00,2025-10-01 23:20:00,2,0
2025-08-25 15:40:00,2025-08-25 21:42:00,B6,SEA,LAX,4091,22.1,25.62,1.34,0.53,14.82,0.7637,-0.7124,3,SEA-LAX,362,15,0,0,0,0,0,0,-3,2025-08-25 15:37:00,2025-08-25 21:27:00,-15,0
2025-06-28 13:10:00,2025-06-28 17:33:00,WN,DFW,SEA,2851,10.6,10.37,0.0,0.0,17.04,0.0726,-0.0223,95,DFW-SEA,263,13,0,0,0,0,0,0,4,2025-06-28 13:14:00,2025-06-28 17:31:00,-2,0
2025-06-03 07:40:00,2025-06-03 12:21:00,DL,BOS,ATL,3077,5.81,5.08,0.87,1.39,11.38,-0.6267,0.8792,30,BOS-ATL,281,7,0,0,0,0,0,0,9,2025-06-03 07:49:00,2025-06-03 12:14:00,-7,0
2025-01-08 15:00:00,2025-01-08 20:38:00,B6,ORD,SEA,3782,7.98,7.59,0.59,0.11,14.74,0.2867,0.3415,95,ORD-SEA,338,15,0,0,0,0,0,0,1,2025-01-08 15:01:00,2025-01-08 20:30:00,-8,0
2025-03-10 23:00:00,2025-03-11 00:12:00,UA,JFK,SFO,460,29.6,29.55,0.0,0.0,16.24,-0.2796,-0.9413,44,JFK-SFO,72,23,0,1,0,0,0,0,-1,2025-03-10 22:59:00,2025-03-11 00:17:00,5,0
2025-11-24 22:40:00,2025-11-25 00:53:00,AA,DFW,ORD,1222,21.67,19.42,0.0,0.37,14.99,-0.0468,0.6967,68,DFW-ORD,133,22,0,1,0,0,0,0,4,2025-11-24 22:44:00,2025-11-25 00:52:00,-1,0
2025-05-04 21:10:00,2025-05-04 23:17:00,DL,LAX,SFO,1154,12.88,13.75,0.0,0.0,12.55,0.0206,0.3283,26,LAX-SFO,127,21,0,1,0,0,0,0,11,2025-05-04 21:21:00,2025-05-04 23:04:00,-13,0
2025-09-15 05:45:00,2025-09-15 10:17:00,WN,ORD,LAX,2957,12.56,12.08,9.27,10.07,13.1,-0.8733,-0.139,64,ORD-LAX,272,5,0,0,0,0,0,0,2,2025-09-15 05:47:00,2025-09-15 10:09:00,-8,0
2025-09-14 14:10:00,2025-09-14 16:30:00,UA,DEN,SEA,1318,7.4,11.97,0.11,0.09,16.91,0.0382,-0.1273,89,DEN-SEA,140,14,0,0,0,0,0,0,-6,2025-09-14 14:04:00,2025-09-14 16:23:00,-7,0
2025-04-23 09:10:00,2025-04-23 12:20:00,DL,BOS,LAX,1939,0.0,1.23,0.06,1.26,20.21,1.0708,0.5337,87,BOS-LAX,190,9,0,0,0,0,0,0,-1,2025-04-23 09:09:00,2025-04-23 12:35:00,15,1
2025-03-16 23:50:00,2025-03-17 03:35:00,UA,JFK,LAX,2373,2.19,2.23,1.85,1.87,14.96,0.6792,-0.4669,74,JFK-LAX,225,23,0,1,0,0,0,0,24,2025-03-17 00:14:00,2025-03-17 03:54:00,19,1
2025-09-10 22:10:00,2025-09-11 03:19:00,AA,ATL,BOS,3423,7.34,8.3,0.05,0.0,9.98,-0.1916,-0.2177,45,ATL-BOS,309,22,0,1,0,0,0,0,1,2025-09-10 22:11:00,2025-09-11 03:12:00,-7,0
2025-02-04 20:50:00,2025-02-05 00:43:00,B6,LAX,BOS,2473,1.9,3.33,7.82,8.86,9.96,-0.2428,0.5603,26,LAX-BOS,233,20,0,1,0,0,0,0,-2,2025-02-04 20:48:00,2025-02-05 00:51:00,8,0
2025-06-30 03:15:00,2025-06-30 04:22:00,B6,DFW,DEN,402,11.09,9.48,11.78,10.79,12.03,1.7588,0.7639,31,DFW-DEN,67,3,0,1,0,0,0,0,8,2025-06-30 03:23:00,2025-06-30 04:38:00,16,1
2025-11-21 07:45:00,2025-11-21 12:35:00,B6,BOS,JFK,3184,11.09,7.22,0.15,0.0,14.61,-0.8681,0.683,24,BOS-JFK,290,7,0,0,0,0,0,0,14,2025-11-21 07:59:00,2025-11-21 12:32:00,-3,0
2025-09-17 17:50:00,2025-09-17 21:13:00,UA,LAX,BOS,2096,2.42,0.0,8.76,6.66,11.19,0.6475,0.1853,87,LAX-BOS,203,17,0,0,0,0,0,0,11,2025-09-17 18:01:00,2025-09-17 21:12:00,-1,0
2025-10-06 17:00:00,2025-10-06 18:37:00,DL,DFW,ORD,776,12.12,11.87,0.31,2.01,18.15,1.2206,0.7007,0,DFW-ORD,97,17,0,0,0,0,0,0,2,2025-10-06 17:02:00,2025-10-06 18:42:00,5,0
2025-01-31 08:15:00,2025-01-31 12:53:00,AA,DFW,ATL,3037,12.39,10.42,1.05,0.0,18.27,-1.098,0.4235,9,DFW-ATL,278,8,0,0,0,0,0,0,10,2025-01-31 08:25:00,2025-01-31 13:18:00,25,1
2025-03-14 03:30:00,2025-03-14 06:00:00,UA,BOS,SFO,1434,12.1,8.94,0.0,0.0,14.65,-0.1656,0.656,26,BOS-SFO,150,3,0,1,0,0,0,0,22,2025-03-14 03:52:00,2025-03-14 06:17:00,17,1
2025-04-11 03:45:00,2025-04-11 07:19:00,UA,ORD,DFW,2234,7.87,5.4,0.0,0.0,17.49,1.1117,-0.4515,39,ORD-DFW,214,3,0,1,0,0,0,0,32,2025-04-11 04:17:00,2025-04-11 07:58:00,39,1
2025-04-17 16:10:00,2025-04-17 22:34:00,UA,SFO,DFW,4363,13.3,13.79,0.0,0.0,14.89,-0.7256,-0.8678,99,SFO-DFW,384,16,0,0,0,0,0,0,1,2025-04-17 16:11:00,2025-04-17 22:28:00,-6,0
2025-03-12 10:10:00,2025-03-12 12:29:00,WN,LAX,DFW,1299,13.84,14.61,3.25,1.88,13.71,0.1512,0.9408,85,LAX-DFW,139,10,0,0,0,0,0,0,-10,2025-03-12 10:00:00,2025-03-12 12:37:00,8,0
2025-12-21 11:15:00,2025-12-21 17:11:00,DL,DEN,ORD,4018,14.28,13.19,0.19,0.0,17.04,-1.3946,0.463,20,DEN-ORD,356,11,0,0,0,0,0,0,19,2025-12-21 11:34:00,2025-12-21 17:38:00,27,1
2025-03-02 19:10:00,2025-03-02 22:45:00,B6,SEA,ATL,2250,8.71,7.89,0.0,0.0,17.16,-0.4006,0.7279,80,SEA-ATL,215,19,0,0,0,0,0,0,22,2025-03-02 19:32:00,2025-03-02 23:11:00,26,1
2025-09-16 00:15:00,2025-09-16 06:27:00,B6,BOS,ORD,4216,23.62,23.88,0.0,0.0,14.15,1.3984,0.286,66,BOS-ORD,372,0,0,1,0,0,0,0,-1,2025-09-16 00:14:00,2025-09-16 06:22:00,-5,0
2025-08-03 18:10:00,2025-08-03 23:54:00,AA,DEN,JFK,3868,21.47,22.67,0.82,0.27,19.99,-1.2402,-0.2784,39,DEN-JFK,344,18,0,0,0,0,0,0,-2,2025-08-03 18:08:00,2025-08-03 23:59:00,5,0
2025-08-11 06:45:00,2025-08-11 12:24:00,AA,ATL,BOS,3795,10.73,9.86,0.0,0.0,17.77,-1.6314,-0.0333,40,ATL-BOS,339,6,0,0,0,0,0,0,5,2025-08-11 06:50:00,2025-08-11 12:44:00,20,1
2025-03-20 22:45:00,2025-03-21 00:53:00,AA,SEA,SFO,1168,4.94,5.57,13.64,12.47,9.08,-0.0358,0.4046,42,SEA-SFO,128,22,0,1,1,0,0,0,39,2025-03-20 23:24:00,2025-03-21 01:51:00,58,1
2025-04-23 22:10:00,2025-04-24 03:35:00,DL,ATL,LAX,3621,4.49,6.95,0.0,1.12,17.79,0.5341,0.2424,81,ATL-LAX,325,22,0,1,0,0,0,0,-6,2025-04-23 22:04:00,2025-04-24 03:40:00,5,0
2025-08-10 12:30:00,2025-08-10 15:32:00,WN,JFK,BOS,1842,12.29,15.44,0.0,0.0,12.24,-0.4867,-0.95,38,JFK-BOS,182,12,0,0,0,0,0,0,29,2025-08-10 12:59:00,2025-08-10 16:11:00,39,1
2025-04-20 07:40:00,2025-04-20 13:45:00,DL,BOS,LAX,4122,0.0,3.02,0.0,0.0,15.79,-0.3056,0.3145,98,BOS-LAX,365,7,0,0,0,0,0,0,15,2025-04-20 07:55:00,2025-04-20 14:22:00,37,1
2025-09-11 05:40:00,2025-09-11 12:12:00,UA,BOS,DFW,4459,14.29,14.22,0.52,1.44,15.66,0.7429,-0.1408,75,BOS-DFW,392,5,0,0,0,0,0,0,21,2025-09-11 06:01:00,2025-09-11 12:50:00,38,1
2025-01-15 04:50:00,2025-01-15 09:15:00,UA,LAX,ORD,2869,3.09,2.36,9.82,9.51,12.55,1.2268,0.603,41,LAX-ORD,265,4,0,1,0,0,0,0,-5,2025-01-15 04:45:00,2025-01-15 09:17:00,2,0
2025-01-27 23:40:00,2025-01-28 05:46:00,WN,SEA,JFK,4133,7.6,5.59,20.42,22.75,8.14,0.5201,0.6843,29,SEA-JFK,366,23,0,1,1,0,0,0,41,2025-01-28 00:21:00,2025-01-28 07:00:00,74,1
2025-09-23 04:40:00,2025-09-23 08:38:00,UA,ATL,SFO,2539,15.82,15.9,9.95,10.88,12.39,0.9485,0.3414,40,ATL-SFO,238,4,0,1,0,0,0,0,-9,2025-09-23 04:31:00,2025-09-23 08:38:00,0,0
2025-08-14 10:00:00,2025-08-14 11:10:00,AA,BOS,SFO,442,4.01,4.21,0.34,0.08,13.25,-0.0286,-0.2041,49,BOS-SFO,70,10,0,0,0,0,0,0,20,2025-08-14 10:20:00,2025-08-14 11:26:00,16,1
2025-01-16 11:00:00,2025-01-16 16:53:00,B6,DEN,ATL,3970,19.07,19.33,0.77,0.0,14.22,-0.6242,0.5562,96,DEN-ATL,353,11,0,0,0,0,0,0,1,2025-01-16 11:01:00,2025-01-16 16:56:00,3,0
2025-11-25 16:30:00,2025-11-25 20:27:00,WN,SFO,DFW,2527,7.86,7.39,0.0,1.34,17.89,-1.4875,0.8934,27,SFO-DFW,237,16,0,0,0,0,0,0,-9,2025-11-25 16:21:00,2025-11-25 20:27:00,0,0
2025-01-02 20:50:00,2025-01-02 22:04:00,WN,ATL,BOS,484,12.46,12.0,0.0,0.0,15.2,-1.3773,-0.5988,12,ATL-BOS,74,20,0,1,0,0,0,0,5,2025-01-02 20:55:00,2025-01-02 21:58:00,-6,0
2025-12-15 13:20:00,2025-12-15 14:41:00,DL,BOS,JFK,574,2.17,2.37,2.01,1.28,10.41,-0.1249,0.6449,81,BOS-JFK,81,13,0,0,0,0,0,0,-5,2025-12-15 13:15:00,2025-12-15 14:35:00,-6,0
2025-09-24 18:40:00,2025-09-24 23:42:00,B6,DFW,BOS,3337,0.97,4.4,0.14,1.61,13.32,1.2997,-0.9143,40,DFW-BOS,302,18,0,0,0,0,0,0,10,2025-09-24 18:50:00,2025-09-24 23:41:00,-1,0
2025-12-27 13:10:00,2025-12-27 19:19:00,UA,DEN,JFK,4180,2.97,0.59,0.0,0.0,17.08,-0.9404,-0.5147,97,DEN-JFK,369,13,0,0,0,0,0,0,-4,2025-12-27 13:06:00,2025-12-27 19:14:00,-5,0
2025-12-13 10:20:00,2025-12-13 15:13:00,UA,ATL,BOS,3229,17.98,13.59,0.49,0.0,15.41,3.0749,0.7913,55,ATL-BOS,293,10,0,0,0,0,0,0,19,2025-12-13 10:39:00,2025-12-13 15:47:00,34,1
2025-04-25 03:45:00,2025-04-25 07:12:00,B6,JFK,LAX,2154,4.76,7.31,0.03,0.0,18.13,-0.1745,-0.8748,8,JFK-LAX,207,3,0,1,0,0,0,0,-10,2025-04-25 03:35:00,2025-04-25 07:05:00,-7,0
2025-10-04 05:40:00,2025-10-04 08:22:00,WN,LAX,JFK,1589,19.87,15.78,0.09,0.0,15.78,-1.0027,-0.8048,47,LAX-JFK,162,5,0,0,0,0,0,0,12,2025-10-04 05:52:00,2025-10-04 08:26:00,4,0
2025-03-18 10:00:00,2025-03-18 13:20:00,DL,BOS,SFO,2057,2.13,0.21,0.0,1.01,14.22,-0.5501,-0.5501,44,BOS-SFO,200,10,0,0,0,0,0,0,-6,2025-03-18 09:54:00,2025-03-18 13:20:00,0,0
2025-06-22 01:50:00,2025-06-22 04:37:00,WN,ORD,SEA,1655,12.64,10.89,0.0,0.0,15.03,-0.0719,0.1006,84,ORD-SEA,167,1,0,1,0,0,0,0,-4,2025-06-22 01:46:00,2025-06-22 04:23:00,-14,0
2025-03-29 07:50:00,2025-03-29 10:21:00,DL,ATL,LAX,1446,0.0,0.03,3.66,4.35,15.04,1.3667,0.1148,63,ATL-LAX,151,7,0,0,0,0,0,0,-7,2025-03-29 07:43:00,2025-03-29 10:22:00,1,0
2025-06-27 11:20:00,2025-06-27 13:02:00,DL,ORD,JFK,839,4.5,5.9,0.41,0.0,18.91,0.1161,-0.0881,24,ORD-JFK,102,11,0,0,0,0,0,0,-8,2025-06-27 11:12:00,2025-06-27 12:50:00,-12,0
2025-11-15 11:15:00,2025-11-15 15:25:00,WN,DEN,ORD,2689,8.15,9.81,0.0,0.0,15.51,-1.2426,0.8872,33,DEN-ORD,250,11,0,0,0,0,0,0,3,2025-11-15 11:18:00,2025-11-15 15:19:00,-6,0
2025-06-09 19:30:00,2025-06-09 21:42:00,WN,DEN,ORD,1217,8.88,6.62,32.49,32.86,1.15,1.7595,-0.8598,3,DEN-ORD,132,19,0,0,1,1,0,0,64,2025-06-09 20:34:00,2025-06-09 22:59:00,77,1
2025-02-03 23:45:00,2025-02-04 01:33:00,DL,BOS,SEA,908,11.62,12.28,0.0,0.68,19.43,-0.6144,0.8316,22,BOS-SEA,108,23,0,1,0,0,0,0,13,2025-02-03 23:58:00,2025-02-04 01:46:00,13,0
2025-04-29 17:20:00,2025-04-29 19:52:00,AA,SEA,DFW,1458,5.55,5.16,5.08,3.58,15.89,-0.8118,-0.9544,39,SEA-DFW,152,17,0,0,0,0,0,0,-10,2025-04-29 17:10:00,2025-04-29 19:53:00,1,0
2025-10-15 01:00:00,2025-10-15 06:27:00,UA,JFK,SFO,3655,7.44,12.32,0.0,0.38,13.62,0.4689,-0.8804,7,JFK-SFO,327,1,0,1,0,0,0,0,18,2025-10-15 01:18:00,2025-10-15 06:44:00,17,1
2025-07-10 09:00:00,2025-07-10 13:11:00,AA,ORD,DEN,2706,4.61,4.7,0.02,0.04,13.34,0.9959,-0.8329,23,ORD-DEN,251,9,0,0,0,0,0,0,-1,2025-07-10 08:59:00,2025-07-10 12:56:00,-15,0
2025-07-24 17:45:00,2025-07-24 21:29:00,UA,BOS,ATL,2363,14.6,13.53,0.0,0.0,18.56,0.966,0.6365,48,BOS-ATL,224,17,0,0,0,0,0,0,3,2025-07-24 17:48:00,2025-07-24 21:43:00,14,0
2025-06-07 14:45:00,2025-06-07 19:03:00,UA,ATL,SEA,2786,9.42,11.93,5.63,4.96,14.29,-1.7476,0.0829,90,ATL-SEA,258,14,0,0,0,0,0,0,2,2025-06-07 14:47:00,2025-06-07 19:01:00,-2,0
2025-04-17 10:45:00,2025-04-17 14:54:00,B6,ATL,SFO,2679,13.16,14.93,0.0,0.01,11.13,1.6273,0.1226,32,ATL-SFO,249,10,0,0,0,0,0,0,-5,2025-04-17 10:40:00,2025-04-17 14:50:00,-4,0
2025-08-07 10:10:00,2025-08-07 13:56:00,B6,DFW,LAX,2390,8.69,8.09,0.0,0.0,18.28,-1.0486,-0.0444,59,DFW-LAX,226,10,0,0,0,0,0,0,11,2025-08-07 10:21:00,2025-08-07 13:42:00,-14,0
2025-08-20 09:10:00,2025-08-20 14:51:00,AA,DEN,LAX,3831,12.91,13.87,4.45,5.58,13.13,0.6342,0.0644,2,DEN-LAX,341,9,0,0,0,0,0,0,15,2025-08-20 09:25:00,2025-08-20 15:08:00,17,1
2025-11-24 13:20:00,2025-11-24 18:24:00,B6,ORD,DFW,3367,7.04,4.1,4.84,5.72,14.05,0.4606,-0.798,35,ORD-DFW,304,13,0,0,0,0,0,0,-1,2025-11-24 13:19:00,2025-11-24 18:35:00,11,0
2025-08-14 04:10:00,2025-08-14 06:11:00,B6,SEA,DFW,1077,10.81,8.93,0.0,0.0,18.1,0.6017,0.7804,54,SEA-DFW,121,4,0,1,0,0,0,0,16,2025-08-14 04:26:00,2025-08-14 06:34:00,23,1
2025-12-30 12:20:00,2025-12-30 17:54:00,WN,DEN,SFO,3732,45.26,44.91,0.74,0.0,15.16,-0.2164,0.1626,25,DEN-SFO,334,12,0,0,0,0,0,0,1,2025-12-30 12:21:00,2025-12-30 18:23:00,29,1
2025-10-29 04:30:00,2025-10-29 06:28:00,WN,DFW,SEA,1035,3.03,0.83,16.92,16.17,6.18,1.1556,-0.1464,64,DFW-SEA,118,4,0,1,1,0,0,0,18,2025-10-29 04:48:00,2025-10-29 07:01:00,33,1
2025-01-29 16:15:00,2025-01-29 17:40:00,AA,DFW,JFK,627,19.63,19.02,0.32,0.0,16.8,0.0326,-0.0395,16,DFW-JFK,85,16,0,0,0,0,0,0,18,2025-01-29 16:33:00,2025-01-29 17:55:00,15,1
2025-05-24 20:00:00,2025-05-24 23:20:00,B6,ORD,DEN,2067,36.98,35.56,0.27,0.0,16.22,1.4019,0.9623,95,ORD-DEN,200,20,0,1,0,0,0,0,10,2025-05-24 20:10:00,2025-05-24 23:18:00,-2,0
2025-05-21 12:20:00,2025-05-21 15:31:00,AA,LAX,BOS,1949,12.85,14.22,0.26,0.6,17.52,-1.1231,0.4168,11,LAX-BOS,191,12,0,0,0,0,0,0,-4,2025-05-21 12:16:00,2025-05-21 15:20:00,-11,0
2025-01-02 09:40:00,2025-01-02 15:03:00,UA,LAX,ATL,3601,1.77,1.69,0.0,1.54,15.4,1.7872,0.4902,45,LAX-ATL,323,9,0,0,0,0,0,0,2,2025-01-02 09:42:00,2025-01-02 15:06:00,3,0
2025-03-07 22:30:00,2025-03-08 03:23:00,B6,ATL,JFK,3220,1.84,4.44,2.74,1.52,14.32,-1.7325,0.7449,55,ATL-JFK,293,22,0,1,0,0,0,0,4,2025-03-07 22:34:00,2025-03-08 03:27:00,4,0
2025-10-06 15:15:00,2025-10-06 16:34:00,AA,DFW,JFK,545,12.05,14.88,0.0,0.43,14.21,1.7213,0.8725,36,DFW-JFK,79,15,0,0,0,0,0,0,12,2025-10-06 15:27:00,2025-10-06 16:41:00,7,0
2025-05-09 10:15:00,2025-05-09 14:02:00,UA,SFO,ORD,2394,9.54,11.36,0.97,1.0,16.4,-0.4983,-0.651,43,SFO-ORD,227,10,0,0,0,0,0,0,-6,2025-05-09 10:09:00,2025-05-09 14:01:00,-1,0
2025-02-23 00:30:00,2025-02-23 05:56:00,B6,DFW,SEA,3639,26.76,25.83,0.0,0.1,15.01,0.4326,0.8032,16,DFW-SEA,326,0,0,1,0,0,0,0,22,2025-02-23 00:52:00,2025-02-23 06:17:00,21,1
2025-04-15 00:10:00,2025-04-15 05:15:00,B6,BOS,DFW,3379,24.79,24.34,0.0,0.0,13.45,-0.4378,0.7862,28,BOS-DFW,305,0,0,1,0,0,0,0,5,2025-04-15 00:15:00,2025-04-15 05:20:00,5,0
2025-04-11 05:45:00,2025-04-11 09:32:00,UA,BOS,ORD,2403,7.94,7.84,0.0,0.0,17.99,-0.9038,0.7642,73,BOS-ORD,227,5,0,0,0,0,0,0,3,2025-04-11 05:48:00,2025-04-11 09:33:00,1,0
2025-03-05 05:45:00,2025-03-05 10:11:00,AA,ATL,SEA,2886,7.67,7.05,0.0,0.0,17.21,-0.4178,0.1594,76,ATL-SEA,266,5,0,0,0,0,0,0,6,2025-03-05 05:51:00,2025-03-05 10:16:00,5,0
2025-02-06 17:00:00,2025-02-06 21:08:00,UA,SEA,ORD,2659,5.75,6.74,0.0,0.0,15.87,0.8224,-0.7347,0,SEA-ORD,248,17,0,0,0,0,0,0,3,2025-02-06 17:03:00,2025-02-06 21:13:00,5,0
2025-10-06 12:50:00,2025-10-06 15:07:00,WN,ATL,JFK,1271,13.56,13.79,0.26,0.0,17.96,0.414,0.3487,30,ATL-JFK,137,12,0,0,0,0,0,0,12,2025-10-06 13:02:00,2025-10-06 15:13:00,6,0
2025-10-28 23:00:00,2025-10-29 03:09:00,DL,LAX,ATL,2670,2.33,6.18,0.0,0.0,16.69,1.2754,0.4996,92,LAX-ATL,249,23,0,1,0,0,0,0,-3,2025-10-28 22:57:00,2025-10-29 03:14:00,5,0
2025-07-01 12:20:00,2025-07-01 17:06:00,WN,DFW,JFK,3135,8.15,9.18,8.78,7.03,11.16,0.5724,-0.9056,71,DFW-JFK,286,12,0,0,0,0,0,0,-7,2025-07-01 12:13:00,2025-07-01 16:47:00,-19,0
2025-08-13 21:40:00,2025-08-13 22:58:00,AA,ATL,LAX,535,5.75,6.74,2.36,1.68,12.67,0.396,0.6706,24,ATL-LAX,78,21,0,1,0,0,0,0,-3,2025-08-13 21:37:00,2025-08-13 22:58:00,0,0
2025-12-02 13:15:00,2025-12-02 18:08:00,AA,SEA,ATL,3220,11.15,13.11,1.8,0.0,15.97,1.7077,0.4753,59,SEA-ATL,293,13,0,0,0,0,0,0,14,2025-12-02 13:29:00,2025-12-02 18:06:00,-2,0
2025-11-04 08:10:00,2025-11-04 10:33:00,DL,ORD,JFK,1349,19.02,17.17,0.0,0.0,18.04,0.5064,-0.7221,12,ORD-JFK,143,8,0,0,0,0,0,0,11,2025-11-04 08:21:00,2025-11-04 10:35:00,2,0
2025-01-12 17:00:00,2025-01-12 18:02:00,DL,SEA,JFK,332,0.95,2.03,0.0,0.26,16.18,-0.9528,-0.3719,9,SEA-JFK,62,17,0,0,0,0,0,0,-4,2025-01-12 16:56:00,2025-01-12 17:50:00,-12,0
2025-12-14 10:40:00,2025-12-14 15:53:00,B6,SFO,DFW,3472,8.18,8.29,0.0,0.0,16.22,-1.2024,0.3472,56,SFO-DFW,313,10,0,0,0,0,0,0,4,2025-12-14 10:44:00,2025-12-14 16:01:00,8,0
2025-01-25 06:00:00,2025-01-25 09:10:00,WN,SFO,DFW,1937,22.88,21.64,0.0,0.0,15.57,1.8828,-0.9898,48,SFO-DFW,190,6,0,0,0,0,0,0,17,2025-01-25 06:17:00,2025-01-25 09:42:00,32,1
2025-01-10 11:20:00,2025-01-10 14:37:00,UA,ORD,ATL,2031,27.06,26.86,0.0,2.14,15.84,-0.0615,0.3567,60,ORD-ATL,197,11,0,0,0,0,0,0,9,2025-01-10 11:29:00,2025-01-10 14:47:00,10,0
2025-05-28 15:20:00,2025-05-28 19:49:00,B6,JFK,ATL,2922,6.72,7.04,0.0,0.0,21.0,0.0866,-0.0563,76,JFK-ATL,269,15,0,0,0,0,0,0,-3,2025-05-28 15:17:00,2025-05-28 19:48:00,-1,0
2025-09-30 09:50:00,2025-09-30 13:57:00,UA,ORD,JFK,2654,4.74,4.93,7.61,8.23,7.87,-0.5605,0.4337,62,ORD-JFK,247,9,0,0,0,0,0,0,-4,2025-09-30 09:46:00,2025-09-30 13:51:00,-6,0
2025-01-30 16:50:00,2025-01-30 21:17:00,UA,JFK,DFW,2906,0.0,0.39,0.17,0.38,18.83,-1.5395,0.8586,51,JFK-DFW,267,16,0,0,0,0,0,0,-2,2025-01-30 16:48:00,2025-01-30 21:08:00,-9,0
2025-04-17 23:45:00,2025-04-18 06:01:00,AA,BOS,SEA,4268,18.93,18.68,0.0,0.0,17.11,1.9963,0.9121,23,BOS-SEA,376,23,0,1,0,0,0,0,1,2025-04-17 23:46:00,2025-04-18 05:55:00,-6,0
2025-04-06 09:40:00,2025-04-06 14:18:00,WN,DFW,LAX,3034,20.7,20.3,0.4,0.0,17.31,-1.214,0.2542,79,DFW-LAX,278,9,0,0,0,0,0,0,9,2025-04-06 09:49:00,2025-04-06 14:11:00,-7,0
2025-05-26 07:30:00,2025-05-26 08:45:00,B6,JFK,SFO,494,8.81,11.14,13.36,12.66,0.31,-0.9608,0.9695,82,JFK-SFO,75,7,1,0,1,1,0,1,31,2025-05-26 08:01:00,2025-05-26 09:37:00,52,1
2025-12-26 09:15:00,2025-12-26 11:29:00,WN,ATL,BOS,1233,38.62,37.12,0.0,0.19,16.35,-0.292,-0.3434,48,ATL-BOS,134,9,0,0,0,0,0,0,1,2025-12-26 09:16:00,2025-12-26 11:28:00,-1,0
2025-05-01 20:10:00,2025-05-01 23:40:00,B6,SEA,BOS,2188,11.86,7.3,0.98,0.0,14.31,-0.4433,0.8755,6,SEA-BOS,210,20,0,1,0,0,0,0,8,2025-05-01 20:18:00,2025-05-01 23:42:00,2,0
2025-03-18 04:50:00,2025-03-18 08:28:00,WN,SFO,LAX,2284,22.13,22.78,0.28,0.56,14.19,-0.5564,-0.0917,77,SFO-LAX,218,4,0,1,0,0,0,0,7,2025-03-18 04:57:00,2025-03-18 08:47:00,19,1
2025-02-14 23:20:00,2025-02-15 02:20:00,AA,DFW,SEA,1817,7.48,9.79,0.0,1.55,21.07,0.7164,0.7621,98,DFW-SEA,180,23,0,1,0,0,0,0,1,2025-02-14 23:21:00,2025-02-15 02:07:00,-13,0
2025-03-14 09:20:00,2025-03-14 11:21:00,AA,JFK,BOS,1074,8.38,8.45,0.0,0.0,18.63,1.1453,0.2858,13,JFK-BOS,121,9,0,0,0,0,0,0,5,2025-03-14 09:25:00,2025-03-14 11:01:00,-20,0
2025-02-18 20:10:00,2025-02-18 21:45:00,WN,SEA,JFK,747,11.63,11.18,0.0,0.39,17.11,-0.02,0.5444,47,SEA-JFK,95,20,0,1,0,0,0,0,6,2025-02-18 20:16:00,2025-02-18 21:47:00,2,0
2025-07-29 18:15:00,2025-07-29 20:03:00,WN,JFK,DEN,908,3.83,6.78,1.1,0.0,15.05,0.325,0.2851,23,JFK-DEN,108,18,0,0,0,0,0,0,16,2025-07-29 18:31:00,2025-07-29 20:11:00,8,0
2025-06-03 18:40:00,2025-06-04 00:58:00,B6,ORD,BOS,4293,16.79,17.92,0.92,0.0,18.1,-0.8936,0.788,23,ORD-BOS,378,18,0,0,0,0,0,0,4,2025-06-03 18:44:00,2025-06-04 00:38:00,-20,0
2025-07-01 21:20:00,2025-07-02 00:32:00,DL,JFK,LAX,1961,11.42,10.32,3.28,2.48,15.41,0.6175,0.7558,25,JFK-LAX,192,21,0,1,0,0,0,0,0,2025-07-01 21:20:00,2025-07-02 00:26:00,-6,0
2025-10-31 04:30:00,2025-10-31 10:52:00,B6,DEN,LAX,4338,2.38,3.52,1.3,1.38,15.31,-0.2348,-0.6624,60,DEN-LAX,382,4,0,1,0,0,0,0,27,2025-10-31 04:57:00,2025-10-31 11:29:00,37,1
2025-07-31 14:10:00,2025-07-31 17:01:00,WN,SEA,DEN,1706,22.04,19.64,0.96,0.26,18.35,-0.3401,0.0562,38,SEA-DEN,171,14,0,0,0,0,0,0,7,2025-07-31 14:17:00,2025-07-31 17:14:00,13,0
2025-02-26 02:00:00,2025-02-26 04:44:00,WN,BOS,DEN,1608,6.25,3.49,0.17,0.96,15.16,1.0018,-0.0523,39,BOS-DEN,164,2,0,1,0,0,0,0,10,2025-02-26 02:10:00,2025-02-26 04:47:00,3,0
2025-05-18 07:50:00,2025-05-18 11:33:00,WN,DEN,LAX,2356,4.84,5.67,0.39,0.0,19.33,-1.3988,-0.567,67,DEN-LAX,223,7,0,0,0,0,0,0,-1,2025-05-18 07:49:00,2025-05-18 11:28:00,-5,0
2025-04-25 00:20:00,2025-04-25 06:37:00,UA,ORD,DFW,4276,8.27,8.21,0.0,0.37,17.2,1.0729,-0.5206,9,ORD-DFW,377,0,0,1,0,0,0,0,1,2025-04-25 00:21:00,2025-04-25 06:40:00,3,0
2025-10-29 16:15:00,2025-10-29 20:23:00,AA,ORD,BOS,2665,11.01,14.56,0.17,0.0,15.48,-0.0182,0.9781,25,ORD-BOS,248,16,0,0,0,0,0,0,-3,2025-10-29 16:12:00,2025-10-29 20:27:00,4,0
2025-04-23 14:15:00,2025-04-23 15:26:00,AA,SFO,BOS,447,15.25,14.34,18.27,17.79,6.08,-0.4393,0.6424,23,SFO-BOS,71,14,0,0,1,0,0,0,27,2025-04-23 14:42:00,2025-04-23 16:12:00,46,1
2025-02-20 17:40:00,2025-02-20 20:10:00,UA,ORD,DEN,1440,25.04,22.94,0.54,0.0,12.51,1.7981,-0.2159,31,ORD-DEN,150,17,0,0,0,0,0,0,4,2025-02-20 17:44:00,2025-02-20 20:02:00,-8,0
2025-09-26 04:30:00,2025-09-26 10:59:00,UA,ATL,SEA,4419,12.74,11.96,0.0,0.11,16.19,0.8437,-0.5912,70,ATL-SEA,389,4,0,1,0,0,0,0,-9,2025-09-26 04:21:00,2025-09-26 10:50:00,-9,0
2025-06-06 07:20:00,2025-06-06 09:11:00,WN,SEA,ATL,949,2.13,5.9,0.0,0.0,17.48,-1.6588,-0.3204,25,SEA-ATL,111,7,0,0,0,0,0,0,-3,2025-06-06 07:17:00,2025-06-06 09:05:00,-6,0
2025-02-04 16:50:00,2025-02-04 22:30:00,B6,DFW,DEN,3810,3.58,3.13,9.03,8.97,10.13,1.0087,-0.3571,80,DFW-DEN,340,16,0,0,0,0,0,0,-3,2025-02-04 16:47:00,2025-02-04 22:17:00,-13,0
2025-09-09 19:50:00,2025-09-10 02:01:00,UA,ATL,JFK,4200,2.15,1.25,0.33,1.19,10.97,0.6342,0.701,21,ATL-JFK,371,19,0,0,0,0,0,0,5,2025-09-09 19:55:00,2025-09-10 02:02:00,1,0
2025-03-18 21:10:00,2025-03-18 23:21:00,AA,LAX,BOS,1200,0.8,0.0,8.08,9.83,6.55,-1.2353,-0.3592,47,LAX-BOS,131,21,0,1,0,0,0,0,6,2025-03-18 21:16:00,2025-03-18 23:08:00,-13,0
2025-11-13 01:40:00,2025-11-13 05:47:00,WN,BOS,ATL,2647,4.1,7.5,0.47,0.0,17.9,-0.0332,0.1814,99,BOS-ATL,247,1,0,1,0,0,0,0,29,2025-11-13 02:09:00,2025-11-13 06:16:00,29,1
2025-10-31 09:50:00,2025-10-31 14:10:00,AA,DFW,SEA,2818,21.54,21.02,7.81,8.09,11.55,0.8474,0.7843,53,DFW-SEA,260,9,0,0,0,0,0,0,-5,2025-10-31 09:45:00,2025-10-31 14:02:00,-8,0
2025-05-15 00:20:00,2025-05-15 05:46:00,UA,JFK,LAX,3633,11.34,11.61,3.17,1.47,18.51,-1.79,0.2417,0,JFK-LAX,326,0,0,1,0,0,0,0,6,2025-05-15 00:26:00,2025-05-15 05:41:00,-5,0
2025-07-22 19:00:00,2025-07-23 00:27:00,B6,ATL,ORD,3652,12.65,12.07,0.0,0.25,17.51,0.825,0.9136,44,ATL-ORD,327,19,0,0,0,0,0,0,4,2025-07-22 19:04:00,2025-07-23 00:30:00,3,0
2025-07-27 02:10:00,2025-07-27 03:29:00,B6,SEA,ORD,552,17.52,16.92,1.03,0.0,17.4,-0.3452,-0.9328,63,SEA-ORD,79,2,0,1,0,0,0,0,11,2025-07-27 02:21:00,2025-07-27 03:46:00,17,1
2025-08-27 19:40:00,2025-08-27 22:26:00,B6,JFK,ATL,1641,22.05,21.36,0.0,0.68,13.27,-0.1362,0.9135,16,JFK-ATL,166,19,0,0,0,0,0,0,5,2025-08-27 19:45:00,2025-08-27 22:26:00,0,0
2025-01-26 03:50:00,2025-01-26 10:05:00,UA,SFO,LAX,4248,4.59,5.58,0.42,0.0,13.67,1.1795,0.9009,27,SFO-LAX,375,3,0,1,0,0,0,0,0,2025-01-26 03:50:00,2025-01-26 10:20:00,15,1
2025-04-29 00:10:00,2025-04-29 03:08:00,AA,JFK,SEA,1785,19.69,17.29,0.0,0.35,12.1,-0.7236,0.0189,43,JFK-SEA,178,0,0,1,0,0,0,0,-4,2025-04-29 00:06:00,2025-04-29 03:02:00,-6,0
2025-03-04 21:30:00,2025-03-04 23:52:00,B6,LAX,JFK,1333,18.81,17.63,0.0,0.0,19.21,-1.0621,0.748,19,LAX-JFK,142,21,0,1,0,0,0,0,-7,2025-03-04 21:23:00,2025-03-04 23:53:00,1,0
2025-09-12 10:20:00,2025-09-12 14:50:00,AA,SEA,DEN,2941,5.22,5.71,7.52,6.03,15.1,0.7494,0.8585,43,SEA-DEN,270,10,0,0,0,0,0,0,10,2025-09-12 10:30:00,2025-09-12 14:52:00,2,0
2025-01-26 10:15:00,2025-01-26 12:20:00,UA,BOS,SFO,1120,5.9,2.03,0.63,0.44,15.33,0.1417,0.857,19,BOS-SFO,125,10,0,0,0,0,0,0,6,2025-01-26 10:21:00,2025-01-26 12:17:00,-3,0
2025-07-08 15:40:00,2025-07-08 17:28:00,DL,SFO,JFK,917,9.12,9.8,5.86,6.19,16.22,-0.4064,0.3581,74,SFO-JFK,108,15,0,0,0,0,0,0,-8,2025-07-08 15:32:00,2025-07-08 17:26:00,-2,0
2025-09-23 06:50:00,2025-09-23 12:17:00,WN,BOS,ATL,3651,27.55,25.34,0.0,0.0,17.37,-1.32,0.8164,19,BOS-ATL,327,6,0,0,0,0,0,0,-9,2025-09-23 06:41:00,2025-09-23 12:16:00,-1,0
2025-12-13 16:10:00,2025-12-13 17:49:00,B6,SFO,LAX,796,21.47,21.75,0.0,1.34,18.36,-0.3693,-0.6214,6,SFO-LAX,99,16,0,0,0,0,0,0,41,2025-12-13 16:51:00,2025-12-13 18:45:00,56,1
2025-04-16 10:00:00,2025-04-16 15:58:00,WN,LAX,SEA,4042,6.51,6.14,0.0,0.07,14.67,-0.5647,0.1026,96,LAX-SEA,358,10,0,0,0,0,0,0,19,2025-04-16 10:19:00,2025-04-16 16:37:00,39,1
2025-01-03 06:15:00,2025-01-03 08:38:00,AA,JFK,LAX,1349,19.15,20.6,0.0,1.94,14.22,-0.2212,0.8186,25,JFK-LAX,143,6,0,0,0,0,0,0,5,2025-01-03 06:20:00,2025-01-03 08:30:00,-8,0
2025-09-22 09:15:00,2025-09-22 10:50:00,AA,BOS,SEA,748,18.01,17.11,0.0,0.0,14.41,-1.572,0.9991,17,BOS-SEA,95,9,0,0,0,0,0,0,13,2025-09-22 09:28:00,2025-09-22 10:30:00,-20,0
2025-01-01 00:40:00,2025-01-01 05:48:00,AA,LAX,JFK,3413,13.09,16.54,0.0,0.0,14.98,-0.6766,0.7308,57,LAX-JFK,308,0,1,1,0,0,1,0,8,2025-01-01 00:48:00,2025-01-01 06:09:00,21,1
2025-01-25 07:30:00,2025-01-25 09:28:00,DL,JFK,DFW,1041,24.57,25.19,0.0,0.0,17.76,0.4199,-0.9262,73,JFK-DFW,118,7,0,0,0,0,0,0,4,2025-01-25 07:34:00,2025-01-25 09:21:00,-7,0
2025-12-28 14:00:00,2025-12-28 17:02:00,B6,SFO,DEN,1839,11.89,12.85,0.0,0.0,16.46,-0.0718,0.9986,21,SFO-DEN,182,14,0,0,0,0,0,0,-2,2025-12-28 13:58:00,2025-12-28 17:00:00,-2,0
2025-11-11 03:15:00,2025-11-11 06:12:00,AA,SEA,BOS,1774,11.57,7.82,11.76,11.12,12.53,-0.1862,0.5767,74,SEA-BOS,177,3,0,1,0,0,0,0,11,2025-11-11 03:26:00,2025-11-11 06:10:00,-2,0
2025-09-16 02:40:00,2025-09-16 06:29:00,UA,JFK,LAX,2430,3.01,1.36,0.0,0.92,17.39,-0.9468,0.9272,44,JFK-LAX,229,2,0,1,0,0,0,0,-10,2025-09-16 02:30:00,2025-09-16 06:22:00,-7,0
2025-11-01 15:20:00,2025-11-01 18:58:00,WN,DFW,BOS,2288,16.81,14.42,31.78,31.78,0.2,-0.9145,0.4432,15,DFW-BOS,218,15,0,0,1,1,0,0,24,2025-11-01 15:44:00,2025-11-01 19:49:00,51,1
2025-01-28 10:30:00,2025-01-28 12:35:00,UA,DFW,LAX,1120,4.33,3.47,0.0,0.0,16.33,-0.2759,-0.7448,49,DFW-LAX,125,10,0,0,0,0,0,0,12,2025-01-28 10:42:00,2025-01-28 12:52:00,17,1
2025-02-02 03:15:00,2025-02-02 05:33:00,WN,DFW,SFO,1285,3.69,7.57,0.57,0.66,17.22,-0.0263,0.6413,96,DFW-SFO,138,3,0,1,0,0,0,0,10,2025-02-02 03:25:00,2025-02-02 05:32:00,-1,0
2025-04-20 17:15:00,2025-04-20 19:19:00,DL,ATL,SFO,1115,8.17,8.68,0.0,0.0,14.63,-0.836,0.0295,15,ATL-SFO,124,17,0,0,0,0,0,0,1,2025-04-20 17:16:00,2025-04-20 19:23:00,4,0
2025-01-09 18:10:00,2025-01-09 19:28:00,B6,ATL,DEN,533,4.3,0.18,0.0,1.67,16.74,0.185,-0.365,38,ATL-DEN,78,18,0,0,0,0,0,0,-5,2025-01-09 18:05:00,2025-01-09 19:21:00,-7,0
2025-11-21 00:00:00,2025-11-21 04:37:00,WN,ORD,DFW,3031,13.01,14.29,15.2,14.13,9.12,0.182,-0.908,31,ORD-DFW,277,0,0,1,1,0,0,0,34,2025-11-21 00:34:00,2025-11-21 05:48:00,71,1
2025-01-21 04:00:00,2025-01-21 07:37:00,AA,DEN,SEA,2277,10.36,10.27,6.21,6.23,14.63,-1.0286,-0.6026,90,DEN-SEA,217,4,0,1,0,0,0,0,3,2025-01-21 04:03:00,2025-01-21 07:32:00,-5,0
2025-07-18 08:30:00,2025-07-18 10:05:00,UA,DFW,SEA,755,8.34,12.03,0.0,1.92,15.89,1.2243,-0.655,59,DFW-SEA,95,8,0,0,0,0,0,0,-10,2025-07-18 08:20:00,2025-07-18 09:55:00,-10,0
2025-11-08 17:10:00,2025-11-08 20:00:00,UA,ORD,JFK,1691,8.92,6.66,0.0,0.0,15.04,-0.8228,-0.9751,71,ORD-JFK,170,17,0,0,0,0,0,0,16,2025-11-08 17:26:00,2025-11-08 20:02:00,2,0
2025-09-26 01:30:00,2025-09-26 06:13:00,AA,LAX,BOS,3104,16.92,15.76,0.0,0.42,8.63,-0.8954,-0.0183,76,LAX-BOS,283,1,0,1,0,0,0,0,1,2025-09-26 01:31:00,2025-09-26 06:12:00,-1,0
2025-03-27 19:50:00,2025-03-27 22:25:00,DL,DFW,JFK,1497,13.45,14.97,2.99,2.93,12.83,-0.6299,-0.6186,56,DFW-JFK,155,19,0,0,0,0,0,0,9,2025-03-27 19:59:00,2025-03-27 22:38:00,13,0
2025-06-21 07:40:00,2025-06-21 10:54:00,AA,ORD,BOS,1982,11.5,10.54,0.29,0.0,13.27,-1.3488,-0.3013,47,ORD-BOS,194,7,0,0,0,0,0,0,-2,2025-06-21 07:38:00,2025-06-21 10:48:00,-6,0
2025-07-20 03:30:00,2025-07-20 08:39:00,B6,BOS,LAX,3423,5.78,4.97,0.0,0.0,16.79,-1.7414,0.4687,48,BOS-LAX,309,3,0,1,0,0,0,0,-3,2025-07-20 03:27:00,2025-07-20 08:44:00,5,0
2025-10-08 20:00:00,2025-10-09 00:45:00,AA,JFK,DFW,3119,9.0,9.73,0.36,0.45,17.37,1.0668,-0.6516,1,JFK-DFW,285,20,0,1,0,0,0,0,8,2025-10-08 20:08:00,2025-10-09 00:59:00,14,0
2025-06-05 02:20:00,2025-06-05 07:14:00,UA,ATL,BOS,3242,6.31,3.97,0.0,1.33,17.26,0.9147,-0.3967,92,ATL-BOS,294,2,0,1,0,0,0,0,9,2025-06-05 02:29:00,2025-06-05 07:23:00,9,0
2025-04-15 03:50:00,2025-04-15 06:57:00,AA,JFK,LAX,1903,7.86,9.54,0.0,0.0,18.06,-0.8703,-0.3735,67,JFK-LAX,187,3,0,1,0,0,0,0,9,2025-04-15 03:59:00,2025-04-15 07:01:00,4,0
2025-10-18 22:20:00,2025-10-19 02:02:00,DL,ATL,DFW,2332,7.34,5.87,0.0,0.0,7.81,0.6461,0.2349,81,ATL-DFW,222,22,0,1,0,0,0,0,0,2025-10-18 22:20:00,2025-10-19 01:57:00,-5,0
2025-11-20 12:45:00,2025-11-20 18:28:00,AA,SFO,JFK,3853,10.94,9.88,0.0,0.0,18.86,-0.6376,0.9049,36,SFO-JFK,343,12,0,0,0,0,0,0,-1,2025-11-20 12:44:00,2025-11-20 18:27:00,-1,0
2025-06-28 11:40:00,2025-06-28 17:32:00,B6,LAX,SFO,3963,9.39,12.37,0.0,0.0,11.07,-1.0128,0.668,99,LAX-SFO,352,11,0,0,0,0,0,0,2,2025-06-28 11:42:00,2025-06-28 17:34:00,2,0
2025-01-11 16:15:00,2025-01-11 17:33:00,B6,DEN,ATL,533,9.5,13.52,0.0,0.64,17.24,-0.2469,-0.6586,45,DEN-ATL,78,16,0,0,0,0,0,0,-5,2025-01-11 16:10:00,2025-01-11 17:24:00,-9,0
2025-07-02 15:10:00,2025-07-02 20:51:00,B6,LAX,DEN,3819,17.75,17.52,0.78,0.0,17.2,-0.2567,0.1823,14,LAX-DEN,341,15,0,0,0,0,0,0,29,2025-07-02 15:39:00,2025-07-02 21:18:00,27,1
2025-11-21 14:00:00,2025-11-21 19:59:00,DL,DFW,SFO,4051,12.79,13.93,2.3,2.23,12.74,0.9909,0.3401,91,DFW-SFO,359,14,0,0,0,0,0,0,-4,2025-11-21 13:56:00,2025-11-21 19:51:00,-8,0
2025-12-28 00:15:00,2025-12-28 06:31:00,AA,JFK,SFO,4258,2.71,4.09,11.78,13.65,0.2,-2.3695,-0.4576,63,JFK-SFO,376,0,0,1,0,1,0,1,14,2025-12-28 00:29:00,2025-12-28 07:00:00,29,1
2025-05-27 13:15:00,2025-05-27 15:44:00,B6,BOS,DEN,1428,8.54,7.9,0.74,0.0,20.93,-0.2844,-0.9981,42,BOS-DEN,149,13,0,0,0,0,0,0,14,2025-05-27 13:29:00,2025-05-27 15:59:00,15,1
2025-02-24 06:40:00,2025-02-24 10:27:00,DL,JFK,SFO,2405,13.35,8.01,2.01,0.32,15.52,2.2597,0.0696,32,JFK-SFO,227,6,0,0,0,0,0,0,-2,2025-02-24 06:38:00,2025-02-24 10:28:00,1,0
2025-07-28 19:30:00,2025-07-28 20:43:00,B6,ATL,BOS,478,4.09,5.57,0.0,0.0,19.56,-2.2364,0.7504,91,ATL-BOS,73,19,0,0,0,0,0,0,30,2025-07-28 20:00:00,2025-07-28 21:12:00,29,1
2025-10-31 12:20:00,2025-10-31 13:56:00,WN,BOS,ATL,760,13.56,13.27,0.0,0.0,18.18,-0.5655,-0.8227,51,BOS-ATL,96,12,0,0,0,0,0,0,3,2025-10-31 12:23:00,2025-10-31 13:50:00,-6,0
2025-12-11 02:40:00,2025-12-11 06:48:00,UA,LAX,DEN,2662,5.93,3.69,7.13,5.76,13.49,-0.313,-0.308,27,LAX-DEN,248,2,0,1,0,0,0,0,-7,2025-12-11 02:33:00,2025-12-11 06:47:00,-1,0
2025-01-19 21:45:00,2025-01-19 23:53:00,WN,JFK,LAX,1165,9.62,7.99,0.0,0.0,16.1,0.1495,-0.3248,41,JFK-LAX,128,21,0,1,0,0,0,0,7,2025-01-19 21:52:00,2025-01-19 23:45:00,-8,0
2025-04-17 06:40:00,2025-04-17 08:54:00,AA,DEN,ATL,1242,6.35,3.77,0.0,0.0,17.38,0.7359,0.1566,69,DEN-ATL,134,6,0,0,0,0,0,0,2,2025-04-17 06:42:00,2025-04-17 08:57:00,3,0
2025-06-24 06:50:00,2025-06-24 09:29:00,B6,ATL,BOS,1546,11.57,9.57,0.67,0.0,14.31,0.1431,-0.4726,89,ATL-BOS,159,6,0,0,0,0,0,0,19,2025-06-24 07:09:00,2025-06-24 09:43:00,14,0
2025-02-05 22:15:00,2025-02-06 01:48:00,B6,DFW,SEA,2228,14.91,18.4,0.0,0.7,12.8,1.5822,0.5532,43,DFW-SEA,213,22,0,1,0,0,0,0,9,2025-02-05 22:24:00,2025-02-06 02:10:00,22,1
2025-11-20 18:45:00,2025-11-20 20:35:00,DL,SFO,LAX,942,17.19,14.3,0.0,0.0,17.6,-0.3746,-0.1122,56,SFO-LAX,110,18,0,0,0,0,0,0,2,2025-11-20 18:47:00,2025-11-20 20:35:00,0,0
2025-02-10 20:20:00,2025-02-11 01:49:00,WN,ORD,LAX,3669,8.6,9.95,0.0,0.0,17.67,1.0546,0.6281,93,ORD-LAX,329,20,0,1,0,0,0,0,6,2025-02-10 20:26:00,2025-02-11 01:39:00,-10,0
2025-08-31 15:10:00,2025-08-31 19:53:00,DL,ATL,SFO,3105,31.24,31.94,0.23,0.0,11.95,-0.1497,0.4349,44,ATL-SFO,283,15,0,0,0,0,0,0,-7,2025-08-31 15:03:00,2025-08-31 19:50:00,-3,0
2025-12-02 21:10:00,2025-12-03 02:35:00,DL,SFO,DEN,3624,10.44,11.69,0.0,0.14,17.28,0.7814,-0.0242,74,SFO-DEN,325,21,0,1,0,0,0,0,12,2025-12-02 21:22:00,2025-12-03 02:36:00,1,0
2025-09-08 02:00:00,2025-09-08 08:10:00,UA,DFW,SFO,4189,15.31,15.9,0.0,0.76,11.63,-0.6406,0.1174,77,DFW-SFO,370,2,0,1,0,0,0,0,0,2025-09-08 02:00:00,2025-09-08 08:09:00,-1,0
2025-10-06 14:50:00,2025-10-06 19:11:00,DL,LAX,DFW,2821,22.25,20.72,0.0,0.0,15.73,-0.8932,0.1707,25,LAX-DFW,261,14,0,0,0,0,0,0,8,2025-10-06 14:58:00,2025-10-06 19:20:00,9,0
2025-04-07 07:10:00,2025-04-07 10:11:00,WN,ATL,SFO,1819,6.0,10.39,16.35,15.32,4.88,-1.3139,0.4367,14,ATL-SFO,181,7,0,0,1,1,0,1,32,2025-04-07 07:42:00,2025-04-07 11:25:00,74,1
2025-10-30 09:45:00,2025-10-30 16:13:00,B6,DEN,SEA,4407,16.51,15.54,7.14,9.8,8.97,-0.2554,0.7801,45,DEN-SEA,388,9,0,0,0,0,0,0,-8,2025-10-30 09:37:00,2025-10-30 16:08:00,-5,0
2025-06-02 05:45:00,2025-06-02 09:54:00,WN,SEA,BOS,2676,14.02,10.57,0.0,1.28,15.37,-0.707,0.7176,58,SEA-BOS,249,5,0,0,0,0,0,0,-7,2025-06-02 05:38:00,2025-06-02 09:49:00,-5,0
2025-01-23 04:20:00,2025-01-23 07:55:00,WN,DEN,BOS,2247,14.43,16.62,0.66,1.33,17.23,0.3365,0.5164,91,DEN-BOS,215,4,0,1,0,0,0,0,9,2025-01-23 04:29:00,2025-01-23 07:51:00,-4,0
2025-05-14 10:50:00,2025-05-14 14:09:00,B6,BOS,JFK,2047,17.4,18.72,0.12,0.35,17.01,0.6779,-0.2295,36,BOS-JFK,199,10,0,0,0,0,0,0,9,2025-05-14 10:59:00,2025-05-14 14:43:00,34,1
2025-05-08 22:50:00,2025-05-09 00:02:00,DL,ATL,JFK,465,6.52,5.11,0.01,0.71,16.02,1.0309,0.6185,66,ATL-JFK,72,22,0,1,0,0,0,0,-1,2025-05-08 22:49:00,2025-05-09 00:09:00,7,0
2025-07-10 15:50:00,2025-07-10 22:10:00,DL,SFO,DEN,4314,32.75,30.8,7.38,6.79,12.4,0.8226,0.9471,44,SFO-DEN,380,15,0,0,0,0,0,0,1,2025-07-10 15:51:00,2025-07-10 21:59:00,-11,0
2025-04-07 08:20:00,2025-04-07 13:54:00,DL,SEA,DEN,3741,10.68,9.68,13.59,12.91,12.29,1.0942,-0.3535,86,SEA-DEN,334,8,0,0,1,0,0,0,30,2025-04-07 08:50:00,2025-04-07 14:35:00,41,1
2025-06-18 10:15:00,2025-06-18 15:09:00,DL,ATL,SFO,3237,8.65,5.66,0.25,0.0,16.08,0.6842,0.3153,32,ATL-SFO,294,10,0,0,0,0,0,0,7,2025-06-18 10:22:00,2025-06-18 15:11:00,2,0
2025-06-06 12:00:00,2025-06-06 14:13:00,WN,SFO,ORD,1229,1.8,0.0,0.3,0.0,14.28,-1.1268,0.4997,31,SFO-ORD,133,12,0,0,0,0,0,0,11,2025-06-06 12:11:00,2025-06-06 14:26:00,13,0
2025-04-30 05:45:00,2025-04-30 11:56:00,WN,SEA,BOS,4198,19.33,21.25,0.0,0.93,14.86,0.2795,0.5485,46,SEA-BOS,371,5,0,0,0,0,0,0,3,2025-04-30 05:48:00,2025-04-30 12:06:00,10,0
2025-09-12 12:45:00,2025-09-12 14:43:00,B6,DFW,ORD,1040,15.9,17.16,0.42,0.0,14.03,-0.7248,0.3058,76,DFW-ORD,118,12,0,0,0,0,0,0,-2,2025-09-12 12:43:00,2025-09-12 14:51:00,8,0
2025-04-22 16:30:00,2025-04-22 18:50:00,B6,LAX,BOS,1314,8.44,9.99,0.16,0.61,13.84,-0.1422,-0.2179,21,LAX-BOS,140,16,0,0,0,0,0,0,11,2025-04-22 16:41:00,2025-04-22 18:40:00,-10,0
2025-10-07 05:00:00,2025-10-07 06:23:00,UA,DEN,JFK,594,1.72,0.46,0.18,0.0,16.9,-0.0476,0.2495,13,DEN-JFK,83,5,0,0,0,0,0,0,5,2025-10-07 05:05:00,2025-10-07 06:10:00,-13,0
2025-04-02 14:45:00,2025-04-02 17:21:00,DL,DEN,ATL,1510,10.76,8.53,1.17,0.3,19.08,-2.489,-0.2768,54,DEN-ATL,156,14,0,0,0,0,0,0,-1,2025-04-02 14:44:00,2025-04-02 17:14:00,-7,0
2025-11-12 17:15:00,2025-11-12 20:04:00,AA,ORD,LAX,1677,2.85,4.34,0.09,0.77,17.34,-1.0412,0.8657,85,ORD-LAX,169,17,0,0,0,0,0,0,-3,2025-11-12 17:12:00,2025-11-12 20:07:00,3,0
2025-05-14 12:30:00,2025-05-14 17:56:00,WN,BOS,JFK,3638,17.08,18.79,0.0,1.33,17.48,-0.5004,0.6606,85,BOS-JFK,326,12,0,0,0,0,0,0,-1,2025-05-14 12:29:00,2025-05-14 17:43:00,-13,0
2025-01-15 07:40:00,2025-01-15 10:29:00,DL,DFW,DEN,1669,5.57,9.77,0.09,0.29,13.58,-2.7944,-0.978,54,DFW-DEN,169,7,0,0,0,0,0,0,-2,2025-01-15 07:38:00,2025-01-15 10:27:00,-2,0
2025-02-24 13:10:00,2025-02-24 19:30:00,WN,DFW,BOS,4314,5.63,4.73,0.01,1.94,15.2,1.3088,-0.2528,54,DFW-BOS,380,13,0,0,0,0,0,0,-3,2025-02-24 13:07:00,2025-02-24 19:25:00,-5,0
2025-10-22 19:00:00,2025-10-22 21:41:00,WN,BOS,DEN,1571,10.78,14.83,0.0,0.0,18.36,0.1219,0.0108,5,BOS-DEN,161,19,0,0,0,0,0,0,-5,2025-10-22 18:55:00,2025-10-22 21:42:00,1,0
2025-11-15 05:00:00,2025-11-15 08:55:00,B6,SEA,ATL,2503,12.5,14.09,0.0,1.32,17.09,0.1161,0.4739,27,SEA-ATL,235,5,0,0,0,0,0,0,7,2025-11-15 05:07:00,2025-11-15 08:50:00,-5,0
2025-03-19 13:50:00,2025-03-19 18:08:00,AA,ORD,JFK,2791,13.1,14.52,0.0,0.58,17.27,1.0222,0.2153,26,ORD-JFK,258,13,0,0,0,0,0,0,2,2025-03-19 13:52:00,2025-03-19 18:17:00,9,0
2025-08-08 16:50:00,2025-08-08 22:28:00,UA,SEA,DEN,3782,3.73,6.27,0.66,0.0,16.44,0.7132,0.8568,94,SEA-DEN,338,16,0,0,0,0,0,0,-3,2025-08-08 16:47:00,2025-08-08 22:20:00,-8,0
2025-07-29 07:20:00,2025-07-29 12:31:00,AA,JFK,DEN,3456,16.97,17.73,19.71,20.45,8.22,0.7158,0.4947,49,JFK-DEN,311,7,0,0,1,0,0,0,24,2025-07-29 07:44:00,2025-07-29 12:58:00,27,1
2025-02-18 09:20:00,2025-02-18 15:10:00,UA,BOS,SEA,3943,9.78,5.66,0.2,0.0,16.84,1.0255,0.2836,35,BOS-SEA,350,9,0,0,0,0,0,0,2,2025-02-18 09:22:00,2025-02-18 15:10:00,0,0
2025-06-14 21:20:00,2025-06-15 03:34:00,DL,DEN,JFK,4238,1.14,2.07,1.1,0.0,13.3,0.3015,0.376,51,DEN-JFK,374,21,0,1,0,0,0,0,11,2025-06-14 21:31:00,2025-06-15 03:26:00,-8,0
2025-09-11 08:15:00,2025-09-11 09:53:00,DL,DFW,DEN,793,10.0,12.47,0.12,0.87,15.97,0.325,0.8186,77,DFW-DEN,98,8,0,0,0,0,0,0,-10,2025-09-11 08:05:00,2025-09-11 09:54:00,1,0
2025-12-20 14:30:00,2025-12-20 16:01:00,WN,SFO,ATL,695,10.09,5.19,0.0,0.0,13.66,0.4483,0.0118,74,SFO-ATL,91,14,0,0,0,0,0,0,3,2025-12-20 14:33:00,2025-12-20 16:06:00,5,0
2025-11-06 03:15:00,2025-11-06 06:45:00,AA,DEN,SEA,2186,9.38,9.77,0.14,0.0,17.01,-1.3196,0.083,50,DEN-SEA,210,3,0,1,0,0,0,0,11,2025-11-06 03:26:00,2025-11-06 07:01:00,16,1
2025-02-05 22:30:00,2025-02-06 00:19:00,UA,ORD,ATL,931,12.84,9.19,0.0,0.66,11.94,-2.1111,0.6088,55,ORD-ATL,109,22,0,1,0,0,0,0,17,2025-02-05 22:47:00,2025-02-06 00:40:00,21,1
2025-03-28 14:20:00,2025-03-28 18:05:00,WN,BOS,DFW,2372,27.03,26.97,0.0,0.0,16.41,-2.0625,-0.5257,64,BOS-DFW,225,14,0,0,0,0,0,0,-1,2025-03-28 14:19:00,2025-03-28 17:57:00,-8,0
2025-06-09 18:40:00,2025-06-09 22:57:00,B6,SFO,ATL,2777,11.13,9.5,0.0,0.0,17.31,0.7012,-0.0172,78,SFO-ATL,257,18,0,0,0,0,0,0,6,2025-06-09 18:46:00,2025-06-09 23:03:00,6,0
2025-02-24 14:50:00,2025-02-24 17:22:00,B6,LAX,ORD,1460,11.25,11.45,0.0,0.0,17.25,-0.5298,0.5602,19,LAX-ORD,152,14,0,0,0,0,0,0,10,2025-02-24 15:00:00,2025-02-24 17:29:00,7,0
2025-07-28 08:10:00,2025-07-28 09:42:00,AA,DFW,SFO,712,7.78,6.9,0.61,0.96,14.4,-0.2729,0.486,81,DFW-SFO,92,8,0,0,0,0,0,0,2,2025-07-28 08:12:00,2025-07-28 09:53:00,11,0
2025-01-04 08:00:00,2025-01-04 14:23:00,AA,DFW,DEN,4351,8.13,11.68,0.0,1.57,13.17,0.1591,0.8541,76,DFW-DEN,383,8,0,0,0,0,0,0,6,2025-01-04 08:06:00,2025-01-04 14:21:00,-2,0
2025-02-11 16:30:00,2025-02-11 19:34:00,B6,DFW,DEN,1857,14.36,16.01,0.0,0.0,16.09,1.4202,0.6381,60,DFW-DEN,184,16,0,0,0,0,0,0,-5,2025-02-11 16:25:00,2025-02-11 19:27:00,-7,0
2025-01-18 20:00:00,2025-01-19 01:41:00,B6,DEN,LAX,3824,11.85,13.91,0.56,0.08,20.15,0.6609,-0.6597,56,DEN-LAX,341,20,0,1,0,0,0,0,1,2025-01-18 20:01:00,2025-01-19 01:32:00,-9,0
2025-04-18 03:10:00,2025-04-18 07:39:00,UA,LAX,JFK,2923,24.39,24.42,18.55,18.27,7.61,0.2016,0.7709,21,LAX-JFK,269,3,0,1,1,0,0,0,26,2025-04-18 03:36:00,2025-04-18 08:37:00,58,1
2025-10-06 20:45:00,2025-10-07 01:26:00,UA,SEA,DFW,3081,1.03,1.31,0.0,0.03,16.61,0.4145,0.3714,51,SEA-DFW,281,20,0,1,0,0,0,0,-3,2025-10-06 20:42:00,2025-10-07 01:36:00,10,0
2025-03-06 19:20:00,2025-03-07 00:41:00,B6,DEN,DFW,3578,16.3,16.11,0.0,1.77,17.72,2.2394,-0.6565,65,DEN-DFW,321,19,0,0,0,0,0,0,-5,2025-03-06 19:15:00,2025-03-07 00:36:00,-5,0
2025-12-27 02:30:00,2025-12-27 04:58:00,UA,ORD,BOS,1413,13.56,13.3,1.35,0.38,15.28,-0.9915,-0.3191,12,ORD-BOS,148,2,0,1,0,0,0,0,-8,2025-12-27 02:22:00,2025-12-27 05:01:00,3,0
2025-04-09 02:45:00,2025-04-09 04:57:00,AA,LAX,DEN,1213,2.63,4.91,12.43,11.47,12.87,1.3911,-0.7568,43,LAX-DEN,132,2,0,1,1,0,0,0,47,2025-04-09 03:32:00,2025-04-09 06:12:00,75,1
2025-01-17 16:10:00,2025-01-17 22:44:00,DL,ORD,LAX,4486,21.91,21.75,0.18,0.0,14.76,0.0225,0.9061,25,ORD-LAX,394,16,0,0,0,0,0,0,8,2025-01-17 16:18:00,2025-01-17 22:40:00,-4,0
2025-05-03 20:20:00,2025-05-04 01:03:00,DL,ORD,DEN,3105,5.58,0.0,0.14,1.0,18.03,-0.0785,0.0097,7,ORD-DEN,283,20,0,1,0,0,0,0,-1,2025-05-03 20:19:00,2025-05-04 01:00:00,-3,0
2025-10-01 09:00:00,2025-10-01 11:37:00,WN,ATL,ORD,1527,15.39,15.2,0.29,0.0,15.53,0.6262,0.0791,91,ATL-ORD,157,9,0,0,0,0,0,0,1,2025-10-01 09:01:00,2025-10-01 11:32:00,-5,0
2025-02-08 15:20:00,2025-02-08 19:56:00,DL,ATL,JFK,3012,0.84,0.77,1.29,0.0,13.35,-1.8411,-0.7559,47,ATL-JFK,276,15,0,0,0,0,0,0,14,2025-02-08 15:34:00,2025-02-08 19:50:00,-6,0
2025-01-27 23:10:00,2025-01-28 02:21:00,DL,SFO,ORD,1953,2.47,4.13,0.0,0.3,16.44,-1.0678,-0.0766,28,SFO-ORD,191,23,0,1,0,0,0,0,2,2025-01-27 23:12:00,2025-01-28 02:15:00,-6,0
2025-11-07 07:50:00,2025-11-07 13:38:00,AA,BOS,LAX,3910,11.59,14.16,0.12,0.58,17.01,0.3922,0.7292,81,BOS-LAX,348,7,0,0,0,0,0,0,0,2025-11-07 07:50:00,2025-11-07 13:21:00,-17,0
2025-08-05 05:15:00,2025-08-05 09:05:00,AA,LAX,DFW,2434,13.63,14.39,0.02,0.0,19.02,0.4582,0.6368,9,LAX-DFW,230,5,0,0,0,0,0,0,-7,2025-08-05 05:08:00,2025-08-05 08:59:00,-6,0
2025-05-06 23:10:00,2025-05-07 01:54:00,AA,ORD,DFW,1617,6.99,13.36,13.3,11.72,12.34,0.5714,0.575,43,ORD-DFW,164,23,0,1,1,0,0,0,22,2025-05-06 23:32:00,2025-05-07 02:24:00,30,1
2025-10-03 06:00:00,2025-10-03 10:51:00,AA,JFK,ORD,3199,24.05,26.43,1.19,1.37,16.38,0.7132,0.4257,60,JFK-ORD,291,6,0,0,0,0,0,0,6,2025-10-03 06:06:00,2025-10-03 10:48:00,-3,0
2025-11-05 11:10:00,2025-11-05 16:21:00,UA,ATL,DEN,3450,14.15,15.53,0.0,0.68,12.35,2.008,0.582,36,ATL-DEN,311,11,0,0,0,0,0,0,3,2025-11-05 11:13:00,2025-11-05 16:33:00,12,0
2025-05-12 10:10:00,2025-05-12 13:14:00,WN,ATL,ORD,1865,18.51,18.9,0.32,0.99,14.99,-0.6442,0.6742,62,ATL-ORD,184,10,0,0,0,0,0,0,9,2025-05-12 10:19:00,2025-05-12 13:25:00,11,0
2025-07-24 12:10:00,2025-07-24 17:22:00,UA,ORD,BOS,3458,7.77,10.93,0.12,0.0,16.96,0.39,0.3119,19,ORD-BOS,312,12,0,0,0,0,0,0,-3,2025-07-24 12:07:00,2025-07-24 17:31:00,9,0
2025-01-04 06:40:00,2025-01-04 08:58:00,AA,SFO,ATL,1283,4.29,4.51,0.0,0.0,16.05,0.7482,-0.7054,29,SFO-ATL,138,6,0,0,0,0,0,0,2,2025-01-04 06:42:00,2025-01-04 08:52:00,-6,0
2025-04-22 16:50:00,2025-04-22 19:09:00,UA,DFW,JFK,1304,2.21,5.45,0.68,0.0,16.19,0.3738,0.0811,55,DFW-JFK,139,16,0,0,0,0,0,0,-2,2025-04-22 16:48:00,2025-04-22 19:10:00,1,0
2025-08-06 16:45:00,2025-08-06 22:22:00,UA,JFK,ATL,3771,7.52,8.58,7.09,4.47,15.58,-0.1085,-0.8969,6,JFK-ATL,337,16,0,0,0,0,0,0,3,2025-08-06 16:48:00,2025-08-06 22:20:00,-2,0
2025-03-13 04:50:00,2025-03-13 09:18:00,AA,SFO,BOS,2908,5.89,5.03,0.57,0.0,16.13,-0.7774,0.3321,25,SFO-BOS,268,4,0,1,0,0,0,0,-10,2025-03-13 04:40:00,2025-03-13 09:10:00,-8,0
2025-12-28 11:50:00,2025-12-28 13:01:00,AA,SEA,DFW,447,4.07,6.15,0.0,0.0,15.05,-0.2077,0.8383,48,SEA-DFW,71,11,0,0,0,0,0,0,6,2025-12-28 11:56:00,2025-12-28 13:10:00,9,0
2025-12-21 01:20:00,2025-12-21 06:06:00,B6,JFK,ATL,3135,2.83,1.54,16.47,17.34,8.91,1.2974,0.0183,62,JFK-ATL,286,1,0,1,1,0,0,0,31,2025-12-21 01:51:00,2025-12-21 06:45:00,39,1
2025-04-05 05:20:00,2025-04-05 08:02:00,DL,LAX,DEN,1584,5.44,8.1,0.45,0.05,17.73,2.1936,-0.378,72,LAX-DEN,162,5,0,0,0,0,0,0,3,2025-04-05 05:23:00,2025-04-05 07:57:00,-5,0
2025-05-25 23:40:00,2025-05-26 02:11:00,DL,SFO,JFK,1452,0.0,0.54,0.0,0.09,16.96,-1.7415,-0.1644,0,SFO-JFK,151,23,0,1,0,0,0,0,-1,2025-05-25 23:39:00,2025-05-26 02:09:00,-2,0
2025-03-11 12:15:00,2025-03-11 15:36:00,AA,SEA,DFW,2081,8.31,6.42,7.23,7.33,7.77,0.0189,0.601,8,SEA-DFW,201,12,0,0,0,0,0,0,-10,2025-03-11 12:05:00,2025-03-11 15:31:00,-5,0
2025-07-03 14:30:00,2025-07-03 18:01:00,WN,DFW,SFO,2197,3.05,0.0,0.15,0.0,13.32,-1.7812,0.0641,36,DFW-SFO,211,14,0,0,0,0,0,0,14,2025-07-03 14:44:00,2025-07-03 18:08:00,7,0
2025-02-15 21:50:00,2025-02-16 03:49:00,DL,ORD,ATL,4045,7.03,8.12,0.52,0.0,15.75,-0.7276,0.7447,90,ORD-ATL,359,21,0,1,0,0,0,0,-5,2025-02-15 21:45:00,2025-02-16 03:52:00,3,0
2025-05-23 17:10:00,2025-05-23 20:35:00,DL,DEN,ORD,2130,16.8,15.26,0.0,0.2,17.55,0.237,0.5118,75,DEN-ORD,205,17,0,0,0,0,0,0,7,2025-05-23 17:17:00,2025-05-23 20:25:00,-10,0
2025-07-22 19:45:00,2025-07-22 22:24:00,UA,SFO,LAX,1546,2.8,6.52,0.0,0.14,18.99,-1.1878,-0.2626,70,SFO-LAX,159,19,0,0,0,0,0,0,-6,2025-07-22 19:39:00,2025-07-22 22:15:00,-9,0
2025-08-12 17:50:00,2025-08-12 23:09:00,DL,ATL,LAX,3548,11.02,10.03,0.0,0.0,16.23,-0.4487,0.3121,2,ATL-LAX,319,17,0,0,0,0,0,0,-7,2025-08-12 17:43:00,2025-08-12 23:07:00,-2,0
2025-08-06 11:30:00,2025-08-06 15:31:00,UA,DEN,ORD,2579,11.55,12.12,0.0,1.43,15.37,-0.6018,-0.5121,49,DEN-ORD,241,11,0,0,0,0,0,0,3,2025-08-06 11:33:00,2025-08-06 15:37:00,6,0
2025-03-22 15:15:00,2025-03-22 16:14:00,UA,DFW,ATL,302,6.39,5.78,0.0,0.83,15.4,0.1935,-0.5957,10,DFW-ATL,59,15,0,0,0,0,0,0,19,2025-03-22 15:34:00,2025-03-22 17:00:00,46,1
2025-10-17 06:15:00,2025-10-17 10:46:00,AA,BOS,SEA,2955,1.34,3.35,0.0,0.0,14.05,-0.4224,-0.8581,79,BOS-SEA,271,6,0,0,0,0,0,0,3,2025-10-17 06:18:00,2025-10-17 11:04:00,18,1
2025-09-10 21:10:00,2025-09-11 00:57:00,AA,LAX,DEN,2404,15.62,15.89,9.63,9.38,12.24,1.1709,-0.5151,96,LAX-DEN,227,21,0,1,0,0,0,0,8,2025-09-10 21:18:00,2025-09-11 00:55:00,-2,0
2025-10-02 04:15:00,2025-10-02 08:27:00,WN,ORD,LAX,2713,6.55,5.17,1.95,0.0,18.84,-0.0653,0.5928,38,ORD-LAX,252,4,0,1,0,0,0,0,6,2025-10-02 04:21:00,2025-10-02 08:22:00,-5,0
2025-06-20 21:40:00,2025-06-20 23:41:00,AA,SFO,DEN,1074,25.76,22.95,0.04,0.26,14.88,-0.8779,-0.8229,0,SFO-DEN,121,21,0,1,0,0,0,0,-1,2025-06-20 21:39:00,2025-06-20 23:50:00,9,0
2025-11-22 21:30:00,2025-11-23 01:10:00,AA,JFK,DFW,2309,16.0,15.23,0.83,0.17,16.19,-1.574,0.3112,66,JFK-DFW,220,21,0,1,0,0,0,0,-4,2025-11-22 21:26:00,2025-11-23 01:06:00,-4,0
2025-05-23 03:10:00,2025-05-23 07:46:00,B6,LAX,ORD,3016,15.29,14.65,0.0,0.67,16.99,-0.8638,-0.278,76,LAX-ORD,276,3,0,1,0,0,0,0,-10,2025-05-23 03:00:00,2025-05-23 07:37:00,-9,0
2025-10-22 17:30:00,2025-10-22 22:16:00,B6,LAX,SFO,3143,2.98,3.45,0.0,1.48,14.75,-0.2094,0.9697,4,LAX-SFO,286,17,0,0,0,0,0,0,6,2025-10-22 17:36:00,2025-10-22 22:30:00,14,0
2025-03-16 23:45:00,2025-03-17 04:33:00,UA,ATL,SEA,3157,14.52,11.84,1.58,0.3,14.44,0.4935,0.1907,36,ATL-SEA,288,23,0,1,0,0,0,0,-4,2025-03-16 23:41:00,2025-03-17 04:24:00,-9,0
2025-04-01 13:00:00,2025-04-01 19:34:00,AA,ORD,DEN,4489,19.64,19.0,0.0,0.53,19.02,0.7054,0.5773,80,ORD-DEN,394,13,0,0,0,0,0,0,10,2025-04-01 13:10:00,2025-04-01 19:33:00,-1,0
2025-07-12 08:00:00,2025-07-12 11:47:00,B6,ATL,JFK,2404,9.17,10.51,0.66,1.46,15.87,0.9042,0.5865,28,ATL-JFK,227,8,0,0,0,0,0,0,1,2025-07-12 08:01:00,2025-07-12 11:42:00,-5,0
2025-07-22 21:50:00,2025-07-23 01:13:00,B6,JFK,ATL,2105,10.83,14.43,0.15,0.0,16.25,0.55,-0.1109,42,JFK-ATL,203,21,0,1,0,0,0,0,6,2025-07-22 21:56:00,2025-07-23 01:21:00,8,0
2025-09-30 12:40:00,2025-09-30 16:41:00,B6,SFO,DEN,2576,13.39,12.64,30.66,28.89,0.65,0.9585,-0.8559,71,SFO-DEN,241,12,0,0,1,1,0,0,26,2025-09-30 13:06:00,2025-09-30 17:16:00,35,1
2025-04-19 02:30:00,2025-04-19 05:19:00,B6,SEA,BOS,1681,21.38,22.17,0.0,0.67,16.8,-0.3514,-0.7586,9,SEA-BOS,169,2,0,1,0,0,0,0,-4,2025-04-19 02:26:00,2025-04-19 05:14:00,-5,0
2025-11-15 05:50:00,2025-11-15 08:35:00,AA,JFK,SFO,1623,10.36,11.83,0.0,0.0,9.51,-0.1934,-0.1346,84,JFK-SFO,165,5,0,0,0,0,0,0,17,2025-11-15 06:07:00,2025-11-15 08:55:00,20,1
2025-05-01 16:30:00,2025-05-01 21:21:00,B6,DEN,LAX,3198,15.0,13.02,0.0,0.0,15.99,-0.615,0.2912,61,DEN-LAX,291,16,0,0,0,0,0,0,11,2025-05-01 16:41:00,2025-05-01 21:33:00,12,0
2025-07-14 10:30:00,2025-07-14 13:14:00,UA,SEA,LAX,1615,11.65,10.13,1.65,1.5,18.87,-0.8098,0.0753,43,SEA-LAX,164,10,0,0,0,0,0,0,2,2025-07-14 10:32:00,2025-07-14 13:06:00,-8,0
2025-12-07 05:10:00,2025-12-07 10:21:00,DL,SEA,LAX,3445,24.69,24.3,0.22,0.0,16.96,1.3606,0.532,40,SEA-LAX,311,5,0,0,0,0,0,0,4,2025-12-07 05:14:00,2025-12-07 10:22:00,1,0
2025-07-16 19:45:00,2025-07-17 00:54:00,WN,DFW,SEA,3429,12.53,9.62,1.52,0.3,16.08,-0.194,0.7822,0,DFW-SEA,309,19,0,0,0,0,0,0,14,2025-07-16 19:59:00,2025-07-17 00:54:00,0,0
2025-09-06 02:45:00,2025-09-06 09:04:00,B6,ATL,ORD,4304,13.76,15.49,4.16,2.97,11.97,-1.1458,-0.557,59,ATL-ORD,379,2,0,1,0,0,0,0,-10,2025-09-06 02:35:00,2025-09-06 09:04:00,0,0
2025-11-28 05:15:00,2025-11-28 06:58:00,WN,LAX,ATL,853,20.43,20.88,0.5,0.41,20.0,-0.8674,-0.2834,88,LAX-ATL,103,5,0,0,0,0,0,0,-8,2025-11-28 05:07:00,2025-11-28 06:54:00,-4,0
2025-12-22 11:40:00,2025-12-22 14:41:00,DL,LAX,SEA,1825,9.03,5.44,0.0,1.83,13.97,2.0903,-0.3961,36,LAX-SEA,181,11,0,0,0,0,0,0,-3,2025-12-22 11:37:00,2025-12-22 14:36:00,-5,0
2025-07-02 00:40:00,2025-07-02 05:58:00,B6,SFO,ORD,3540,30.88,29.48,0.02,0.0,16.89,0.2432,-0.6627,90,SFO-ORD,318,0,0,1,0,0,0,0,8,2025-07-02 00:48:00,2025-07-02 06:01:00,3,0
2025-06-02 09:00:00,2025-06-02 12:23:00,DL,SFO,JFK,2102,5.29,6.48,4.7,1.04,8.69,0.4569,0.1077,58,SFO-JFK,203,9,0,0,0,0,0,0,3,2025-06-02 09:03:00,2025-06-02 12:27:00,4,0
2025-03-13 21:10:00,2025-03-14 01:49:00,AA,DEN,SFO,3051,4.31,4.61,0.0,0.36,12.92,-0.5425,-0.7151,59,DEN-SFO,279,21,0,1,0,0,0,0,15,2025-03-13 21:25:00,2025-03-14 02:05:00,16,1
2025-07-16 22:30:00,2025-07-17 03:36:00,B6,DEN,SFO,3388,13.39,14.41,0.0,0.0,15.03,-2.2347,-0.9167,65,DEN-SFO,306,22,0,1,0,0,0,0,9,2025-07-16 22:39:00,2025-07-17 03:52:00,16,1
2025-12-02 20:30:00,2025-12-03 02:26:00,WN,SFO,ATL,4014,3.76,4.5,6.81,6.04,12.32,-1.2767,-0.8697,24,SFO-ATL,356,20,0,1,0,0,0,0,-5,2025-12-02 20:25:00,2025-12-03 02:24:00,-2,0
2025-06-27 07:40:00,2025-06-27 09:55:00,AA,DEN,LAX,1249,25.74,23.79,0.08,0.36,16.96,-0.6628,0.5052,71,DEN-LAX,135,7,0,0,0,0,0,0,8,2025-06-27 07:48:00,2025-06-27 10:00:00,5,0
2025-05-08 01:15:00,2025-05-08 03:41:00,UA,JFK,SFO,1392,36.07,36.65,5.52,4.75,12.84,-0.6347,0.1516,96,JFK-SFO,146,1,0,1,0,0,0,0,-1,2025-05-08 01:14:00,2025-05-08 03:44:00,3,0
2025-02-09 19:45:00,2025-02-09 23:22:00,AA,DEN,SFO,2277,5.73,4.62,0.0,0.57,17.05,-0.0209,0.8969,82,DEN-SFO,217,19,0,0,0,0,0,0,20,2025-02-09 20:05:00,2025-02-09 23:41:00,19,1
2025-05-23 08:20:00,2025-05-23 12:09:00,DL,DFW,JFK,2425,4.55,5.52,0.05,0.0,18.62,0.8227,0.8491,43,DFW-JFK,229,8,0,0,0,0,0,0,-9,2025-05-23 08:11:00,2025-05-23 12:08:00,-1,0
2025-03-28 17:10:00,2025-03-28 23:13:00,UA,LAX,SFO,4101,5.56,6.41,0.22,0.44,16.62,0.0106,0.4573,76,LAX-SFO,363,17,0,0,0,0,0,0,10,2025-03-28 17:20:00,2025-03-28 23:10:00,-3,0
2025-12-23 02:00:00,2025-12-23 03:12:00,AA,DEN,SEA,463,0.0,2.89,0.0,0.0,13.4,0.4086,0.7228,90,DEN-SEA,72,2,0,1,0,0,0,0,6,2025-12-23 02:06:00,2025-12-23 02:56:00,-16,0
2025-07-12 16:50:00,2025-07-12 19:11:00,DL,DFW,ATL,1330,8.45,3.75,0.0,0.0,14.59,0.8971,-0.7049,82,DFW-ATL,141,16,0,0,0,0,0,0,0,2025-07-12 16:50:00,2025-07-12 19:13:00,2,0
2025-02-20 14:40:00,2025-02-20 20:46:00,B6,DFW,SEA,4132,18.32,19.12,0.0,0.0,15.74,1.4301,0.6144,24,DFW-SEA,366,14,0,0,0,0,0,0,-9,2025-02-20 14:31:00,2025-02-20 20:39:00,-7,0
2025-01-25 22:20:00,2025-01-26 02:45:00,DL,ATL,LAX,2881,13.6,16.23,0.0,0.58,20.56,-0.9458,0.3399,4,ATL-LAX,265,22,0,1,0,0,0,0,-4,2025-01-25 22:16:00,2025-01-26 02:44:00,-1,0
2025-11-07 02:10:00,2025-11-07 06:56:00,WN,SEA,LAX,3136,7.71,9.34,0.0,0.0,18.97,0.394,0.7255,91,SEA-LAX,286,2,0,1,0,0,0,0,32,2025-11-07 02:42:00,2025-11-07 07:48:00,52,1
2025-12-06 09:00:00,2025-12-06 11:23:00,DL,SFO,BOS,1348,12.51,13.67,0.0,0.21,14.65,0.4397,-0.4411,17,SFO-BOS,143,9,0,0,0,0,0,0,30,2025-12-06 09:30:00,2025-12-06 11:58:00,35,1
2025-10-06 23:10:00,2025-10-07 03:38:00,WN,JFK,SFO,2916,3.13,0.59,0.0,0.0,14.48,0.2404,0.5099,75,JFK-SFO,268,23,0,1,0,0,0,0,6,2025-10-06 23:16:00,2025-10-07 03:49:00,11,0
2025-02-15 09:00:00,2025-02-15 12:03:00,DL,BOS,DEN,1853,10.1,9.35,0.71,0.0,13.81,-0.4261,-0.8863,16,BOS-DEN,183,9,0,0,0,0,0,0,13,2025-02-15 09:13:00,2025-02-15 12:15:00,12,0
2025-02-05 15:30:00,2025-02-05 20:35:00,B6,LAX,DFW,3377,11.93,11.88,0.0,1.05,17.73,-1.0009,0.472,44,LAX-DFW,305,15,0,0,0,0,0,0,-4,2025-02-05 15:26:00,2025-02-05 20:31:00,-4,0
2025-03-14 03:10:00,2025-03-14 04:39:00,DL,JFK,DEN,680,10.2,8.84,0.48,0.37,13.35,-0.1912,-0.6195,25,JFK-DEN,89,3,0,1,0,0,0,0,4,2025-03-14 03:14:00,2025-03-14 04:47:00,8,0
2025-10-02 17:10:00,2025-10-02 19:45:00,DL,JFK,SFO,1494,6.15,7.28,2.97,4.46,5.07,0.216,0.9057,4,JFK-SFO,155,17,0,0,0,1,0,1,10,2025-10-02 17:20:00,2025-10-02 20:02:00,17,1
2025-10-07 06:15:00,2025-10-07 10:51:00,AA,LAX,JFK,3007,4.34,5.56,0.0,0.0,16.32,1.039,0.9692,70,LAX-JFK,276,6,0,0,0,0,0,0,25,2025-10-07 06:40:00,2025-10-07 11:01:00,10,0
2025-11-02 13:40:00,2025-11-02 18:02:00,WN,ORD,BOS,2836,16.32,12.0,4.73,3.26,12.41,-0.1753,-0.1739,38,ORD-BOS,262,13,0,0,0,0,0,0,8,2025-11-02 13:48:00,2025-11-02 17:55:00,-7,0
2025-02-05 21:20:00,2025-02-06 03:01:00,WN,ATL,ORD,3829,15.66,13.76,0.0,0.6,18.78,-1.204,0.8488,77,ATL-ORD,341,21,0,1,0,0,0,0,16,2025-02-05 21:36:00,2025-02-06 03:20:00,19,1
2025-02-25 15:10:00,2025-02-25 20:38:00,UA,ATL,SFO,3663,1.53,1.05,0.9,0.37,14.89,-1.033,-0.495,86,ATL-SFO,328,15,0,0,0,0,0,0,3,2025-02-25 15:13:00,2025-02-25 20:35:00,-3,0
2025-11-25 11:40:00,2025-11-25 12:44:00,AA,ATL,DEN,360,0.66,1.29,1.65,2.56,16.95,-1.2241,0.234,19,ATL-DEN,64,11,0,0,0,0,0,0,9,2025-11-25 11:49:00,2025-11-25 12:37:00,-7,0
2025-12-05 04:20:00,2025-12-05 05:49:00,UA,BOS,ORD,679,33.7,35.71,0.0,0.22,16.16,-0.1235,0.7354,67,BOS-ORD,89,4,0,1,0,0,0,0,1,2025-12-05 04:21:00,2025-12-05 06:08:00,19,1
2025-09-22 08:10:00,2025-09-22 11:08:00,UA,SFO,ATL,1788,10.87,13.0,0.0,0.0,15.15,-1.4092,0.6605,53,SFO-ATL,178,8,0,0,0,0,0,0,-4,2025-09-22 08:06:00,2025-09-22 11:27:00,19,1
2025-02-08 20:40:00,2025-02-09 03:01:00,WN,ORD,SFO,4327,11.33,8.97,0.0,0.0,13.63,-0.819,-0.2937,29,ORD-SFO,381,20,0,1,0,0,0,0,2,2025-02-08 20:42:00,2025-02-09 02:54:00,-7,0
2025-01-26 05:50:00,2025-01-26 09:29:00,AA,LAX,ATL,2304,4.83,2.49,0.2,0.0,16.62,1.5754,-0.6032,36,LAX-ATL,219,5,0,0,0,0,0,0,-1,2025-01-26 05:49:00,2025-01-26 09:31:00,2,0
2025-01-21 15:30:00,2025-01-21 21:29:00,DL,ORD,DEN,4045,11.13,7.26,2.14,1.23,16.6,-0.2071,-0.4113,60,ORD-DEN,359,15,0,0,0,0,0,0,-5,2025-01-21 15:25:00,2025-01-21 21:20:00,-9,0
2025-09-10 11:10:00,2025-09-10 12:29:00,B6,ATL,SFO,548,4.72,6.53,0.54,0.1,17.75,0.046,-0.99,97,ATL-SFO,79,11,0,0,0,0,0,0,5,2025-09-10 11:15:00,2025-09-10 12:27:00,-2,0
2025-11-05 07:15:00,2025-11-05 13:38:00,B6,BOS,DEN,4344,15.95,21.1,0.97,0.0,18.96,-1.338,-0.3248,93,BOS-DEN,383,7,0,0,0,0,0,0,-10,2025-11-05 07:05:00,2025-11-05 13:46:00,8,0
2025-08-19 17:30:00,2025-08-19 18:49:00,DL,SEA,SFO,556,18.01,21.78,0.0,1.34,17.29,-0.0824,0.4443,34,SEA-SFO,79,17,0,0,0,0,0,0,7,2025-08-19 17:37:00,2025-08-19 18:45:00,-4,0
2025-04-06 08:50:00,2025-04-06 14:21:00,UA,JFK,LAX,3695,9.93,15.19,1.31,0.88,16.93,-1.6925,-0.0769,39,JFK-LAX,331,8,0,0,0,0,0,0,21,2025-04-06 09:11:00,2025-04-06 14:37:00,16,1
2025-10-04 06:50:00,2025-10-04 12:44:00,UA,JFK,SEA,3983,9.96,10.15,0.0,0.86,15.17,0.1047,-0.7199,98,JFK-SEA,354,6,0,0,0,0,0,0,-8,2025-10-04 06:42:00,2025-10-04 12:36:00,-8,0
2025-01-22 12:50:00,2025-01-22 15:28:00,UA,ORD,ATL,1536,11.94,15.21,0.25,0.0,19.25,-1.2832,-0.3317,22,ORD-ATL,158,12,0,0,0,0,0,0,15,2025-01-22 13:05:00,2025-01-22 15:33:00,5,0
2025-10-30 18:45:00,2025-10-30 21:25:00,WN,ATL,DEN,1563,9.62,11.52,0.0,0.91,12.35,1.2881,-0.4794,73,ATL-DEN,160,18,0,0,0,0,0,0,7,2025-10-30 18:52:00,2025-10-30 21:24:00,-1,0
2025-11-22 20:30:00,2025-11-23 00:44:00,DL,SEA,ATL,2742,13.99,13.52,0.0,1.02,16.85,1.899,0.1787,84,SEA-ATL,254,20,0,1,0,0,0,0,-2,2025-11-22 20:28:00,2025-11-23 00:39:00,-5,0
2025-09-20 15:40:00,2025-09-20 20:42:00,DL,ORD,SEA,3332,24.74,20.28,0.0,1.6,18.1,-0.6815,-0.8428,6,ORD-SEA,302,15,0,0,0,0,0,0,12,2025-09-20 15:52:00,2025-09-20 21:02:00,20,1
2025-11-17 15:40:00,2025-11-17 17:19:00,AA,DFW,ATL,804,9.31,9.62,0.15,0.0,16.52,-1.5987,0.4624,53,DFW-ATL,99,15,0,0,0,0,0,0,0,2025-11-17 15:40:00,2025-11-17 17:07:00,-12,0
2025-08-02 18:40:00,2025-08-02 20:59:00,UA,JFK,BOS,1295,6.5,2.56,0.0,0.01,14.57,-0.4846,-0.7279,12,JFK-BOS,139,18,0,0,0,0,0,0,16,2025-08-02 18:56:00,2025-08-02 21:21:00,22,1
2025-06-20 06:40:00,2025-06-20 11:52:00,UA,ATL,BOS,3467,11.03,9.53,0.0,0.0,13.52,-1.685,0.9404,57,ATL-BOS,312,6,0,0,0,0,0,0,13,2025-06-20 06:53:00,2025-06-20 12:08:00,16,1
2025-04-28 06:10:00,2025-04-28 11:40:00,WN,BOS,SFO,3691,7.75,5.37,0.0,2.64,12.21,-0.3819,0.5517,48,BOS-SFO,330,6,0,0,0,0,0,0,13,2025-04-28 06:23:00,2025-04-28 11:39:00,-1,0
2025-12-03 11:50:00,2025-12-03 13:41:00,WN,DEN,SFO,945,2.31,3.07,5.1,5.15,7.74,-0.9194,-0.2849,92,DEN-SFO,111,11,0,0,0,0,0,0,-4,2025-12-03 11:46:00,2025-12-03 13:41:00,0,0
2025-09-12 15:00:00,2025-09-12 20:58:00,DL,SEA,ORD,4036,6.12,6.23,0.0,1.28,20.82,1.1107,-0.6181,5,SEA-ORD,358,15,0,0,0,0,0,0,0,2025-09-12 15:00:00,2025-09-12 20:46:00,-12,0
2025-03-11 15:20:00,2025-03-11 21:10:00,AA,BOS,ATL,3940,22.03,21.44,0.0,0.16,16.98,-2.1074,0.2792,40,BOS-ATL,350,15,0,0,0,0,0,0,1,2025-03-11 15:21:00,2025-03-11 21:05:00,-5,0
2025-12-16 03:20:00,2025-12-16 09:11:00,UA,DEN,JFK,3945,9.55,9.65,0.59,0.88,14.15,-1.3429,0.9252,63,DEN-JFK,351,3,0,1,0,0,0,0,12,2025-12-16 03:32:00,2025-12-16 09:46:00,35,1
2025-01-22 18:50:00,2025-01-22 21:10:00,DL,BOS,SFO,1310,8.47,4.15,0.79,0.0,8.44,0.843,-0.0007,73,BOS-SFO,140,18,0,0,0,0,0,0,4,2025-01-22 18:54:00,2025-01-22 20:54:00,-16,0
2025-08-03 08:00:00,2025-08-03 12:44:00,DL,DEN,ATL,3110,11.73,12.48,5.55,8.27,16.99,-0.6317,0.01,54,DEN-ATL,284,8,0,0,0,0,0,0,-1,2025-08-03 07:59:00,2025-08-03 12:47:00,3,0
2025-03-11 21:20:00,2025-03-11 23:13:00,B6,ATL,SEA,973,6.66,6.97,0.29,0.28,18.54,1.495,-0.2973,86,ATL-SEA,113,21,0,1,0,0,0,0,23,2025-03-11 21:43:00,2025-03-11 23:43:00,30,1
2025-08-31 17:15:00,2025-08-31 19:20:00,UA,DEN,ATL,1124,21.97,20.91,0.15,1.71,12.96,0.0143,0.1978,18,DEN-ATL,125,17,0,0,0,0,0,0,1,2025-08-31 17:16:00,2025-08-31 19:24:00,4,0
2025-05-31 23:00:00,2025-06-01 00:23:00,UA,ORD,SEA,597,34.04,35.04,0.0,0.31,18.65,0.205,0.9473,59,ORD-SEA,83,23,0,1,0,0,0,0,7,2025-05-31 23:07:00,2025-06-01 00:20:00,-3,0
2025-06-09 15:10:00,2025-06-09 18:55:00,WN,ORD,JFK,2370,4.46,5.19,0.63,0.0,13.85,0.2971,-0.0989,46,ORD-JFK,225,15,0,0,0,0,0,0,-1,2025-06-09 15:09:00,2025-06-09 19:10:00,15,1
2025-09-03 12:20:00,2025-09-03 17:18:00,WN,DFW,SEA,3287,8.6,7.89,0.8,0.52,14.64,0.3828,-0.8173,60,DFW-SEA,298,12,0,0,0,0,0,0,-10,2025-09-03 12:10:00,2025-09-03 17:21:00,3,0
2025-10-03 04:50:00,2025-10-03 06:56:00,B6,ORD,DFW,1134,13.66,12.35,0.74,0.01,12.07,-0.2218,0.0158,57,ORD-DFW,126,4,0,1,0,0,0,0,10,2025-10-03 05:00:00,2025-10-03 06:59:00,3,0
2025-05-19 09:20:00,2025-05-19 11:22:00,DL,LAX,SEA,1082,4.01,2.73,3.72,1.51,14.01,-0.176,0.5169,49,LAX-SEA,122,9,0,0,0,0,0,0,-1,2025-05-19 09:19:00,2025-05-19 11:24:00,2,0
2025-12-31 20:50:00,2025-12-31 23:22:00,WN,SFO,SEA,1463,0.29,2.69,0.7,0.38,15.88,1.206,0.8381,2,SFO-SEA,152,20,1,1,0,0,1,0,38,2025-12-31 21:28:00,2026-01-01 00:10:00,48,1
2025-07-01 09:40:00,2025-07-01 11:45:00,AA,SEA,DEN,1130,17.22,21.08,6.1,6.07,15.42,-0.7526,0.4414,9,SEA-DEN,125,9,0,0,0,0,0,0,46,2025-07-01 10:26:00,2025-07-01 12:19:00,34,1
2025-02-28 01:45:00,2025-02-28 07:24:00,AA,DEN,LAX,3798,9.75,9.32,0.01,0.0,13.21,0.1601,0.6601,87,DEN-LAX,339,1,0,1,0,0,0,0,-2,2025-02-28 01:43:00,2025-02-28 07:15:00,-9,0
2025-01-03 05:45:00,2025-01-03 07:41:00,UA,LAX,JFK,1012,6.82,7.91,0.27,0.04,19.1,-0.4159,-0.0746,28,LAX-JFK,116,5,0,0,0,0,0,0,-3,2025-01-03 05:42:00,2025-01-03 07:37:00,-4,0
2025-03-15 14:40:00,2025-03-15 17:13:00,AA,SEA,DFW,1469,15.33,13.17,1.06,0.0,17.25,0.6341,-0.81,46,SEA-DFW,153,14,0,0,0,0,0,0,2,2025-03-15 14:42:00,2025-03-15 17:11:00,-2,0
2025-09-10 15:40:00,2025-09-10 18:22:00,DL,DEN,SEA,1584,6.11,4.5,0.0,0.0,12.42,1.2723,-0.8891,38,DEN-SEA,162,15,0,0,0,0,0,0,-10,2025-09-10 15:30:00,2025-09-10 18:23:00,1,0
2025-07-16 23:10:00,2025-07-17 01:17:00,WN,LAX,DEN,1151,5.91,7.72,0.0,0.92,16.3,-0.5334,-0.6414,29,LAX-DEN,127,23,0,1,0,0,0,0,-3,2025-07-16 23:07:00,2025-07-17 01:13:00,-4,0
2025-05-04 22:40:00,2025-05-05 04:55:00,WN,DFW,BOS,4253,0.49,3.42,2.04,3.0,12.64,-0.9914,-0.162,25,DFW-BOS,375,22,0,1,0,0,0,0,6,2025-05-04 22:46:00,2025-05-05 04:56:00,1,0
2025-06-25 12:00:00,2025-06-25 14:09:00,DL,DEN,JFK,1180,1.5,2.18,0.61,0.0,15.69,-0.7574,0.6838,56,DEN-JFK,129,12,0,0,0,0,0,0,9,2025-06-25 12:09:00,2025-06-25 14:27:00,18,1
2025-11-02 13:40:00,2025-11-02 17:22:00,DL,BOS,SEA,2343,6.81,7.73,0.15,0.0,15.25,0.9148,-0.01,27,BOS-SEA,222,13,0,0,0,0,0,0,0,2025-11-02 13:40:00,2025-11-02 17:19:00,-3,0
2025-07-28 19:40:00,2025-07-28 23:49:00,B6,ATL,BOS,2677,5.62,5.27,0.0,0.48,16.83,0.2452,-0.3002,92,ATL-BOS,249,19,0,0,0,0,0,0,-10,2025-07-28 19:30:00,2025-07-28 23:38:00,-11,0
2025-01-22 01:45:00,2025-01-22 04:12:00,UA,ORD,DFW,1395,3.09,5.06,14.66,13.82,11.57,-0.0804,-0.1971,87,ORD-DFW,147,1,0,1,1,0,0,0,5,2025-01-22 01:50:00,2025-01-22 04:10:00,-2,0
2025-01-18 14:40:00,2025-01-18 18:17:00,DL,SEA,ORD,2279,10.37,8.79,0.0,0.0,9.61,-0.1958,0.929,33,SEA-ORD,217,14,0,0,0,0,0,0,10,2025-01-18 14:50:00,2025-01-18 18:15:00,-2,0
2025-06-25 11:15:00,2025-06-25 13:11:00,UA,LAX,JFK,1015,16.72,18.78,0.0,0.0,19.47,-0.7117,-0.1254,59,LAX-JFK,116,11,0,0,0,0,0,0,-10,2025-06-25 11:05:00,2025-06-25 13:12:00,1,0
2025-05-28 18:15:00,2025-05-28 21:56:00,UA,DEN,LAX,2327,17.96,14.8,0.93,0.62,16.06,0.8556,0.3691,95,DEN-LAX,221,18,0,0,0,0,0,0,6,2025-05-28 18:21:00,2025-05-28 22:00:00,4,0
2025-11-07 19:30:00,2025-11-07 20:35:00,WN,ATL,JFK,379,15.85,16.99,0.0,0.0,14.84,0.1722,0.9223,94,ATL-JFK,65,19,0,0,0,0,0,0,7,2025-11-07 19:37:00,2025-11-07 20:35:00,0,0
2025-08-01 15:20:00,2025-08-01 18:46:00,UA,LAX,SEA,2143,6.22,4.82,0.1,0.55,13.61,1.7786,0.3316,36,LAX-SEA,206,15,0,0,0,0,0,0,2,2025-08-01 15:22:00,2025-08-01 18:47:00,1,0
2025-10-04 15:15:00,2025-10-04 18:17:00,B6,BOS,SEA,1832,9.82,11.28,0.0,0.0,15.92,-0.0327,0.1045,45,BOS-SEA,182,15,0,0,0,0,0,0,4,2025-10-04 15:19:00,2025-10-04 18:20:00,3,0
2025-08-02 16:20:00,2025-08-02 19:17:00,DL,JFK,DEN,1772,7.79,8.15,0.0,1.25,16.1,0.2569,0.0321,74,JFK-DEN,177,16,0,0,0,0,0,0,12,2025-08-02 16:32:00,2025-08-02 19:21:00,4,0
2025-05-07 13:30:00,2025-05-07 15:06:00,AA,SFO,DFW,762,4.64,5.7,0.23,0.0,14.31,-0.4659,0.3096,62,SFO-DFW,96,13,0,0,0,0,0,0,15,2025-05-07 13:45:00,2025-05-07 15:09:00,3,0
2025-08-28 05:10:00,2025-08-28 11:45:00,WN,ATL,DEN,4494,1.99,8.62,1.96,1.33,17.89,-0.6484,0.1195,47,ATL-DEN,395,5,0,0,0,0,0,0,3,2025-08-28 05:13:00,2025-08-28 11:46:00,1,0
2025-08-15 06:40:00,2025-08-15 07:48:00,AA,LAX,DFW,413,3.92,3.91,1.18,0.62,15.49,-0.0713,0.3529,57,LAX-DFW,68,6,0,0,0,0,0,0,-7,2025-08-15 06:33:00,2025-08-15 07:50:00,2,0
2025-09-20 17:15:00,2025-09-20 19:03:00,UA,SFO,SEA,913,11.49,13.29,0.7,0.49,10.82,1.1911,0.1867,5,SFO-SEA,108,17,0,0,0,0,0,0,-2,2025-09-20 17:13:00,2025-09-20 19:01:00,-2,0
2025-03-11 14:15:00,2025-03-11 15:49:00,AA,DFW,JFK,732,18.1,18.37,0.15,0.41,16.73,-0.4709,0.9496,94,DFW-JFK,94,14,0,0,0,0,0,0,22,2025-03-11 14:37:00,2025-03-11 16:21:00,32,1
2025-08-23 05:20:00,2025-08-23 11:47:00,AA,SEA,ORD,4406,4.57,7.22,0.0,0.85,16.52,-0.4881,0.7138,76,SEA-ORD,387,5,0,0,0,0,0,0,-9,2025-08-23 05:11:00,2025-08-23 11:45:00,-2,0
2025-04-15 21:00:00,2025-04-15 23:46:00,WN,SEA,DFW,1637,5.26,4.42,0.0,0.0,16.61,-1.4299,-0.8108,11,SEA-DFW,166,21,0,1,0,0,0,0,4,2025-04-15 21:04:00,2025-04-15 23:34:00,-12,0
2025-10-16 23:30:00,2025-10-17 02:54:00,B6,JFK,ORD,2110,1.56,1.74,0.0,0.0,13.13,2.4757,0.6554,11,JFK-ORD,204,23,0,1,0,0,0,0,9,2025-10-16 23:39:00,2025-10-17 03:17:00,23,1
2025-10-19 15:40:00,2025-10-19 20:51:00,DL,DEN,ORD,3453,14.75,14.54,0.85,1.32,13.72,-0.5978,-0.6427,31,DEN-ORD,311,15,0,0,0,0,0,0,34,2025-10-19 16:14:00,2025-10-19 21:24:00,33,1
2025-08-17 05:50:00,2025-08-17 07:06:00,DL,ORD,JFK,511,0.0,2.84,0.12,0.44,11.89,-1.4318,-0.4572,98,ORD-JFK,76,5,0,0,0,0,0,0,4,2025-08-17 05:54:00,2025-08-17 07:26:00,20,1
2025-12-12 22:15:00,2025-12-12 23:36:00,WN,LAX,SFO,581,8.19,9.33,0.22,0.0,16.59,0.1747,-0.5949,75,LAX-SFO,81,22,0,1,0,0,0,0,19,2025-12-12 22:34:00,2025-12-12 23:38:00,2,0
2025-07-16 05:30:00,2025-07-16 07:30:00,UA,JFK,SEA,1066,6.75,10.5,0.71,0.0,16.54,0.2447,-0.2158,93,JFK-SEA,120,5,0,0,0,0,0,0,-8,2025-07-16 05:22:00,2025-07-16 07:24:00,-6,0
2025-01-10 10:30:00,2025-01-10 15:17:00,DL,BOS,DFW,3150,7.94,5.83,1.14,0.0,13.45,0.7874,-0.2959,77,BOS-DFW,287,10,0,0,0,0,0,0,-10,2025-01-10 10:20:00,2025-01-10 15:10:00,-7,0
2025-08-10 20:40:00,2025-08-11 03:08:00,DL,ORD,DEN,4409,10.88,11.28,4.97,2.99,15.76,0.1883,0.8041,75,ORD-DEN,388,20,0,1,0,0,0,0,8,2025-08-10 20:48:00,2025-08-11 03:07:00,-1,0
2025-10-11 12:30:00,2025-10-11 16:57:00,UA,BOS,SFO,2906,8.7,10.93,0.38,0.0,7.41,-1.7574,0.0915,10,BOS-SFO,267,12,0,0,0,0,0,0,-6,2025-10-11 12:24:00,2025-10-11 16:53:00,-4,0
2025-02-06 05:45:00,2025-02-06 11:37:00,UA,BOS,DFW,3963,18.1,19.03,0.0,0.31,14.57,-0.7623,-0.3568,15,BOS-DFW,352,5,0,0,0,0,0,0,3,2025-02-06 05:48:00,2025-02-06 11:34:00,-3,0
2025-02-08 01:45:00,2025-02-08 07:40:00,UA,ATL,DEN,4004,0.93,0.54,0.3,0.0,16.47,1.0633,0.1557,55,ATL-DEN,355,1,0,1,0,0,0,0,1,2025-02-08 01:46:00,2025-02-08 07:29:00,-11,0
2025-04-10 08:00:00,2025-04-10 10:32:00,UA,JFK,SEA,1460,15.93,17.14,0.0,0.0,13.17,0.9264,0.0656,41,JFK-SEA,152,8,0,0,0,0,0,0,-9,2025-04-10 07:51:00,2025-04-10 10:17:00,-15,0
2025-11-05 16:15:00,2025-11-05 18:16:00,WN,BOS,LAX,1072,9.3,10.24,0.55,0.0,14.58,0.4254,0.9473,24,BOS-LAX,121,16,0,0,0,0,0,0,-10,2025-11-05 16:05:00,2025-11-05 18:05:00,-11,0
2025-07-12 17:40:00,2025-07-12 19:33:00,UA,DFW,BOS,972,18.2,22.51,0.0,0.0,15.31,1.4712,-0.5951,39,DFW-BOS,113,17,0,0,0,0,0,0,28,2025-07-12 18:08:00,2025-07-12 20:20:00,47,1
2025-12-23 05:30:00,2025-12-23 10:56:00,AA,DEN,ATL,3635,12.54,8.89,0.63,2.38,17.53,-0.237,0.5287,84,DEN-ATL,326,5,0,0,0,0,0,0,27,2025-12-23 05:57:00,2025-12-23 11:31:00,35,1
2025-11-15 03:20:00,2025-11-15 08:04:00,WN,JFK,SEA,3111,2.49,2.69,12.2,13.35,11.3,1.1564,-0.8831,8,JFK-SEA,284,3,0,1,1,0,0,0,-3,2025-11-15 03:17:00,2025-11-15 07:56:00,-8,0
2025-07-22 16:10:00,2025-07-22 22:00:00,UA,ORD,ATL,3932,10.03,7.87,0.27,0.57,18.16,-0.4389,-0.2423,75,ORD-ATL,350,16,0,0,0,0,0,0,0,2025-07-22 16:10:00,2025-07-22 22:01:00,1,0
2025-09-05 03:30:00,2025-09-05 07:19:00,AA,JFK,DFW,2430,14.09,12.98,0.0,0.0,16.8,1.7323,-0.1508,63,JFK-DFW,229,3,0,1,0,0,0,0,4,2025-09-05 03:34:00,2025-09-05 07:10:00,-9,0
2025-05-01 01:40:00,2025-05-01 08:07:00,B6,LAX,SEA,4401,15.63,13.66,0.0,0.0,18.94,-0.5131,0.876,55,LAX-SEA,387,1,0,1,0,0,0,0,-10,2025-05-01 01:30:00,2025-05-01 08:02:00,-5,0
2025-02-02 11:00:00,2025-02-02 16:59:00,DL,BOS,DEN,4055,8.4,10.37,0.31,0.0,14.62,-1.1678,-0.7777,27,BOS-DEN,359,11,0,0,0,0,0,0,2,2025-02-02 11:02:00,2025-02-02 17:07:00,8,0
2025-05-26 13:30:00,2025-05-26 19:01:00,WN,BOS,SEA,3695,10.2,7.3,0.0,0.0,16.25,-1.2085,-0.0564,62,BOS-SEA,331,13,1,0,0,0,0,0,9,2025-05-26 13:39:00,2025-05-26 18:58:00,-3,0
2025-08-05 05:50:00,2025-08-05 11:19:00,B6,SFO,ATL,3673,11.56,9.72,0.0,0.65,14.07,1.3871,-0.4473,61,SFO-ATL,329,5,0,0,0,0,0,0,10,2025-08-05 06:00:00,2025-08-05 11:40:00,21,1
2025-03-08 05:30:00,2025-03-08 07:11:00,DL,LAX,JFK,819,16.72,16.11,0.0,0.0,16.29,1.499,-0.9966,92,LAX-JFK,101,5,0,0,0,0,0,0,1,2025-03-08 05:31:00,2025-03-08 07:00:00,-11,0
2025-03-22 05:50:00,2025-03-22 10:59:00,AA,ATL,SEA,3428,6.47,7.5,0.24,0.0,12.97,-0.9403,-0.8214,60,ATL-SEA,309,5,0,0,0,0,0,0,2,2025-03-22 05:52:00,2025-03-22 11:08:00,9,0
2025-01-06 08:15:00,2025-01-06 14:32:00,B6,LAX,SEA,4277,14.22,12.86,11.17,8.45,9.71,-0.6818,-0.2127,0,LAX-SEA,377,8,0,0,0,0,0,0,-1,2025-01-06 08:14:00,2025-01-06 14:34:00,2,0
2025-09-25 00:00:00,2025-09-25 02:37:00,WN,ATL,SEA,1527,23.85,27.59,0.0,0.05,15.23,-2.3988,0.5543,81,ATL-SEA,157,0,0,1,0,0,0,0,0,2025-09-25 00:00:00,2025-09-25 02:30:00,-7,0
2025-11-25 00:40:00,2025-11-25 06:13:00,B6,ATL,DFW,3722,39.3,37.6,0.0,0.0,12.55,-1.2421,0.9309,63,ATL-DFW,333,0,0,1,0,0,0,0,-9,2025-11-25 00:31:00,2025-11-25 06:14:00,1,0
2025-10-30 08:10:00,2025-10-30 11:07:00,UA,DFW,DEN,1770,18.38,18.42,11.73,10.03,12.55,-0.279,-0.0119,8,DFW-DEN,177,8,0,0,0,0,0,0,14,2025-10-30 08:24:00,2025-10-30 11:12:00,5,0
2025-05-19 00:00:00,2025-05-19 02:10:00,UA,LAX,DEN,1191,7.29,7.14,0.01,0.22,19.9,-0.2872,0.9997,7,LAX-DEN,130,0,0,1,0,0,0,0,16,2025-05-19 00:16:00,2025-05-19 02:26:00,16,1
2025-08-05 07:10:00,2025-08-05 12:14:00,WN,LAX,BOS,3368,3.88,3.8,0.52,0.0,17.24,-2.1035,-0.9148,42,LAX-BOS,304,7,0,0,0,0,0,0,10,2025-08-05 07:20:00,2025-08-05 12:16:00,2,0
2025-12-17 13:50:00,2025-12-17 15:44:00,DL,SEA,DEN,993,13.03,12.14,0.0,0.29,15.31,-1.474,-0.951,95,SEA-DEN,114,13,0,0,0,0,0,0,-1,2025-12-17 13:49:00,2025-12-17 15:40:00,-4,0
2025-08-04 00:45:00,2025-08-04 04:26:00,WN,BOS,DEN,2321,22.2,20.93,0.0,0.62,16.88,1.8501,-0.2412,6,BOS-DEN,221,0,0,1,0,0,0,0,-10,2025-08-04 00:35:00,2025-08-04 04:22:00,-4,0
2025-04-18 14:15:00,2025-04-18 20:29:00,B6,BOS,ORD,4232,10.33,12.69,0.58,0.0,16.63,1.1441,-0.3412,35,BOS-ORD,374,14,0,0,0,0,0,0,-3,2025-04-18 14:12:00,2025-04-18 20:19:00,-10,0
2025-05-04 14:30:00,2025-05-04 16:22:00,B6,JFK,BOS,958,19.39,19.98,17.31,16.95,10.75,0.1329,-0.4015,80,JFK-BOS,112,14,0,0,1,0,0,0,36,2025-05-04 15:06:00,2025-05-04 17:12:00,50,1
2025-09-23 13:15:00,2025-09-23 15:06:00,DL,SEA,BOS,953,17.86,18.36,0.0,0.09,13.28,0.163,0.7619,25,SEA-BOS,111,13,0,0,0,0,0,0,5,2025-09-23 13:20:00,2025-09-23 15:06:00,0,0
2025-06-12 15:10:00,2025-06-12 21:26:00,UA,ORD,BOS,4260,10.09,10.52,0.0,1.24,20.06,0.0032,0.1152,35,ORD-BOS,376,15,0,0,0,0,0,0,9,2025-06-12 15:19:00,2025-06-12 21:41:00,15,1
2025-11-02 19:50:00,2025-11-03 01:10:00,WN,ORD,JFK,3563,17.95,20.52,0.0,0.84,17.73,-0.1256,-0.2483,0,ORD-JFK,320,19,0,0,0,0,0,0,-8,2025-11-02 19:42:00,2025-11-03 01:09:00,-1,0
2025-11-12 01:45:00,2025-11-12 05:19:00,AA,ATL,BOS,2238,7.05,5.97,0.0,0.0,13.73,0.0126,-0.95,79,ATL-BOS,214,1,0,1,0,0,0,0,7,2025-11-12 01:52:00,2025-11-12 05:01:00,-18,0
2025-01-14 04:15:00,2025-01-14 07:30:00,WN,SEA,ORD,2002,9.37,9.17,0.0,0.0,14.39,-1.5715,-0.9488,1,SEA-ORD,195,4,0,1,0,0,0,0,-1,2025-01-14 04:14:00,2025-01-14 07:28:00,-2,0
2025-09-22 07:15:00,2025-09-22 13:38:00,UA,SFO,BOS,4348,14.39,12.13,3.08,3.01,16.26,-0.2578,-0.7494,77,SFO-BOS,383,7,0,0,0,0,0,0,-3,2025-09-22 07:12:00,2025-09-22 13:18:00,-20,0
2025-05-16 16:45:00,2025-05-16 21:47:00,WN,LAX,SEA,3339,10.04,8.85,0.0,0.0,13.67,-2.0227,-0.4964,96,LAX-SEA,302,16,0,0,0,0,0,0,4,2025-05-16 16:49:00,2025-05-16 21:52:00,5,0
2025-07-09 20:20:00,2025-07-10 02:24:00,DL,DFW,ATL,4114,6.85,1.31,0.0,0.0,13.06,-0.2079,-0.9337,23,DFW-ATL,364,20,0,1,0,0,0,0,7,2025-07-09 20:27:00,2025-07-10 02:31:00,7,0
2025-04-07 22:20:00,2025-04-07 23:50:00,AA,LAX,JFK,685,15.14,16.42,0.26,0.0,17.71,0.4175,-0.632,77,LAX-JFK,90,22,0,1,0,0,0,0,-1,2025-04-07 22:19:00,2025-04-07 23:47:00,-3,0
2025-05-15 13:20:00,2025-05-15 17:17:00,AA,LAX,ATL,2528,10.97,14.35,1.1,0.0,17.73,-0.566,-0.8975,83,LAX-ATL,237,13,0,0,0,0,0,0,6,2025-05-15 13:26:00,2025-05-15 17:13:00,-4,0
2025-05-01 09:20:00,2025-05-01 14:23:00,AA,SFO,DFW,3345,11.35,12.23,0.76,0.0,21.04,0.2513,0.7761,94,SFO-DFW,303,9,0,0,0,0,0,0,11,2025-05-01 09:31:00,2025-05-01 14:31:00,8,0
2025-01-19 09:30:00,2025-01-19 10:41:00,B6,ATL,ORD,450,22.43,22.62,0.0,0.0,16.64,-0.1073,0.118,17,ATL-ORD,71,9,0,0,0,0,0,0,4,2025-01-19 09:34:00,2025-01-19 10:35:00,-6,0
2025-10-13 01:00:00,2025-10-13 04:51:00,DL,JFK,DFW,2450,13.92,16.39,0.27,2.76,12.64,0.4432,-0.1656,38,JFK-DFW,231,1,0,1,0,0,0,0,-4,2025-10-13 00:56:00,2025-10-13 04:45:00,-6,0
2025-02-22 11:20:00,2025-02-22 12:38:00,AA,ORD,LAX,533,0.93,1.87,0.67,0.0,15.3,0.3539,-0.3019,96,ORD-LAX,78,11,0,0,0,0,0,0,-4,2025-02-22 11:16:00,2025-02-22 12:29:00,-9,0
2025-05-18 12:20:00,2025-05-18 18:21:00,UA,DFW,DEN,4081,11.04,12.68,0.0,0.66,13.7,-0.8548,0.7624,30,DFW-DEN,361,12,0,0,0,0,0,0,6,2025-05-18 12:26:00,2025-05-18 18:32:00,11,0
2025-03-12 04:15:00,2025-03-12 09:03:00,B6,SEA,LAX,3160,12.01,7.26,6.3,6.27,12.7,-1.4273,-0.2987,55,SEA-LAX,288,4,0,1,0,0,0,0,5,2025-03-12 04:20:00,2025-03-12 08:58:00,-5,0
2025-02-28 18:15:00,2025-02-28 20:17:00,DL,ATL,ORD,1091,8.29,8.25,0.23,0.44,16.18,-1.3532,-0.1851,73,ATL-ORD,122,18,0,0,0,0,0,0,-8,2025-02-28 18:07:00,2025-02-28 20:11:00,-6,0
2025-05-17 19:20:00,2025-05-17 23:14:00,DL,ATL,SFO,2490,0.0,4.96,0.34,0.0,16.12,-0.9178,-0.8489,55,ATL-SFO,234,19,0,0,0,0,0,0,2,2025-05-17 19:22:00,2025-05-17 23:13:00,-1,0
2025-12-02 07:15:00,2025-12-02 08:51:00,WN,SEA,DFW,759,4.07,4.98,0.26,0.0,16.68,0.8054,0.699,68,SEA-DFW,96,7,0,0,0,0,0,0,1,2025-12-02 07:16:00,2025-12-02 08:38:00,-13,0
2025-12-11 21:50:00,2025-12-12 03:19:00,WN,BOS,JFK,3676,0.05,0.0,4.13,5.0,16.18,0.7218,-0.4033,46,BOS-JFK,329,21,0,1,0,0,0,0,4,2025-12-11 21:54:00,2025-12-12 03:09:00,-10,0
2025-05-20 02:30:00,2025-05-20 04:35:00,DL,DFW,JFK,1124,34.43,32.09,0.15,0.0,13.96,-0.4748,0.3334,95,DFW-JFK,125,2,0,1,0,0,0,0,5,2025-05-20 02:35:00,2025-05-20 04:39:00,4,0
2025-07-04 21:30:00,2025-07-05 01:53:00,AA,DEN,SEA,2850,10.3,6.73,0.0,1.48,17.69,-0.2956,-0.8222,13,DEN-SEA,263,21,1,1,0,0,1,0,16,2025-07-04 21:46:00,2025-07-05 02:13:00,20,1
2025-12-26 18:15:00,2025-12-26 19:40:00,WN,ORD,SFO,630,13.01,12.73,0.0,0.0,12.78,-1.3371,-0.3638,21,ORD-SFO,85,18,0,0,0,0,0,0,-3,2025-12-26 18:12:00,2025-12-26 19:36:00,-4,0
2025-03-27 05:50:00,2025-03-27 07:42:00,B6,ATL,LAX,963,4.51,2.24,0.0,0.0,15.43,-1.2727,-0.7158,40,ATL-LAX,112,5,0,0,0,0,0,0,-10,2025-03-27 05:40:00,2025-03-27 07:40:00,-2,0
2025-12-11 15:00:00,2025-12-11 21:28:00,DL,DFW,SEA,4416,0.23,3.19,0.0,0.0,17.06,0.4126,0.4993,56,DFW-SEA,388,15,0,0,0,0,0,0,-3,2025-12-11 14:57:00,2025-12-11 21:24:00,-4,0
2025-02-08 07:30:00,2025-02-08 10:39:00,UA,SFO,ATL,1920,10.0,8.66,0.39,1.6,12.26,-0.4333,0.4594,74,SFO-ATL,189,7,0,0,0,0,0,0,4,2025-02-08 07:34:00,2025-02-08 10:34:00,-5,0
2025-03-24 19:10:00,2025-03-24 20:50:00,UA,DFW,ORD,815,7.34,7.17,0.0,0.0,19.38,-0.337,0.4583,58,DFW-ORD,100,19,0,0,0,0,0,0,9,2025-03-24 19:19:00,2025-03-24 20:48:00,-2,0
2025-05-04 03:45:00,2025-05-04 08:39:00,UA,LAX,SEA,3239,12.71,13.77,27.49,26.36,5.24,0.6655,-0.564,41,LAX-SEA,294,3,0,1,1,1,0,0,37,2025-05-04 04:22:00,2025-05-04 09:36:00,57,1
2025-01-14 05:20:00,2025-01-14 07:26:00,UA,SFO,ORD,1143,9.37,6.62,0.0,0.98,16.15,0.44,0.2085,71,SFO-ORD,126,5,0,0,0,0,0,0,17,2025-01-14 05:37:00,2025-01-14 07:34:00,8,0
2025-10-25 07:15:00,2025-10-25 11:32:00,UA,LAX,DFW,2775,39.36,38.16,0.14,0.47,14.85,-0.2323,-0.805,36,LAX-DFW,257,7,0,0,0,0,0,0,2,2025-10-25 07:17:00,2025-10-25 11:25:00,-7,0
2025-11-09 04:00:00,2025-11-09 09:31:00,UA,ORD,SFO,3700,19.59,23.28,0.59,2.08,15.33,1.1884,-0.6469,96,ORD-SFO,331,4,0,1,0,0,0,0,0,2025-11-09 04:00:00,2025-11-09 09:34:00,3,0
2025-05-20 07:45:00,2025-05-20 12:34:00,B6,SFO,LAX,3170,24.82,26.06,31.82,32.67,0.7,-0.5342,0.9275,73,SFO-LAX,289,7,0,0,1,1,0,0,36,2025-05-20 08:21:00,2025-05-20 13:28:00,54,1
2025-11-02 14:20:00,2025-11-02 16:42:00,WN,LAX,SEA,1336,11.53,10.85,0.0,0.0,15.87,-0.9626,0.0172,91,LAX-SEA,142,14,0,0,0,0,0,0,-1,2025-11-02 14:19:00,2025-11-02 16:27:00,-15,0
2025-10-09 15:15:00,2025-10-09 17:34:00,AA,SEA,BOS,1295,11.57,10.23,0.73,1.94,16.87,-1.2652,0.2912,84,SEA-BOS,139,15,0,0,0,0,0,0,14,2025-10-09 15:29:00,2025-10-09 17:30:00,-4,0
2025-10-20 13:45:00,2025-10-20 15:59:00,DL,JFK,LAX,1233,22.66,22.92,0.0,0.0,13.69,1.1996,-0.8503,74,JFK-LAX,134,13,0,0,0,0,0,0,-1,2025-10-20 13:44:00,2025-10-20 15:58:00,-1,0
2025-10-20 04:00:00,2025-10-20 08:31:00,B6,SEA,DFW,2954,9.7,5.44,0.0,0.77,18.97,-0.6327,-0.5948,48,SEA-DFW,271,4,0,1,0,0,0,0,5,2025-10-20 04:05:00,2025-10-20 08:41:00,10,0
2025-07-29 04:20:00,2025-07-29 09:05:00,WN,LAX,SEA,3123,12.13,16.2,0.16,0.0,17.49,0.0138,0.827,38,LAX-SEA,285,4,0,1,0,0,0,0,-5,2025-07-29 04:15:00,2025-07-29 09:07:00,2,0
2025-02-10 22:10:00,2025-02-11 02:04:00,UA,DFW,SEA,2488,5.32,4.93,0.0,0.6,17.08,1.8734,-0.8574,53,DFW-SEA,234,22,0,1,0,0,0,0,11,2025-02-10 22:21:00,2025-02-11 02:09:00,5,0
2025-12-04 06:10:00,2025-12-04 09:23:00,B6,LAX,SEA,1974,15.14,15.4,0.17,1.96,14.78,-0.7938,0.0668,37,LAX-SEA,193,6,0,0,0,0,0,0,-1,2025-12-04 06:09:00,2025-12-04 09:36:00,13,0
2025-08-11 02:00:00,2025-08-11 03:20:00,UA,DFW,BOS,560,2.34,4.28,1.02,0.0,17.71,0.1144,0.6623,60,DFW-BOS,80,2,0,1,0,0,0,0,-5,2025-08-11 01:55:00,2025-08-11 03:27:00,7,0
2025-11-25 10:10:00,2025-11-25 15:50:00,DL,DFW,JFK,3809,6.91,3.62,0.21,0.92,15.02,0.1084,0.7596,67,DFW-JFK,340,10,0,0,0,0,0,0,-3,2025-11-25 10:07:00,2025-11-25 16:02:00,12,0
2025-12-17 00:50:00,2025-12-17 05:31:00,WN,DEN,ATL,3072,14.07,13.65,0.0,0.84,13.06,0.0474,-0.4668,36,DEN-ATL,281,0,0,1,0,0,0,0,-4,2025-12-17 00:46:00,2025-12-17 05:40:00,9,0
2025-03-10 08:20:00,2025-03-10 12:53:00,UA,JFK,SFO,2980,10.88,12.23,0.0,0.66,13.12,0.9177,-0.8419,37,JFK-SFO,273,8,0,0,0,0,0,0,2,2025-03-10 08:22:00,2025-03-10 12:47:00,-6,0
2025-05-27 20:50:00,2025-05-27 22:24:00,AA,DFW,DEN,735,15.94,13.75,12.09,10.47,10.78,0.3817,-0.489,60,DFW-DEN,94,20,0,1,1,0,0,0,26,2025-05-27 21:16:00,2025-05-27 23:03:00,39,1
2025-03-12 06:15:00,2025-03-12 08:51:00,DL,LAX,ORD,1510,5.79,4.48,0.0,0.0,18.43,0.1877,0.1795,74,LAX-ORD,156,6,0,0,0,0,0,0,-10,2025-03-12 06:05:00,2025-03-12 08:48:00,-3,0
2025-01-19 16:45:00,2025-01-19 19:26:00,B6,DFW,JFK,1575,12.28,9.99,0.0,0.0,18.86,1.6783,0.2505,10,DFW-JFK,161,16,0,0,0,0,0,0,0,2025-01-19 16:45:00,2025-01-19 19:24:00,-2,0
2025-12-19 11:00:00,2025-12-19 15:20:00,B6,JFK,SFO,2811,2.26,2.15,0.0,0.43,8.95,-1.4804,0.3005,93,JFK-SFO,260,11,0,0,0,0,0,0,6,2025-12-19 11:06:00,2025-12-19 15:26:00,6,0
2025-12-04 08:00:00,2025-12-04 13:23:00,WN,BOS,SEA,3606,11.0,7.04,0.0,0.0,13.95,-1.1864,-0.3423,95,BOS-SEA,323,8,0,0,0,0,0,0,0,2025-12-04 08:00:00,2025-12-04 13:19:00,-4,0
2025-12-07 15:00:00,2025-12-07 20:50:00,DL,DFW,ORD,3939,9.96,8.59,0.63,0.0,16.37,-0.0652,0.013,60,DFW-ORD,350,15,0,0,0,0,0,0,-10,2025-12-07 14:50:00,2025-12-07 20:43:00,-7,0
2025-11-19 14:50:00,2025-11-19 18:44:00,AA,DFW,LAX,2492,9.57,7.03,0.0,0.63,18.0,0.5231,-0.3767,67,DFW-LAX,234,14,0,0,0,0,0,0,6,2025-11-19 14:56:00,2025-11-19 18:43:00,-1,0
2025-08-25 07:40:00,2025-08-25 10:41:00,B6,SFO,BOS,1830,29.24,28.45,0.39,0.0,16.67,-0.0413,0.783,65,SFO-BOS,181,7,0,0,0,0,0,0,4,2025-08-25 07:44:00,2025-08-25 10:40:00,-1,0
2025-07-10 05:40:00,2025-07-10 08:56:00,UA,JFK,SFO,2014,11.43,10.71,0.45,0.0,15.99,-0.6589,-0.9719,84,JFK-SFO,196,5,0,0,0,0,0,0,0,2025-07-10 05:40:00,2025-07-10 08:55:00,-1,0
2025-12-28 22:50:00,2025-12-29 03:56:00,AA,ATL,LAX,3393,16.25,14.98,0.0,0.0,15.6,1.2646,-0.3488,68,ATL-LAX,306,22,0,1,0,0,0,0,12,2025-12-28 23:02:00,2025-12-29 04:01:00,5,0
2025-07-21 04:15:00,2025-07-21 07:01:00,B6,DEN,JFK,1635,10.56,11.11,0.0,0.26,17.26,0.8109,0.5192,76,DEN-JFK,166,4,0,1,0,0,0,0,11,2025-07-21 04:26:00,2025-07-21 07:06:00,5,0
2025-08-23 23:40:00,2025-08-24 02:59:00,B6,ORD,DFW,2046,11.3,9.79,0.4,0.0,16.35,-0.6006,0.9974,61,ORD-DFW,199,23,0,1,0,0,0,0,-10,2025-08-23 23:30:00,2025-08-24 02:46:00,-13,0
2025-03-19 11:30:00,2025-03-19 16:53:00,UA,BOS,DFW,3602,14.06,12.59,0.1,0.0,17.67,1.6404,-0.2602,33,BOS-DFW,323,11,0,0,0,0,0,0,11,2025-03-19 11:41:00,2025-03-19 17:00:00,7,0
2025-09-30 23:30:00,2025-10-01 03:31:00,B6,BOS,SFO,2580,10.05,9.74,10.01,9.51,11.11,-0.4161,-0.3417,51,BOS-SFO,241,23,0,1,0,0,0,0,-4,2025-09-30 23:26:00,2025-10-01 03:33:00,2,0
2025-10-27 08:40:00,2025-10-27 12:16:00,B6,DFW,DEN,2264,10.66,13.28,0.32,0.16,14.75,-0.271,0.4834,14,DFW-DEN,216,8,0,0,0,0,0,0,-5,2025-10-27 08:35:00,2025-10-27 12:21:00,5,0
2025-09-05 13:20:00,2025-09-05 18:25:00,AA,DFW,LAX,3381,8.68,9.93,15.87,14.11,12.46,-1.5299,0.722,80,DFW-LAX,305,13,0,0,1,0,0,0,19,2025-09-05 13:39:00,2025-09-05 18:50:00,25,1
2025-07-01 14:00:00,2025-07-01 16:36:00,UA,JFK,BOS,1512,9.57,6.19,0.0,0.0,15.32,0.2633,0.0653,28,JFK-BOS,156,14,0,0,0,0,0,0,-6,2025-07-01 13:54:00,2025-07-01 16:29:00,-7,0
