scheduled_departure,scheduled_arrival,carrier,origin,destination,distance_km,weather_wind1,weather_wind2,weather_rain1,weather_rain2,noise_1,noise_2,noise_3,route,scheduled_duration_min,departure_hour,is_holiday,is_late_night,high_precipitation,holiday_late_night,airport_limited_visibility,departure_delay_min,actual_departure,actual_arrival,arrival_delay_min,delayed_15_min
2025-02-02 04:15:00,2025-02-02 06:03:00,UA,ATL,SFO,918,4.76,5.09,0.56,0.0,0.4405,0.2071,83,ATL-SFO,108,4,1,1,0,1,0,24,2025-02-02 04:39:00,2025-02-02 06:45:00,42,1
2025-10-10 00:10:00,2025-10-10 03:11:00,AA,JFK,LAX,1826,26.43,26.82,0.84,0.0,1.8638,0.7937,27,JFK-LAX,181,0,0,1,0,0,0,-4,2025-10-10 00:06:00,2025-10-10 03:10:00,-1,0
2025-08-27 15:30:00,2025-08-27 19:18:00,B6,JFK,BOS,2409,2.8,0.83,13.91,12.32,1.1118,-0.6341,29,JFK-BOS,228,15,0,0,1,0,0,53,2025-08-27 16:23:00,2025-08-27 20:40:00,82,1
2025-06-10 16:40:00,2025-06-10 21:49:00,UA,LAX,ATL,3429,8.32,10.13,7.93,7.71,-2.0473,0.4829,45,LAX-ATL,309,16,0,0,0,0,0,11,2025-06-10 16:51:00,2025-06-10 21:58:00,9,0
2025-06-08 18:15:00,2025-06-08 21:35:00,UA,JFK,ATL,2059,10.97,10.21,1.91,2.69,1.5216,0.8938,72,JFK-ATL,200,18,1,0,0,0,0,13,2025-06-08 18:28:00,2025-06-08 22:05:00,30,1
2025-11-10 22:45:00,2025-11-11 04:32:00,UA,ATL,BOS,3903,27.03,27.09,0.63,0.0,0.1869,-0.3008,67,ATL-BOS,347,22,0,1,0,0,0,2,2025-11-10 22:47:00,2025-11-11 04:27:00,-5,0
2025-02-01 11:40:00,2025-02-01 15:21:00,B6,BOS,JFK,2323,3.13,5.55,8.92,8.6,0.6419,0.5565,62,BOS-JFK,221,11,0,0,0,0,0,-7,2025-02-01 11:33:00,2025-02-01 15:18:00,-3,0
2025-09-12 19:10:00,2025-09-12 22:04:00,WN,JFK,ATL,1732,22.06,25.11,0.45,0.0,0.5419,0.2279,7,JFK-ATL,174,19,0,0,0,0,0,5,2025-09-12 19:15:00,2025-09-12 22:07:00,3,0
2025-03-15 17:50:00,2025-03-15 20:42:00,UA,SFO,LAX,1715,8.0,8.63,0.73,0.12,-0.0987,-0.4477,91,SFO-LAX,172,17,0,0,0,0,1,37,2025-03-15 18:27:00,2025-03-15 21:47:00,65,1
2025-02-04 06:00:00,2025-02-04 11:28:00,UA,JFK,BOS,3661,6.93,8.19,0.72,0.0,-0.4045,-0.1904,10,JFK-BOS,328,6,0,0,0,0,0,16,2025-02-04 06:16:00,2025-02-04 11:32:00,4,0
2025-07-12 20:40:00,2025-07-13 01:22:00,DL,LAX,BOS,3092,11.87,14.33,1.17,0.0,0.7056,0.753,65,LAX-BOS,282,20,0,1,0,0,0,8,2025-07-12 20:48:00,2025-07-13 01:38:00,16,1
2025-12-23 01:20:00,2025-12-23 03:02:00,AA,LAX,ATL,832,23.02,23.02,4.0,3.78,-0.8322,-0.0383,82,LAX-ATL,102,1,0,1,0,0,0,1,2025-12-23 01:21:00,2025-12-23 02:58:00,-4,0
2025-09-26 14:40:00,2025-09-26 19:51:00,B6,BOS,ATL,3451,4.67,5.86,0.0,0.0,0.0283,-0.4136,72,BOS-ATL,311,14,0,0,0,0,0,-8,2025-09-26 14:32:00,2025-09-26 19:53:00,2,0
2025-10-05 22:45:00,2025-10-06 02:04:00,B6,SFO,BOS,2044,10.42,10.91,0.0,0.0,1.4018,0.993,92,SFO-BOS,199,22,1,1,0,1,1,47,2025-10-05 23:32:00,2025-10-06 03:11:00,67,1
2025-09-19 15:40:00,2025-09-19 18:36:00,DL,LAX,BOS,1765,9.89,11.99,5.86,5.63,-1.2195,-0.3964,11,LAX-BOS,176,15,0,0,0,0,0,7,2025-09-19 15:47:00,2025-09-19 18:27:00,-9,0
2025-10-14 22:40:00,2025-10-15 00:12:00,DL,SFO,ATL,709,9.91,9.95,0.38,0.29,-0.1989,-0.9157,17,SFO-ATL,92,22,0,1,0,0,0,11,2025-10-14 22:51:00,2025-10-15 00:38:00,26,1
2025-07-07 01:45:00,2025-07-07 08:19:00,B6,LAX,BOS,4492,15.13,18.31,2.8,3.44,1.1681,-0.6014,19,LAX-BOS,394,1,0,1,0,0,0,0,2025-07-07 01:45:00,2025-07-07 08:20:00,1,0
2025-02-16 12:40:00,2025-02-16 13:57:00,DL,LAX,ATL,520,8.27,5.23,2.79,3.21,-0.8181,0.9328,91,LAX-ATL,77,12,1,0,0,0,0,-6,2025-02-16 12:34:00,2025-02-16 13:59:00,2,0
2025-11-03 18:45:00,2025-11-04 01:19:00,WN,ATL,JFK,4485,5.52,6.53,0.1,1.11,-1.9081,-0.3781,96,ATL-JFK,394,18,0,0,0,0,0,4,2025-11-03 18:49:00,2025-11-04 01:28:00,9,0
2025-06-14 15:20:00,2025-06-14 16:41:00,B6,JFK,BOS,571,3.87,4.47,0.7,1.23,-1.9819,0.7219,85,JFK-BOS,81,15,0,0,0,0,0,6,2025-06-14 15:26:00,2025-06-14 16:38:00,-3,0
2025-07-02 21:10:00,2025-07-03 00:59:00,B6,ATL,JFK,2422,13.38,13.63,0.4,0.0,-0.4702,0.7439,66,ATL-JFK,229,21,0,1,0,0,0,14,2025-07-02 21:24:00,2025-07-03 00:52:00,-7,0
2025-05-16 11:10:00,2025-05-16 12:44:00,WN,LAX,BOS,739,8.92,9.56,12.43,14.72,1.6842,-0.9568,14,LAX-BOS,94,11,0,0,1,0,0,24,2025-05-16 11:34:00,2025-05-16 13:13:00,29,1
2025-03-08 16:30:00,2025-03-08 20:15:00,AA,LAX,ATL,2369,24.18,23.47,0.0,0.76,-0.7627,0.4687,42,LAX-ATL,225,16,0,0,0,0,0,-5,2025-03-08 16:25:00,2025-03-08 20:21:00,6,0
2025-12-05 10:30:00,2025-12-05 16:10:00,B6,JFK,SFO,3810,3.1,6.19,0.0,0.0,-0.288,0.0868,14,JFK-SFO,340,10,0,0,0,0,0,-1,2025-12-05 10:29:00,2025-12-05 16:03:00,-7,0
2025-10-13 20:00:00,2025-10-14 00:17:00,AA,BOS,ATL,2778,28.79,30.36,0.03,0.0,0.0531,0.2494,10,BOS-ATL,257,20,0,1,0,0,0,12,2025-10-13 20:12:00,2025-10-14 00:27:00,10,0
2025-08-24 02:10:00,2025-08-24 06:12:00,DL,ATL,SFO,2583,17.46,17.26,21.36,21.48,1.1061,-0.1258,49,ATL-SFO,242,2,1,1,1,1,0,19,2025-08-24 02:29:00,2025-08-24 07:15:00,63,1
2025-05-27 06:50:00,2025-05-27 08:29:00,AA,LAX,ATL,799,11.85,14.3,0.0,0.88,0.857,-0.7491,76,LAX-ATL,99,6,0,0,0,0,0,18,2025-05-27 07:08:00,2025-05-27 08:54:00,25,1
2025-10-28 02:40:00,2025-10-28 08:57:00,AA,LAX,ATL,4279,5.64,7.81,0.0,0.0,-0.1534,-0.7229,78,LAX-ATL,377,2,0,1,0,0,0,1,2025-10-28 02:41:00,2025-10-28 08:46:00,-11,0
2025-07-19 16:45:00,2025-07-19 19:50:00,AA,JFK,BOS,1876,7.95,8.11,16.43,16.05,0.5995,-0.948,62,JFK-BOS,185,16,0,0,1,0,0,57,2025-07-19 17:42:00,2025-07-19 20:54:00,64,1
2025-06-11 05:10:00,2025-06-11 09:10:00,UA,LAX,SFO,2559,8.61,8.28,0.0,0.79,1.061,-0.4771,49,LAX-SFO,240,5,0,0,0,0,1,13,2025-06-11 05:23:00,2025-06-11 09:30:00,20,1
2025-06-14 07:00:00,2025-06-14 13:01:00,AA,LAX,SFO,4070,20.25,22.41,0.3,0.0,-1.6455,0.3107,97,LAX-SFO,361,7,0,0,0,0,0,10,2025-06-14 07:10:00,2025-06-14 12:59:00,-2,0
2025-03-24 20:15:00,2025-03-25 00:45:00,DL,JFK,ATL,2940,5.42,0.36,0.76,0.3,-0.3768,-0.4374,82,JFK-ATL,270,20,0,1,0,0,0,1,2025-03-24 20:16:00,2025-03-25 00:49:00,4,0
2025-02-03 08:45:00,2025-02-03 13:51:00,AA,ATL,SFO,3386,9.53,8.67,11.51,12.43,-1.2007,-0.2408,77,ATL-SFO,306,8,0,0,0,0,0,6,2025-02-03 08:51:00,2025-02-03 13:53:00,2,0
2025-07-22 03:30:00,2025-07-22 05:31:00,WN,SFO,LAX,1074,6.0,10.7,15.65,14.35,-0.7266,0.1773,13,SFO-LAX,121,3,0,1,1,0,0,45,2025-07-22 04:15:00,2025-07-22 06:37:00,66,1
2025-11-21 00:45:00,2025-11-21 04:19:00,WN,JFK,ATL,2232,4.71,8.5,0.55,1.78,0.6501,0.2702,6,JFK-ATL,214,0,0,1,0,0,0,41,2025-11-21 01:26:00,2025-11-21 05:03:00,44,1
2025-01-24 05:20:00,2025-01-24 09:21:00,DL,LAX,JFK,2570,4.82,6.64,14.67,14.82,-1.2003,0.7216,24,LAX-JFK,241,5,0,0,1,0,0,15,2025-01-24 05:35:00,2025-01-24 09:29:00,8,0
2025-11-10 21:20:00,2025-11-10 23:18:00,B6,SFO,JFK,1038,0.0,1.22,3.9,2.22,2.3094,-0.2792,89,SFO-JFK,118,21,0,1,0,0,0,13,2025-11-10 21:33:00,2025-11-10 23:43:00,25,1
2025-10-30 13:30:00,2025-10-30 16:38:00,AA,BOS,JFK,1918,9.36,11.27,0.75,0.05,0.659,0.458,72,BOS-JFK,188,13,0,0,0,0,0,0,2025-10-30 13:30:00,2025-10-30 16:55:00,17,1
2025-04-12 23:50:00,2025-04-13 05:28:00,AA,LAX,JFK,3792,12.98,12.45,4.85,2.84,-0.5846,-0.3096,25,LAX-JFK,338,23,0,1,0,0,0,6,2025-04-12 23:56:00,2025-04-13 05:28:00,0,0
2025-08-19 05:20:00,2025-08-19 11:32:00,UA,ATL,LAX,4212,8.22,7.24,0.0,0.36,-0.1315,0.4211,50,ATL-LAX,372,5,0,0,0,0,0,12,2025-08-19 05:32:00,2025-08-19 11:32:00,0,0
2025-03-02 08:30:00,2025-03-02 14:06:00,B6,SFO,LAX,3758,3.26,4.04,0.92,0.86,-1.2882,0.8632,0,SFO-LAX,336,8,1,0,0,0,1,18,2025-03-02 08:48:00,2025-03-02 14:50:00,44,1
2025-10-04 03:50:00,2025-10-04 10:03:00,DL,ATL,BOS,4222,10.25,11.17,0.0,2.7,-1.4745,-0.328,40,ATL-BOS,373,3,0,1,0,0,0,12,2025-10-04 04:02:00,2025-10-04 09:50:00,-13,0
2025-09-13 09:15:00,2025-09-13 15:49:00,B6,JFK,SFO,4493,20.97,21.75,9.86,10.15,-0.3854,-0.0095,55,JFK-SFO,394,9,0,0,0,0,0,-6,2025-09-13 09:09:00,2025-09-13 15:41:00,-8,0
2025-05-10 13:45:00,2025-05-10 15:51:00,DL,BOS,LAX,1133,6.98,3.12,15.67,14.65,1.3085,-0.503,83,BOS-LAX,126,13,0,0,1,0,0,52,2025-05-10 14:37:00,2025-05-10 16:56:00,65,1
2025-01-25 19:30:00,2025-01-26 01:16:00,WN,ATL,SFO,3893,12.19,7.87,0.0,0.21,-1.4069,0.0452,67,ATL-SFO,346,19,0,0,0,0,0,0,2025-01-25 19:30:00,2025-01-26 01:08:00,-8,0
2025-12-21 08:50:00,2025-12-21 13:17:00,DL,JFK,BOS,2904,11.43,13.12,0.0,1.44,1.233,0.0351,13,JFK-BOS,267,8,1,0,0,0,0,10,2025-12-21 09:00:00,2025-12-21 13:18:00,1,0
2025-06-12 18:20:00,2025-06-13 00:08:00,UA,SFO,ATL,3907,1.12,0.49,0.0,0.5,-0.1857,0.6242,5,SFO-ATL,348,18,0,0,0,0,1,23,2025-06-12 18:43:00,2025-06-13 00:39:00,31,1
2025-11-22 15:40:00,2025-11-22 20:13:00,DL,ATL,SFO,2980,8.16,8.37,0.0,0.83,0.2387,0.5629,40,ATL-SFO,273,15,0,0,0,0,1,25,2025-11-22 16:05:00,2025-11-22 20:39:00,26,1
2025-09-05 07:15:00,2025-09-05 08:56:00,DL,BOS,JFK,824,6.87,6.95,2.96,3.58,0.073,-0.1713,94,BOS-JFK,101,7,0,0,0,0,0,18,2025-09-05 07:33:00,2025-09-05 09:28:00,32,1
2025-10-12 21:40:00,2025-10-13 01:48:00,UA,ATL,BOS,2662,7.54,8.2,7.99,9.87,0.7745,-0.6564,90,ATL-BOS,248,21,1,1,0,1,0,-10,2025-10-12 21:30:00,2025-10-13 01:43:00,-5,0
2025-10-05 10:15:00,2025-10-05 15:29:00,DL,ATL,LAX,3493,22.81,18.63,0.0,0.0,1.0977,-0.4935,0,ATL-LAX,314,10,1,0,0,0,0,9,2025-10-05 10:24:00,2025-10-05 15:31:00,2,0
2025-03-13 03:30:00,2025-03-13 05:11:00,UA,BOS,ATL,822,2.43,3.93,15.45,15.23,-0.2146,0.0041,91,BOS-ATL,101,3,0,1,1,0,0,27,2025-03-13 03:57:00,2025-03-13 05:40:00,29,1
2025-05-13 23:45:00,2025-05-14 03:33:00,UA,JFK,ATL,2418,19.23,19.86,0.0,0.0,0.5098,0.9399,2,JFK-ATL,228,23,0,1,0,0,0,-3,2025-05-13 23:42:00,2025-05-14 03:32:00,-1,0
2025-06-20 21:20:00,2025-06-21 01:59:00,UA,LAX,SFO,3046,14.63,14.25,23.56,22.12,1.3008,0.3579,36,LAX-SFO,279,21,0,1,1,0,1,39,2025-06-20 21:59:00,2025-06-21 02:54:00,55,1
2025-07-01 01:20:00,2025-07-01 04:55:00,AA,LAX,ATL,2249,30.27,31.04,0.0,0.0,0.8141,-0.4648,1,LAX-ATL,215,1,0,1,0,0,0,16,2025-07-01 01:36:00,2025-07-01 05:25:00,30,1
2025-01-16 21:15:00,2025-01-17 02:42:00,UA,LAX,ATL,3656,3.36,2.47,0.49,1.86,-0.4132,0.9848,42,LAX-ATL,327,21,0,1,0,0,0,-10,2025-01-16 21:05:00,2025-01-17 02:35:00,-7,0
2025-07-19 22:40:00,2025-07-20 00:22:00,WN,LAX,SFO,833,0.22,2.31,0.24,0.0,-0.1951,0.6711,73,LAX-SFO,102,22,0,1,0,0,0,3,2025-07-19 22:43:00,2025-07-20 00:17:00,-5,0
2025-02-26 19:30:00,2025-02-26 22:25:00,AA,BOS,SFO,1749,40.41,41.17,3.21,4.82,-0.9865,-0.1144,7,BOS-SFO,175,19,0,0,0,0,1,40,2025-02-26 20:10:00,2025-02-26 23:20:00,55,1
2025-09-29 06:30:00,2025-09-29 12:49:00,DL,SFO,BOS,4295,3.27,1.05,0.84,0.0,1.8177,0.3682,98,SFO-BOS,379,6,0,0,0,0,0,-3,2025-09-29 06:27:00,2025-09-29 12:48:00,-1,0
2025-09-07 15:00:00,2025-09-07 18:52:00,AA,ATL,LAX,2461,5.05,5.58,0.17,0.19,0.3065,-0.7697,21,ATL-LAX,232,15,1,0,0,0,0,9,2025-09-07 15:09:00,2025-09-07 18:39:00,-13,0
2025-12-03 12:00:00,2025-12-03 14:00:00,DL,LAX,JFK,1060,5.12,5.94,0.0,0.07,-1.4034,0.966,82,LAX-JFK,120,12,0,0,0,0,0,-6,2025-12-03 11:54:00,2025-12-03 13:49:00,-11,0
2025-09-29 14:00:00,2025-09-29 15:38:00,B6,ATL,JFK,788,14.16,13.5,0.0,0.0,-0.8398,-0.6777,1,ATL-JFK,98,14,0,0,0,0,0,10,2025-09-29 14:10:00,2025-09-29 15:40:00,2,0
2025-05-14 14:45:00,2025-05-14 19:03:00,AA,LAX,BOS,2791,8.13,7.43,0.0,0.6,-0.1536,0.7052,20,LAX-BOS,258,14,0,0,0,0,0,-8,2025-05-14 14:37:00,2025-05-14 18:56:00,-7,0
2025-12-20 15:45:00,2025-12-20 21:57:00,DL,ATL,LAX,4208,4.86,9.61,0.15,0.0,1.3421,-0.0468,53,ATL-LAX,372,15,0,0,0,0,0,10,2025-12-20 15:55:00,2025-12-20 22:08:00,11,0
2025-05-30 12:00:00,2025-05-30 13:15:00,AA,BOS,SFO,506,28.0,24.72,14.56,13.4,-0.191,0.4969,7,BOS-SFO,75,12,0,0,1,0,0,10,2025-05-30 12:10:00,2025-05-30 13:29:00,14,0
2025-04-29 16:00:00,2025-04-29 17:36:00,B6,BOS,LAX,760,0.72,2.02,12.34,12.51,0.604,-0.3416,98,BOS-LAX,96,16,0,0,1,0,0,16,2025-04-29 16:16:00,2025-04-29 17:50:00,14,0
2025-11-27 12:45:00,2025-11-27 15:50:00,UA,LAX,SFO,1875,18.92,19.66,0.0,0.81,-0.7146,0.0177,81,LAX-SFO,185,12,1,0,0,0,1,21,2025-11-27 13:06:00,2025-11-27 16:18:00,28,1
2025-05-16 00:30:00,2025-05-16 02:39:00,AA,ATL,SFO,1175,10.73,8.34,0.1,0.0,0.6444,0.1919,14,ATL-SFO,129,0,0,1,0,0,0,5,2025-05-16 00:35:00,2025-05-16 02:42:00,3,0
2025-01-28 00:15:00,2025-01-28 01:55:00,DL,BOS,LAX,808,4.45,5.04,0.84,0.09,1.3012,-0.1744,30,BOS-LAX,100,0,0,1,0,0,0,0,2025-01-28 00:15:00,2025-01-28 01:51:00,-4,0
2025-06-21 22:30:00,2025-06-22 01:09:00,WN,BOS,SFO,1553,8.98,5.17,0.76,0.4,0.7897,-0.0684,95,BOS-SFO,159,22,0,1,0,0,1,38,2025-06-21 23:08:00,2025-06-22 02:02:00,53,1
2025-10-18 21:10:00,2025-10-19 01:45:00,WN,LAX,JFK,2999,6.41,7.34,3.46,3.14,-2.457,0.9515,75,LAX-JFK,275,21,0,1,0,0,0,-7,2025-10-18 21:03:00,2025-10-19 01:48:00,3,0
2025-03-11 14:10:00,2025-03-11 19:46:00,WN,SFO,JFK,3768,3.96,6.4,1.41,0.2,-0.1526,-0.093,40,SFO-JFK,336,14,0,0,0,0,0,-10,2025-03-11 14:00:00,2025-03-11 19:44:00,-2,0
2025-06-18 04:15:00,2025-06-18 06:57:00,UA,LAX,BOS,1586,16.77,15.73,9.54,7.49,-1.0577,-0.6789,28,LAX-BOS,162,4,0,1,0,0,0,14,2025-06-18 04:29:00,2025-06-18 06:52:00,-5,0
2025-02-17 18:50:00,2025-02-17 23:44:00,UA,JFK,SFO,3242,7.46,12.17,9.16,8.48,0.6712,-0.027,5,JFK-SFO,294,18,1,0,0,0,1,14,2025-02-17 19:04:00,2025-02-18 00:24:00,40,1
2025-09-08 03:45:00,2025-09-08 09:21:00,B6,BOS,SFO,3757,14.66,13.8,0.06,0.0,0.0702,0.8104,96,BOS-SFO,336,3,0,1,0,0,1,48,2025-09-08 04:33:00,2025-09-08 10:16:00,55,1
2025-06-23 09:10:00,2025-06-23 10:11:00,DL,SFO,LAX,329,6.99,8.27,0.0,0.0,1.7117,-0.4947,16,SFO-LAX,61,9,0,0,0,0,0,-5,2025-06-23 09:05:00,2025-06-23 10:06:00,-5,0
2025-05-01 07:30:00,2025-05-01 13:15:00,B6,ATL,LAX,3881,10.99,11.59,0.79,0.0,-0.3324,-0.3894,7,ATL-LAX,345,7,0,0,0,0,0,11,2025-05-01 07:41:00,2025-05-01 13:10:00,-5,0
2025-03-24 00:50:00,2025-03-24 02:51:00,B6,ATL,JFK,1070,13.35,10.85,1.88,2.05,0.0728,-0.4612,45,ATL-JFK,121,0,0,1,0,0,0,10,2025-03-24 01:00:00,2025-03-24 02:48:00,-3,0
2025-07-26 19:50:00,2025-07-27 00:39:00,B6,BOS,SFO,3177,9.37,11.94,0.3,2.96,-0.1232,-0.2561,48,BOS-SFO,289,19,0,0,0,0,1,38,2025-07-26 20:28:00,2025-07-27 01:39:00,60,1
2025-09-02 12:45:00,2025-09-02 17:56:00,WN,BOS,JFK,3450,20.46,18.85,0.0,0.98,0.7187,-0.0551,20,BOS-JFK,311,12,0,0,0,0,0,-1,2025-09-02 12:44:00,2025-09-02 17:49:00,-7,0
2025-12-10 07:10:00,2025-12-10 12:53:00,DL,JFK,SFO,3850,22.25,23.69,0.24,0.78,-0.9716,-0.3307,23,JFK-SFO,343,7,0,0,0,0,1,35,2025-12-10 07:45:00,2025-12-10 13:54:00,61,1
2025-06-09 12:10:00,2025-06-09 15:25:00,WN,SFO,ATL,1996,16.12,14.29,23.82,23.22,-1.0001,-0.6271,66,SFO-ATL,195,12,0,0,1,0,0,28,2025-06-09 12:38:00,2025-06-09 16:08:00,43,1
2025-02-28 00:10:00,2025-02-28 04:51:00,UA,LAX,BOS,3069,19.48,18.11,4.34,4.04,-0.5633,-0.3206,53,LAX-BOS,281,0,0,1,0,0,0,11,2025-02-28 00:21:00,2025-02-28 05:04:00,13,0
2025-10-31 10:10:00,2025-10-31 11:18:00,B6,BOS,JFK,410,15.22,14.14,0.0,2.57,0.5848,-0.1698,23,BOS-JFK,68,10,0,0,0,0,0,20,2025-10-31 10:30:00,2025-10-31 11:25:00,7,0
2025-08-18 12:10:00,2025-08-18 15:39:00,B6,BOS,SFO,2177,5.41,4.88,0.75,0.0,1.0391,-0.021,39,BOS-SFO,209,12,0,0,0,0,1,-5,2025-08-18 12:05:00,2025-08-18 15:51:00,12,0
2025-09-13 08:15:00,2025-09-13 14:38:00,AA,LAX,BOS,4348,9.85,5.6,0.48,0.25,-0.093,0.3108,77,LAX-BOS,383,8,0,0,0,0,0,-1,2025-09-13 08:14:00,2025-09-13 14:37:00,-1,0
2025-02-05 19:30:00,2025-02-05 21:22:00,WN,BOS,LAX,965,3.96,2.1,1.17,3.99,0.5915,0.4779,99,BOS-LAX,112,19,0,0,0,0,0,25,2025-02-05 19:55:00,2025-02-05 21:52:00,30,1
2025-04-25 05:20:00,2025-04-25 07:10:00,WN,SFO,LAX,935,4.29,4.14,0.0,0.0,0.508,0.6518,20,SFO-LAX,110,5,0,0,0,0,0,-9,2025-04-25 05:11:00,2025-04-25 07:02:00,-8,0
2025-10-08 03:20:00,2025-10-08 08:14:00,WN,JFK,ATL,3240,5.21,2.34,0.0,0.15,-0.0575,-0.4981,19,JFK-ATL,294,3,0,1,0,0,0,8,2025-10-08 03:28:00,2025-10-08 08:12:00,-2,0
2025-10-31 12:10:00,2025-10-31 16:00:00,B6,JFK,BOS,2443,6.42,6.58,0.14,0.0,-0.0813,0.2305,58,JFK-BOS,230,12,0,0,0,0,0,9,2025-10-31 12:19:00,2025-10-31 15:55:00,-5,0
2025-06-08 21:10:00,2025-06-09 00:42:00,AA,SFO,LAX,2210,14.14,12.03,0.0,0.0,0.7625,-0.6322,38,SFO-LAX,212,21,1,1,0,1,1,71,2025-06-08 22:21:00,2025-06-09 02:22:00,100,1
2025-10-21 09:50:00,2025-10-21 12:12:00,B6,BOS,JFK,1342,6.95,5.88,9.24,9.12,1.9156,0.24,52,BOS-JFK,142,9,0,0,0,0,0,-3,2025-10-21 09:47:00,2025-10-21 12:06:00,-6,0
2025-11-04 01:30:00,2025-11-04 03:27:00,AA,JFK,LAX,1019,16.75,21.76,0.0,0.0,0.988,0.8381,49,JFK-LAX,117,1,0,1,0,0,0,6,2025-11-04 01:36:00,2025-11-04 03:23:00,-4,0
2025-05-22 23:10:00,2025-05-23 04:17:00,AA,JFK,LAX,3397,5.49,6.12,0.69,0.78,1.2029,0.7424,80,JFK-LAX,307,23,0,1,0,0,0,-1,2025-05-22 23:09:00,2025-05-23 04:10:00,-7,0
2025-11-24 10:45:00,2025-11-24 13:44:00,WN,BOS,SFO,1802,13.56,18.28,0.0,0.43,2.0391,0.2162,4,BOS-SFO,179,10,0,0,0,0,1,31,2025-11-24 11:16:00,2025-11-24 14:35:00,51,1
2025-04-16 04:45:00,2025-04-16 10:05:00,B6,ATL,JFK,3562,4.6,3.37,0.0,0.9,-0.6981,-0.4468,60,ATL-JFK,320,4,0,1,0,0,0,14,2025-04-16 04:59:00,2025-04-16 10:18:00,13,0
2025-03-29 14:50:00,2025-03-29 18:18:00,B6,BOS,SFO,2162,22.33,21.02,4.13,4.37,0.7014,-0.7221,98,BOS-SFO,208,14,0,0,0,0,0,-3,2025-03-29 14:47:00,2025-03-29 18:11:00,-7,0
2025-09-07 07:10:00,2025-09-07 10:22:00,AA,ATL,SFO,1968,5.45,2.28,9.04,9.16,1.4563,-0.1082,51,ATL-SFO,192,7,1,0,0,0,1,26,2025-09-07 07:36:00,2025-09-07 10:52:00,30,1
2025-08-21 22:40:00,2025-08-22 00:56:00,B6,LAX,ATL,1266,12.71,12.19,0.0,1.03,0.9392,-0.2027,16,LAX-ATL,136,22,0,1,0,0,0,7,2025-08-21 22:47:00,2025-08-22 00:47:00,-9,0
2025-02-21 07:50:00,2025-02-21 12:30:00,WN,ATL,LAX,3065,5.67,4.42,0.0,0.0,-0.5991,0.3495,90,ATL-LAX,280,7,0,0,0,0,0,12,2025-02-21 08:02:00,2025-02-21 12:37:00,7,0
2025-10-31 13:45:00,2025-10-31 16:20:00,UA,BOS,JFK,1495,26.18,30.28,6.54,5.77,-0.7968,-0.7873,15,BOS-JFK,155,13,0,0,0,0,0,-5,2025-10-31 13:40:00,2025-10-31 16:17:00,-3,0
2025-03-14 13:10:00,2025-03-14 19:14:00,WN,SFO,ATL,4118,25.47,23.35,0.39,0.58,1.633,-0.9078,88,SFO-ATL,364,13,0,0,0,0,0,17,2025-03-14 13:27:00,2025-03-14 19:34:00,20,1
2025-10-21 05:50:00,2025-10-21 09:06:00,DL,JFK,LAX,2014,13.44,12.06,2.49,3.88,0.4157,0.4512,60,JFK-LAX,196,5,0,0,0,0,0,-2,2025-10-21 05:48:00,2025-10-21 09:00:00,-6,0
2025-01-03 11:20:00,2025-01-03 16:53:00,UA,LAX,ATL,3722,12.74,9.82,1.5,1.45,0.3056,0.2036,88,LAX-ATL,333,11,0,0,0,0,0,19,2025-01-03 11:39:00,2025-01-03 16:59:00,6,0
2025-10-18 02:20:00,2025-10-18 05:57:00,DL,LAX,BOS,2273,14.71,16.68,0.0,0.92,0.0195,-0.2919,8,LAX-BOS,217,2,0,1,0,0,0,-9,2025-10-18 02:11:00,2025-10-18 05:53:00,-4,0
2025-10-15 15:30:00,2025-10-15 18:48:00,DL,BOS,LAX,2042,13.1,12.43,0.0,0.0,1.5101,0.489,23,BOS-LAX,198,15,0,0,0,0,0,14,2025-10-15 15:44:00,2025-10-15 19:08:00,20,1
2025-10-12 18:45:00,2025-10-12 22:16:00,WN,LAX,SFO,2203,17.79,18.75,10.37,11.04,0.9741,-0.1132,82,LAX-SFO,211,18,1,0,0,0,0,0,2025-10-12 18:45:00,2025-10-12 22:15:00,-1,0
2025-08-31 22:00:00,2025-09-01 01:27:00,DL,BOS,JFK,2154,5.38,1.26,0.45,0.0,-0.186,0.5834,71,BOS-JFK,207,22,1,1,0,1,0,22,2025-08-31 22:22:00,2025-09-01 02:00:00,33,1
2025-06-22 07:30:00,2025-06-22 11:10:00,WN,LAX,SFO,2311,10.36,9.24,0.0,0.0,0.9114,0.6751,63,LAX-SFO,220,7,1,0,0,0,1,50,2025-06-22 08:20:00,2025-06-22 12:40:00,90,1
2025-09-15 06:45:00,2025-09-15 12:42:00,DL,LAX,SFO,4024,4.86,2.6,0.03,1.42,0.1782,0.4931,64,LAX-SFO,357,6,0,0,0,0,0,-5,2025-09-15 06:40:00,2025-09-15 12:41:00,-1,0
2025-04-12 13:30:00,2025-04-12 18:25:00,B6,SFO,JFK,3252,24.09,23.45,0.0,0.83,0.8718,0.8663,96,SFO-JFK,295,13,0,0,0,0,0,-7,2025-04-12 13:23:00,2025-04-12 18:29:00,4,0
2025-10-12 16:15:00,2025-10-12 17:26:00,AA,SFO,ATL,444,1.76,2.8,0.0,0.0,1.3562,-0.856,84,SFO-ATL,71,16,1,0,0,0,0,-10,2025-10-12 16:05:00,2025-10-12 17:18:00,-8,0
2025-07-22 23:00:00,2025-07-23 00:19:00,DL,ATL,LAX,544,25.23,26.02,2.92,1.57,1.2364,-0.7464,23,ATL-LAX,79,23,0,1,0,0,0,9,2025-07-22 23:09:00,2025-07-23 00:37:00,18,1
2025-06-17 00:30:00,2025-06-17 01:37:00,DL,BOS,ATL,395,9.67,8.71,0.0,0.6,-1.7257,0.5827,63,BOS-ATL,67,0,0,1,0,0,0,16,2025-06-17 00:46:00,2025-06-17 01:35:00,-2,0
2025-07-04 05:40:00,2025-07-04 10:31:00,UA,JFK,SFO,3201,19.13,19.02,4.85,3.6,0.5137,0.4583,65,JFK-SFO,291,5,1,0,0,0,1,34,2025-07-04 06:14:00,2025-07-04 11:14:00,43,1
2025-07-27 06:30:00,2025-07-27 08:38:00,UA,BOS,ATL,1164,6.42,9.99,7.21,7.88,1.4781,-0.1477,19,BOS-ATL,128,6,1,0,0,0,0,1,2025-07-27 06:31:00,2025-07-27 08:47:00,9,0
2025-01-14 06:50:00,2025-01-14 09:58:00,AA,LAX,SFO,1918,5.53,3.62,5.32,4.84,-0.7188,0.0654,27,LAX-SFO,188,6,0,0,0,0,0,-1,2025-01-14 06:49:00,2025-01-14 09:48:00,-10,0
2025-02-21 11:30:00,2025-02-21 17:07:00,UA,SFO,LAX,3776,23.46,22.21,21.5,20.91,1.9892,-0.5924,28,SFO-LAX,337,11,0,0,1,0,0,40,2025-02-21 12:10:00,2025-02-21 18:21:00,74,1
2025-03-31 20:30:00,2025-03-31 22:13:00,UA,BOS,JFK,853,13.27,13.34,0.12,0.0,0.6207,-0.3184,72,BOS-JFK,103,20,0,1,0,0,0,-10,2025-03-31 20:20:00,2025-03-31 22:08:00,-5,0
2025-02-11 00:00:00,2025-02-11 01:50:00,UA,SFO,BOS,943,2.27,2.96,0.25,0.0,0.9585,-0.8447,48,SFO-BOS,110,0,0,1,0,0,0,9,2025-02-11 00:09:00,2025-02-11 02:03:00,13,0
2025-06-10 19:30:00,2025-06-10 20:56:00,UA,SFO,LAX,633,8.23,10.19,4.81,4.45,0.9576,-0.9315,50,SFO-LAX,86,19,0,0,0,0,0,-1,2025-06-10 19:29:00,2025-06-10 20:52:00,-4,0
2025-09-01 14:10:00,2025-09-01 16:45:00,WN,SFO,JFK,1498,6.66,8.69,0.5,1.05,-1.3445,0.3176,55,SFO-JFK,155,14,1,0,0,0,0,-1,2025-09-01 14:09:00,2025-09-01 16:42:00,-3,0
2025-08-27 14:40:00,2025-08-27 16:09:00,WN,ATL,BOS,676,10.91,10.24,0.73,0.0,0.9954,0.1855,13,ATL-BOS,89,14,0,0,0,0,0,-3,2025-08-27 14:37:00,2025-08-27 16:07:00,-2,0
2025-06-21 16:10:00,2025-06-21 20:40:00,AA,BOS,JFK,2942,2.76,6.15,1.84,2.34,0.4932,0.4014,42,BOS-JFK,270,16,0,0,0,0,0,-3,2025-06-21 16:07:00,2025-06-21 20:40:00,0,0
2025-11-09 02:50:00,2025-11-09 07:57:00,WN,ATL,SFO,3394,3.6,5.13,0.22,0.0,-0.448,-0.2292,36,ATL-SFO,307,2,1,1,0,1,1,53,2025-11-09 03:43:00,2025-11-09 09:13:00,76,1
2025-07-26 17:15:00,2025-07-26 19:16:00,B6,ATL,SFO,1073,9.41,12.91,4.06,3.44,1.6235,0.6103,86,ATL-SFO,121,17,0,0,0,0,0,-8,2025-07-26 17:07:00,2025-07-26 19:15:00,-1,0
2025-01-29 05:20:00,2025-01-29 09:15:00,UA,ATL,JFK,2502,3.85,3.62,6.65,6.32,-1.8948,-0.2466,8,ATL-JFK,235,5,0,0,0,0,0,1,2025-01-29 05:21:00,2025-01-29 09:02:00,-13,0
2025-10-07 12:10:00,2025-10-07 14:51:00,DL,JFK,ATL,1573,24.68,24.66,0.0,0.0,-0.6125,-0.384,85,JFK-ATL,161,12,0,0,0,0,0,-10,2025-10-07 12:00:00,2025-10-07 14:46:00,-5,0
2025-07-29 16:10:00,2025-07-29 17:36:00,UA,ATL,BOS,637,14.27,14.27,0.37,0.76,1.4534,0.1964,92,ATL-BOS,86,16,0,0,0,0,0,19,2025-07-29 16:29:00,2025-07-29 17:44:00,8,0
2025-08-20 14:50:00,2025-08-20 18:26:00,AA,BOS,JFK,2261,16.08,15.88,6.09,4.22,1.009,0.0914,74,BOS-JFK,216,14,0,0,0,0,0,11,2025-08-20 15:01:00,2025-08-20 18:35:00,9,0
2025-07-26 07:15:00,2025-07-26 12:08:00,UA,SFO,LAX,3228,2.51,2.08,7.08,6.58,-0.5376,0.4448,95,SFO-LAX,293,7,0,0,0,0,0,1,2025-07-26 07:16:00,2025-07-26 12:16:00,8,0
2025-07-22 09:30:00,2025-07-22 11:46:00,AA,SFO,ATL,1258,7.7,5.41,0.0,0.65,-0.7121,-0.0836,44,SFO-ATL,136,9,0,0,0,0,0,8,2025-07-22 09:38:00,2025-07-22 12:02:00,16,1
2025-02-03 11:50:00,2025-02-03 17:14:00,DL,SFO,ATL,3610,8.22,8.13,0.0,0.0,-0.1619,0.8953,17,SFO-ATL,324,11,0,0,0,0,1,39,2025-02-03 12:29:00,2025-02-03 18:05:00,51,1
2025-07-24 00:30:00,2025-07-24 07:02:00,B6,ATL,BOS,4468,3.85,4.2,0.43,0.0,0.3917,-0.0204,76,ATL-BOS,392,0,0,1,0,0,0,7,2025-07-24 00:37:00,2025-07-24 06:55:00,-7,0
2025-10-18 17:00:00,2025-10-18 18:18:00,B6,LAX,BOS,536,13.18,13.23,0.0,0.46,-0.3435,-0.9674,12,LAX-BOS,78,17,0,0,0,0,0,3,2025-10-18 17:03:00,2025-10-18 18:29:00,11,0
2025-04-21 02:15:00,2025-04-21 04:09:00,UA,LAX,SFO,986,12.65,15.13,0.0,0.0,0.0139,0.1559,85,LAX-SFO,114,2,0,1,0,0,0,-4,2025-04-21 02:11:00,2025-04-21 04:03:00,-6,0
2025-08-09 11:20:00,2025-08-09 13:56:00,B6,ATL,LAX,1515,17.69,15.15,0.0,1.42,0.1927,0.5239,57,ATL-LAX,156,11,0,0,0,0,0,-4,2025-08-09 11:16:00,2025-08-09 13:36:00,-20,0
2025-01-12 15:15:00,2025-01-12 21:00:00,DL,SFO,BOS,3869,18.96,18.83,15.94,14.24,-0.2222,-0.0007,60,SFO-BOS,345,15,1,0,1,0,0,57,2025-01-12 16:12:00,2025-01-12 22:20:00,80,1
2025-05-07 01:10:00,2025-05-07 02:57:00,DL,JFK,BOS,896,17.86,15.5,1.13,0.0,-0.3277,-0.3856,53,JFK-BOS,107,1,0,1,0,0,0,-1,2025-05-07 01:09:00,2025-05-07 02:59:00,2,0
2025-06-09 23:30:00,2025-06-10 03:07:00,B6,SFO,ATL,2274,43.8,43.95,1.7,3.69,-1.0495,0.1008,60,SFO-ATL,217,23,0,1,0,0,1,56,2025-06-10 00:26:00,2025-06-10 04:27:00,80,1
2025-12-25 09:20:00,2025-12-25 13:20:00,WN,ATL,LAX,2557,9.29,8.41,0.61,1.98,0.1008,0.3507,87,ATL-LAX,240,9,1,0,0,0,0,3,2025-12-25 09:23:00,2025-12-25 13:18:00,-2,0
2025-03-20 00:15:00,2025-03-20 01:57:00,UA,LAX,JFK,842,8.41,9.74,4.38,4.49,0.081,0.2527,23,LAX-JFK,102,0,0,1,0,0,0,-2,2025-03-20 00:13:00,2025-03-20 01:59:00,2,0
2025-04-11 15:20:00,2025-04-11 16:33:00,DL,ATL,JFK,476,13.55,11.64,7.59,8.96,-0.8097,-0.185,48,ATL-JFK,73,15,0,0,0,0,0,-1,2025-04-11 15:19:00,2025-04-11 16:46:00,13,0
2025-05-30 13:15:00,2025-05-30 14:54:00,WN,SFO,JFK,797,20.25,21.52,0.36,0.78,0.4093,-0.2364,35,SFO-JFK,99,13,0,0,0,0,0,7,2025-05-30 13:22:00,2025-05-30 14:45:00,-9,0
2025-12-29 15:10:00,2025-12-29 16:28:00,B6,LAX,JFK,536,3.55,0.0,0.0,0.0,1.3045,0.6211,17,LAX-JFK,78,15,0,0,0,0,0,1,2025-12-29 15:11:00,2025-12-29 16:17:00,-11,0
2025-11-08 18:20:00,2025-11-08 22:07:00,DL,ATL,BOS,2401,2.49,6.08,1.17,0.47,0.1905,-0.4768,68,ATL-BOS,227,18,0,0,0,0,0,1,2025-11-08 18:21:00,2025-11-08 21:58:00,-9,0
2025-01-13 11:50:00,2025-01-13 18:04:00,WN,BOS,JFK,4233,6.63,5.71,0.38,0.0,0.5564,-0.2306,48,BOS-JFK,374,11,0,0,0,0,0,0,2025-01-13 11:50:00,2025-01-13 17:56:00,-8,0
2025-03-27 19:30:00,2025-03-27 22:28:00,DL,BOS,SFO,1784,9.28,10.58,0.74,0.0,1.1141,0.3246,90,BOS-SFO,178,19,0,0,0,0,1,30,2025-03-27 20:00:00,2025-03-27 23:28:00,60,1
2025-10-27 08:30:00,2025-10-27 10:55:00,DL,ATL,JFK,1378,4.04,5.5,4.6,5.28,0.0919,-0.1708,22,ATL-JFK,145,8,0,0,0,0,0,-1,2025-10-27 08:29:00,2025-10-27 10:58:00,3,0
2025-01-22 13:50:00,2025-01-22 16:08:00,DL,ATL,JFK,1285,17.53,17.18,0.35,0.56,1.0189,-0.2062,68,ATL-JFK,138,13,0,0,0,0,0,2,2025-01-22 13:52:00,2025-01-22 16:03:00,-5,0
2025-11-09 03:30:00,2025-11-09 09:59:00,B6,SFO,LAX,4421,10.86,10.17,13.33,11.49,-2.1769,-0.7504,75,SFO-LAX,389,3,1,1,1,1,1,37,2025-11-09 04:07:00,2025-11-09 11:02:00,63,1
2025-04-13 14:10:00,2025-04-13 20:31:00,DL,SFO,LAX,4327,8.74,8.93,0.0,0.0,-0.5818,0.0278,34,SFO-LAX,381,14,1,0,0,0,0,3,2025-04-13 14:13:00,2025-04-13 20:27:00,-4,0
2025-12-01 06:20:00,2025-12-01 10:57:00,UA,JFK,BOS,3023,13.79,13.81,5.24,4.67,-0.9758,0.9781,65,JFK-BOS,277,6,0,0,0,0,0,-1,2025-12-01 06:19:00,2025-12-01 10:49:00,-8,0
2025-04-18 16:20:00,2025-04-18 19:55:00,B6,SFO,JFK,2246,2.7,2.16,0.0,0.0,1.5361,0.7118,78,SFO-JFK,215,16,0,0,0,0,0,-10,2025-04-18 16:10:00,2025-04-18 19:47:00,-8,0
2025-06-08 19:20:00,2025-06-08 21:13:00,UA,LAX,JFK,971,10.4,10.82,5.59,5.44,0.7576,0.568,26,LAX-JFK,113,19,1,0,0,0,0,-6,2025-06-08 19:14:00,2025-06-08 21:23:00,10,0
2025-08-30 20:10:00,2025-08-31 02:21:00,AA,ATL,LAX,4201,5.1,7.73,0.16,0.74,-1.0833,-0.0301,48,ATL-LAX,371,20,0,1,0,0,0,7,2025-08-30 20:17:00,2025-08-31 02:28:00,7,0
2025-02-16 22:00:00,2025-02-16 22:59:00,B6,LAX,ATL,305,17.59,17.21,0.0,0.0,-0.8505,0.6453,40,LAX-ATL,59,22,1,1,0,1,0,25,2025-02-16 22:25:00,2025-02-16 23:46:00,47,1
2025-07-23 02:15:00,2025-07-23 04:09:00,AA,ATL,LAX,988,2.23,0.89,14.28,13.36,-1.246,0.8255,35,ATL-LAX,114,2,0,1,1,0,0,15,2025-07-23 02:30:00,2025-07-23 04:35:00,26,1
2025-07-04 03:50:00,2025-07-04 08:37:00,B6,SFO,LAX,3150,14.07,14.14,0.47,1.72,0.4525,-0.564,47,SFO-LAX,287,3,1,1,0,1,1,26,2025-07-04 04:16:00,2025-07-04 09:26:00,49,1
2025-10-14 22:40:00,2025-10-15 00:41:00,DL,BOS,LAX,1070,2.2,5.15,11.71,12.53,0.3189,-0.0069,35,BOS-LAX,121,22,0,1,0,0,0,11,2025-10-14 22:51:00,2025-10-15 00:47:00,6,0
2025-12-30 09:45:00,2025-12-30 11:20:00,WN,ATL,BOS,754,19.77,20.76,0.0,0.9,-0.2976,0.7134,99,ATL-BOS,95,9,0,0,0,0,0,-9,2025-12-30 09:36:00,2025-12-30 11:08:00,-12,0
2025-08-31 00:10:00,2025-08-31 04:29:00,WN,BOS,JFK,2803,4.21,1.94,0.66,0.61,-0.7518,0.6436,79,BOS-JFK,259,0,1,1,0,1,0,14,2025-08-31 00:24:00,2025-08-31 04:40:00,11,0
2025-05-30 06:20:00,2025-05-30 07:28:00,DL,LAX,SFO,410,9.28,11.32,14.25,14.81,0.0936,0.7669,34,LAX-SFO,68,6,0,0,1,0,0,3,2025-05-30 06:23:00,2025-05-30 07:48:00,20,1
2025-05-29 20:30:00,2025-05-29 23:00:00,DL,SFO,BOS,1433,17.95,18.0,0.0,0.44,2.7017,0.9162,85,SFO-BOS,150,20,0,1,0,0,0,5,2025-05-29 20:35:00,2025-05-29 23:02:00,2,0
2025-06-02 08:20:00,2025-06-02 12:55:00,AA,JFK,LAX,2999,10.26,8.46,0.0,0.47,-0.259,-0.4257,39,JFK-LAX,275,8,0,0,0,0,0,-1,2025-06-02 08:19:00,2025-06-02 12:50:00,-5,0
2025-10-25 01:20:00,2025-10-25 03:21:00,DL,ATL,SFO,1076,13.9,13.96,0.0,0.13,1.2683,0.1706,32,ATL-SFO,121,1,0,1,0,0,0,1,2025-10-25 01:21:00,2025-10-25 03:18:00,-3,0
2025-04-28 17:15:00,2025-04-28 22:29:00,AA,SFO,ATL,3489,2.47,3.3,0.0,0.0,-0.175,-0.6814,62,SFO-ATL,314,17,0,0,0,0,1,44,2025-04-28 17:59:00,2025-04-28 23:33:00,64,1
2025-03-02 04:00:00,2025-03-02 05:31:00,AA,LAX,SFO,697,4.2,3.48,0.82,0.89,1.093,0.0508,20,LAX-SFO,91,4,1,1,0,1,0,18,2025-03-02 04:18:00,2025-03-02 06:00:00,29,1
2025-05-03 08:45:00,2025-05-03 13:10:00,UA,JFK,ATL,2875,11.17,13.85,6.46,5.18,0.7265,-0.8535,13,JFK-ATL,265,8,0,0,0,0,0,13,2025-05-03 08:58:00,2025-05-03 13:22:00,12,0
2025-01-09 00:50:00,2025-01-09 02:15:00,B6,JFK,LAX,620,10.5,5.84,16.35,15.94,0.0902,-0.1609,53,JFK-LAX,85,0,0,1,1,0,0,2,2025-01-09 00:52:00,2025-01-09 02:23:00,8,0
2025-02-08 14:00:00,2025-02-08 19:05:00,DL,SFO,JFK,3373,4.85,5.47,1.34,0.37,0.7619,0.0414,21,SFO-JFK,305,14,0,0,0,0,0,-8,2025-02-08 13:52:00,2025-02-08 19:01:00,-4,0
2025-02-02 10:20:00,2025-02-02 15:32:00,WN,BOS,SFO,3463,3.09,6.06,0.14,0.45,1.3212,0.3924,84,BOS-SFO,312,10,1,0,0,0,0,-2,2025-02-02 10:18:00,2025-02-02 15:34:00,2,0
2025-10-09 20:30:00,2025-10-10 01:56:00,DL,ATL,JFK,3638,9.74,7.53,3.16,1.37,0.1901,-0.5704,36,ATL-JFK,326,20,0,1,0,0,0,-3,2025-10-09 20:27:00,2025-10-10 01:43:00,-13,0
2025-09-21 08:45:00,2025-09-21 11:19:00,WN,ATL,LAX,1485,6.69,4.67,17.55,18.15,-0.0586,0.7551,10,ATL-LAX,154,8,1,0,1,0,0,17,2025-09-21 09:02:00,2025-09-21 11:43:00,24,1
2025-09-12 04:50:00,2025-09-12 07:08:00,UA,LAX,SFO,1292,29.92,32.47,0.0,0.0,0.7876,-0.9449,50,LAX-SFO,138,4,0,1,0,0,0,-8,2025-09-12 04:42:00,2025-09-12 06:53:00,-15,0
2025-06-18 03:20:00,2025-06-18 09:48:00,WN,SFO,JFK,4409,18.43,18.88,0.0,0.18,1.7532,0.2293,48,SFO-JFK,388,3,0,1,0,0,1,58,2025-06-18 04:18:00,2025-06-18 11:07:00,79,1
2025-09-19 04:40:00,2025-09-19 09:44:00,WN,LAX,ATL,3363,15.8,16.95,3.46,4.33,-1.2682,0.8251,19,LAX-ATL,304,4,0,1,0,0,0,9,2025-09-19 04:49:00,2025-09-19 09:31:00,-13,0
2025-02-28 10:50:00,2025-02-28 12:51:00,B6,LAX,ATL,1069,25.26,25.35,1.81,1.8,-1.145,0.7312,0,LAX-ATL,121,10,0,0,0,0,0,-2,2025-02-28 10:48:00,2025-02-28 12:38:00,-13,0
2025-11-25 02:45:00,2025-11-25 03:54:00,UA,BOS,ATL,422,6.57,6.34,0.0,0.58,1.5369,0.0485,18,BOS-ATL,69,2,0,1,0,0,0,5,2025-11-25 02:50:00,2025-11-25 03:56:00,2,0
2025-07-02 09:15:00,2025-07-02 12:13:00,DL,JFK,BOS,1788,7.51,7.31,0.0,0.86,-0.4192,-0.7138,59,JFK-BOS,178,9,0,0,0,0,0,15,2025-07-02 09:30:00,2025-07-02 12:06:00,-7,0
2025-12-09 20:45:00,2025-12-10 01:27:00,AA,ATL,LAX,3093,19.92,19.4,0.68,0.0,1.3668,-0.8047,47,ATL-LAX,282,20,0,1,0,0,0,1,2025-12-09 20:46:00,2025-12-10 01:13:00,-14,0
2025-02-25 18:20:00,2025-02-25 21:25:00,WN,BOS,LAX,1874,11.81,10.41,10.88,11.95,-0.5515,0.4236,25,BOS-LAX,185,18,0,0,0,0,0,-3,2025-02-25 18:17:00,2025-02-25 21:34:00,9,0
2025-07-01 15:00:00,2025-07-01 20:30:00,DL,LAX,JFK,3692,10.43,8.85,6.44,5.23,-0.3464,-0.7505,51,LAX-JFK,330,15,0,0,0,0,0,-2,2025-07-01 14:58:00,2025-07-01 20:28:00,-2,0
2025-09-12 21:45:00,2025-09-13 01:32:00,AA,SFO,ATL,2400,2.8,2.68,16.76,17.35,1.1621,-0.8806,37,SFO-ATL,227,21,0,1,1,0,0,21,2025-09-12 22:06:00,2025-09-13 02:12:00,40,1
2025-06-30 18:45:00,2025-07-01 01:17:00,UA,SFO,ATL,4463,20.37,19.32,0.0,0.0,0.856,-0.1037,35,SFO-ATL,392,18,0,0,0,0,1,18,2025-06-30 19:03:00,2025-07-01 01:43:00,26,1
2025-06-12 15:15:00,2025-06-12 21:06:00,B6,SFO,ATL,3956,15.05,11.23,20.04,18.0,-1.0121,-0.6301,32,SFO-ATL,351,15,0,0,1,0,0,15,2025-06-12 15:30:00,2025-06-12 21:16:00,10,0
2025-03-02 20:20:00,2025-03-02 23:57:00,DL,ATL,JFK,2279,8.48,8.64,0.79,0.75,0.7189,0.6141,47,ATL-JFK,217,20,1,1,0,1,0,18,2025-03-02 20:38:00,2025-03-03 00:44:00,47,1
2025-05-20 02:15:00,2025-05-20 07:54:00,UA,SFO,LAX,3806,5.87,2.17,0.25,1.68,-0.546,0.0839,49,SFO-LAX,339,2,0,1,0,0,0,11,2025-05-20 02:26:00,2025-05-20 07:57:00,3,0
2025-03-29 19:00:00,2025-03-29 22:30:00,UA,BOS,ATL,2182,21.66,21.91,1.23,1.06,0.558,0.7102,14,BOS-ATL,210,19,0,0,0,0,0,2,2025-03-29 19:02:00,2025-03-29 22:15:00,-15,0
2025-04-21 07:50:00,2025-04-21 08:52:00,WN,LAX,SFO,341,7.53,6.5,15.21,15.12,0.1833,-0.2211,68,LAX-SFO,62,7,0,0,1,0,0,33,2025-04-21 08:23:00,2025-04-21 09:35:00,43,1
2025-09-07 17:00:00,2025-09-07 19:42:00,B6,SFO,BOS,1593,3.34,1.37,0.56,0.0,-0.0487,0.8438,33,SFO-BOS,162,17,1,0,0,0,1,17,2025-09-07 17:17:00,2025-09-07 20:04:00,22,1
2025-08-19 21:30:00,2025-08-20 00:46:00,UA,SFO,LAX,2018,20.15,19.98,0.2,0.0,-0.4944,0.9545,9,SFO-LAX,196,21,0,1,0,0,1,24,2025-08-19 21:54:00,2025-08-20 01:30:00,44,1
2025-08-10 11:00:00,2025-08-10 17:27:00,UA,LAX,ATL,4401,21.54,21.67,0.0,0.13,-1.5481,0.1046,20,LAX-ATL,387,11,1,0,0,0,0,18,2025-08-10 11:18:00,2025-08-10 17:49:00,22,1
2025-05-13 02:40:00,2025-05-13 08:17:00,UA,BOS,ATL,3777,4.83,6.79,0.0,0.0,-0.5081,-0.6259,65,BOS-ATL,337,2,0,1,0,0,0,7,2025-05-13 02:47:00,2025-05-13 08:16:00,-1,0
2025-12-17 08:50:00,2025-12-17 10:38:00,WN,JFK,SFO,915,32.37,33.94,6.39,3.94,0.8175,-0.8931,55,JFK-SFO,108,8,0,0,0,0,0,9,2025-12-17 08:59:00,2025-12-17 10:31:00,-7,0
2025-02-01 09:40:00,2025-02-01 10:39:00,WN,LAX,SFO,300,6.11,6.97,0.74,1.29,0.5793,0.8365,27,LAX-SFO,59,9,0,0,0,0,0,8,2025-02-01 09:48:00,2025-02-01 10:28:00,-11,0
2025-05-06 22:30:00,2025-05-07 02:27:00,DL,JFK,SFO,2520,8.21,5.94,0.62,1.31,-0.7096,0.0182,52,JFK-SFO,237,22,0,1,0,0,1,27,2025-05-06 22:57:00,2025-05-07 03:14:00,47,1
2025-02-13 22:45:00,2025-02-14 02:43:00,DL,JFK,ATL,2541,12.41,14.0,0.0,1.88,1.23,-0.5964,75,JFK-ATL,238,22,0,1,0,0,0,9,2025-02-13 22:54:00,2025-02-14 02:38:00,-5,0
2025-05-04 13:50:00,2025-05-04 18:56:00,WN,JFK,BOS,3388,2.15,3.57,3.16,1.01,0.4921,-0.2505,66,JFK-BOS,306,13,1,0,0,0,0,7,2025-05-04 13:57:00,2025-05-04 18:56:00,0,0
2025-12-18 22:45:00,2025-12-19 01:11:00,UA,JFK,BOS,1389,1.95,2.8,2.89,2.34,0.7485,0.8617,10,JFK-BOS,146,22,0,1,0,0,0,24,2025-12-18 23:09:00,2025-12-19 01:38:00,27,1
2025-05-14 10:10:00,2025-05-14 15:42:00,WN,ATL,JFK,3711,12.73,11.87,3.79,2.85,-0.9043,0.9217,68,ATL-JFK,332,10,0,0,0,0,0,9,2025-05-14 10:19:00,2025-05-14 16:09:00,27,1
2025-11-28 09:30:00,2025-11-28 12:48:00,AA,SFO,BOS,2033,10.09,11.77,0.85,0.0,1.9405,-0.5876,79,SFO-BOS,198,9,0,0,0,0,0,3,2025-11-28 09:33:00,2025-11-28 12:59:00,11,0
2025-06-30 20:45:00,2025-06-30 23:36:00,B6,ATL,LAX,1705,16.86,18.23,12.2,11.11,0.6187,0.0106,23,ATL-LAX,171,20,0,1,1,0,0,30,2025-06-30 21:15:00,2025-07-01 00:20:00,44,1
2025-09-13 16:15:00,2025-09-13 19:35:00,B6,SFO,LAX,2065,3.24,4.33,9.48,8.05,1.6776,0.6123,69,SFO-LAX,200,16,0,0,0,0,1,28,2025-09-13 16:43:00,2025-09-13 20:09:00,34,1
2025-06-16 12:40:00,2025-06-16 18:56:00,B6,ATL,JFK,4266,30.58,32.61,0.0,0.0,-0.4877,0.4447,49,ATL-JFK,376,12,0,0,0,0,0,-9,2025-06-16 12:31:00,2025-06-16 18:57:00,1,0
2025-04-08 10:00:00,2025-04-08 13:11:00,AA,JFK,SFO,1945,6.31,7.22,0.34,2.03,-1.6856,0.3112,9,JFK-SFO,191,10,0,0,0,0,1,22,2025-04-08 10:22:00,2025-04-08 13:57:00,46,1
2025-10-06 16:50:00,2025-10-06 20:57:00,UA,JFK,SFO,2654,7.37,8.52,9.13,6.63,-0.8003,0.6571,89,JFK-SFO,247,16,0,0,0,0,1,21,2025-10-06 17:11:00,2025-10-06 21:28:00,31,1
2025-12-20 18:30:00,2025-12-21 00:29:00,WN,JFK,SFO,4046,5.02,5.27,0.33,0.0,1.1865,0.6295,88,JFK-SFO,359,18,0,0,0,0,1,10,2025-12-20 18:40:00,2025-12-21 00:56:00,27,1
2025-04-07 11:40:00,2025-04-07 12:45:00,DL,JFK,SFO,376,1.42,3.47,6.46,5.86,-0.9842,0.2097,82,JFK-SFO,65,11,0,0,0,0,0,-3,2025-04-07 11:37:00,2025-04-07 12:44:00,-1,0
2025-10-12 00:45:00,2025-10-12 04:44:00,B6,SFO,LAX,2553,9.56,6.76,0.88,0.19,1.6381,-0.0178,7,SFO-LAX,239,0,1,1,0,1,1,32,2025-10-12 01:17:00,2025-10-12 05:35:00,51,1
2025-04-06 02:10:00,2025-04-06 07:07:00,AA,ATL,BOS,3275,16.14,14.4,2.06,2.26,-0.5779,0.6372,89,ATL-BOS,297,2,1,1,0,1,0,-1,2025-04-06 02:09:00,2025-04-06 07:27:00,20,1
2025-09-19 03:20:00,2025-09-19 09:23:00,WN,SFO,BOS,4095,10.14,9.02,0.0,0.41,0.5346,0.5275,13,SFO-BOS,363,3,0,1,0,0,1,37,2025-09-19 03:57:00,2025-09-19 10:18:00,55,1
2025-10-15 11:45:00,2025-10-15 13:05:00,UA,LAX,SFO,558,2.77,6.88,3.65,3.27,0.3814,-0.6079,44,LAX-SFO,80,11,0,0,0,0,0,-1,2025-10-15 11:44:00,2025-10-15 12:59:00,-6,0
2025-06-14 14:10:00,2025-06-14 19:13:00,UA,LAX,BOS,3352,18.5,15.07,0.0,0.09,-0.1634,0.0095,18,LAX-BOS,303,14,0,0,0,0,0,-10,2025-06-14 14:00:00,2025-06-14 19:15:00,2,0
2025-09-26 19:45:00,2025-09-27 01:14:00,WN,ATL,JFK,3670,17.34,18.31,6.68,6.64,-0.1573,0.1839,52,ATL-JFK,329,19,0,0,0,0,0,-4,2025-09-26 19:41:00,2025-09-27 01:03:00,-11,0
2025-04-10 05:15:00,2025-04-10 08:12:00,UA,ATL,SFO,1774,11.72,7.8,13.24,13.3,-0.8388,0.9312,19,ATL-SFO,177,5,0,0,1,0,0,37,2025-04-10 05:52:00,2025-04-10 09:01:00,49,1
2025-01-29 18:30:00,2025-01-29 23:40:00,AA,BOS,JFK,3433,13.9,12.17,0.22,1.78,2.1056,-0.0441,45,BOS-JFK,310,18,0,0,0,0,0,-3,2025-01-29 18:27:00,2025-01-29 23:31:00,-9,0
2025-02-05 15:30:00,2025-02-05 19:15:00,UA,BOS,SFO,2372,19.83,17.85,2.07,0.0,0.6636,-0.453,91,BOS-SFO,225,15,0,0,0,0,0,4,2025-02-05 15:34:00,2025-02-05 19:21:00,6,0
2025-06-13 01:40:00,2025-06-13 06:20:00,B6,LAX,BOS,3063,15.86,14.76,0.0,0.85,-1.4788,-0.6169,64,LAX-BOS,280,1,0,1,0,0,0,4,2025-06-13 01:44:00,2025-06-13 06:24:00,4,0
2025-11-26 08:45:00,2025-11-26 11:55:00,AA,SFO,BOS,1937,12.37,14.24,0.16,0.16,-1.2113,0.8636,40,SFO-BOS,190,8,0,0,0,0,0,-10,2025-11-26 08:35:00,2025-11-26 11:47:00,-8,0
2025-02-16 07:15:00,2025-02-16 09:14:00,AA,JFK,BOS,1044,13.89,16.53,11.25,12.09,0.6762,0.0991,29,JFK-BOS,119,7,1,0,0,0,0,10,2025-02-16 07:25:00,2025-02-16 09:04:00,-10,0
2025-06-16 21:10:00,2025-06-17 02:47:00,WN,LAX,BOS,3780,11.9,16.32,0.04,0.38,0.1341,-0.4972,16,LAX-BOS,337,21,0,1,0,0,0,10,2025-06-16 21:20:00,2025-06-17 02:58:00,11,0
2025-09-14 22:20:00,2025-09-15 00:32:00,AA,ATL,JFK,1209,8.54,9.56,0.26,0.74,-1.671,-0.1568,92,ATL-JFK,132,22,1,1,0,1,0,18,2025-09-14 22:38:00,2025-09-15 00:55:00,23,1
2025-03-15 19:30:00,2025-03-15 21:32:00,B6,LAX,BOS,1087,4.36,2.86,1.06,0.85,2.6835,-0.9407,54,LAX-BOS,122,19,0,0,0,0,0,10,2025-03-15 19:40:00,2025-03-15 21:40:00,8,0
2025-09-21 12:45:00,2025-09-21 18:42:00,UA,ATL,SFO,4021,6.35,2.68,8.54,9.55,-2.6443,-0.9928,94,ATL-SFO,357,12,1,0,0,0,0,3,2025-09-21 12:48:00,2025-09-21 18:48:00,6,0
2025-04-22 11:45:00,2025-04-22 17:59:00,WN,LAX,BOS,4232,12.58,12.17,0.01,0.14,-0.3189,-0.3145,74,LAX-BOS,374,11,0,0,0,0,0,15,2025-04-22 12:00:00,2025-04-22 18:23:00,24,1
2025-10-23 07:15:00,2025-10-23 11:39:00,WN,BOS,JFK,2859,5.71,7.86,2.83,3.44,0.1623,0.4152,10,BOS-JFK,264,7,0,0,0,0,0,16,2025-10-23 07:31:00,2025-10-23 11:38:00,-1,0
2025-07-31 18:50:00,2025-07-31 23:04:00,B6,JFK,SFO,2737,10.8,14.21,4.81,3.78,-0.5386,0.4658,97,JFK-SFO,254,18,0,0,0,0,1,44,2025-07-31 19:34:00,2025-08-01 00:28:00,84,1
2025-07-19 02:00:00,2025-07-19 05:00:00,B6,BOS,JFK,1815,3.8,4.63,0.0,0.0,0.9966,-0.9902,75,BOS-JFK,180,2,0,1,0,0,0,4,2025-07-19 02:04:00,2025-07-19 04:44:00,-16,0
2025-03-06 06:00:00,2025-03-06 10:25:00,B6,JFK,ATL,2869,6.86,4.13,13.29,12.71,0.6561,0.3666,59,JFK-ATL,265,6,0,0,1,0,0,14,2025-03-06 06:14:00,2025-03-06 10:58:00,33,1
2025-06-19 03:00:00,2025-06-19 07:24:00,WN,SFO,ATL,2858,9.89,7.11,4.85,5.24,0.2851,0.5175,56,SFO-ATL,264,3,0,1,0,0,0,10,2025-06-19 03:10:00,2025-06-19 07:21:00,-3,0
2025-11-09 11:50:00,2025-11-09 15:43:00,DL,SFO,JFK,2470,2.91,4.45,29.62,29.53,0.0715,-0.5368,11,SFO-JFK,233,11,1,0,1,0,1,47,2025-11-09 12:37:00,2025-11-09 16:54:00,71,1
2025-01-08 07:10:00,2025-01-08 11:49:00,DL,BOS,LAX,3051,5.27,3.31,0.0,0.0,0.6805,-0.6939,58,BOS-LAX,279,7,0,0,0,0,0,0,2025-01-08 07:10:00,2025-01-08 12:04:00,15,1
2025-10-04 04:30:00,2025-10-04 08:35:00,DL,BOS,SFO,2628,5.93,8.22,0.47,0.0,-0.0662,0.4122,12,BOS-SFO,245,4,0,1,0,0,1,41,2025-10-04 05:11:00,2025-10-04 09:32:00,57,1
2025-06-29 09:45:00,2025-06-29 15:39:00,B6,JFK,ATL,3992,12.4,11.42,1.38,0.75,-1.368,0.1352,69,JFK-ATL,354,9,1,0,0,0,0,14,2025-06-29 09:59:00,2025-06-29 15:49:00,10,0
2025-09-20 20:45:00,2025-09-21 01:28:00,UA,LAX,JFK,3104,6.43,6.62,0.01,0.0,1.1109,-0.2065,92,LAX-JFK,283,20,0,1,0,0,0,5,2025-09-20 20:50:00,2025-09-21 01:32:00,4,0
2025-08-31 13:50:00,2025-08-31 16:58:00,AA,ATL,BOS,1917,10.56,9.12,0.0,0.06,1.8935,0.1574,46,ATL-BOS,188,13,1,0,0,0,0,14,2025-08-31 14:04:00,2025-08-31 17:10:00,12,0
2025-06-07 19:00:00,2025-06-07 23:39:00,AA,LAX,JFK,3051,12.05,8.65,5.28,5.86,0.2279,0.6206,76,LAX-JFK,279,19,0,0,0,0,0,10,2025-06-07 19:10:00,2025-06-07 23:29:00,-10,0
2025-04-23 21:20:00,2025-04-23 23:36:00,UA,SFO,JFK,1266,6.24,8.35,5.15,4.92,0.2486,-0.8138,53,SFO-JFK,136,21,0,1,0,0,0,5,2025-04-23 21:25:00,2025-04-23 23:36:00,0,0
2025-08-17 21:30:00,2025-08-17 23:41:00,AA,SFO,BOS,1199,5.8,4.3,0.18,0.38,0.108,0.0248,14,SFO-BOS,131,21,1,1,0,1,0,24,2025-08-17 21:54:00,2025-08-18 00:22:00,41,1
2025-02-21 08:40:00,2025-02-21 14:17:00,WN,JFK,ATL,3772,10.88,12.7,0.0,0.0,-1.1741,-0.4468,46,JFK-ATL,337,8,0,0,0,0,0,15,2025-02-21 08:55:00,2025-02-21 14:26:00,9,0
2025-08-02 21:30:00,2025-08-03 01:45:00,AA,BOS,ATL,2746,20.92,20.45,5.56,6.09,-0.3995,-0.4308,79,BOS-ATL,255,21,0,1,0,0,0,3,2025-08-02 21:33:00,2025-08-03 01:40:00,-5,0
2025-02-04 21:30:00,2025-02-04 22:47:00,WN,BOS,JFK,525,7.31,7.01,0.0,0.0,0.9406,0.5465,96,BOS-JFK,77,21,0,1,0,0,0,-3,2025-02-04 21:27:00,2025-02-04 22:39:00,-8,0
2025-08-26 23:15:00,2025-08-27 02:13:00,UA,LAX,BOS,1789,31.04,30.11,0.43,0.0,0.399,0.2991,9,LAX-BOS,178,23,0,1,0,0,0,3,2025-08-26 23:18:00,2025-08-27 02:08:00,-5,0
2025-08-18 08:00:00,2025-08-18 14:30:00,WN,JFK,BOS,4433,10.81,12.95,0.0,0.0,1.8618,0.7753,60,JFK-BOS,390,8,0,0,0,0,0,3,2025-08-18 08:03:00,2025-08-18 14:26:00,-4,0
2025-01-31 05:20:00,2025-01-31 09:53:00,UA,ATL,SFO,2975,18.56,16.01,18.7,19.82,0.893,-0.2676,37,ATL-SFO,273,5,0,0,1,0,1,60,2025-01-31 06:20:00,2025-01-31 11:24:00,91,1
2025-10-04 14:15:00,2025-10-04 20:06:00,DL,LAX,ATL,3948,10.99,12.38,0.0,0.05,-0.2606,0.0103,17,LAX-ATL,351,14,0,0,0,0,0,-9,2025-10-04 14:06:00,2025-10-04 19:57:00,-9,0
2025-06-01 22:30:00,2025-06-02 02:33:00,AA,ATL,JFK,2600,13.22,11.04,14.93,14.37,0.8215,-0.7116,2,ATL-JFK,243,22,1,1,1,1,0,44,2025-06-01 23:14:00,2025-06-02 03:28:00,55,1
2025-10-15 21:45:00,2025-10-15 22:58:00,UA,SFO,BOS,478,7.82,4.87,0.02,0.88,-0.0489,0.7055,46,SFO-BOS,73,21,0,1,0,0,0,5,2025-10-15 21:50:00,2025-10-15 22:58:00,0,0
2025-01-16 13:30:00,2025-01-16 15:29:00,AA,JFK,ATL,1054,9.13,8.54,0.0,0.32,-1.4973,0.2372,97,JFK-ATL,119,13,0,0,0,0,0,-3,2025-01-16 13:27:00,2025-01-16 15:30:00,1,0
2025-03-07 03:30:00,2025-03-07 05:00:00,B6,BOS,JFK,686,0.54,2.58,0.0,1.05,1.1954,0.821,98,BOS-JFK,90,3,0,1,0,0,0,4,2025-03-07 03:34:00,2025-03-07 04:58:00,-2,0
2025-06-30 10:00:00,2025-06-30 15:06:00,WN,ATL,BOS,3385,8.08,12.03,10.18,9.17,0.6577,0.2643,33,ATL-BOS,306,10,0,0,0,0,0,2,2025-06-30 10:02:00,2025-06-30 15:04:00,-2,0
2025-03-10 17:40:00,2025-03-10 22:53:00,B6,ATL,BOS,3477,14.44,15.15,10.59,13.12,3.0918,-0.7318,91,ATL-BOS,313,17,0,0,0,0,0,-10,2025-03-10 17:30:00,2025-03-10 22:50:00,-3,0
2025-05-01 13:20:00,2025-05-01 16:53:00,UA,SFO,ATL,2219,8.68,7.22,0.0,1.58,-0.3856,0.1267,12,SFO-ATL,213,13,0,0,0,0,1,19,2025-05-01 13:39:00,2025-05-01 17:23:00,30,1
2025-08-30 08:00:00,2025-08-30 13:02:00,B6,JFK,ATL,3342,19.01,18.13,1.26,0.91,0.8851,0.899,71,JFK-ATL,302,8,0,0,0,0,0,2,2025-08-30 08:02:00,2025-08-30 12:59:00,-3,0
2025-02-22 08:10:00,2025-02-22 12:14:00,WN,SFO,LAX,2616,9.49,4.61,14.5,15.49,-0.5891,-0.6644,81,SFO-LAX,244,8,0,0,1,0,1,40,2025-02-22 08:50:00,2025-02-22 12:57:00,43,1
2025-09-05 01:45:00,2025-09-05 06:53:00,B6,SFO,LAX,3407,5.59,4.18,8.49,8.49,-0.7157,-0.3436,47,SFO-LAX,308,1,0,1,0,0,1,26,2025-09-05 02:11:00,2025-09-05 07:32:00,39,1
2025-02-07 06:50:00,2025-02-07 11:35:00,DL,ATL,LAX,3125,7.85,4.32,0.0,0.33,2.483,0.2915,41,ATL-LAX,285,6,0,0,0,0,0,22,2025-02-07 07:12:00,2025-02-07 11:50:00,15,1
2025-03-05 16:30:00,2025-03-05 20:02:00,WN,BOS,LAX,2213,16.03,15.21,0.14,0.0,-1.9111,0.1391,31,BOS-LAX,212,16,0,0,0,0,0,-2,2025-03-05 16:28:00,2025-03-05 20:00:00,-2,0
2025-08-03 05:50:00,2025-08-03 10:28:00,UA,SFO,BOS,3042,25.13,25.05,0.0,0.0,0.1118,-0.6339,62,SFO-BOS,278,5,1,0,0,0,1,19,2025-08-03 06:09:00,2025-08-03 10:59:00,31,1
2025-10-17 23:10:00,2025-10-18 01:56:00,WN,JFK,SFO,1638,28.71,32.97,0.0,0.0,1.8881,-0.6781,68,JFK-SFO,166,23,0,1,0,0,0,-4,2025-10-17 23:06:00,2025-10-18 02:08:00,12,0
2025-03-04 01:15:00,2025-03-04 06:26:00,DL,JFK,SFO,3445,15.48,13.99,8.77,8.05,-1.3987,-0.7061,86,JFK-SFO,311,1,0,1,0,0,1,20,2025-03-04 01:35:00,2025-03-04 06:57:00,31,1
2025-04-20 14:50:00,2025-04-20 20:56:00,DL,JFK,LAX,4137,17.62,15.13,0.31,1.43,-0.3649,0.0714,49,JFK-LAX,366,14,1,0,0,0,0,-1,2025-04-20 14:49:00,2025-04-20 20:58:00,2,0
2025-12-04 11:10:00,2025-12-04 13:18:00,B6,LAX,ATL,1168,3.21,5.36,0.47,0.5,1.0514,0.8243,26,LAX-ATL,128,11,0,0,0,0,0,4,2025-12-04 11:14:00,2025-12-04 13:30:00,12,0
2025-12-28 19:40:00,2025-12-29 00:23:00,UA,SFO,JFK,3101,2.14,0.0,5.65,7.34,-1.0595,0.0034,70,SFO-JFK,283,19,1,0,0,0,1,20,2025-12-28 20:00:00,2025-12-29 00:59:00,36,1
2025-08-01 21:10:00,2025-08-01 22:46:00,B6,SFO,JFK,763,7.41,4.93,0.0,0.79,0.4722,-0.1804,53,SFO-JFK,96,21,0,1,0,0,0,-7,2025-08-01 21:03:00,2025-08-01 22:37:00,-9,0
2025-06-13 13:15:00,2025-06-13 16:21:00,DL,LAX,BOS,1885,21.81,21.98,8.68,6.64,-0.6478,-0.5813,67,LAX-BOS,186,13,0,0,0,0,0,-6,2025-06-13 13:09:00,2025-06-13 16:17:00,-4,0
2025-05-07 15:20:00,2025-05-07 20:04:00,DL,JFK,SFO,3110,19.93,21.4,18.41,20.22,1.4811,0.7719,16,JFK-SFO,284,15,0,0,1,0,1,46,2025-05-07 16:06:00,2025-05-07 21:14:00,70,1
2025-08-12 16:15:00,2025-08-12 18:47:00,UA,BOS,LAX,1465,33.6,36.14,0.0,0.0,1.4454,0.9733,42,BOS-LAX,152,16,0,0,0,0,0,4,2025-08-12 16:19:00,2025-08-12 18:35:00,-12,0
2025-08-04 12:45:00,2025-08-04 15:03:00,AA,ATL,JFK,1291,5.65,4.96,15.74,17.79,-0.3372,0.4205,85,ATL-JFK,138,12,0,0,1,0,0,38,2025-08-04 13:23:00,2025-08-04 15:46:00,43,1
2025-04-18 04:50:00,2025-04-18 07:58:00,UA,LAX,BOS,1912,9.72,9.65,0.0,1.51,-2.7292,0.0312,3,LAX-BOS,188,4,0,1,0,0,0,4,2025-04-18 04:54:00,2025-04-18 08:00:00,2,0
2025-01-09 10:30:00,2025-01-09 12:07:00,AA,ATL,BOS,781,1.59,1.17,10.93,12.49,0.6583,0.8266,32,ATL-BOS,97,10,0,0,0,0,0,-1,2025-01-09 10:29:00,2025-01-09 12:22:00,15,1
2025-02-25 05:30:00,2025-02-25 09:59:00,AA,LAX,BOS,2926,3.57,0.49,1.25,2.12,1.1653,0.0502,52,LAX-BOS,269,5,0,0,0,0,0,2,2025-02-25 05:32:00,2025-02-25 09:56:00,-3,0
2025-12-16 11:00:00,2025-12-16 12:43:00,AA,JFK,LAX,851,8.48,7.53,0.0,0.43,0.6668,-0.3092,48,JFK-LAX,103,11,0,0,0,0,0,10,2025-12-16 11:10:00,2025-12-16 12:44:00,1,0
2025-06-02 14:10:00,2025-06-02 17:01:00,DL,LAX,JFK,1699,5.13,3.2,3.93,4.24,0.5397,-0.626,56,LAX-JFK,171,14,0,0,0,0,0,2,2025-06-02 14:12:00,2025-06-02 16:57:00,-4,0
2025-06-26 05:00:00,2025-06-26 07:44:00,WN,SFO,LAX,1613,4.08,3.75,0.0,1.89,0.4067,-0.7247,72,SFO-LAX,164,5,0,0,0,0,0,9,2025-06-26 05:09:00,2025-06-26 07:45:00,1,0
2025-06-20 05:45:00,2025-06-20 12:09:00,DL,JFK,LAX,4365,7.27,8.0,16.69,16.67,-0.2,-0.102,61,JFK-LAX,384,5,0,0,1,0,0,24,2025-06-20 06:09:00,2025-06-20 12:49:00,40,1
2025-10-13 19:10:00,2025-10-14 01:42:00,AA,JFK,BOS,4465,24.28,25.84,0.21,0.0,-0.6241,-0.2212,90,JFK-BOS,392,19,0,0,0,0,0,-4,2025-10-13 19:06:00,2025-10-14 01:33:00,-9,0
2025-01-24 09:15:00,2025-01-24 10:41:00,B6,JFK,SFO,633,19.67,20.87,0.0,0.44,0.1757,-0.5858,62,JFK-SFO,86,9,0,0,0,0,0,-1,2025-01-24 09:14:00,2025-01-24 10:45:00,4,0
2025-01-31 04:45:00,2025-01-31 06:37:00,AA,BOS,ATL,960,3.2,5.91,0.34,1.15,-0.1043,0.0169,34,BOS-ATL,112,4,0,1,0,0,0,4,2025-01-31 04:49:00,2025-01-31 06:34:00,-3,0
2025-04-11 17:40:00,2025-04-11 22:45:00,WN,ATL,SFO,3375,16.86,18.69,5.81,6.96,0.814,0.4574,62,ATL-SFO,305,17,0,0,0,0,1,23,2025-04-11 18:03:00,2025-04-11 23:30:00,45,1
2025-06-27 17:30:00,2025-06-27 20:09:00,UA,ATL,BOS,1553,5.37,6.99,0.56,0.0,-0.7296,0.2317,8,ATL-BOS,159,17,0,0,0,0,0,7,2025-06-27 17:37:00,2025-06-27 20:23:00,14,0
2025-09-02 19:00:00,2025-09-02 23:35:00,AA,LAX,BOS,3005,3.88,3.28,21.71,23.24,-0.3107,0.5464,82,LAX-BOS,275,19,0,0,1,0,0,46,2025-09-02 19:46:00,2025-09-03 00:41:00,66,1
2025-06-29 18:30:00,2025-06-30 00:38:00,WN,SFO,ATL,4167,7.21,9.17,13.34,13.62,0.198,0.6184,52,SFO-ATL,368,18,1,0,1,0,1,35,2025-06-29 19:05:00,2025-06-30 01:18:00,40,1
2025-06-11 23:30:00,2025-06-12 01:24:00,AA,ATL,LAX,983,12.21,9.89,0.61,0.0,-0.6486,-0.7282,57,ATL-LAX,114,23,0,1,0,0,0,-6,2025-06-11 23:24:00,2025-06-12 01:23:00,-1,0
2025-12-09 13:15:00,2025-12-09 19:38:00,AA,BOS,ATL,4345,4.1,5.83,30.41,29.54,-1.2837,0.9839,1,BOS-ATL,383,13,0,0,1,0,0,64,2025-12-09 14:19:00,2025-12-09 21:01:00,83,1
2025-02-28 06:40:00,2025-02-28 07:57:00,AA,LAX,SFO,520,12.94,11.83,1.47,1.43,0.7499,-0.6728,4,LAX-SFO,77,6,0,0,0,0,0,10,2025-02-28 06:50:00,2025-02-28 07:49:00,-8,0
2025-07-28 20:50:00,2025-07-28 23:06:00,AA,LAX,ATL,1261,6.16,7.33,4.31,5.49,-1.2014,0.4773,39,LAX-ATL,136,20,0,1,0,0,0,-7,2025-07-28 20:43:00,2025-07-28 23:07:00,1,0
2025-07-17 06:15:00,2025-07-17 10:04:00,DL,LAX,JFK,2431,12.01,9.09,1.23,1.57,0.2907,0.1383,9,LAX-JFK,229,6,0,0,0,0,0,-3,2025-07-17 06:12:00,2025-07-17 10:03:00,-1,0
2025-06-22 06:15:00,2025-06-22 12:10:00,AA,LAX,JFK,3997,5.68,2.17,1.77,0.0,0.6361,0.0367,40,LAX-JFK,355,6,1,0,0,0,0,-4,2025-06-22 06:11:00,2025-06-22 11:59:00,-11,0
2025-10-22 19:15:00,2025-10-22 23:20:00,AA,ATL,BOS,2626,8.8,7.24,0.0,0.0,1.5241,0.8037,88,ATL-BOS,245,19,0,0,0,0,0,3,2025-10-22 19:18:00,2025-10-22 23:35:00,15,1
2025-04-08 21:45:00,2025-04-08 23:31:00,AA,BOS,SFO,883,4.28,5.23,0.81,0.06,2.4085,0.5791,46,BOS-SFO,106,21,0,1,0,0,0,4,2025-04-08 21:49:00,2025-04-08 23:35:00,4,0
2025-12-15 08:00:00,2025-12-15 10:23:00,DL,JFK,LAX,1345,10.45,8.38,2.35,3.49,1.4197,-0.8861,72,JFK-LAX,143,8,0,0,0,0,0,6,2025-12-15 08:06:00,2025-12-15 10:18:00,-5,0
2025-05-02 17:50:00,2025-05-02 23:05:00,AA,ATL,JFK,3498,31.35,33.5,3.65,4.28,-0.6053,0.2549,40,ATL-JFK,315,17,0,0,0,0,0,1,2025-05-02 17:51:00,2025-05-02 22:52:00,-13,0
2025-07-18 22:45:00,2025-07-19 02:53:00,DL,BOS,ATL,2658,5.66,6.66,0.0,0.0,-0.1965,-0.0106,43,BOS-ATL,248,22,0,1,0,0,0,0,2025-07-18 22:45:00,2025-07-19 02:41:00,-12,0
2025-07-10 19:20:00,2025-07-10 20:23:00,WN,BOS,ATL,354,5.26,4.67,0.0,0.16,0.4028,-0.173,73,BOS-ATL,63,19,0,0,0,0,0,11,2025-07-10 19:31:00,2025-07-10 20:17:00,-6,0
2025-11-07 00:30:00,2025-11-07 04:17:00,AA,SFO,JFK,2406,8.39,10.12,0.0,0.71,0.0386,-0.9325,90,SFO-JFK,227,0,0,1,0,0,1,28,2025-11-07 00:58:00,2025-11-07 05:06:00,49,1
2025-06-10 15:50:00,2025-06-10 19:06:00,B6,BOS,JFK,2007,9.4,11.13,1.56,0.75,0.2539,0.7562,23,BOS-JFK,196,15,0,0,0,0,0,8,2025-06-10 15:58:00,2025-06-10 19:17:00,11,0
2025-04-14 04:45:00,2025-04-14 05:44:00,UA,SFO,LAX,302,9.5,10.16,0.34,1.68,1.3461,-0.3458,99,SFO-LAX,59,4,0,1,0,0,0,-1,2025-04-14 04:44:00,2025-04-14 05:34:00,-10,0
2025-01-08 20:15:00,2025-01-08 22:37:00,DL,LAX,ATL,1338,13.35,15.32,0.0,1.46,0.2282,0.9983,51,LAX-ATL,142,20,0,1,0,0,0,9,2025-01-08 20:24:00,2025-01-08 22:59:00,22,1
2025-05-13 01:00:00,2025-05-13 07:13:00,AA,LAX,ATL,4228,7.38,4.78,0.0,1.25,1.0126,0.6301,24,LAX-ATL,373,1,0,1,0,0,0,-5,2025-05-13 00:55:00,2025-05-13 07:10:00,-3,0
2025-10-29 23:40:00,2025-10-30 04:35:00,AA,SFO,JFK,3256,14.47,10.17,28.54,29.19,-1.0336,0.6057,32,SFO-JFK,295,23,0,1,1,0,1,82,2025-10-30 01:02:00,2025-10-30 06:37:00,122,1
2025-01-04 04:10:00,2025-01-04 05:33:00,WN,SFO,LAX,597,9.95,9.86,0.83,0.0,0.5777,0.1849,11,SFO-LAX,83,4,0,1,0,0,0,11,2025-01-04 04:21:00,2025-01-04 05:28:00,-5,0
2025-11-24 10:00:00,2025-11-24 11:04:00,AA,BOS,SFO,367,2.67,0.12,3.31,2.29,-1.5784,0.6592,62,BOS-SFO,64,10,0,0,0,0,0,3,2025-11-24 10:03:00,2025-11-24 10:52:00,-12,0
2025-07-18 05:50:00,2025-07-18 08:45:00,UA,JFK,BOS,1752,16.16,17.91,4.69,4.76,1.2129,-0.4979,10,JFK-BOS,175,5,0,0,0,0,0,-7,2025-07-18 05:43:00,2025-07-18 08:31:00,-14,0
2025-02-21 19:20:00,2025-02-21 22:55:00,AA,JFK,ATL,2252,10.61,9.57,0.0,0.0,-0.0929,0.1852,42,JFK-ATL,215,19,0,0,0,0,0,-5,2025-02-21 19:15:00,2025-02-21 22:47:00,-8,0
2025-04-21 09:40:00,2025-04-21 13:11:00,UA,SFO,ATL,2204,12.04,12.08,4.91,4.84,-1.2884,0.1668,2,SFO-ATL,211,9,0,0,0,0,1,31,2025-04-21 10:11:00,2025-04-21 13:57:00,46,1
2025-07-22 17:10:00,2025-07-22 22:03:00,B6,ATL,BOS,3226,4.15,8.11,0.0,0.74,-0.1875,-0.1382,20,ATL-BOS,293,17,0,0,0,0,0,2,2025-07-22 17:12:00,2025-07-22 22:13:00,10,0
2025-04-26 01:00:00,2025-04-26 02:57:00,B6,JFK,LAX,1028,16.41,16.25,0.21,0.25,0.5656,0.1337,47,JFK-LAX,117,1,0,1,0,0,0,8,2025-04-26 01:08:00,2025-04-26 03:05:00,8,0
2025-02-09 10:00:00,2025-02-09 11:15:00,UA,BOS,LAX,496,33.27,33.84,0.19,0.91,-1.1489,0.5117,59,BOS-LAX,75,10,1,0,0,0,0,14,2025-02-09 10:14:00,2025-02-09 11:30:00,15,1
2025-09-01 21:15:00,2025-09-02 02:00:00,DL,BOS,ATL,3125,2.74,4.57,0.0,0.0,-0.7891,-0.6259,69,BOS-ATL,285,21,1,1,0,1,0,22,2025-09-01 21:37:00,2025-09-02 02:38:00,38,1
2025-09-03 22:00:00,2025-09-04 04:01:00,DL,LAX,BOS,4069,17.26,19.17,0.0,0.0,-0.3059,0.9526,24,LAX-BOS,361,22,0,1,0,0,0,-10,2025-09-03 21:50:00,2025-09-04 03:52:00,-9,0
2025-02-13 05:20:00,2025-02-13 07:15:00,DL,BOS,LAX,1004,10.22,12.47,5.37,4.91,0.9234,-0.0621,32,BOS-LAX,115,5,0,0,0,0,0,1,2025-02-13 05:21:00,2025-02-13 07:17:00,2,0
2025-04-13 09:15:00,2025-04-13 12:15:00,DL,LAX,JFK,1817,11.51,6.96,0.22,0.87,-1.9228,0.3857,39,LAX-JFK,180,9,1,0,0,0,0,38,2025-04-13 09:53:00,2025-04-13 13:02:00,47,1
2025-03-31 09:30:00,2025-03-31 13:59:00,WN,SFO,ATL,2931,19.12,17.32,0.97,1.87,0.5483,0.8132,42,SFO-ATL,269,9,0,0,0,0,0,3,2025-03-31 09:33:00,2025-03-31 13:52:00,-7,0
2025-08-29 13:30:00,2025-08-29 15:25:00,AA,LAX,ATL,994,11.72,14.76,0.08,1.51,-0.1645,0.9371,41,LAX-ATL,115,13,0,0,0,0,0,15,2025-08-29 13:45:00,2025-08-29 15:31:00,6,0
2025-09-24 12:15:00,2025-09-24 18:03:00,B6,ATL,JFK,3911,21.3,19.1,0.0,0.0,1.1616,0.1733,13,ATL-JFK,348,12,0,0,0,0,0,5,2025-09-24 12:20:00,2025-09-24 18:02:00,-1,0
2025-09-23 02:20:00,2025-09-23 04:35:00,AA,ATL,BOS,1246,4.88,3.72,0.22,0.99,0.4911,0.919,89,ATL-BOS,135,2,0,1,0,0,0,-3,2025-09-23 02:17:00,2025-09-23 04:27:00,-8,0
2025-12-09 18:00:00,2025-12-09 21:58:00,WN,JFK,SFO,2536,20.89,18.09,0.0,0.0,1.449,0.1516,30,JFK-SFO,238,18,0,0,0,0,0,-4,2025-12-09 17:56:00,2025-12-09 21:44:00,-14,0
2025-10-08 05:15:00,2025-10-08 08:08:00,WN,JFK,LAX,1723,13.14,13.5,0.0,1.58,0.5006,-0.4899,73,JFK-LAX,173,5,0,0,0,0,0,-2,2025-10-08 05:13:00,2025-10-08 08:06:00,-2,0
2025-04-28 07:50:00,2025-04-28 12:33:00,WN,LAX,ATL,3103,4.4,1.76,9.86,9.37,-1.122,0.1031,63,LAX-ATL,283,7,0,0,0,0,0,17,2025-04-28 08:07:00,2025-04-28 13:03:00,30,1
2025-02-09 20:50:00,2025-02-09 22:56:00,WN,JFK,ATL,1133,5.07,6.05,0.0,0.83,0.5186,-0.7636,62,JFK-ATL,126,20,1,1,0,1,0,31,2025-02-09 21:21:00,2025-02-09 23:42:00,46,1
2025-08-13 16:20:00,2025-08-13 17:52:00,UA,ATL,SFO,712,10.88,10.47,0.18,0.0,0.5816,0.4517,98,ATL-SFO,92,16,0,0,0,0,0,-8,2025-08-13 16:12:00,2025-08-13 17:49:00,-3,0
2025-12-01 09:50:00,2025-12-01 13:41:00,AA,SFO,JFK,2444,9.29,6.46,0.0,0.5,-0.6093,-0.5311,11,SFO-JFK,231,9,0,0,0,0,0,1,2025-12-01 09:51:00,2025-12-01 13:50:00,9,0
2025-12-22 21:30:00,2025-12-23 03:20:00,WN,SFO,BOS,3933,6.82,10.37,0.88,1.89,-0.459,-0.1695,34,SFO-BOS,350,21,0,1,0,0,1,54,2025-12-22 22:24:00,2025-12-23 04:46:00,86,1
2025-03-26 09:10:00,2025-03-26 13:42:00,DL,LAX,BOS,2958,5.9,4.19,0.0,0.34,-2.3251,-0.247,30,LAX-BOS,272,9,0,0,0,0,0,24,2025-03-26 09:34:00,2025-03-26 14:18:00,36,1
2025-03-28 13:45:00,2025-03-28 18:58:00,DL,LAX,JFK,3473,44.42,44.35,0.0,0.0,0.814,-0.528,99,LAX-JFK,313,13,0,0,0,0,0,6,2025-03-28 13:51:00,2025-03-28 18:52:00,-6,0
2025-01-14 05:20:00,2025-01-14 08:45:00,B6,SFO,JFK,2120,15.86,14.12,8.62,7.72,-0.0656,0.44,4,SFO-JFK,205,5,0,0,0,0,1,26,2025-01-14 05:46:00,2025-01-14 09:30:00,45,1
2025-02-21 04:30:00,2025-02-21 06:16:00,AA,JFK,ATL,888,11.36,8.0,10.19,10.12,-0.4987,-0.362,30,JFK-ATL,106,4,0,1,0,0,0,-10,2025-02-21 04:20:00,2025-02-21 06:16:00,0,0
2025-07-22 11:40:00,2025-07-22 15:02:00,UA,ATL,SFO,2093,4.37,4.43,7.41,6.94,-0.9363,0.8836,53,ATL-SFO,202,11,0,0,0,0,1,29,2025-07-22 12:09:00,2025-07-22 15:36:00,34,1
2025-07-19 13:15:00,2025-07-19 19:46:00,DL,LAX,JFK,4447,20.74,19.47,0.0,0.0,-0.4281,-0.9867,0,LAX-JFK,391,13,0,0,0,0,0,-2,2025-07-19 13:13:00,2025-07-19 19:43:00,-3,0
2025-05-16 19:40:00,2025-05-17 01:02:00,AA,JFK,SFO,3583,11.03,10.87,0.0,0.5,0.5051,-0.0931,11,JFK-SFO,322,19,0,0,0,0,1,28,2025-05-16 20:08:00,2025-05-17 01:48:00,46,1
2025-04-24 09:30:00,2025-04-24 14:25:00,B6,LAX,SFO,3254,6.37,5.41,0.0,1.16,0.2465,-0.0714,89,LAX-SFO,295,9,0,0,0,0,1,28,2025-04-24 09:58:00,2025-04-24 14:59:00,34,1
2025-10-30 21:15:00,2025-10-30 23:55:00,WN,LAX,SFO,1564,4.08,7.17,1.69,0.0,-0.269,0.169,2,LAX-SFO,160,21,0,1,0,0,1,43,2025-10-30 21:58:00,2025-10-31 00:50:00,55,1
2025-06-17 14:15:00,2025-06-17 18:35:00,UA,JFK,LAX,2818,8.39,8.66,0.1,0.43,-1.1611,-0.7601,18,JFK-LAX,260,14,0,0,0,0,0,3,2025-06-17 14:18:00,2025-06-17 18:29:00,-6,0
2025-10-23 01:40:00,2025-10-23 06:08:00,B6,BOS,SFO,2915,11.14,9.7,0.12,0.0,-0.2808,0.7216,35,BOS-SFO,268,1,0,1,0,0,0,5,2025-10-23 01:45:00,2025-10-23 06:15:00,7,0
2025-12-18 17:10:00,2025-12-18 21:49:00,DL,JFK,SFO,3047,14.52,14.05,14.57,14.21,-0.7754,-0.5559,37,JFK-SFO,279,17,0,0,1,0,0,24,2025-12-18 17:34:00,2025-12-18 22:29:00,40,1
2025-04-26 13:00:00,2025-04-26 18:59:00,DL,LAX,SFO,4050,10.29,8.11,20.8,22.52,-0.1631,-0.2343,74,LAX-SFO,359,13,0,0,1,0,0,23,2025-04-26 13:23:00,2025-04-26 19:46:00,47,1
2025-03-15 09:50:00,2025-03-15 14:38:00,AA,LAX,ATL,3162,15.85,17.06,0.0,0.46,0.6747,0.1291,30,LAX-ATL,288,9,0,0,0,0,0,2,2025-03-15 09:52:00,2025-03-15 14:36:00,-2,0
2025-12-14 11:15:00,2025-12-14 13:28:00,WN,JFK,ATL,1230,7.02,6.91,1.21,0.91,-0.4876,-0.9905,42,JFK-ATL,133,11,1,0,0,0,0,-8,2025-12-14 11:07:00,2025-12-14 13:25:00,-3,0
2025-08-20 07:40:00,2025-08-20 09:53:00,B6,JFK,BOS,1230,9.41,5.3,7.22,7.37,1.7222,0.2452,51,JFK-BOS,133,7,0,0,0,0,0,0,2025-08-20 07:40:00,2025-08-20 09:54:00,1,0
2025-04-17 14:40:00,2025-04-17 19:07:00,B6,SFO,JFK,2903,19.73,23.23,21.87,23.1,-0.5224,-0.5932,8,SFO-JFK,267,14,0,0,1,0,1,58,2025-04-17 15:38:00,2025-04-17 20:16:00,69,1
2025-08-15 13:45:00,2025-08-15 19:35:00,AA,BOS,SFO,3938,15.33,17.14,0.04,0.37,-1.6681,0.5209,35,BOS-SFO,350,13,0,0,0,0,1,22,2025-08-15 14:07:00,2025-08-15 20:24:00,49,1
2025-07-07 10:40:00,2025-07-07 16:57:00,DL,ATL,BOS,4281,10.8,10.41,18.59,18.23,-0.1774,-0.4248,53,ATL-BOS,377,10,0,0,1,0,0,19,2025-07-07 10:59:00,2025-07-07 17:21:00,24,1
2025-11-27 06:40:00,2025-11-27 11:04:00,B6,LAX,SFO,2860,10.48,6.96,13.02,13.85,-0.5597,0.203,28,LAX-SFO,264,6,1,0,1,0,1,56,2025-11-27 07:36:00,2025-11-27 12:34:00,90,1
2025-04-04 09:45:00,2025-04-04 13:42:00,B6,SFO,BOS,2525,8.11,9.03,10.02,9.9,3.4567,-0.0003,44,SFO-BOS,237,9,0,0,0,0,0,-5,2025-04-04 09:40:00,2025-04-04 13:37:00,-5,0
2025-12-28 11:50:00,2025-12-28 17:23:00,DL,LAX,SFO,3727,1.85,4.51,6.33,5.41,-0.4197,0.7622,54,LAX-SFO,333,11,1,0,0,0,0,-3,2025-12-28 11:47:00,2025-12-28 17:17:00,-6,0
2025-12-08 11:00:00,2025-12-08 17:27:00,UA,JFK,ATL,4402,0.88,1.33,0.0,0.0,-1.4862,-0.288,96,JFK-ATL,387,11,0,0,0,0,0,1,2025-12-08 11:01:00,2025-12-08 17:26:00,-1,0
2025-03-07 07:40:00,2025-03-07 08:48:00,UA,BOS,ATL,417,27.68,26.2,0.36,0.0,0.0412,0.0048,58,BOS-ATL,68,7,0,0,0,0,0,33,2025-03-07 08:13:00,2025-03-07 09:14:00,26,1
2025-03-02 13:10:00,2025-03-02 15:53:00,AA,JFK,BOS,1602,5.47,6.28,4.87,5.87,-0.1632,0.0702,13,JFK-BOS,163,13,1,0,0,0,0,6,2025-03-02 13:16:00,2025-03-02 15:47:00,-6,0
2025-07-14 05:50:00,2025-07-14 08:41:00,DL,ATL,LAX,1702,4.31,7.38,1.09,0.0,-1.1657,-0.7785,73,ATL-LAX,171,5,0,0,0,0,0,8,2025-07-14 05:58:00,2025-07-14 08:47:00,6,0
2025-01-17 12:00:00,2025-01-17 16:09:00,WN,JFK,LAX,2670,41.49,42.69,0.21,1.98,0.3596,0.0862,68,JFK-LAX,249,12,0,0,0,0,0,-4,2025-01-17 11:56:00,2025-01-17 16:08:00,-1,0
2025-04-20 02:10:00,2025-04-20 04:48:00,WN,BOS,JFK,1538,3.45,4.3,8.54,8.27,0.5662,-0.0218,33,BOS-JFK,158,2,1,1,0,1,0,2,2025-04-20 02:12:00,2025-04-20 05:02:00,14,0
2025-06-08 11:10:00,2025-06-08 13:53:00,AA,BOS,ATL,1606,9.33,8.81,0.0,0.81,0.0811,-0.658,72,BOS-ATL,163,11,1,0,0,0,0,-5,2025-06-08 11:05:00,2025-06-08 13:51:00,-2,0
2025-12-20 18:30:00,2025-12-20 19:37:00,UA,JFK,ATL,402,21.89,23.6,8.47,8.05,-0.2668,0.2434,12,JFK-ATL,67,18,0,0,0,0,0,9,2025-12-20 18:39:00,2025-12-20 19:37:00,0,0
2025-12-29 19:00:00,2025-12-29 20:00:00,DL,SFO,LAX,315,28.3,28.74,0.13,0.02,-0.3683,0.0229,84,SFO-LAX,60,19,0,0,0,0,0,-2,2025-12-29 18:58:00,2025-12-29 20:02:00,2,0
2025-02-25 16:00:00,2025-02-25 19:30:00,WN,BOS,JFK,2189,13.04,11.27,0.81,0.0,-0.6234,-0.7177,15,BOS-JFK,210,16,0,0,0,0,0,2,2025-02-25 16:02:00,2025-02-25 19:21:00,-9,0
2025-11-22 17:30:00,2025-11-23 00:04:00,WN,SFO,BOS,4488,20.25,20.83,6.74,6.34,-1.2814,0.2564,84,SFO-BOS,394,17,0,0,0,0,1,7,2025-11-22 17:37:00,2025-11-23 00:15:00,11,0
2025-02-03 01:50:00,2025-02-03 04:28:00,WN,JFK,LAX,1541,8.45,9.05,0.0,0.33,1.485,-0.0607,31,JFK-LAX,158,1,0,1,0,0,0,1,2025-02-03 01:51:00,2025-02-03 04:25:00,-3,0
2025-10-01 08:30:00,2025-10-01 10:50:00,UA,SFO,LAX,1308,0.0,2.25,0.0,0.0,2.4376,0.8109,40,SFO-LAX,140,8,0,0,0,0,0,-1,2025-10-01 08:29:00,2025-10-01 10:46:00,-4,0
2025-11-05 15:20:00,2025-11-05 17:48:00,DL,BOS,JFK,1410,18.18,21.22,2.83,4.16,-1.0269,0.0772,26,BOS-JFK,148,15,0,0,0,0,0,4,2025-11-05 15:24:00,2025-11-05 17:41:00,-7,0
2025-11-22 19:40:00,2025-11-23 02:06:00,AA,SFO,BOS,4387,10.19,9.12,5.66,7.32,-0.6026,-0.5127,74,SFO-BOS,386,19,0,0,0,0,0,7,2025-11-22 19:47:00,2025-11-23 02:24:00,18,1
2025-03-23 13:30:00,2025-03-23 18:12:00,WN,LAX,BOS,3088,8.82,7.09,0.0,0.0,-1.0816,0.4817,63,LAX-BOS,282,13,1,0,0,0,0,21,2025-03-23 13:51:00,2025-03-23 18:37:00,25,1
2025-11-23 20:20:00,2025-11-24 00:58:00,B6,LAX,JFK,3042,7.66,5.9,0.29,1.09,0.8907,-0.1523,39,LAX-JFK,278,20,1,1,0,1,0,53,2025-11-23 21:13:00,2025-11-24 01:58:00,60,1
2025-02-12 06:30:00,2025-02-12 08:33:00,UA,JFK,SFO,1095,14.03,15.3,0.0,0.0,-1.0151,0.6693,76,JFK-SFO,123,6,0,0,0,0,0,2,2025-02-12 06:32:00,2025-02-12 08:35:00,2,0
2025-07-09 03:00:00,2025-07-09 09:03:00,AA,JFK,BOS,4096,13.8,11.97,0.01,0.0,0.6984,-0.099,89,JFK-BOS,363,3,0,1,0,0,0,-2,2025-07-09 02:58:00,2025-07-09 09:00:00,-3,0
2025-06-21 02:10:00,2025-06-21 04:15:00,UA,JFK,BOS,1126,8.54,9.47,0.21,0.0,0.4279,-0.5784,41,JFK-BOS,125,2,0,1,0,0,0,-1,2025-06-21 02:09:00,2025-06-21 04:08:00,-7,0
2025-04-26 13:40:00,2025-04-26 20:04:00,AA,SFO,ATL,4362,13.87,17.56,5.56,5.15,-0.1532,-0.0031,70,SFO-ATL,384,13,0,0,0,0,1,32,2025-04-26 14:12:00,2025-04-26 20:45:00,41,1
2025-01-09 15:15:00,2025-01-09 21:34:00,B6,LAX,BOS,4300,2.89,1.4,0.42,0.0,1.3599,-0.7934,90,LAX-BOS,379,15,0,0,0,0,0,-2,2025-01-09 15:13:00,2025-01-09 21:44:00,10,0
2025-10-09 06:00:00,2025-10-09 10:10:00,WN,ATL,SFO,2684,9.28,8.4,3.76,3.2,-0.3498,-0.2112,4,ATL-SFO,250,6,0,0,0,0,0,22,2025-10-09 06:22:00,2025-10-09 10:31:00,21,1
2025-05-03 18:00:00,2025-05-03 23:51:00,B6,LAX,BOS,3946,4.94,4.75,0.15,0.06,0.0023,0.1312,28,LAX-BOS,351,18,0,0,0,0,0,13,2025-05-03 18:13:00,2025-05-04 00:10:00,19,1
2025-08-30 17:45:00,2025-08-31 00:20:00,WN,SFO,ATL,4498,5.61,4.86,14.72,14.44,-1.2168,0.2346,18,SFO-ATL,395,17,0,0,1,0,1,31,2025-08-30 18:16:00,2025-08-31 01:03:00,43,1
2025-05-30 08:15:00,2025-05-30 12:29:00,B6,LAX,BOS,2737,13.29,10.26,19.39,17.79,-2.4413,-0.2475,59,LAX-BOS,254,8,0,0,1,0,0,24,2025-05-30 08:39:00,2025-05-30 13:07:00,38,1
2025-05-17 05:00:00,2025-05-17 10:17:00,UA,JFK,ATL,3522,10.5,10.67,0.04,0.0,1.0601,-0.6871,90,JFK-ATL,317,5,0,0,0,0,0,0,2025-05-17 05:00:00,2025-05-17 10:09:00,-8,0
2025-11-20 17:40:00,2025-11-20 21:57:00,B6,BOS,SFO,2780,4.85,5.85,5.63,5.58,-0.6183,-0.3597,97,BOS-SFO,257,17,0,0,0,0,1,28,2025-11-20 18:08:00,2025-11-20 22:50:00,53,1
2025-02-04 16:30:00,2025-02-04 20:25:00,UA,LAX,BOS,2500,8.64,5.42,0.0,0.79,1.1565,0.0178,56,LAX-BOS,235,16,0,0,0,0,0,0,2025-02-04 16:30:00,2025-02-04 20:34:00,9,0
2025-09-26 04:20:00,2025-09-26 07:11:00,DL,LAX,BOS,1705,12.74,14.21,8.73,7.88,-0.3523,0.0923,92,LAX-BOS,171,4,0,1,0,0,0,-9,2025-09-26 04:11:00,2025-09-26 07:06:00,-5,0
2025-09-30 06:50:00,2025-09-30 11:29:00,B6,BOS,JFK,3050,14.59,16.21,0.0,1.87,-0.1089,0.6822,77,BOS-JFK,279,6,0,0,0,0,0,-10,2025-09-30 06:40:00,2025-09-30 11:28:00,-1,0
2025-05-19 11:15:00,2025-05-19 13:44:00,DL,JFK,BOS,1422,15.27,11.86,0.05,0.0,0.206,-0.8937,76,JFK-BOS,149,11,0,0,0,0,0,14,2025-05-19 11:29:00,2025-05-19 13:52:00,8,0
2025-04-06 12:30:00,2025-04-06 14:34:00,DL,BOS,SFO,1115,1.96,1.23,0.82,0.32,-0.5394,0.0726,85,BOS-SFO,124,12,1,0,0,0,0,10,2025-04-06 12:40:00,2025-04-06 14:51:00,17,1
2025-01-02 03:40:00,2025-01-02 06:11:00,UA,ATL,BOS,1456,0.36,0.06,0.0,0.0,-1.6153,-0.6295,82,ATL-BOS,151,3,0,1,0,0,0,5,2025-01-02 03:45:00,2025-01-02 06:15:00,4,0
2025-12-08 22:30:00,2025-12-08 23:33:00,UA,ATL,SFO,346,6.59,2.33,0.17,0.0,-0.8713,0.7668,4,ATL-SFO,63,22,0,1,0,0,0,4,2025-12-08 22:34:00,2025-12-08 23:35:00,2,0
2025-12-12 09:10:00,2025-12-12 15:23:00,UA,ATL,LAX,4222,0.54,2.36,5.0,6.37,-0.95,0.3712,58,ATL-LAX,373,9,0,0,0,0,0,8,2025-12-12 09:18:00,2025-12-12 15:34:00,11,0
2025-03-29 09:40:00,2025-03-29 12:05:00,WN,JFK,ATL,1378,23.21,25.32,1.59,3.81,-0.0335,-0.4588,10,JFK-ATL,145,9,0,0,0,0,0,5,2025-03-29 09:45:00,2025-03-29 12:02:00,-3,0
2025-01-12 01:40:00,2025-01-12 07:08:00,UA,JFK,LAX,3659,6.19,7.09,10.9,11.8,1.117,0.1622,13,JFK-LAX,328,1,1,1,0,1,0,59,2025-01-12 02:39:00,2025-01-12 08:24:00,76,1
2025-02-14 21:00:00,2025-02-15 00:25:00,B6,JFK,BOS,2126,2.1,3.12,4.02,4.25,-0.7256,0.7315,93,JFK-BOS,205,21,0,1,0,0,0,1,2025-02-14 21:01:00,2025-02-15 00:23:00,-2,0
2025-01-25 05:10:00,2025-01-25 08:03:00,B6,SFO,ATL,1725,6.63,7.78,1.3,2.11,-0.0996,-0.7088,67,SFO-ATL,173,5,0,0,0,0,1,27,2025-01-25 05:37:00,2025-01-25 08:51:00,48,1
2025-10-31 23:40:00,2025-11-01 01:56:00,WN,BOS,JFK,1257,2.5,2.11,0.56,0.46,0.2388,-0.3651,60,BOS-JFK,136,23,0,1,0,0,0,12,2025-10-31 23:52:00,2025-11-01 02:01:00,5,0
2025-11-22 11:00:00,2025-11-22 16:35:00,DL,BOS,LAX,3746,1.91,0.94,10.22,11.66,-0.7942,-0.0439,94,BOS-LAX,335,11,0,0,0,0,0,-10,2025-11-22 10:50:00,2025-11-22 16:32:00,-3,0
2025-02-25 20:50:00,2025-02-26 00:42:00,AA,BOS,ATL,2458,4.76,8.01,0.89,1.5,0.3853,-0.5022,71,BOS-ATL,232,20,0,1,0,0,0,7,2025-02-25 20:57:00,2025-02-26 00:46:00,4,0
2025-09-30 04:00:00,2025-09-30 07:30:00,AA,BOS,LAX,2188,6.71,4.31,0.0,0.0,1.1005,-0.7332,50,BOS-LAX,210,4,0,1,0,0,0,14,2025-09-30 04:14:00,2025-09-30 07:50:00,20,1
2025-03-07 03:50:00,2025-03-07 08:30:00,WN,JFK,SFO,3063,6.31,8.29,0.6,1.43,0.3935,-0.6181,39,JFK-SFO,280,3,0,1,0,0,1,14,2025-03-07 04:04:00,2025-03-07 08:44:00,14,0
2025-05-15 19:40:00,2025-05-16 01:09:00,AA,BOS,ATL,3671,12.84,11.05,0.0,0.0,-0.0502,-0.3364,30,BOS-ATL,329,19,0,0,0,0,0,4,2025-05-15 19:44:00,2025-05-16 01:26:00,17,1
2025-08-07 19:20:00,2025-08-07 23:59:00,WN,BOS,ATL,3054,19.24,15.36,8.67,6.5,-0.841,0.5195,24,BOS-ATL,279,19,0,0,0,0,0,7,2025-08-07 19:27:00,2025-08-08 00:02:00,3,0
2025-09-20 13:15:00,2025-09-20 16:51:00,UA,LAX,JFK,2264,10.33,10.19,0.0,0.0,-0.1187,0.9658,36,LAX-JFK,216,13,0,0,0,0,0,-2,2025-09-20 13:13:00,2025-09-20 16:48:00,-3,0
2025-11-16 00:15:00,2025-11-16 06:14:00,WN,SFO,LAX,4053,20.14,18.1,0.0,0.25,-0.7529,-0.5692,9,SFO-LAX,359,0,1,1,0,1,1,68,2025-11-16 01:23:00,2025-11-16 08:05:00,111,1
2025-01-17 22:40:00,2025-01-18 04:40:00,B6,BOS,SFO,4061,6.33,6.6,0.11,1.33,-0.5867,0.6266,1,BOS-SFO,360,22,0,1,0,0,0,17,2025-01-17 22:57:00,2025-01-18 04:49:00,9,0
2025-03-13 09:45:00,2025-03-13 16:09:00,AA,ATL,LAX,4358,21.1,18.28,0.0,0.0,-0.1221,-0.1085,21,ATL-LAX,384,9,0,0,0,0,0,7,2025-03-13 09:52:00,2025-03-13 16:09:00,0,0
2025-04-13 22:10:00,2025-04-13 23:40:00,UA,BOS,ATL,682,9.64,10.69,0.0,0.0,-0.2082,-0.7651,45,BOS-ATL,90,22,1,1,0,1,0,33,2025-04-13 22:43:00,2025-04-14 00:26:00,46,1
2025-04-24 20:30:00,2025-04-25 02:28:00,B6,JFK,SFO,4040,16.73,17.1,22.38,20.62,1.0331,0.1961,10,JFK-SFO,358,20,0,1,1,0,1,36,2025-04-24 21:06:00,2025-04-25 03:20:00,52,1
2025-12-31 20:50:00,2025-12-31 22:54:00,DL,SFO,LAX,1111,5.31,8.5,4.98,5.19,-0.5879,-0.2176,32,SFO-LAX,124,20,1,1,0,1,0,9,2025-12-31 20:59:00,2025-12-31 23:16:00,22,1
2025-10-11 16:15:00,2025-10-11 20:42:00,WN,ATL,LAX,2904,8.96,10.34,0.0,0.0,0.3886,-0.3854,92,ATL-LAX,267,16,0,0,0,0,0,13,2025-10-11 16:28:00,2025-10-11 21:10:00,28,1
2025-04-27 16:40:00,2025-04-27 21:20:00,WN,ATL,SFO,3063,31.61,30.88,0.0,0.04,-0.4646,-0.2571,57,ATL-SFO,280,16,1,0,0,0,1,15,2025-04-27 16:55:00,2025-04-27 21:37:00,17,1
2025-12-21 12:10:00,2025-12-21 14:18:00,B6,JFK,LAX,1164,8.24,7.68,0.14,1.57,-0.911,0.0234,87,JFK-LAX,128,12,1,0,0,0,0,14,2025-12-21 12:24:00,2025-12-21 14:52:00,34,1
2025-07-02 00:45:00,2025-07-02 01:47:00,AA,SFO,BOS,334,17.68,14.87,0.0,0.0,0.6066,-0.0023,18,SFO-BOS,62,0,0,1,0,0,0,11,2025-07-02 00:56:00,2025-07-02 01:52:00,5,0
2025-07-02 09:10:00,2025-07-02 15:26:00,B6,JFK,BOS,4262,18.5,19.44,3.32,2.89,0.4189,-0.2077,75,JFK-BOS,376,9,0,0,0,0,0,9,2025-07-02 09:19:00,2025-07-02 15:26:00,0,0
2025-06-08 17:15:00,2025-06-08 23:13:00,AA,SFO,JFK,4043,14.51,15.55,0.11,0.22,-0.6001,-0.7841,11,SFO-JFK,358,17,1,0,0,0,1,72,2025-06-08 18:27:00,2025-06-09 00:52:00,99,1
2025-02-22 19:20:00,2025-02-22 21:18:00,AA,LAX,JFK,1034,14.19,14.38,0.01,0.0,-3.1252,0.0343,2,LAX-JFK,118,19,0,0,0,0,0,5,2025-02-22 19:25:00,2025-02-22 21:19:00,1,0
2025-12-08 13:15:00,2025-12-08 17:36:00,AA,ATL,LAX,2825,7.45,6.97,4.98,4.87,1.1206,0.7971,0,ATL-LAX,261,13,0,0,0,0,0,8,2025-12-08 13:23:00,2025-12-08 17:57:00,21,1
2025-01-06 17:10:00,2025-01-06 19:00:00,WN,JFK,LAX,935,7.2,4.7,1.81,2.02,0.7772,-0.2084,52,JFK-LAX,110,17,0,0,0,0,0,-6,2025-01-06 17:04:00,2025-01-06 18:53:00,-7,0
2025-03-05 00:40:00,2025-03-05 04:49:00,AA,LAX,ATL,2679,6.09,5.38,0.0,0.42,1.1542,0.0836,0,LAX-ATL,249,0,0,1,0,0,0,9,2025-03-05 00:49:00,2025-03-05 04:45:00,-4,0
2025-03-25 11:00:00,2025-03-25 13:46:00,WN,JFK,ATL,1633,14.93,13.93,2.38,2.32,1.2078,0.2688,23,JFK-ATL,166,11,0,0,0,0,0,3,2025-03-25 11:03:00,2025-03-25 13:39:00,-7,0
2025-04-12 12:50:00,2025-04-12 18:02:00,DL,ATL,JFK,3457,9.82,5.92,3.1,1.04,0.0147,-0.1428,69,ATL-JFK,312,12,0,0,0,0,0,5,2025-04-12 12:55:00,2025-04-12 18:01:00,-1,0
2025-02-18 21:00:00,2025-02-19 01:12:00,WN,ATL,JFK,2709,11.42,13.63,0.0,0.0,-0.4164,0.59,7,ATL-JFK,252,21,0,1,0,0,0,23,2025-02-18 21:23:00,2025-02-19 01:34:00,22,1
2025-01-07 07:15:00,2025-01-07 11:01:00,WN,LAX,JFK,2391,4.23,4.02,0.0,0.0,-1.7916,-0.9324,88,LAX-JFK,226,7,0,0,0,0,0,17,2025-01-07 07:32:00,2025-01-07 11:05:00,4,0
2025-09-05 05:50:00,2025-09-05 10:38:00,DL,JFK,BOS,3162,5.32,4.73,29.05,30.12,0.1356,-0.7649,2,JFK-BOS,288,5,0,0,1,0,0,27,2025-09-05 06:17:00,2025-09-05 11:28:00,50,1
2025-12-20 08:10:00,2025-12-20 11:49:00,B6,JFK,SFO,2298,14.9,16.3,0.0,0.83,-0.4493,-0.9455,82,JFK-SFO,219,8,0,0,0,0,1,40,2025-12-20 08:50:00,2025-12-20 12:37:00,48,1
2025-02-14 04:00:00,2025-02-14 05:03:00,DL,BOS,ATL,355,11.92,10.9,16.77,17.19,-0.7828,0.8768,71,BOS-ATL,63,4,0,1,1,0,0,22,2025-02-14 04:22:00,2025-02-14 05:55:00,52,1
2025-04-19 13:40:00,2025-04-19 17:59:00,AA,BOS,ATL,2803,10.1,9.54,1.6,2.33,-1.3588,-0.8059,84,BOS-ATL,259,13,0,0,0,0,0,-2,2025-04-19 13:38:00,2025-04-19 17:46:00,-13,0
2025-07-04 15:00:00,2025-07-04 20:20:00,WN,LAX,BOS,3567,6.18,6.5,10.33,9.42,-1.0303,0.6205,37,LAX-BOS,320,15,1,0,0,0,0,-8,2025-07-04 14:52:00,2025-07-04 20:21:00,1,0
2025-12-05 19:50:00,2025-12-05 23:34:00,AA,ATL,LAX,2359,4.58,4.04,2.32,0.0,-1.3459,-0.8093,5,ATL-LAX,224,19,0,0,0,0,0,13,2025-12-05 20:03:00,2025-12-05 23:48:00,14,0
2025-09-11 23:20:00,2025-09-12 01:18:00,DL,JFK,ATL,1035,19.94,18.45,0.14,2.2,0.9929,-0.1235,58,JFK-ATL,118,23,0,1,0,0,0,13,2025-09-11 23:33:00,2025-09-12 01:12:00,-6,0
2025-10-07 01:45:00,2025-10-07 02:47:00,UA,BOS,JFK,332,22.4,24.68,14.12,13.09,1.1156,0.0875,95,BOS-JFK,62,1,0,1,1,0,0,23,2025-10-07 02:08:00,2025-10-07 03:30:00,43,1
2025-08-01 05:10:00,2025-08-01 07:49:00,B6,LAX,JFK,1545,10.09,10.15,0.0,0.0,-0.7423,0.577,77,LAX-JFK,159,5,0,0,0,0,0,-10,2025-08-01 05:00:00,2025-08-01 07:50:00,1,0
2025-06-02 07:10:00,2025-06-02 12:27:00,WN,LAX,SFO,3525,10.48,12.53,4.64,4.48,1.2246,-0.6877,65,LAX-SFO,317,7,0,0,0,0,0,-7,2025-06-02 07:03:00,2025-06-02 12:26:00,-1,0
2025-03-14 05:50:00,2025-03-14 08:37:00,WN,JFK,ATL,1652,21.76,24.06,4.59,3.22,0.1027,0.2998,44,JFK-ATL,167,5,0,0,0,0,0,-1,2025-03-14 05:49:00,2025-03-14 08:49:00,12,0
2025-11-12 19:45:00,2025-11-13 02:05:00,UA,BOS,ATL,4315,5.56,6.76,13.85,13.84,1.4683,0.7369,23,BOS-ATL,380,19,0,0,1,0,0,29,2025-11-12 20:14:00,2025-11-13 03:16:00,71,1
2025-10-21 03:50:00,2025-10-21 06:41:00,DL,BOS,JFK,1696,5.71,5.05,0.0,0.29,0.5965,0.8973,12,BOS-JFK,171,3,0,1,0,0,0,5,2025-10-21 03:55:00,2025-10-21 06:43:00,2,0
2025-01-10 00:15:00,2025-01-10 03:38:00,B6,BOS,ATL,2095,18.27,16.27,0.17,0.0,0.6322,0.9667,5,BOS-ATL,203,0,0,1,0,0,0,9,2025-01-10 00:24:00,2025-01-10 03:48:00,10,0
2025-09-19 20:20:00,2025-09-20 01:34:00,AA,BOS,LAX,3493,6.04,6.89,0.0,0.0,0.245,0.8545,94,BOS-LAX,314,20,0,1,0,0,0,-4,2025-09-19 20:16:00,2025-09-20 01:24:00,-10,0
2025-01-31 23:30:00,2025-02-01 03:55:00,AA,LAX,BOS,2878,9.21,8.58,10.1,8.97,-0.7217,-0.3044,93,LAX-BOS,265,23,0,1,0,0,0,3,2025-01-31 23:33:00,2025-02-01 03:49:00,-6,0
2025-09-27 05:20:00,2025-09-27 06:33:00,AA,ATL,JFK,471,2.71,0.56,1.1,0.0,-1.3203,-0.6065,64,ATL-JFK,73,5,0,0,0,0,0,5,2025-09-27 05:25:00,2025-09-27 06:30:00,-3,0
2025-10-29 07:10:00,2025-10-29 08:35:00,WN,ATL,BOS,620,24.45,23.44,0.26,0.71,0.2049,-0.1557,43,ATL-BOS,85,7,0,0,0,0,0,21,2025-10-29 07:31:00,2025-10-29 08:51:00,16,1
2025-02-17 12:20:00,2025-02-17 14:25:00,DL,JFK,LAX,1125,17.65,16.48,3.85,4.51,-0.0953,-0.5734,19,JFK-LAX,125,12,1,0,0,0,0,3,2025-02-17 12:23:00,2025-02-17 14:26:00,1,0
2025-06-08 12:30:00,2025-06-08 18:22:00,AA,BOS,JFK,3960,17.19,17.05,0.46,1.41,2.5995,0.8561,96,BOS-JFK,352,12,1,0,0,0,0,-7,2025-06-08 12:23:00,2025-06-08 18:17:00,-5,0
2025-02-15 23:00:00,2025-02-16 00:06:00,AA,SFO,ATL,393,5.27,5.12,1.89,0.0,0.7477,-0.0804,68,SFO-ATL,66,23,0,1,0,0,0,5,2025-02-15 23:05:00,2025-02-15 23:57:00,-9,0
2025-07-27 09:15:00,2025-07-27 10:38:00,WN,LAX,BOS,600,26.23,26.82,1.59,0.0,-0.8445,-0.3803,6,LAX-BOS,83,9,1,0,0,0,0,1,2025-07-27 09:16:00,2025-07-27 10:50:00,12,0
2025-12-05 00:15:00,2025-12-05 05:35:00,UA,LAX,ATL,3568,8.97,8.04,0.0,0.0,-0.0844,0.8401,42,LAX-ATL,320,0,0,1,0,0,0,19,2025-12-05 00:34:00,2025-12-05 06:00:00,25,1
2025-01-30 10:00:00,2025-01-30 14:28:00,UA,JFK,ATL,2915,20.49,19.23,10.07,9.41,-0.3684,-0.4023,34,JFK-ATL,268,10,0,0,0,0,0,12,2025-01-30 10:12:00,2025-01-30 14:25:00,-3,0
2025-05-26 13:00:00,2025-05-26 19:29:00,WN,JFK,LAX,4431,13.9,12.98,14.31,11.99,-0.0393,-0.0066,79,JFK-LAX,389,13,1,0,1,0,0,60,2025-05-26 14:00:00,2025-05-26 20:58:00,89,1
2025-12-22 12:20:00,2025-12-22 14:33:00,UA,JFK,BOS,1222,17.56,11.84,0.49,0.0,-1.3115,-0.0829,73,JFK-BOS,133,12,0,0,0,0,0,5,2025-12-22 12:25:00,2025-12-22 14:24:00,-9,0
2025-04-20 12:00:00,2025-04-20 16:41:00,B6,ATL,SFO,3070,14.04,12.87,0.0,0.68,0.9075,0.6769,72,ATL-SFO,281,12,1,0,0,0,0,11,2025-04-20 12:11:00,2025-04-20 17:14:00,33,1
2025-02-18 22:15:00,2025-02-18 23:59:00,UA,JFK,BOS,864,7.0,9.51,4.16,5.58,-0.3952,-0.0304,78,JFK-BOS,104,22,0,1,0,0,0,9,2025-02-18 22:24:00,2025-02-18 23:51:00,-8,0
2025-06-28 19:30:00,2025-06-28 23:47:00,WN,SFO,LAX,2778,5.41,0.0,0.07,0.69,0.6543,-0.2958,26,SFO-LAX,257,19,0,0,0,0,1,10,2025-06-28 19:40:00,2025-06-29 00:32:00,45,1
2025-07-05 06:45:00,2025-07-05 08:20:00,DL,BOS,LAX,745,20.9,22.82,0.0,0.32,-0.6036,-0.7513,42,BOS-LAX,95,6,0,0,0,0,0,12,2025-07-05 06:57:00,2025-07-05 08:15:00,-5,0
2025-08-30 08:00:00,2025-08-30 14:04:00,UA,ATL,LAX,4113,0.0,1.69,0.63,0.0,-0.3975,0.0789,74,ATL-LAX,364,8,0,0,0,0,0,15,2025-08-30 08:15:00,2025-08-30 14:04:00,0,0
2025-04-25 16:20:00,2025-04-25 19:39:00,AA,JFK,SFO,2047,17.05,14.95,0.97,0.02,0.5933,0.3312,25,JFK-SFO,199,16,0,0,0,0,1,50,2025-04-25 17:10:00,2025-04-25 20:59:00,80,1
2025-12-15 09:00:00,2025-12-15 11:25:00,DL,BOS,LAX,1370,21.48,22.29,0.0,1.14,-2.0711,-0.4829,55,BOS-LAX,145,9,0,0,0,0,0,0,2025-12-15 09:00:00,2025-12-15 11:30:00,5,0
2025-07-10 10:20:00,2025-07-10 16:50:00,B6,LAX,JFK,4434,4.75,4.76,0.0,0.66,0.9873,0.3284,81,LAX-JFK,390,10,0,0,0,0,0,-1,2025-07-10 10:19:00,2025-07-10 16:50:00,0,0
2025-04-15 04:20:00,2025-04-15 05:41:00,B6,SFO,LAX,579,6.35,5.01,3.82,5.44,1.4698,-0.076,67,SFO-LAX,81,4,0,1,0,0,0,8,2025-04-15 04:28:00,2025-04-15 05:27:00,-14,0
2025-12-17 06:45:00,2025-12-17 12:13:00,UA,SFO,JFK,3659,3.39,1.55,0.33,0.95,1.4504,-0.9128,33,SFO-JFK,328,6,0,0,0,0,1,15,2025-12-17 07:00:00,2025-12-17 12:53:00,40,1
2025-12-04 17:20:00,2025-12-04 21:10:00,DL,BOS,LAX,2441,4.07,6.03,0.0,0.0,-0.7009,-0.912,39,BOS-LAX,230,17,0,0,0,0,0,2,2025-12-04 17:22:00,2025-12-04 21:16:00,6,0
2025-07-02 20:50:00,2025-07-03 01:40:00,WN,SFO,BOS,3187,20.53,20.78,0.0,0.63,0.3017,-0.8812,63,SFO-BOS,290,20,0,1,0,0,1,30,2025-07-02 21:20:00,2025-07-03 02:22:00,42,1
2025-01-10 18:10:00,2025-01-10 20:36:00,WN,ATL,LAX,1393,16.18,15.17,5.58,3.16,-0.4462,-0.1694,10,ATL-LAX,146,18,0,0,0,0,0,17,2025-01-10 18:27:00,2025-01-10 20:45:00,9,0
2025-08-06 07:00:00,2025-08-06 12:55:00,AA,BOS,LAX,4001,14.33,14.62,1.12,2.96,-1.4862,0.6399,79,BOS-LAX,355,7,0,0,0,0,0,13,2025-08-06 07:13:00,2025-08-06 13:25:00,30,1
2025-07-22 03:00:00,2025-07-22 06:31:00,WN,BOS,ATL,2194,9.82,5.92,0.0,1.23,0.0887,-0.3554,3,BOS-ATL,211,3,0,1,0,0,0,4,2025-07-22 03:04:00,2025-07-22 06:24:00,-7,0
2025-02-24 03:15:00,2025-02-24 06:35:00,AA,SFO,JFK,2057,2.26,0.91,0.66,1.55,-1.4566,0.2578,79,SFO-JFK,200,3,0,1,0,0,0,7,2025-02-24 03:22:00,2025-02-24 06:43:00,8,0
2025-08-20 09:10:00,2025-08-20 12:42:00,AA,LAX,ATL,2216,2.11,5.24,0.46,0.59,0.5995,0.6897,79,LAX-ATL,212,9,0,0,0,0,0,20,2025-08-20 09:30:00,2025-08-20 13:02:00,20,1
2025-11-03 12:00:00,2025-11-03 14:39:00,UA,BOS,ATL,1544,7.95,8.27,2.61,3.5,0.8188,0.1198,64,BOS-ATL,159,12,0,0,0,0,0,7,2025-11-03 12:07:00,2025-11-03 14:22:00,-17,0
2025-02-08 21:10:00,2025-02-08 23:56:00,WN,ATL,BOS,1639,7.69,3.53,0.0,1.39,1.2912,0.8471,28,ATL-BOS,166,21,0,1,0,0,0,-4,2025-02-08 21:06:00,2025-02-08 23:53:00,-3,0
2025-09-22 21:50:00,2025-09-22 23:36:00,DL,LAX,JFK,888,20.08,17.46,10.81,9.63,0.5124,-0.3874,40,LAX-JFK,106,21,0,1,0,0,0,34,2025-09-22 22:24:00,2025-09-22 23:55:00,19,1
2025-02-21 00:45:00,2025-02-21 04:27:00,B6,LAX,JFK,2342,27.59,25.03,0.26,1.45,-0.4137,0.0178,58,LAX-JFK,222,0,0,1,0,0,0,11,2025-02-21 00:56:00,2025-02-21 04:17:00,-10,0
2025-10-01 16:00:00,2025-10-01 19:38:00,UA,SFO,JFK,2293,9.77,10.48,0.0,0.13,-0.1889,0.09,94,SFO-JFK,218,16,0,0,0,0,1,26,2025-10-01 16:26:00,2025-10-01 20:29:00,51,1
2025-06-02 07:50:00,2025-06-02 10:57:00,WN,JFK,LAX,1896,4.76,5.07,0.7,0.14,0.1228,-0.6497,84,JFK-LAX,187,7,0,0,0,0,0,-5,2025-06-02 07:45:00,2025-06-02 10:52:00,-5,0
2025-01-03 04:10:00,2025-01-03 10:40:00,UA,ATL,JFK,4439,21.1,24.71,0.4,0.0,1.4629,-0.0011,5,ATL-JFK,390,4,0,1,0,0,0,5,2025-01-03 04:15:00,2025-01-03 10:39:00,-1,0
2025-12-19 13:20:00,2025-12-19 14:57:00,UA,BOS,JFK,774,12.13,7.36,15.83,13.72,1.4734,0.305,95,BOS-JFK,97,13,0,0,1,0,0,34,2025-12-19 13:54:00,2025-12-19 15:54:00,57,1
2025-03-02 00:15:00,2025-03-02 06:20:00,DL,LAX,ATL,4123,8.5,10.43,0.0,1.47,-0.0841,-0.8008,69,LAX-ATL,365,0,1,1,0,1,0,13,2025-03-02 00:28:00,2025-03-02 06:41:00,21,1
2025-08-06 08:20:00,2025-08-06 14:10:00,UA,BOS,JFK,3940,14.52,15.35,0.57,0.4,0.9829,0.2834,96,BOS-JFK,350,8,0,0,0,0,0,12,2025-08-06 08:32:00,2025-08-06 14:04:00,-6,0
2025-03-08 13:45:00,2025-03-08 14:51:00,DL,ATL,SFO,393,2.76,1.53,0.0,0.0,-0.516,0.0506,36,ATL-SFO,66,13,0,0,0,0,0,8,2025-03-08 13:53:00,2025-03-08 14:43:00,-8,0
2025-12-07 06:40:00,2025-12-07 11:35:00,AA,SFO,LAX,3245,6.67,6.34,0.38,0.35,0.4363,-0.2577,80,SFO-LAX,295,6,1,0,0,0,0,-2,2025-12-07 06:38:00,2025-12-07 11:34:00,-1,0
2025-09-27 14:30:00,2025-09-27 16:39:00,WN,JFK,LAX,1178,9.79,8.0,0.25,0.0,-0.3494,-0.2372,11,JFK-LAX,129,14,0,0,0,0,0,-1,2025-09-27 14:29:00,2025-09-27 16:40:00,1,0
2025-10-21 11:40:00,2025-10-21 12:53:00,DL,BOS,SFO,473,9.74,14.69,0.59,0.0,0.2439,0.7117,52,BOS-SFO,73,11,0,0,0,0,0,-10,2025-10-21 11:30:00,2025-10-21 12:56:00,3,0
2025-06-07 19:40:00,2025-06-08 01:28:00,AA,JFK,LAX,3916,15.35,15.08,3.15,2.61,-0.8219,0.9267,42,JFK-LAX,348,19,0,0,0,0,0,5,2025-06-07 19:45:00,2025-06-08 01:31:00,3,0
2025-06-20 04:10:00,2025-06-20 05:48:00,B6,LAX,SFO,786,12.54,12.31,0.0,0.0,-1.4204,-0.2927,26,LAX-SFO,98,4,0,1,0,0,0,-5,2025-06-20 04:05:00,2025-06-20 06:04:00,16,1
2025-08-20 01:20:00,2025-08-20 03:59:00,WN,ATL,BOS,1555,4.71,3.63,5.05,5.73,-1.2463,-0.0827,32,ATL-BOS,159,1,0,1,0,0,0,-7,2025-08-20 01:13:00,2025-08-20 03:51:00,-8,0
2025-10-14 12:00:00,2025-10-14 13:31:00,DL,JFK,ATL,705,2.83,3.33,0.35,1.88,0.5831,-0.0356,1,JFK-ATL,91,12,0,0,0,0,0,-6,2025-10-14 11:54:00,2025-10-14 13:34:00,3,0
2025-11-06 06:40:00,2025-11-06 08:27:00,WN,BOS,JFK,896,9.71,8.96,4.13,3.16,-1.1143,0.3072,66,BOS-JFK,107,6,0,0,0,0,0,7,2025-11-06 06:47:00,2025-11-06 08:19:00,-8,0
2025-01-07 16:20:00,2025-01-07 17:40:00,AA,ATL,BOS,559,8.36,10.89,0.58,0.79,-0.3412,-0.5184,22,ATL-BOS,80,16,0,0,0,0,0,3,2025-01-07 16:23:00,2025-01-07 17:41:00,1,0
2025-08-31 02:40:00,2025-08-31 08:22:00,DL,ATL,LAX,3837,0.54,0.13,0.38,0.0,0.8904,-0.2869,1,ATL-LAX,342,2,1,1,0,1,0,61,2025-08-31 03:41:00,2025-08-31 09:49:00,87,1
2025-02-09 13:30:00,2025-02-09 14:49:00,DL,JFK,ATL,548,4.66,7.09,0.0,0.0,1.1204,-0.7209,23,JFK-ATL,79,13,1,0,0,0,0,-8,2025-02-09 13:22:00,2025-02-09 14:52:00,3,0
2025-04-16 23:15:00,2025-04-17 04:29:00,UA,JFK,SFO,3488,9.41,9.5,7.95,6.43,-0.9794,-0.9838,78,JFK-SFO,314,23,0,1,0,0,1,23,2025-04-16 23:38:00,2025-04-17 04:50:00,21,1
2025-10-30 02:10:00,2025-10-30 04:02:00,UA,JFK,BOS,959,6.99,7.65,0.0,0.62,-2.4003,-0.6256,52,JFK-BOS,112,2,0,1,0,0,0,0,2025-10-30 02:10:00,2025-10-30 03:50:00,-12,0
2025-04-02 07:50:00,2025-04-02 13:56:00,UA,LAX,BOS,4142,10.36,10.38,27.2,27.66,-0.8036,-0.9098,22,LAX-BOS,366,7,0,0,1,0,0,0,2025-04-02 07:50:00,2025-04-02 14:10:00,14,0
2025-10-18 20:15:00,2025-10-19 01:59:00,DL,JFK,ATL,3861,6.92,9.6,0.93,0.19,0.2005,-0.5154,62,JFK-ATL,344,20,0,1,0,0,0,-3,2025-10-18 20:12:00,2025-10-19 01:50:00,-9,0
2025-06-18 12:00:00,2025-06-18 16:30:00,DL,JFK,BOS,2943,15.04,15.32,8.19,8.74,0.6712,-0.2795,20,JFK-BOS,270,12,0,0,0,0,0,25,2025-06-18 12:25:00,2025-06-18 16:50:00,20,1
2025-03-26 04:15:00,2025-03-26 09:52:00,AA,SFO,BOS,3778,5.49,3.88,0.0,0.53,-1.1798,-0.8719,98,SFO-BOS,337,4,0,1,0,0,0,0,2025-03-26 04:15:00,2025-03-26 10:00:00,8,0
2025-05-02 05:50:00,2025-05-02 08:29:00,AA,LAX,JFK,1553,8.99,9.76,1.09,1.33,-1.7667,0.9206,10,LAX-JFK,159,5,0,0,0,0,0,2,2025-05-02 05:52:00,2025-05-02 08:28:00,-1,0
2025-07-13 18:15:00,2025-07-13 23:37:00,DL,SFO,BOS,3589,8.9,9.69,7.76,9.83,-0.9078,-0.7303,39,SFO-BOS,322,18,1,0,0,0,1,44,2025-07-13 18:59:00,2025-07-14 00:44:00,67,1
2025-10-07 20:50:00,2025-10-07 23:03:00,WN,BOS,ATL,1230,17.27,15.11,0.0,0.0,-0.5192,0.7125,53,BOS-ATL,133,20,0,1,0,0,0,-1,2025-10-07 20:49:00,2025-10-07 23:09:00,6,0
2025-08-10 08:20:00,2025-08-10 12:45:00,B6,LAX,BOS,2881,7.35,10.7,0.0,0.0,2.0876,0.429,93,LAX-BOS,265,8,1,0,0,0,0,7,2025-08-10 08:27:00,2025-08-10 12:50:00,5,0
2025-12-07 11:45:00,2025-12-07 17:53:00,B6,LAX,JFK,4161,26.49,28.88,0.0,0.0,0.1098,0.5382,8,LAX-JFK,368,11,1,0,0,0,0,8,2025-12-07 11:53:00,2025-12-07 18:00:00,7,0
2025-11-13 18:40:00,2025-11-13 23:42:00,DL,JFK,LAX,3338,24.6,25.23,0.0,0.62,0.6486,-0.5558,80,JFK-LAX,302,18,0,0,0,0,0,7,2025-11-13 18:47:00,2025-11-13 23:54:00,12,0
2025-10-02 04:00:00,2025-10-02 06:30:00,UA,ATL,SFO,1432,5.49,5.85,1.25,1.2,1.1001,0.8781,25,ATL-SFO,150,4,0,1,0,0,0,1,2025-10-02 04:01:00,2025-10-02 06:33:00,3,0
2025-08-09 04:30:00,2025-08-09 09:37:00,DL,JFK,ATL,3401,7.8,12.82,0.07,0.09,-0.4495,-0.5396,70,JFK-ATL,307,4,0,1,0,0,0,-7,2025-08-09 04:23:00,2025-08-09 09:33:00,-4,0
2025-04-16 18:20:00,2025-04-17 00:16:00,AA,SFO,LAX,4009,2.73,5.41,0.0,0.0,0.1005,-0.956,12,SFO-LAX,356,18,0,0,0,0,1,-10,2025-04-16 18:10:00,2025-04-17 00:10:00,-6,0
2025-05-31 04:10:00,2025-05-31 10:08:00,WN,LAX,BOS,4035,14.62,12.63,0.0,0.18,0.253,-0.6915,17,LAX-BOS,358,4,0,1,0,0,0,6,2025-05-31 04:16:00,2025-05-31 10:03:00,-5,0
2025-02-13 18:30:00,2025-02-13 23:37:00,AA,ATL,SFO,3404,5.05,6.37,0.0,1.09,0.6063,-0.2993,99,ATL-SFO,307,18,0,0,0,0,0,-5,2025-02-13 18:25:00,2025-02-13 23:28:00,-9,0
2025-05-17 11:00:00,2025-05-17 16:05:00,AA,BOS,ATL,3375,11.67,7.39,0.8,1.53,-0.1286,-0.8389,61,BOS-ATL,305,11,0,0,0,0,0,7,2025-05-17 11:07:00,2025-05-17 16:10:00,5,0
2025-12-05 23:40:00,2025-12-06 05:03:00,B6,JFK,LAX,3596,6.04,9.19,0.0,0.0,1.044,0.6233,2,JFK-LAX,323,23,0,1,0,0,0,2,2025-12-05 23:42:00,2025-12-06 04:54:00,-9,0
2025-06-05 00:45:00,2025-06-05 05:51:00,B6,SFO,BOS,3393,42.34,46.51,3.69,4.4,1.1035,0.1211,59,SFO-BOS,306,0,0,1,0,0,0,3,2025-06-05 00:48:00,2025-06-05 05:55:00,4,0
2025-02-11 22:00:00,2025-02-11 23:44:00,UA,JFK,ATL,861,6.61,10.68,0.13,0.2,-0.2834,0.8533,71,JFK-ATL,104,22,0,1,0,0,0,14,2025-02-11 22:14:00,2025-02-11 23:39:00,-5,0
2025-08-26 05:20:00,2025-08-26 10:49:00,UA,SFO,LAX,3677,8.17,9.21,0.35,0.0,0.7591,0.1749,79,SFO-LAX,329,5,0,0,0,0,0,-9,2025-08-26 05:11:00,2025-08-26 10:34:00,-15,0
2025-12-18 00:40:00,2025-12-18 02:39:00,WN,LAX,ATL,1055,18.75,18.41,6.31,6.63,0.3892,-0.8729,25,LAX-ATL,119,0,0,1,0,0,0,-2,2025-12-18 00:38:00,2025-12-18 02:32:00,-7,0
2025-11-13 17:00:00,2025-11-13 21:06:00,UA,BOS,SFO,2636,21.16,17.79,14.4,16.18,2.6618,0.0727,57,BOS-SFO,246,17,0,0,1,0,1,19,2025-11-13 17:19:00,2025-11-13 21:36:00,30,1
2025-04-11 12:20:00,2025-04-11 15:13:00,WN,ATL,LAX,1725,12.95,11.91,0.53,0.0,0.8962,-0.8428,15,ATL-LAX,173,12,0,0,0,0,0,4,2025-04-11 12:24:00,2025-04-11 15:13:00,0,0
2025-06-15 20:15:00,2025-06-15 22:26:00,AA,SFO,BOS,1194,20.96,18.76,7.02,6.1,0.3862,0.8776,96,SFO-BOS,131,20,1,1,0,1,0,1,2025-06-15 20:16:00,2025-06-15 22:29:00,3,0
2025-07-13 02:00:00,2025-07-13 04:34:00,B6,JFK,SFO,1484,38.73,40.7,0.97,0.0,-0.5693,0.3131,22,JFK-SFO,154,2,1,1,0,1,0,17,2025-07-13 02:17:00,2025-07-13 05:08:00,34,1
2025-04-01 01:45:00,2025-04-01 03:12:00,AA,SFO,BOS,655,6.48,6.27,6.51,6.97,-1.0345,-0.3041,19,SFO-BOS,87,1,0,1,0,0,0,-10,2025-04-01 01:35:00,2025-04-01 03:11:00,-1,0
2025-04-09 13:20:00,2025-04-09 16:47:00,WN,SFO,JFK,2146,4.68,4.54,3.45,3.44,0.5277,0.2183,68,SFO-JFK,207,13,0,0,0,0,0,-2,2025-04-09 13:18:00,2025-04-09 16:36:00,-11,0
2025-03-28 21:45:00,2025-03-29 01:05:00,B6,JFK,LAX,2059,14.32,14.72,0.0,1.97,-1.7083,0.5039,16,JFK-LAX,200,21,0,1,0,0,0,-5,2025-03-28 21:40:00,2025-03-29 01:10:00,5,0
2025-12-30 09:30:00,2025-12-30 12:45:00,AA,ATL,JFK,1994,17.31,19.29,21.24,20.65,1.6239,0.8796,13,ATL-JFK,195,9,0,0,1,0,0,13,2025-12-30 09:43:00,2025-12-30 12:57:00,12,0
2025-09-30 19:50:00,2025-09-30 21:20:00,DL,SFO,BOS,685,26.5,25.38,5.07,6.17,-2.0594,0.253,72,SFO-BOS,90,19,0,0,0,0,0,-10,2025-09-30 19:40:00,2025-09-30 21:17:00,-3,0
2025-11-03 21:50:00,2025-11-04 02:13:00,DL,JFK,ATL,2848,11.53,15.58,0.52,0.3,-1.0292,0.3497,14,JFK-ATL,263,21,0,1,0,0,0,2,2025-11-03 21:52:00,2025-11-04 02:01:00,-12,0
2025-10-26 20:30:00,2025-10-26 22:26:00,UA,ATL,SFO,1011,10.2,12.7,0.0,2.23,1.0,-0.1978,99,ATL-SFO,116,20,1,1,0,1,0,29,2025-10-26 20:59:00,2025-10-26 22:54:00,28,1
2025-12-17 12:15:00,2025-12-17 18:02:00,AA,JFK,BOS,3894,5.09,5.05,0.47,0.18,-0.0354,-0.5503,81,JFK-BOS,347,12,0,0,0,0,0,9,2025-12-17 12:24:00,2025-12-17 17:57:00,-5,0
2025-02-08 16:20:00,2025-02-08 17:27:00,UA,ATL,JFK,400,21.21,22.36,0.0,0.0,0.183,-0.2955,23,ATL-JFK,67,16,0,0,0,0,0,2,2025-02-08 16:22:00,2025-02-08 17:16:00,-11,0
2025-11-18 12:45:00,2025-11-18 14:03:00,B6,BOS,JFK,532,11.82,14.35,0.0,0.85,-0.6875,0.3235,7,BOS-JFK,78,12,0,0,0,0,0,0,2025-11-18 12:45:00,2025-11-18 14:05:00,2,0
2025-01-25 16:20:00,2025-01-25 19:00:00,AA,BOS,ATL,1560,0.96,3.21,0.0,0.49,-0.1276,0.7439,5,BOS-ATL,160,16,0,0,0,0,0,6,2025-01-25 16:26:00,2025-01-25 18:57:00,-3,0
2025-06-23 13:30:00,2025-06-23 16:46:00,B6,JFK,LAX,2013,32.43,28.45,9.33,9.78,0.6842,0.3309,55,JFK-LAX,196,13,0,0,0,0,0,15,2025-06-23 13:45:00,2025-06-23 16:50:00,4,0
2025-08-05 12:10:00,2025-08-05 18:35:00,WN,JFK,SFO,4373,3.93,2.63,0.0,0.56,-0.8323,0.9129,65,JFK-SFO,385,12,0,0,0,0,1,19,2025-08-05 12:29:00,2025-08-05 19:15:00,40,1
2025-05-11 10:50:00,2025-05-11 14:45:00,UA,SFO,JFK,2506,20.09,20.15,7.8,8.02,-0.2621,0.3443,36,SFO-JFK,235,10,1,0,0,0,1,19,2025-05-11 11:09:00,2025-05-11 15:30:00,45,1
2025-02-23 15:40:00,2025-02-23 18:46:00,UA,BOS,SFO,1891,13.19,10.44,0.45,0.52,0.0053,0.2581,74,BOS-SFO,186,15,1,0,0,0,0,6,2025-02-23 15:46:00,2025-02-23 19:07:00,21,1
2025-03-12 18:15:00,2025-03-12 23:55:00,AA,LAX,ATL,3817,2.39,4.68,7.96,9.11,-0.2708,-0.975,58,LAX-ATL,340,18,0,0,0,0,0,-4,2025-03-12 18:11:00,2025-03-12 23:54:00,-1,0
2025-10-29 22:30:00,2025-10-30 00:50:00,B6,SFO,BOS,1311,7.84,12.07,0.14,0.0,0.7508,0.2198,51,SFO-BOS,140,22,0,1,0,0,0,-2,2025-10-29 22:28:00,2025-10-30 00:42:00,-8,0
2025-04-27 14:20:00,2025-04-27 20:20:00,AA,LAX,ATL,4067,6.11,6.58,4.88,5.96,0.4594,-0.8546,0,LAX-ATL,360,14,1,0,0,0,0,12,2025-04-27 14:32:00,2025-04-27 20:12:00,-8,0
2025-04-24 02:10:00,2025-04-24 05:25:00,AA,BOS,ATL,1994,4.96,1.0,7.34,5.49,-0.1046,0.0444,22,BOS-ATL,195,2,0,1,0,0,0,13,2025-04-24 02:23:00,2025-04-24 05:43:00,18,1
2025-12-04 14:45:00,2025-12-04 17:29:00,WN,LAX,ATL,1613,15.17,12.52,13.6,15.87,-1.706,0.1726,26,LAX-ATL,164,14,0,0,1,0,0,16,2025-12-04 15:01:00,2025-12-04 17:59:00,30,1
2025-02-22 07:50:00,2025-02-22 10:30:00,AA,BOS,SFO,1565,18.33,16.46,16.05,16.76,1.1818,0.2924,49,BOS-SFO,160,7,0,0,1,0,1,36,2025-02-22 08:26:00,2025-02-22 11:07:00,37,1
2025-12-01 00:45:00,2025-12-01 01:47:00,AA,JFK,SFO,340,9.43,11.97,1.95,3.52,-0.9237,0.7424,20,JFK-SFO,62,0,0,1,0,0,0,9,2025-12-01 00:54:00,2025-12-01 02:03:00,16,1
2025-12-03 01:15:00,2025-12-03 06:00:00,DL,LAX,BOS,3130,8.5,5.68,0.0,0.7,1.7761,-0.054,30,LAX-BOS,285,1,0,1,0,0,0,6,2025-12-03 01:21:00,2025-12-03 05:56:00,-4,0
2025-08-07 14:15:00,2025-08-07 18:28:00,UA,BOS,LAX,2724,15.51,15.08,14.2,12.78,-0.8448,-0.0384,16,BOS-LAX,253,14,0,0,1,0,0,18,2025-08-07 14:33:00,2025-08-07 19:06:00,38,1
2025-03-02 22:00:00,2025-03-03 02:32:00,DL,ATL,JFK,2964,0.0,2.9,0.0,0.0,0.2541,0.0974,21,ATL-JFK,272,22,1,1,0,1,0,72,2025-03-02 23:12:00,2025-03-03 04:10:00,98,1
2025-02-26 12:40:00,2025-02-26 17:18:00,B6,SFO,ATL,3037,6.86,8.21,7.73,8.84,0.6359,-0.3309,85,SFO-ATL,278,12,0,0,0,0,1,26,2025-02-26 13:06:00,2025-02-26 18:01:00,43,1
2025-04-14 10:15:00,2025-04-14 11:23:00,B6,LAX,JFK,414,5.77,7.95,14.11,15.03,-0.1966,-0.4569,50,LAX-JFK,68,10,0,0,1,0,0,10,2025-04-14 10:25:00,2025-04-14 11:42:00,19,1
2025-07-30 02:50:00,2025-07-30 08:44:00,UA,ATL,BOS,3986,9.41,9.3,7.21,7.08,0.312,-0.7861,94,ATL-BOS,354,2,0,1,0,0,0,-10,2025-07-30 02:40:00,2025-07-30 08:33:00,-11,0
2025-02-26 16:45:00,2025-02-26 20:36:00,UA,BOS,LAX,2447,4.6,5.74,0.0,1.68,-0.2825,0.6795,4,BOS-LAX,231,16,0,0,0,0,0,-4,2025-02-26 16:41:00,2025-02-26 20:32:00,-4,0
2025-06-16 01:10:00,2025-06-16 06:01:00,UA,BOS,JFK,3203,2.94,1.12,1.04,0.0,1.8892,-0.9165,45,BOS-JFK,291,1,0,1,0,0,0,0,2025-06-16 01:10:00,2025-06-16 06:16:00,15,1
2025-02-12 20:50:00,2025-02-12 22:01:00,DL,SFO,LAX,452,4.35,5.78,0.86,1.8,0.2022,0.9624,71,SFO-LAX,71,20,0,1,0,0,0,6,2025-02-12 20:56:00,2025-02-12 22:09:00,8,0
2025-07-17 19:10:00,2025-07-18 00:25:00,UA,SFO,JFK,3496,9.49,12.73,7.42,5.86,-0.1164,-0.4217,82,SFO-JFK,315,19,0,0,0,0,1,6,2025-07-17 19:16:00,2025-07-18 00:45:00,20,1
2025-01-08 23:20:00,2025-01-09 04:07:00,DL,LAX,BOS,3144,6.27,3.99,0.68,0.82,0.2442,0.4041,76,LAX-BOS,287,23,0,1,0,0,0,10,2025-01-08 23:30:00,2025-01-09 04:41:00,34,1
2025-09-16 06:20:00,2025-09-16 09:23:00,B6,JFK,LAX,1847,4.28,3.69,0.0,0.0,1.1322,0.4626,43,JFK-LAX,183,6,0,0,0,0,0,16,2025-09-16 06:36:00,2025-09-16 09:42:00,19,1
2025-01-21 03:50:00,2025-01-21 10:03:00,UA,ATL,LAX,4230,28.49,28.5,0.04,0.0,0.3904,-0.2056,98,ATL-LAX,373,3,0,1,0,0,0,6,2025-01-21 03:56:00,2025-01-21 10:20:00,17,1
2025-03-13 07:40:00,2025-03-13 12:18:00,UA,BOS,JFK,3032,7.48,7.19,0.0,0.0,0.1834,-0.179,24,BOS-JFK,278,7,0,0,0,0,0,26,2025-03-13 08:06:00,2025-03-13 13:06:00,48,1
2025-03-05 19:50:00,2025-03-06 01:54:00,DL,ATL,SFO,4111,9.93,8.49,18.84,17.59,-1.4346,0.1957,87,ATL-SFO,364,19,0,0,1,0,1,59,2025-03-05 20:49:00,2025-03-06 02:58:00,64,1
2025-10-31 05:30:00,2025-10-31 11:05:00,AA,LAX,SFO,3750,20.57,22.33,0.0,0.47,1.1553,-0.8612,99,LAX-SFO,335,5,0,0,0,0,0,-5,2025-10-31 05:25:00,2025-10-31 10:57:00,-8,0
2025-01-20 21:45:00,2025-01-20 23:53:00,AA,ATL,LAX,1163,10.61,11.88,3.61,4.13,0.3503,-0.9561,29,ATL-LAX,128,21,1,1,0,1,0,34,2025-01-20 22:19:00,2025-01-21 00:35:00,42,1
2025-06-06 03:45:00,2025-06-06 10:19:00,DL,LAX,BOS,4485,13.53,13.2,1.16,0.95,-0.4454,0.445,81,LAX-BOS,394,3,0,1,0,0,0,-5,2025-06-06 03:40:00,2025-06-06 10:24:00,5,0
2025-08-04 01:45:00,2025-08-04 06:54:00,WN,SFO,BOS,3419,4.11,4.49,17.04,16.58,0.3267,0.0389,30,SFO-BOS,309,1,0,1,1,0,0,14,2025-08-04 01:59:00,2025-08-04 07:13:00,19,1
2025-07-08 05:20:00,2025-07-08 07:23:00,B6,BOS,JFK,1096,12.39,8.2,0.0,0.75,1.3909,0.9966,87,BOS-JFK,123,5,0,0,0,0,0,9,2025-07-08 05:29:00,2025-07-08 07:31:00,8,0
2025-09-06 18:20:00,2025-09-06 23:45:00,WN,LAX,ATL,3630,25.86,26.91,0.0,0.07,0.7151,-0.4023,44,LAX-ATL,325,18,0,0,0,0,0,7,2025-09-06 18:27:00,2025-09-07 00:16:00,31,1
2025-10-21 14:50:00,2025-10-21 18:13:00,AA,SFO,BOS,2101,9.64,14.91,9.89,9.78,1.9686,-0.2542,36,SFO-BOS,203,14,0,0,0,0,1,33,2025-10-21 15:23:00,2025-10-21 19:18:00,65,1
2025-05-24 08:45:00,2025-05-24 14:34:00,AA,JFK,ATL,3930,13.68,13.7,0.13,0.51,0.8744,0.2696,72,JFK-ATL,349,8,0,0,0,0,0,10,2025-05-24 08:55:00,2025-05-24 14:36:00,2,0
2025-10-30 15:50:00,2025-10-30 17:47:00,UA,JFK,ATL,1027,6.89,6.97,22.55,21.76,-1.9294,0.3749,22,JFK-ATL,117,15,0,0,1,0,0,43,2025-10-30 16:33:00,2025-10-30 18:57:00,70,1
2025-04-27 15:30:00,2025-04-27 17:56:00,UA,BOS,LAX,1390,4.43,6.65,2.17,2.26,1.2609,-0.2273,4,BOS-LAX,146,15,1,0,0,0,0,6,2025-04-27 15:36:00,2025-04-27 18:04:00,8,0
2025-12-26 13:50:00,2025-12-26 16:46:00,AA,JFK,ATL,1760,18.93,19.19,5.01,7.0,-1.7432,-0.7561,90,JFK-ATL,176,13,0,0,0,0,0,22,2025-12-26 14:12:00,2025-12-26 17:08:00,22,1
2025-07-04 12:40:00,2025-07-04 16:10:00,UA,SFO,JFK,2193,9.82,7.35,0.0,0.79,1.3509,-0.8641,96,SFO-JFK,210,12,1,0,0,0,1,37,2025-07-04 13:17:00,2025-07-04 16:53:00,43,1
2025-09-26 02:40:00,2025-09-26 07:11:00,AA,LAX,JFK,2951,5.55,3.3,0.0,1.51,0.8851,-0.9965,4,LAX-JFK,271,2,0,1,0,0,0,11,2025-09-26 02:51:00,2025-09-26 07:35:00,24,1
2025-11-16 06:10:00,2025-11-16 08:23:00,WN,BOS,ATL,1230,4.26,1.13,0.22,0.0,1.68,-0.2592,70,BOS-ATL,133,6,1,0,0,0,0,4,2025-11-16 06:14:00,2025-11-16 08:29:00,6,0
2025-10-17 12:30:00,2025-10-17 17:26:00,B6,JFK,SFO,3263,11.49,12.33,0.0,0.0,0.4429,-0.4426,11,JFK-SFO,296,12,0,0,0,0,0,-2,2025-10-17 12:28:00,2025-10-17 17:29:00,3,0
2025-11-07 03:40:00,2025-11-07 04:47:00,AA,LAX,SFO,402,2.89,3.3,30.18,32.18,0.2862,-0.957,85,LAX-SFO,67,3,0,1,1,0,0,47,2025-11-07 04:27:00,2025-11-07 06:02:00,75,1
2025-07-15 11:45:00,2025-07-15 14:35:00,DL,ATL,LAX,1690,20.26,18.85,0.0,0.0,1.2387,0.3189,23,ATL-LAX,170,11,0,0,0,0,0,3,2025-07-15 11:48:00,2025-07-15 14:47:00,12,0
2025-01-16 02:50:00,2025-01-16 07:30:00,WN,LAX,JFK,3067,5.38,4.44,0.93,1.03,-1.1768,-0.2903,69,LAX-JFK,280,2,0,1,0,0,0,-3,2025-01-16 02:47:00,2025-01-16 07:15:00,-15,0
2025-06-29 18:15:00,2025-06-29 20:43:00,WN,BOS,JFK,1412,7.64,8.3,0.0,0.0,0.0403,0.09,17,BOS-JFK,148,18,1,0,0,0,0,14,2025-06-29 18:29:00,2025-06-29 20:34:00,-9,0
2025-03-08 02:15:00,2025-03-08 05:39:00,UA,BOS,SFO,2112,11.62,10.89,0.0,0.0,-0.23,0.7281,92,BOS-SFO,204,2,0,1,0,0,0,-3,2025-03-08 02:12:00,2025-03-08 05:40:00,1,0
2025-11-21 02:50:00,2025-11-21 07:13:00,B6,JFK,LAX,2845,15.17,13.17,13.91,12.62,-0.4295,-0.2728,26,JFK-LAX,263,2,0,1,1,0,0,9,2025-11-21 02:59:00,2025-11-21 07:56:00,43,1
2025-03-28 15:50:00,2025-03-28 18:12:00,UA,JFK,SFO,1342,14.84,20.28,0.0,0.0,-0.5707,-0.5672,81,JFK-SFO,142,15,0,0,0,0,0,7,2025-03-28 15:57:00,2025-03-28 18:25:00,13,0
2025-03-25 05:10:00,2025-03-25 11:33:00,WN,SFO,LAX,4350,6.63,9.48,0.0,0.0,0.1581,-0.4438,84,SFO-LAX,383,5,0,0,0,0,1,3,2025-03-25 05:13:00,2025-03-25 11:57:00,24,1
2025-04-02 08:20:00,2025-04-02 14:04:00,UA,BOS,SFO,3857,9.35,10.83,0.0,0.0,0.7183,-0.9206,43,BOS-SFO,344,8,0,0,0,0,1,35,2025-04-02 08:55:00,2025-04-02 14:55:00,51,1
2025-08-23 07:50:00,2025-08-23 14:15:00,B6,BOS,LAX,4378,16.62,13.39,0.0,0.67,1.4873,-0.5495,13,BOS-LAX,385,7,0,0,0,0,0,7,2025-08-23 07:57:00,2025-08-23 14:28:00,13,0
2025-07-28 05:10:00,2025-07-28 08:55:00,UA,BOS,ATL,2381,23.43,23.74,43.19,43.27,-0.2848,0.8045,70,BOS-ATL,225,5,0,0,1,0,0,57,2025-07-28 06:07:00,2025-07-28 10:00:00,65,1
2025-12-13 18:45:00,2025-12-13 21:39:00,AA,SFO,BOS,1742,16.54,17.7,1.13,0.01,-0.3675,-0.7484,6,SFO-BOS,174,18,0,0,0,0,1,34,2025-12-13 19:19:00,2025-12-13 22:20:00,41,1
2025-06-01 16:00:00,2025-06-01 22:33:00,B6,SFO,ATL,4477,19.35,18.04,0.5,0.0,-2.821,-0.3391,94,SFO-ATL,393,16,1,0,0,0,1,9,2025-06-01 16:09:00,2025-06-01 23:10:00,37,1
2025-04-14 05:10:00,2025-04-14 10:14:00,UA,JFK,BOS,3359,7.34,8.28,7.95,8.83,1.4645,-0.7429,37,JFK-BOS,304,5,0,0,0,0,0,-9,2025-04-14 05:01:00,2025-04-14 10:13:00,-1,0
2025-01-18 16:45:00,2025-01-18 22:11:00,WN,LAX,SFO,3632,11.57,15.84,10.37,11.22,-1.358,-0.8824,94,LAX-SFO,326,16,0,0,0,0,0,8,2025-01-18 16:53:00,2025-01-18 22:27:00,16,1
2025-01-03 17:30:00,2025-01-03 19:30:00,UA,SFO,ATL,1067,22.58,22.98,0.35,0.96,0.4804,-0.2424,2,SFO-ATL,120,17,0,0,0,0,0,2,2025-01-03 17:32:00,2025-01-03 19:29:00,-1,0
2025-05-17 12:30:00,2025-05-17 18:21:00,DL,SFO,LAX,3950,8.92,13.19,0.0,0.0,0.2926,0.6452,90,SFO-LAX,351,12,0,0,0,0,1,51,2025-05-17 13:21:00,2025-05-17 19:29:00,68,1
2025-12-04 13:45:00,2025-12-04 17:41:00,DL,LAX,BOS,2518,12.21,10.7,0.0,0.0,0.9904,-0.9237,14,LAX-BOS,236,13,0,0,0,0,0,4,2025-12-04 13:49:00,2025-12-04 17:40:00,-1,0
2025-07-11 22:15:00,2025-07-12 03:34:00,AA,JFK,SFO,3547,3.57,3.12,0.83,1.36,-0.8796,0.3716,75,JFK-SFO,319,22,0,1,0,0,0,10,2025-07-11 22:25:00,2025-07-12 03:44:00,10,0
2025-11-23 10:30:00,2025-11-23 16:06:00,AA,SFO,JFK,3765,15.68,15.69,0.0,0.27,0.5741,-0.9004,38,SFO-JFK,336,10,1,0,0,0,0,-4,2025-11-23 10:26:00,2025-11-23 15:59:00,-7,0
2025-02-07 09:30:00,2025-02-07 11:05:00,DL,BOS,ATL,744,11.99,9.6,0.0,0.0,1.6285,0.4517,63,BOS-ATL,95,9,0,0,0,0,0,2,2025-02-07 09:32:00,2025-02-07 11:12:00,7,0
2025-02-04 12:40:00,2025-02-04 14:12:00,WN,BOS,ATL,716,14.92,15.86,13.62,13.49,0.2325,0.9308,21,BOS-ATL,92,12,0,0,1,0,0,17,2025-02-04 12:57:00,2025-02-04 14:34:00,22,1
2025-11-01 20:15:00,2025-11-01 21:36:00,AA,LAX,BOS,573,8.96,10.31,16.77,16.01,-0.8762,-0.4475,54,LAX-BOS,81,20,0,1,1,0,0,30,2025-11-01 20:45:00,2025-11-01 22:18:00,42,1
2025-02-08 17:40:00,2025-02-08 22:15:00,WN,ATL,SFO,3000,3.54,5.59,24.4,24.79,-1.4672,-0.0848,58,ATL-SFO,275,17,0,0,1,0,1,75,2025-02-08 18:55:00,2025-02-09 00:06:00,111,1
2025-01-19 01:20:00,2025-01-19 07:26:00,WN,JFK,LAX,4143,15.26,16.33,0.0,0.92,1.4889,0.0957,19,JFK-LAX,366,1,1,1,0,1,0,12,2025-01-19 01:32:00,2025-01-19 07:54:00,28,1
2025-05-28 11:30:00,2025-05-28 12:39:00,WN,SFO,JFK,426,6.64,2.34,0.0,2.1,-0.4392,-0.5449,70,SFO-JFK,69,11,0,0,0,0,0,0,2025-05-28 11:30:00,2025-05-28 12:27:00,-12,0
2025-12-04 17:45:00,2025-12-04 19:30:00,WN,ATL,SFO,880,0.93,3.42,0.0,0.0,-0.2405,-0.9077,45,ATL-SFO,105,17,0,0,0,0,0,7,2025-12-04 17:52:00,2025-12-04 19:27:00,-3,0
2025-09-09 05:20:00,2025-09-09 09:02:00,B6,SFO,ATL,2340,7.81,12.0,0.0,0.0,2.5285,-0.8641,40,SFO-ATL,222,5,0,0,0,0,0,-2,2025-09-09 05:18:00,2025-09-09 09:06:00,4,0
2025-02-06 23:40:00,2025-02-07 02:50:00,DL,JFK,BOS,1943,29.3,26.53,0.0,0.0,0.9229,-0.2598,13,JFK-BOS,190,23,0,1,0,0,0,3,2025-02-06 23:43:00,2025-02-07 02:41:00,-9,0
2025-11-02 19:50:00,2025-11-02 21:24:00,WN,SFO,BOS,732,4.49,5.29,0.55,0.0,1.1457,-0.587,6,SFO-BOS,94,19,1,0,0,0,0,-6,2025-11-02 19:44:00,2025-11-02 21:20:00,-4,0
2025-11-04 20:45:00,2025-11-05 01:09:00,B6,LAX,ATL,2861,6.08,4.93,3.07,4.18,1.6416,0.027,15,LAX-ATL,264,20,0,1,0,0,0,7,2025-11-04 20:52:00,2025-11-05 01:20:00,11,0
2025-10-20 01:50:00,2025-10-20 07:53:00,WN,ATL,JFK,4102,14.56,15.93,0.0,0.0,-1.56,-0.8714,60,ATL-JFK,363,1,0,1,0,0,0,5,2025-10-20 01:55:00,2025-10-20 07:54:00,1,0
2025-11-26 13:30:00,2025-11-26 15:40:00,B6,LAX,BOS,1189,6.6,9.98,0.0,0.0,1.5347,0.3741,15,LAX-BOS,130,13,0,0,0,0,0,13,2025-11-26 13:43:00,2025-11-26 15:51:00,11,0
2025-03-29 12:15:00,2025-03-29 13:15:00,B6,ATL,JFK,311,14.67,17.96,0.38,0.0,1.6709,-0.694,8,ATL-JFK,60,12,0,0,0,0,0,-6,2025-03-29 12:09:00,2025-03-29 13:14:00,-1,0
2025-12-24 15:50:00,2025-12-24 18:05:00,UA,BOS,LAX,1246,8.76,5.77,16.45,16.18,-0.4462,-0.9327,47,BOS-LAX,135,15,1,0,1,0,0,-8,2025-12-24 15:42:00,2025-12-24 18:26:00,21,1
2025-04-28 20:40:00,2025-04-28 22:41:00,WN,SFO,LAX,1075,6.35,6.15,11.88,13.24,0.752,-0.4961,79,SFO-LAX,121,20,0,1,0,0,0,10,2025-04-28 20:50:00,2025-04-28 22:42:00,1,0
2025-10-20 08:10:00,2025-10-20 11:46:00,UA,SFO,JFK,2258,4.69,2.42,0.03,1.0,0.9675,0.3708,8,SFO-JFK,216,8,0,0,0,0,0,9,2025-10-20 08:19:00,2025-10-20 11:35:00,-11,0
2025-07-31 12:15:00,2025-07-31 13:50:00,B6,ATL,BOS,750,11.0,15.09,0.0,0.73,-0.7078,-0.7709,57,ATL-BOS,95,12,0,0,0,0,0,-10,2025-07-31 12:05:00,2025-07-31 13:52:00,2,0
2025-10-12 16:15:00,2025-10-12 19:15:00,AA,BOS,JFK,1815,6.61,6.58,1.18,0.64,0.9145,0.5484,85,BOS-JFK,180,16,1,0,0,0,0,3,2025-10-12 16:18:00,2025-10-12 19:03:00,-12,0
2025-08-18 18:45:00,2025-08-18 20:24:00,B6,ATL,SFO,801,7.83,3.3,0.0,0.0,-0.6352,0.2527,92,ATL-SFO,99,18,0,0,0,0,0,1,2025-08-18 18:46:00,2025-08-18 20:19:00,-5,0
2025-08-23 18:00:00,2025-08-23 22:46:00,B6,BOS,SFO,3141,19.09,19.61,9.43,8.89,2.592,-0.3846,90,BOS-SFO,286,18,0,0,0,0,1,16,2025-08-23 18:16:00,2025-08-23 22:56:00,10,0
2025-08-13 08:40:00,2025-08-13 12:17:00,DL,SFO,LAX,2270,35.19,33.82,15.58,13.12,0.1617,-0.8192,90,SFO-LAX,217,8,0,0,1,0,0,32,2025-08-13 09:12:00,2025-08-13 12:53:00,36,1
2025-10-12 23:30:00,2025-10-13 00:54:00,AA,ATL,BOS,615,12.69,11.73,0.0,0.0,0.5671,0.8192,67,ATL-BOS,84,23,1,1,0,1,0,53,2025-10-13 00:23:00,2025-10-13 02:05:00,71,1
2025-09-27 00:00:00,2025-09-27 01:14:00,UA,LAX,BOS,483,19.77,21.98,12.02,12.1,-1.6276,-0.534,75,LAX-BOS,74,0,0,1,1,0,0,15,2025-09-27 00:15:00,2025-09-27 01:40:00,26,1
2025-02-19 11:30:00,2025-02-19 15:13:00,WN,SFO,JFK,2352,7.26,9.04,0.37,0.0,0.396,0.265,51,SFO-JFK,223,11,0,0,0,0,1,3,2025-02-19 11:33:00,2025-02-19 15:44:00,31,1
2025-10-29 14:45:00,2025-10-29 19:03:00,DL,SFO,JFK,2785,8.9,8.53,0.0,0.69,1.22,0.3823,71,SFO-JFK,258,14,0,0,0,0,1,53,2025-10-29 15:38:00,2025-10-29 20:20:00,77,1
2025-07-15 01:40:00,2025-07-15 03:37:00,WN,BOS,LAX,1031,9.94,10.0,0.0,0.0,-0.8946,0.0637,95,BOS-LAX,117,1,0,1,0,0,0,10,2025-07-15 01:50:00,2025-07-15 04:05:00,28,1
2025-04-28 10:30:00,2025-04-28 13:18:00,UA,LAX,SFO,1658,6.29,4.56,11.65,11.52,-0.5222,0.1684,17,LAX-SFO,168,10,0,0,0,0,1,6,2025-04-28 10:36:00,2025-04-28 13:47:00,29,1
2025-07-07 14:15:00,2025-07-07 18:38:00,DL,JFK,LAX,2848,10.19,7.02,17.75,15.99,-0.7109,-0.4075,32,JFK-LAX,263,14,0,0,1,0,0,35,2025-07-07 14:50:00,2025-07-07 19:00:00,22,1
2025-12-19 14:10:00,2025-12-19 17:47:00,UA,ATL,BOS,2278,15.48,14.47,0.4,0.45,-1.1542,0.1749,52,ATL-BOS,217,14,0,0,0,0,0,-5,2025-12-19 14:05:00,2025-12-19 17:43:00,-4,0
2025-11-10 02:00:00,2025-11-10 03:38:00,AA,BOS,SFO,788,9.87,9.81,0.05,0.68,-1.2954,0.6475,60,BOS-SFO,98,2,0,1,0,0,0,4,2025-11-10 02:04:00,2025-11-10 03:34:00,-4,0
2025-11-01 06:15:00,2025-11-01 09:25:00,UA,LAX,JFK,1943,8.59,9.65,0.53,0.0,1.0293,0.5535,84,LAX-JFK,190,6,0,0,0,0,0,6,2025-11-01 06:21:00,2025-11-01 09:22:00,-3,0
2025-06-18 05:40:00,2025-06-18 07:45:00,WN,LAX,BOS,1130,9.02,5.79,0.0,0.0,-1.2657,-0.5539,79,LAX-BOS,125,5,0,0,0,0,0,8,2025-06-18 05:48:00,2025-06-18 07:52:00,7,0
2025-10-14 15:00:00,2025-10-14 21:10:00,B6,JFK,ATL,4192,2.11,2.91,8.41,8.2,-1.7836,0.5655,26,JFK-ATL,370,15,0,0,0,0,0,-10,2025-10-14 14:50:00,2025-10-14 21:06:00,-4,0
2025-05-21 07:50:00,2025-05-21 13:19:00,DL,LAX,JFK,3676,13.02,10.75,10.43,11.06,-0.5321,0.3599,73,LAX-JFK,329,7,0,0,0,0,0,13,2025-05-21 08:03:00,2025-05-21 13:23:00,4,0
2025-09-08 13:30:00,2025-09-08 16:14:00,AA,LAX,JFK,1610,6.92,8.31,0.33,0.31,0.0502,-0.1275,2,LAX-JFK,164,13,0,0,0,0,0,0,2025-09-08 13:30:00,2025-09-08 16:11:00,-3,0
2025-08-22 17:15:00,2025-08-22 19:33:00,AA,BOS,ATL,1287,1.49,3.77,0.0,0.0,0.5803,-0.0275,84,BOS-ATL,138,17,0,0,0,0,0,6,2025-08-22 17:21:00,2025-08-22 19:37:00,4,0
2025-04-02 19:50:00,2025-04-02 21:34:00,B6,BOS,JFK,865,3.75,3.71,0.0,0.71,-0.8874,0.0327,34,BOS-JFK,104,19,0,0,0,0,0,7,2025-04-02 19:57:00,2025-04-02 21:52:00,18,1
2025-04-08 04:10:00,2025-04-08 09:17:00,B6,SFO,LAX,3395,7.79,9.19,0.62,0.0,-0.5882,0.5578,23,SFO-LAX,307,4,0,1,0,0,1,2,2025-04-08 04:12:00,2025-04-08 09:30:00,13,0
2025-01-23 21:50:00,2025-01-24 03:57:00,WN,SFO,ATL,4156,14.82,14.26,0.0,0.0,0.5409,0.2238,39,SFO-ATL,367,21,0,1,0,0,0,-6,2025-01-23 21:44:00,2025-01-24 03:47:00,-10,0
2025-02-21 03:15:00,2025-02-21 05:46:00,UA,ATL,BOS,1446,17.07,18.83,13.18,14.12,0.9045,0.6953,80,ATL-BOS,151,3,0,1,1,0,0,17,2025-02-21 03:32:00,2025-02-21 06:21:00,35,1
2025-06-08 00:20:00,2025-06-08 04:54:00,B6,LAX,ATL,2987,3.28,3.72,0.45,0.98,1.2435,0.641,95,LAX-ATL,274,0,1,1,0,1,0,21,2025-06-08 00:41:00,2025-06-08 05:33:00,39,1
2025-06-24 01:20:00,2025-06-24 03:38:00,WN,ATL,JFK,1287,12.15,15.66,0.0,0.0,0.4795,0.8277,3,ATL-JFK,138,1,0,1,0,0,0,13,2025-06-24 01:33:00,2025-06-24 03:45:00,7,0
2025-03-02 04:50:00,2025-03-02 10:57:00,DL,SFO,JFK,4151,27.34,25.66,0.0,0.18,-1.6577,0.7497,79,SFO-JFK,367,4,1,1,0,1,1,16,2025-03-02 05:06:00,2025-03-02 11:26:00,29,1
2025-06-02 20:15:00,2025-06-02 22:54:00,DL,JFK,BOS,1556,19.04,16.18,8.61,10.83,-0.8752,-0.9582,55,JFK-BOS,159,20,0,1,0,0,0,4,2025-06-02 20:19:00,2025-06-02 22:45:00,-9,0
2025-08-09 04:50:00,2025-08-09 06:21:00,B6,LAX,SFO,703,9.83,10.99,3.14,3.61,1.254,-0.2744,19,LAX-SFO,91,4,0,1,0,0,0,-3,2025-08-09 04:47:00,2025-08-09 06:23:00,2,0
2025-03-26 16:15:00,2025-03-26 22:10:00,AA,LAX,JFK,3999,7.69,11.97,0.43,0.77,1.7708,-0.2527,0,LAX-JFK,355,16,0,0,0,0,0,3,2025-03-26 16:18:00,2025-03-26 22:08:00,-2,0
2025-05-04 10:15:00,2025-05-04 16:32:00,WN,LAX,JFK,4271,10.12,14.4,13.91,14.61,-0.0877,0.3738,38,LAX-JFK,377,10,1,0,1,0,0,22,2025-05-04 10:37:00,2025-05-04 17:07:00,35,1
2025-05-15 00:40:00,2025-05-15 03:52:00,AA,BOS,SFO,1968,9.7,3.49,0.0,0.27,-0.1757,0.1335,34,BOS-SFO,192,0,0,1,0,0,1,20,2025-05-15 01:00:00,2025-05-15 04:30:00,38,1
2025-07-04 10:40:00,2025-07-04 16:44:00,WN,SFO,BOS,4110,19.21,18.05,0.28,2.14,-1.001,0.981,81,SFO-BOS,364,10,1,0,0,0,1,32,2025-07-04 11:12:00,2025-07-04 17:48:00,64,1
2025-05-14 00:15:00,2025-05-14 02:36:00,DL,JFK,LAX,1323,3.75,4.37,0.15,0.65,1.4203,0.2367,57,JFK-LAX,141,0,0,1,0,0,0,3,2025-05-14 00:18:00,2025-05-14 02:35:00,-1,0
2025-09-26 11:10:00,2025-09-26 13:40:00,AA,JFK,ATL,1437,10.85,11.32,1.11,0.56,-1.0583,0.1341,76,JFK-ATL,150,11,0,0,0,0,0,-5,2025-09-26 11:05:00,2025-09-26 13:43:00,3,0
2025-04-30 13:20:00,2025-04-30 17:19:00,AA,BOS,SFO,2553,3.18,5.24,1.52,0.0,1.9617,0.7004,71,BOS-SFO,239,13,0,0,0,0,0,5,2025-04-30 13:25:00,2025-04-30 17:21:00,2,0
2025-06-08 12:30:00,2025-06-08 16:51:00,AA,ATL,BOS,2821,16.9,20.67,0.4,0.0,-0.0817,0.58,27,ATL-BOS,261,12,1,0,0,0,0,-9,2025-06-08 12:21:00,2025-06-08 16:54:00,3,0
2025-05-19 06:00:00,2025-05-19 09:09:00,B6,JFK,BOS,1919,9.5,7.88,0.81,0.72,-0.8599,-0.6791,49,JFK-BOS,189,6,0,0,0,0,0,18,2025-05-19 06:18:00,2025-05-19 09:45:00,36,1
2025-03-08 18:00:00,2025-03-08 23:28:00,B6,BOS,ATL,3658,3.31,5.4,0.52,0.0,-1.7831,-0.0321,75,BOS-ATL,328,18,0,0,0,0,0,-9,2025-03-08 17:51:00,2025-03-08 23:37:00,9,0
2025-09-08 14:50:00,2025-09-08 20:14:00,DL,LAX,JFK,3618,25.46,25.94,0.0,0.0,-0.2705,0.9835,94,LAX-JFK,324,14,0,0,0,0,0,-7,2025-09-08 14:43:00,2025-09-08 20:06:00,-8,0
2025-03-27 06:00:00,2025-03-27 07:40:00,DL,BOS,LAX,808,8.41,9.43,13.97,12.27,-0.1262,0.4158,43,BOS-LAX,100,6,0,0,1,0,0,17,2025-03-27 06:17:00,2025-03-27 08:12:00,32,1
2025-04-19 10:20:00,2025-04-19 16:52:00,AA,SFO,ATL,4459,5.42,0.63,12.99,14.65,-0.3188,-0.953,51,SFO-ATL,392,10,0,0,1,0,0,27,2025-04-19 10:47:00,2025-04-19 17:20:00,28,1
2025-10-17 02:45:00,2025-10-17 04:37:00,UA,LAX,ATL,968,28.56,29.29,0.31,0.33,0.005,-0.8769,31,LAX-ATL,112,2,0,1,0,0,0,19,2025-10-17 03:04:00,2025-10-17 04:51:00,14,0
2025-12-13 22:15:00,2025-12-14 02:11:00,B6,JFK,SFO,2511,3.54,8.74,0.0,0.17,1.3856,0.4629,7,JFK-SFO,236,22,0,1,0,0,0,40,2025-12-13 22:55:00,2025-12-14 03:02:00,51,1
2025-09-02 18:20:00,2025-09-02 21:41:00,UA,LAX,SFO,2076,6.16,6.89,0.0,2.12,0.6188,0.5466,31,LAX-SFO,201,18,0,0,0,0,1,42,2025-09-02 19:02:00,2025-09-02 22:40:00,59,1
2025-12-01 06:00:00,2025-12-01 09:31:00,WN,LAX,SFO,2197,11.99,8.27,5.91,7.93,0.1948,0.6389,18,LAX-SFO,211,6,0,0,0,0,1,11,2025-12-01 06:11:00,2025-12-01 09:46:00,15,1
2025-11-08 16:45:00,2025-11-08 18:27:00,B6,LAX,BOS,839,4.69,2.43,0.95,0.0,1.1417,-0.4147,64,LAX-BOS,102,16,0,0,0,0,0,3,2025-11-08 16:48:00,2025-11-08 18:39:00,12,0
2025-06-25 16:40:00,2025-06-25 19:34:00,B6,JFK,BOS,1740,7.47,8.43,0.4,0.7,-0.9163,0.6121,84,JFK-BOS,174,16,0,0,0,0,0,-2,2025-06-25 16:38:00,2025-06-25 19:32:00,-2,0
2025-10-09 14:45:00,2025-10-09 15:54:00,DL,SFO,JFK,427,21.91,24.21,0.0,0.0,0.7134,0.9843,57,SFO-JFK,69,14,0,0,0,0,0,-3,2025-10-09 14:42:00,2025-10-09 15:57:00,3,0
2025-04-30 01:45:00,2025-04-30 08:11:00,DL,BOS,ATL,4388,7.75,8.82,1.21,0.27,0.6944,0.1523,94,BOS-ATL,386,1,0,1,0,0,0,11,2025-04-30 01:56:00,2025-04-30 08:17:00,6,0
2025-06-18 21:15:00,2025-06-18 23:02:00,UA,JFK,SFO,904,12.67,14.91,0.0,0.0,1.4997,0.1959,37,JFK-SFO,107,21,0,1,0,0,0,13,2025-06-18 21:28:00,2025-06-18 23:26:00,24,1
2025-07-15 22:00:00,2025-07-16 01:41:00,AA,BOS,JFK,2329,21.68,23.06,0.51,0.0,-1.3706,-0.5116,66,BOS-JFK,221,22,0,1,0,0,0,22,2025-07-15 22:22:00,2025-07-16 02:03:00,22,1
2025-12-17 23:15:00,2025-12-18 01:27:00,UA,JFK,BOS,1207,7.38,9.54,10.19,11.75,-0.8662,-0.5686,14,JFK-BOS,132,23,0,1,0,0,0,-10,2025-12-17 23:05:00,2025-12-18 01:25:00,-2,0
2025-11-06 23:10:00,2025-11-07 01:09:00,WN,SFO,BOS,1047,2.66,5.26,0.0,0.0,-0.8102,-0.9843,74,SFO-BOS,119,23,0,1,0,0,0,11,2025-11-06 23:21:00,2025-11-07 01:02:00,-7,0
2025-06-28 22:30:00,2025-06-29 01:40:00,AA,LAX,JFK,1938,13.03,15.43,0.5,0.0,0.4782,-0.5699,34,LAX-JFK,190,22,0,1,0,0,0,-3,2025-06-28 22:27:00,2025-06-29 01:44:00,4,0
2025-08-27 17:10:00,2025-08-27 23:35:00,B6,BOS,ATL,4370,3.05,1.19,13.98,13.08,0.224,-0.6964,61,BOS-ATL,385,17,0,0,1,0,0,10,2025-08-27 17:20:00,2025-08-27 23:55:00,20,1
2025-03-15 01:50:00,2025-03-15 05:30:00,B6,SFO,LAX,2308,1.67,5.81,1.5,0.0,0.5678,0.3255,17,SFO-LAX,220,1,0,1,0,0,0,8,2025-03-15 01:58:00,2025-03-15 05:39:00,9,0
2025-10-21 11:30:00,2025-10-21 17:52:00,DL,LAX,BOS,4335,0.11,0.59,8.05,8.95,-2.1069,-0.9178,63,LAX-BOS,382,11,0,0,0,0,0,-2,2025-10-21 11:28:00,2025-10-21 18:04:00,12,0
2025-07-21 05:15:00,2025-07-21 10:52:00,DL,JFK,BOS,3773,20.83,22.49,19.89,20.62,1.4722,0.9369,71,JFK-BOS,337,5,0,0,1,0,0,52,2025-07-21 06:07:00,2025-07-21 12:12:00,80,1
2025-07-14 05:50:00,2025-07-14 09:15:00,B6,ATL,JFK,2130,9.89,9.31,0.0,0.0,0.235,0.8399,91,ATL-JFK,205,5,0,0,0,0,0,-1,2025-07-14 05:49:00,2025-07-14 09:18:00,3,0
2025-10-07 19:45:00,2025-10-08 01:47:00,B6,JFK,SFO,4084,14.57,15.61,0.59,1.03,0.5526,-0.3692,14,JFK-SFO,362,19,0,0,0,0,0,10,2025-10-07 19:55:00,2025-10-08 01:49:00,2,0
2025-08-20 19:20:00,2025-08-20 22:16:00,WN,SFO,BOS,1762,1.74,3.21,8.62,7.51,0.3703,0.8237,43,SFO-BOS,176,19,0,0,0,0,1,40,2025-08-20 20:00:00,2025-08-20 23:25:00,69,1
2025-01-27 12:10:00,2025-01-27 15:57:00,DL,JFK,ATL,2406,14.63,11.76,14.98,14.9,-0.6278,-0.043,51,JFK-ATL,227,12,0,0,1,0,0,36,2025-01-27 12:46:00,2025-01-27 16:38:00,41,1
2025-04-16 17:15:00,2025-04-16 22:03:00,UA,ATL,SFO,3157,11.05,13.54,2.21,4.51,0.518,0.719,66,ATL-SFO,288,17,0,0,0,0,1,10,2025-04-16 17:25:00,2025-04-16 22:17:00,14,0
2025-03-06 03:30:00,2025-03-06 07:47:00,WN,ATL,LAX,2775,28.39,30.73,0.0,0.0,0.0762,0.3766,12,ATL-LAX,257,3,0,1,0,0,0,-6,2025-03-06 03:24:00,2025-03-06 07:39:00,-8,0
2025-09-26 05:45:00,2025-09-26 11:22:00,WN,SFO,BOS,3781,12.5,16.0,0.0,1.07,0.0629,-0.8142,67,SFO-BOS,337,5,0,0,0,0,0,2,2025-09-26 05:47:00,2025-09-26 11:21:00,-1,0
2025-01-13 20:15:00,2025-01-13 22:09:00,DL,JFK,ATL,984,18.66,15.01,0.26,0.0,0.4932,0.4267,13,JFK-ATL,114,20,0,1,0,0,0,1,2025-01-13 20:16:00,2025-01-13 22:02:00,-7,0
2025-03-15 10:40:00,2025-03-15 14:26:00,AA,LAX,SFO,2393,11.17,8.07,0.0,0.0,-0.1025,0.2797,39,LAX-SFO,226,10,0,0,0,0,0,-7,2025-03-15 10:33:00,2025-03-15 14:18:00,-8,0
2025-08-07 13:15:00,2025-08-07 17:57:00,AA,BOS,LAX,3091,0.04,0.0,0.0,0.0,-1.3607,0.6118,23,BOS-LAX,282,13,0,0,0,0,0,14,2025-08-07 13:29:00,2025-08-07 18:24:00,27,1
2025-09-11 11:10:00,2025-09-11 14:00:00,DL,ATL,JFK,1689,11.16,10.05,13.35,12.78,-0.1815,0.5315,44,ATL-JFK,170,11,0,0,1,0,0,54,2025-09-11 12:04:00,2025-09-11 15:22:00,82,1
2025-07-03 04:20:00,2025-07-03 10:10:00,UA,JFK,LAX,3941,8.7,11.13,9.52,9.14,1.625,0.4648,45,JFK-LAX,350,4,0,1,0,0,0,19,2025-07-03 04:39:00,2025-07-03 10:26:00,16,1
2025-11-11 19:10:00,2025-11-11 21:50:00,AA,LAX,ATL,1565,6.55,10.45,0.0,0.76,-0.5534,0.2914,32,LAX-ATL,160,19,0,0,0,0,0,9,2025-11-11 19:19:00,2025-11-11 21:47:00,-3,0
2025-12-02 18:20:00,2025-12-02 21:00:00,AA,BOS,JFK,1564,7.29,5.1,0.41,0.0,0.0941,0.7165,80,BOS-JFK,160,18,0,0,0,0,0,2,2025-12-02 18:22:00,2025-12-02 21:06:00,6,0
2025-02-18 16:15:00,2025-02-18 19:04:00,DL,LAX,ATL,1671,7.46,11.08,0.0,0.0,0.8344,0.5581,95,LAX-ATL,169,16,0,0,0,0,0,6,2025-02-18 16:21:00,2025-02-18 19:00:00,-4,0
2025-12-14 08:15:00,2025-12-14 13:01:00,B6,JFK,LAX,3141,6.52,8.03,0.0,1.19,2.1193,0.4716,98,JFK-LAX,286,8,1,0,0,0,0,12,2025-12-14 08:27:00,2025-12-14 12:50:00,-11,0
2025-08-13 15:45:00,2025-08-13 17:24:00,DL,BOS,SFO,795,16.56,13.15,0.54,0.0,-0.2557,-0.7548,13,BOS-SFO,99,15,0,0,0,0,0,5,2025-08-13 15:50:00,2025-08-13 17:36:00,12,0
2025-08-21 22:15:00,2025-08-22 00:02:00,WN,BOS,JFK,900,3.47,2.49,2.05,0.26,-1.2272,0.9443,58,BOS-JFK,107,22,0,1,0,0,0,-4,2025-08-21 22:11:00,2025-08-21 23:59:00,-3,0
2025-02-04 15:40:00,2025-02-04 21:01:00,WN,BOS,LAX,3570,24.36,24.21,1.0,0.0,0.6725,0.752,25,BOS-LAX,321,15,0,0,0,0,0,-1,2025-02-04 15:39:00,2025-02-04 20:58:00,-3,0
2025-08-15 11:40:00,2025-08-15 13:49:00,WN,BOS,LAX,1170,14.73,14.9,0.18,0.61,-0.8123,0.071,93,BOS-LAX,129,11,0,0,0,0,0,12,2025-08-15 11:52:00,2025-08-15 13:57:00,8,0
2025-09-22 06:40:00,2025-09-22 08:14:00,B6,LAX,SFO,740,16.85,18.76,7.51,7.27,0.2953,0.8,77,LAX-SFO,94,6,0,0,0,0,0,5,2025-09-22 06:45:00,2025-09-22 08:14:00,0,0
2025-07-31 12:15:00,2025-07-31 14:43:00,DL,BOS,ATL,1407,4.61,4.53,0.75,0.0,0.606,0.0762,85,BOS-ATL,148,12,0,0,0,0,0,-1,2025-07-31 12:14:00,2025-07-31 14:43:00,0,0
2025-01-31 08:45:00,2025-01-31 11:58:00,AA,LAX,BOS,1972,6.11,2.99,27.75,27.2,-0.4794,0.1005,34,LAX-BOS,193,8,0,0,1,0,0,53,2025-01-31 09:38:00,2025-01-31 13:13:00,75,1
2025-07-10 14:10:00,2025-07-10 15:20:00,AA,BOS,LAX,439,9.56,7.9,0.56,0.0,-0.2721,0.6849,14,BOS-LAX,70,14,0,0,0,0,0,4,2025-07-10 14:14:00,2025-07-10 15:41:00,21,1
2025-12-08 01:15:00,2025-12-08 06:54:00,UA,BOS,LAX,3806,7.95,10.08,19.21,18.11,0.8192,-0.2261,69,BOS-LAX,339,1,0,1,1,0,0,-8,2025-12-08 01:07:00,2025-12-08 06:48:00,-6,0
2025-09-22 04:45:00,2025-09-22 06:23:00,UA,SFO,JFK,793,16.61,16.13,7.01,7.45,1.0926,0.439,59,SFO-JFK,98,4,0,1,0,0,0,12,2025-09-22 04:57:00,2025-09-22 06:33:00,10,0
2025-02-20 18:15:00,2025-02-20 21:30:00,UA,SFO,LAX,1997,9.08,6.23,0.0,0.74,0.0442,0.6066,72,SFO-LAX,195,18,0,0,0,0,1,-1,2025-02-20 18:14:00,2025-02-20 21:50:00,20,1
2025-12-17 09:40:00,2025-12-17 11:47:00,B6,JFK,BOS,1148,31.01,25.77,0.33,0.0,0.1686,0.7985,38,JFK-BOS,127,9,0,0,0,0,0,-5,2025-12-17 09:35:00,2025-12-17 11:44:00,-3,0
2025-12-16 10:00:00,2025-12-16 12:38:00,AA,BOS,SFO,1537,4.63,6.33,0.0,0.0,-1.1239,0.2527,55,BOS-SFO,158,10,0,0,0,0,1,13,2025-12-16 10:13:00,2025-12-16 12:46:00,8,0
2025-03-03 13:30:00,2025-03-03 14:44:00,WN,LAX,BOS,490,4.29,1.76,3.83,5.14,0.1181,-0.4231,6,LAX-BOS,74,13,0,0,0,0,0,29,2025-03-03 13:59:00,2025-03-03 15:25:00,41,1
2025-10-20 10:45:00,2025-10-20 17:03:00,DL,ATL,SFO,4282,6.25,6.18,0.26,0.0,-0.3916,0.5643,40,ATL-SFO,378,10,0,0,0,0,1,22,2025-10-20 11:07:00,2025-10-20 17:28:00,25,1
2025-05-29 18:40:00,2025-05-30 00:54:00,WN,JFK,SFO,4236,8.63,5.94,0.0,0.37,0.0787,-0.8153,65,JFK-SFO,374,18,0,0,0,0,0,-1,2025-05-29 18:39:00,2025-05-30 00:46:00,-8,0
2025-08-05 05:30:00,2025-08-05 07:11:00,AA,JFK,SFO,831,21.22,21.22,0.04,0.84,1.4182,0.2989,70,JFK-SFO,101,5,0,0,0,0,0,17,2025-08-05 05:47:00,2025-08-05 07:04:00,-7,0
2025-06-12 18:45:00,2025-06-12 20:50:00,AA,LAX,ATL,1128,13.82,8.96,12.31,12.69,-1.1262,0.4153,40,LAX-ATL,125,18,0,0,1,0,0,24,2025-06-12 19:09:00,2025-06-12 21:07:00,17,1
2025-10-13 05:15:00,2025-10-13 11:11:00,UA,ATL,BOS,4016,0.0,0.32,0.31,0.0,1.1753,0.7512,1,ATL-BOS,356,5,0,0,0,0,0,6,2025-10-13 05:21:00,2025-10-13 11:26:00,15,1
2025-12-30 08:20:00,2025-12-30 11:38:00,DL,ATL,SFO,2042,2.06,2.54,0.52,0.0,0.1948,-0.2097,42,ATL-SFO,198,8,0,0,0,0,0,-10,2025-12-30 08:10:00,2025-12-30 11:41:00,3,0
2025-10-18 14:00:00,2025-10-18 15:20:00,B6,BOS,SFO,560,9.39,9.78,2.01,1.17,-0.0269,0.5088,70,BOS-SFO,80,14,0,0,0,0,0,-4,2025-10-18 13:56:00,2025-10-18 15:11:00,-9,0
2025-12-06 21:40:00,2025-12-06 23:25:00,WN,ATL,JFK,870,7.04,6.21,2.63,1.34,-0.8687,0.1293,11,ATL-JFK,105,21,0,1,0,0,0,19,2025-12-06 21:59:00,2025-12-06 23:19:00,-6,0
2025-12-12 05:40:00,2025-12-12 08:58:00,UA,JFK,SFO,2036,11.16,7.74,8.45,9.87,0.2795,0.2567,57,JFK-SFO,198,5,0,0,0,0,0,0,2025-12-12 05:40:00,2025-12-12 08:55:00,-3,0
2025-02-02 14:45:00,2025-02-02 18:51:00,DL,SFO,ATL,2643,10.46,7.79,5.46,7.9,2.1715,0.37,94,SFO-ATL,246,14,1,0,0,0,1,3,2025-02-02 14:48:00,2025-02-02 19:10:00,19,1
2025-04-03 01:40:00,2025-04-03 06:11:00,WN,BOS,JFK,2953,26.57,23.2,0.0,0.0,-2.5476,-0.6859,84,BOS-JFK,271,1,0,1,0,0,0,2,2025-04-03 01:42:00,2025-04-03 06:06:00,-5,0
2025-09-21 01:10:00,2025-09-21 03:00:00,UA,JFK,LAX,943,17.2,17.73,2.83,2.12,-1.9555,0.4797,19,JFK-LAX,110,1,1,1,0,1,0,2,2025-09-21 01:12:00,2025-09-21 03:08:00,8,0
2025-08-04 18:40:00,2025-08-04 21:43:00,WN,BOS,JFK,1854,4.91,6.32,0.48,0.0,-0.1768,-0.8097,74,BOS-JFK,183,18,0,0,0,0,0,13,2025-08-04 18:53:00,2025-08-04 22:15:00,32,1
2025-01-19 17:45:00,2025-01-19 20:12:00,WN,ATL,BOS,1396,10.52,8.83,0.0,0.92,0.327,0.9482,29,ATL-BOS,147,17,1,0,0,0,0,-10,2025-01-19 17:35:00,2025-01-19 20:13:00,1,0
2025-02-04 09:10:00,2025-02-04 13:09:00,B6,LAX,SFO,2545,9.47,9.4,0.28,0.0,0.9395,-0.7154,56,LAX-SFO,239,9,0,0,0,0,1,28,2025-02-04 09:38:00,2025-02-04 13:58:00,49,1
2025-07-09 14:20:00,2025-07-09 17:07:00,DL,BOS,JFK,1650,0.0,0.0,0.0,0.09,0.4521,0.9724,67,BOS-JFK,167,14,0,0,0,0,0,0,2025-07-09 14:20:00,2025-07-09 17:08:00,1,0
2025-08-13 09:50:00,2025-08-13 11:57:00,WN,JFK,BOS,1156,8.1,3.79,0.32,0.0,-1.636,-0.4987,78,JFK-BOS,127,9,0,0,0,0,0,7,2025-08-13 09:57:00,2025-08-13 11:51:00,-6,0
2025-03-03 06:20:00,2025-03-03 11:53:00,UA,LAX,BOS,3723,6.43,5.87,10.88,11.05,0.6161,-0.1848,38,LAX-BOS,333,6,0,0,0,0,0,2,2025-03-03 06:22:00,2025-03-03 11:56:00,3,0
2025-03-04 10:45:00,2025-03-04 14:55:00,AA,SFO,JFK,2689,3.31,5.88,8.26,7.91,-0.1725,0.141,16,SFO-JFK,250,10,0,0,0,0,1,11,2025-03-04 10:56:00,2025-03-04 15:10:00,15,1
2025-02-17 07:30:00,2025-02-17 11:08:00,DL,ATL,BOS,2290,7.15,6.36,0.3,0.0,0.8853,-0.041,87,ATL-BOS,218,7,1,0,0,0,0,-8,2025-02-17 07:22:00,2025-02-17 10:54:00,-14,0
2025-07-26 19:40:00,2025-07-26 21:24:00,AA,JFK,ATL,865,9.0,7.56,0.0,0.0,-0.7171,0.4137,39,JFK-ATL,104,19,0,0,0,0,0,-3,2025-07-26 19:37:00,2025-07-26 21:18:00,-6,0
2025-01-03 09:40:00,2025-01-03 11:03:00,DL,SFO,LAX,597,12.62,11.16,0.0,0.0,-1.5318,0.3529,43,SFO-LAX,83,9,0,0,0,0,0,0,2025-01-03 09:40:00,2025-01-03 10:55:00,-8,0
2025-07-28 07:40:00,2025-07-28 13:06:00,AA,JFK,LAX,3643,4.65,4.36,0.39,1.06,-0.451,-0.2662,53,JFK-LAX,326,7,0,0,0,0,0,-2,2025-07-28 07:38:00,2025-07-28 12:59:00,-7,0
2025-06-23 12:45:00,2025-06-23 19:09:00,AA,ATL,BOS,4368,23.94,20.89,3.79,3.14,0.491,0.5337,12,ATL-BOS,384,12,0,0,0,0,0,2,2025-06-23 12:47:00,2025-06-23 18:57:00,-12,0
2025-06-20 18:50:00,2025-06-20 23:05:00,AA,BOS,JFK,2751,3.67,3.58,16.06,14.69,0.383,-0.0226,77,BOS-JFK,255,18,0,0,1,0,0,11,2025-06-20 19:01:00,2025-06-20 23:31:00,26,1
2025-09-05 06:15:00,2025-09-05 07:27:00,AA,LAX,JFK,464,20.89,21.25,0.67,0.0,0.0169,0.2372,91,LAX-JFK,72,6,0,0,0,0,0,5,2025-09-05 06:20:00,2025-09-05 07:12:00,-15,0
2025-07-10 22:50:00,2025-07-11 02:31:00,UA,LAX,JFK,2324,9.73,12.15,0.0,0.0,-0.6116,0.4107,19,LAX-JFK,221,22,0,1,0,0,0,17,2025-07-10 23:07:00,2025-07-11 02:42:00,11,0
2025-09-23 11:40:00,2025-09-23 14:13:00,B6,BOS,LAX,1476,4.1,2.65,0.0,0.0,-0.132,0.2311,68,BOS-LAX,153,11,0,0,0,0,0,-10,2025-09-23 11:30:00,2025-09-23 13:56:00,-17,0
2025-10-06 15:30:00,2025-10-06 16:47:00,UA,ATL,JFK,529,8.17,9.53,9.38,8.57,1.4818,-0.8437,70,ATL-JFK,77,15,0,0,0,0,0,25,2025-10-06 15:55:00,2025-10-06 17:28:00,41,1
2025-12-02 22:15:00,2025-12-03 00:02:00,UA,BOS,SFO,898,27.15,26.77,0.24,0.0,2.5521,0.5118,36,BOS-SFO,107,22,0,1,0,0,0,12,2025-12-02 22:27:00,2025-12-03 00:02:00,0,0
2025-10-19 10:20:00,2025-10-19 14:07:00,WN,BOS,LAX,2399,6.56,2.31,7.65,7.87,0.4256,-0.0493,27,BOS-LAX,227,10,1,0,0,0,0,-10,2025-10-19 10:10:00,2025-10-19 14:08:00,1,0
2025-07-08 04:40:00,2025-07-08 08:02:00,UA,LAX,ATL,2092,25.42,20.97,0.09,0.0,1.0252,-0.7376,45,LAX-ATL,202,4,0,1,0,0,0,-6,2025-07-08 04:34:00,2025-07-08 07:54:00,-8,0
2025-06-29 17:15:00,2025-06-29 21:23:00,AA,SFO,LAX,2666,14.0,11.07,0.0,0.0,-0.7274,-0.6183,19,SFO-LAX,248,17,1,0,0,0,1,25,2025-06-29 17:40:00,2025-06-29 21:50:00,27,1
2025-03-28 00:15:00,2025-03-28 05:07:00,UA,ATL,SFO,3212,10.06,12.85,0.0,0.89,1.3533,-0.5543,42,ATL-SFO,292,0,0,1,0,0,1,17,2025-03-28 00:32:00,2025-03-28 05:31:00,24,1
2025-08-07 10:45:00,2025-08-07 13:13:00,B6,LAX,SFO,1415,11.01,14.32,0.0,0.0,-0.3492,0.7739,39,LAX-SFO,148,10,0,0,0,0,0,2,2025-08-07 10:47:00,2025-08-07 13:16:00,3,0
2025-02-20 23:20:00,2025-02-21 01:55:00,DL,LAX,JFK,1502,6.77,4.7,4.85,3.49,-1.2668,0.2062,44,LAX-JFK,155,23,0,1,0,0,0,13,2025-02-20 23:33:00,2025-02-21 02:30:00,35,1
2025-12-06 09:40:00,2025-12-06 14:27:00,AA,LAX,SFO,3145,5.31,5.9,5.06,6.15,1.1523,-0.8891,19,LAX-SFO,287,9,0,0,0,0,1,18,2025-12-06 09:58:00,2025-12-06 14:49:00,22,1
2025-11-05 16:00:00,2025-11-05 18:05:00,WN,SFO,JFK,1128,12.03,10.9,1.57,1.83,0.0896,0.6044,95,SFO-JFK,125,16,0,0,0,0,0,8,2025-11-05 16:08:00,2025-11-05 17:59:00,-6,0
2025-02-13 12:00:00,2025-02-13 13:25:00,WN,ATL,JFK,622,14.55,14.5,0.46,0.0,1.3938,0.3946,43,ATL-JFK,85,12,0,0,0,0,0,2,2025-02-13 12:02:00,2025-02-13 13:08:00,-17,0
2025-10-14 05:45:00,2025-10-14 11:31:00,WN,LAX,SFO,3884,13.27,15.35,1.02,0.52,0.8264,0.0293,53,LAX-SFO,346,5,0,0,0,0,1,84,2025-10-14 07:09:00,2025-10-14 13:47:00,136,1
2025-02-12 07:10:00,2025-02-12 09:19:00,WN,ATL,LAX,1176,13.77,15.67,0.0,0.0,-1.2937,0.6517,54,ATL-LAX,129,7,0,0,0,0,0,-1,2025-02-12 07:09:00,2025-02-12 09:20:00,1,0
2025-09-21 12:45:00,2025-09-21 14:25:00,DL,SFO,LAX,807,16.94,16.54,0.0,0.07,0.1846,0.5363,39,SFO-LAX,100,12,1,0,0,0,0,-6,2025-09-21 12:39:00,2025-09-21 14:24:00,-1,0
2025-02-02 02:50:00,2025-02-02 07:57:00,UA,JFK,LAX,3397,33.95,33.73,12.88,10.65,-0.8968,0.0063,37,JFK-LAX,307,2,1,1,1,1,0,49,2025-02-02 03:39:00,2025-02-02 09:16:00,79,1
2025-06-28 09:20:00,2025-06-28 13:18:00,B6,ATL,JFK,2533,11.22,10.86,0.01,0.0,1.2638,0.4741,19,ATL-JFK,238,9,0,0,0,0,0,-10,2025-06-28 09:10:00,2025-06-28 13:16:00,-2,0
2025-08-29 09:50:00,2025-08-29 11:38:00,AA,LAX,ATL,918,21.09,22.39,10.99,12.98,0.0862,-0.9538,94,LAX-ATL,108,9,0,0,0,0,0,-1,2025-08-29 09:49:00,2025-08-29 11:41:00,3,0
2025-09-24 20:20:00,2025-09-25 02:05:00,WN,LAX,ATL,3872,13.93,11.81,6.29,4.54,-0.6583,0.0062,76,LAX-ATL,345,20,0,1,0,0,0,5,2025-09-24 20:25:00,2025-09-25 01:57:00,-8,0
2025-06-02 02:50:00,2025-06-02 05:11:00,WN,JFK,BOS,1331,34.89,34.93,0.0,0.07,-2.0302,-0.2604,67,JFK-BOS,141,2,0,1,0,0,0,4,2025-06-02 02:54:00,2025-06-02 05:17:00,6,0
2025-12-03 20:10:00,2025-12-04 00:56:00,DL,BOS,SFO,3139,9.88,11.24,2.21,3.67,1.1662,-0.538,62,BOS-SFO,286,20,0,1,0,0,1,13,2025-12-03 20:23:00,2025-12-04 01:18:00,22,1
2025-10-10 09:20:00,2025-10-10 13:58:00,B6,ATL,LAX,3033,9.39,11.94,0.11,0.69,-0.3427,-0.0785,40,ATL-LAX,278,9,0,0,0,0,0,-6,2025-10-10 09:14:00,2025-10-10 13:57:00,-1,0
2025-03-18 15:20:00,2025-03-18 20:58:00,AA,SFO,BOS,3784,19.63,19.34,2.27,0.29,-0.2618,-0.2152,65,SFO-BOS,338,15,0,0,0,0,1,23,2025-03-18 15:43:00,2025-03-18 21:32:00,34,1
2025-09-02 13:45:00,2025-09-02 18:49:00,B6,ATL,JFK,3361,18.7,21.82,0.0,0.0,0.4838,-0.6303,94,ATL-JFK,304,13,0,0,0,0,0,2,2025-09-02 13:47:00,2025-09-02 18:40:00,-9,0
2025-09-24 07:00:00,2025-09-24 11:55:00,UA,SFO,ATL,3252,9.11,7.65,0.66,0.0,-0.8844,0.9996,10,SFO-ATL,295,7,0,0,0,0,1,13,2025-09-24 07:13:00,2025-09-24 12:23:00,28,1
2025-05-02 22:45:00,2025-05-03 00:01:00,AA,JFK,BOS,516,14.4,15.41,15.25,15.11,-1.5182,-0.896,31,JFK-BOS,76,22,0,1,1,0,0,28,2025-05-02 23:13:00,2025-05-03 00:50:00,49,1
2025-09-27 05:00:00,2025-09-27 11:14:00,UA,LAX,ATL,4239,18.26,14.45,0.32,0.34,0.193,0.6753,16,LAX-ATL,374,5,0,0,0,0,0,-10,2025-09-27 04:50:00,2025-09-27 11:06:00,-8,0
2025-11-24 00:15:00,2025-11-24 01:56:00,DL,LAX,SFO,831,15.72,16.47,0.0,1.27,-0.931,0.5082,63,LAX-SFO,101,0,0,1,0,0,0,6,2025-11-24 00:21:00,2025-11-24 01:53:00,-3,0
2025-10-26 18:30:00,2025-10-26 20:54:00,UA,SFO,LAX,1364,12.28,12.66,0.56,0.12,-0.0768,-0.8513,30,SFO-LAX,144,18,1,0,0,0,0,24,2025-10-26 18:54:00,2025-10-26 21:13:00,19,1
2025-10-06 14:10:00,2025-10-06 17:39:00,WN,ATL,BOS,2173,1.32,0.12,0.0,0.0,-0.8654,-0.3178,47,ATL-BOS,209,14,0,0,0,0,0,-4,2025-10-06 14:06:00,2025-10-06 17:36:00,-3,0
2025-08-20 21:20:00,2025-08-20 23:56:00,WN,SFO,LAX,1511,15.44,15.12,0.35,0.0,-1.3592,0.2289,6,SFO-LAX,156,21,0,1,0,0,1,33,2025-08-20 21:53:00,2025-08-21 00:40:00,44,1
2025-04-09 10:50:00,2025-04-09 15:08:00,AA,ATL,LAX,2789,16.57,18.1,0.0,0.52,-1.6414,-0.6899,87,ATL-LAX,258,10,0,0,0,0,0,12,2025-04-09 11:02:00,2025-04-09 15:16:00,8,0
2025-10-18 00:45:00,2025-10-18 02:02:00,WN,SFO,JFK,522,12.85,11.44,0.0,0.34,0.101,0.4861,94,SFO-JFK,77,0,0,1,0,0,0,-1,2025-10-18 00:44:00,2025-10-18 02:00:00,-2,0
2025-05-13 00:00:00,2025-05-13 03:31:00,WN,BOS,ATL,2205,5.44,4.83,7.18,8.25,1.0965,-0.2975,43,BOS-ATL,211,0,0,1,0,0,0,3,2025-05-13 00:03:00,2025-05-13 03:31:00,0,0
2025-07-14 10:30:00,2025-07-14 13:26:00,AA,SFO,ATL,1767,23.42,25.06,0.26,0.0,0.978,-0.7167,57,SFO-ATL,176,10,0,0,0,0,1,50,2025-07-14 11:20:00,2025-07-14 14:52:00,86,1
2025-04-25 05:30:00,2025-04-25 10:06:00,B6,ATL,BOS,3017,4.73,1.85,0.0,1.08,0.0249,0.3819,3,ATL-BOS,276,5,0,0,0,0,0,6,2025-04-25 05:36:00,2025-04-25 10:02:00,-4,0
2025-04-25 22:00:00,2025-04-26 01:54:00,AA,JFK,BOS,2483,21.37,23.07,3.11,1.31,1.4248,-0.498,80,JFK-BOS,234,22,0,1,0,0,0,2,2025-04-25 22:02:00,2025-04-26 02:04:00,10,0
2025-02-27 02:40:00,2025-02-27 07:53:00,DL,JFK,LAX,3475,2.73,7.27,0.0,0.25,-0.5356,-0.2969,30,JFK-LAX,313,2,0,1,0,0,0,5,2025-02-27 02:45:00,2025-02-27 07:58:00,5,0
2025-12-17 21:30:00,2025-12-17 23:24:00,DL,SFO,JFK,990,19.16,20.58,0.87,0.0,0.8188,-0.13,38,SFO-JFK,114,21,0,1,0,0,0,22,2025-12-17 21:52:00,2025-12-17 23:51:00,27,1
2025-02-23 05:40:00,2025-02-23 11:58:00,AA,ATL,LAX,4288,5.12,4.81,0.8,0.0,-0.4921,-0.1355,31,ATL-LAX,378,5,1,0,0,0,0,2,2025-02-23 05:42:00,2025-02-23 11:38:00,-20,0
2025-02-01 02:15:00,2025-02-01 05:26:00,WN,ATL,LAX,1946,17.53,20.94,4.41,5.08,-0.7259,0.581,53,ATL-LAX,191,2,0,1,0,0,0,6,2025-02-01 02:21:00,2025-02-01 05:13:00,-13,0
2025-12-08 06:15:00,2025-12-08 09:12:00,UA,LAX,JFK,1769,27.08,30.13,0.0,0.0,0.8096,0.294,39,LAX-JFK,177,6,0,0,0,0,0,-3,2025-12-08 06:12:00,2025-12-08 09:21:00,9,0
2025-07-22 03:40:00,2025-07-22 07:43:00,B6,ATL,BOS,2602,26.95,27.0,0.0,0.0,0.4326,0.7057,75,ATL-BOS,243,3,0,1,0,0,0,36,2025-07-22 04:16:00,2025-07-22 08:32:00,49,1
2025-06-09 09:40:00,2025-06-09 11:34:00,DL,LAX,BOS,985,24.3,26.56,8.95,9.66,0.6296,0.5425,73,LAX-BOS,114,9,0,0,0,0,0,0,2025-06-09 09:40:00,2025-06-09 11:36:00,2,0
2025-09-27 07:10:00,2025-09-27 12:43:00,B6,ATL,SFO,3721,11.75,8.73,1.6,0.83,-1.4885,0.8729,31,ATL-SFO,333,7,0,0,0,0,0,0,2025-09-27 07:10:00,2025-09-27 12:37:00,-6,0
2025-05-20 12:10:00,2025-05-20 14:38:00,UA,SFO,JFK,1409,8.01,6.12,0.0,0.42,1.029,-0.3018,70,SFO-JFK,148,12,0,0,0,0,0,11,2025-05-20 12:21:00,2025-05-20 14:56:00,18,1
2025-02-16 12:30:00,2025-02-16 18:41:00,AA,JFK,SFO,4195,7.7,6.11,0.01,0.0,0.6772,0.158,80,JFK-SFO,371,12,1,0,0,0,1,16,2025-02-16 12:46:00,2025-02-16 19:08:00,27,1
2025-09-24 00:45:00,2025-09-24 02:34:00,DL,SFO,ATL,922,19.19,19.68,0.0,0.22,-0.4028,0.6839,10,SFO-ATL,109,0,0,1,0,0,0,10,2025-09-24 00:55:00,2025-09-24 02:28:00,-6,0
2025-03-06 02:10:00,2025-03-06 07:59:00,DL,ATL,JFK,3929,12.37,14.72,3.43,3.61,0.583,0.6342,16,ATL-JFK,349,2,0,1,0,0,0,4,2025-03-06 02:14:00,2025-03-06 07:53:00,-6,0
2025-07-21 03:10:00,2025-07-21 06:21:00,UA,BOS,LAX,1955,37.3,36.39,8.52,6.89,1.0962,0.6194,5,BOS-LAX,191,3,0,1,0,0,0,-10,2025-07-21 03:00:00,2025-07-21 06:12:00,-9,0
2025-12-13 04:45:00,2025-12-13 09:08:00,WN,JFK,LAX,2850,7.73,6.67,7.82,8.27,-0.7359,-0.1391,95,JFK-LAX,263,4,0,1,0,0,0,10,2025-12-13 04:55:00,2025-12-13 09:16:00,8,0
2025-12-08 02:40:00,2025-12-08 08:32:00,AA,ATL,LAX,3964,31.09,28.06,0.0,0.0,-0.7294,-0.0278,18,ATL-LAX,352,2,0,1,0,0,0,14,2025-12-08 02:54:00,2025-12-08 08:48:00,16,1
2025-05-12 07:50:00,2025-05-12 09:32:00,B6,ATL,SFO,842,7.36,9.75,0.14,0.0,-0.2885,-0.8411,87,ATL-SFO,102,7,0,0,0,0,0,-5,2025-05-12 07:45:00,2025-05-12 09:30:00,-2,0
2025-10-12 13:45:00,2025-10-12 16:41:00,AA,BOS,ATL,1757,3.23,6.82,0.27,0.3,-2.2214,-0.6513,44,BOS-ATL,176,13,1,0,0,0,0,2,2025-10-12 13:47:00,2025-10-12 16:39:00,-2,0
2025-08-12 07:50:00,2025-08-12 14:08:00,B6,LAX,SFO,4283,12.72,10.72,8.88,9.34,0.3301,-0.1176,31,LAX-SFO,378,7,0,0,0,0,1,30,2025-08-12 08:20:00,2025-08-12 14:55:00,47,1
2025-06-24 07:10:00,2025-06-24 08:59:00,DL,LAX,SFO,925,12.87,16.44,0.0,0.25,0.9108,-0.3779,57,LAX-SFO,109,7,0,0,0,0,0,1,2025-06-24 07:11:00,2025-06-24 08:52:00,-7,0
2025-02-21 11:15:00,2025-02-21 12:49:00,B6,ATL,JFK,732,22.93,23.08,0.11,0.77,0.5701,-0.5177,98,ATL-JFK,94,11,0,0,0,0,0,-5,2025-02-21 11:10:00,2025-02-21 12:37:00,-12,0
2025-05-18 13:10:00,2025-05-18 17:05:00,AA,ATL,LAX,2495,7.74,7.56,0.0,0.51,0.4792,-0.7004,45,ATL-LAX,235,13,1,0,0,0,0,0,2025-05-18 13:10:00,2025-05-18 17:21:00,16,1
2025-08-26 07:00:00,2025-08-26 08:07:00,DL,LAX,ATL,403,10.86,12.47,10.42,11.6,1.0235,0.5069,6,LAX-ATL,67,7,0,0,0,0,0,9,2025-08-26 07:09:00,2025-08-26 08:03:00,-4,0
2025-12-27 05:45:00,2025-12-27 12:17:00,B6,BOS,JFK,4466,10.58,9.19,12.0,13.42,-0.1002,0.6216,81,BOS-JFK,392,5,0,0,1,0,0,64,2025-12-27 06:49:00,2025-12-27 14:00:00,103,1
2025-01-02 09:40:00,2025-01-02 15:43:00,AA,LAX,ATL,4095,6.39,8.72,0.97,0.06,-1.5717,-0.018,73,LAX-ATL,363,9,0,0,0,0,0,-5,2025-01-02 09:35:00,2025-01-02 15:42:00,-1,0
2025-09-19 00:00:00,2025-09-19 02:02:00,DL,BOS,LAX,1090,28.98,28.07,0.22,0.16,0.1294,0.6501,50,BOS-LAX,122,0,0,1,0,0,0,7,2025-09-19 00:07:00,2025-09-19 02:08:00,6,0
2025-11-05 11:10:00,2025-11-05 13:07:00,UA,BOS,SFO,1025,15.38,13.75,15.29,15.63,1.3014,0.829,30,BOS-SFO,117,11,0,0,1,0,0,46,2025-11-05 11:56:00,2025-11-05 14:23:00,76,1
2025-12-14 22:10:00,2025-12-15 03:30:00,AA,BOS,LAX,3567,0.46,0.0,0.0,0.0,0.3612,-0.6952,73,BOS-LAX,320,22,1,1,0,1,0,10,2025-12-14 22:20:00,2025-12-15 03:42:00,12,0
2025-06-04 09:20:00,2025-06-04 13:14:00,DL,BOS,LAX,2487,11.06,12.81,0.0,0.92,-0.3719,0.6615,90,BOS-LAX,234,9,0,0,0,0,0,6,2025-06-04 09:26:00,2025-06-04 13:31:00,17,1
2025-02-13 02:20:00,2025-02-13 07:56:00,WN,LAX,ATL,3758,3.14,3.91,0.0,0.59,0.7842,-0.9444,98,LAX-ATL,336,2,0,1,0,0,0,6,2025-02-13 02:26:00,2025-02-13 08:00:00,4,0
2025-04-09 16:15:00,2025-04-09 22:39:00,UA,JFK,SFO,4363,13.59,13.53,7.98,6.46,0.3861,-0.7738,25,JFK-SFO,384,16,0,0,0,0,0,7,2025-04-09 16:22:00,2025-04-09 22:25:00,-14,0
2025-11-07 03:50:00,2025-11-07 07:04:00,UA,LAX,ATL,1985,2.07,5.11,0.04,1.55,-0.2158,-0.1776,65,LAX-ATL,194,3,0,1,0,0,0,1,2025-11-07 03:51:00,2025-11-07 07:04:00,0,0
2025-11-17 04:10:00,2025-11-17 06:34:00,WN,ATL,JFK,1366,14.59,15.79,36.6,36.31,0.1191,0.342,51,ATL-JFK,144,4,0,1,1,0,0,14,2025-11-17 04:24:00,2025-11-17 07:06:00,32,1
2025-08-21 03:30:00,2025-08-21 07:57:00,B6,JFK,LAX,2902,1.62,2.15,1.0,0.0,-0.3174,-0.0215,61,JFK-LAX,267,3,0,1,0,0,0,6,2025-08-21 03:36:00,2025-08-21 08:02:00,5,0
2025-02-14 21:20:00,2025-02-15 01:52:00,B6,JFK,SFO,2967,6.88,4.86,0.0,0.0,0.6148,-0.5816,10,JFK-SFO,272,21,0,1,0,0,1,9,2025-02-14 21:29:00,2025-02-15 02:14:00,22,1
2025-02-14 23:20:00,2025-02-15 02:44:00,AA,SFO,ATL,2115,14.98,15.34,3.3,3.71,-0.8999,0.2623,76,SFO-ATL,204,23,0,1,0,0,1,52,2025-02-15 00:12:00,2025-02-15 04:01:00,77,1
2025-06-24 13:45:00,2025-06-24 16:24:00,WN,JFK,SFO,1555,11.95,9.12,10.34,13.9,0.33,0.7375,57,JFK-SFO,159,13,0,0,0,0,1,10,2025-06-24 13:55:00,2025-06-24 17:00:00,36,1
2025-08-03 14:50:00,2025-08-03 17:17:00,UA,ATL,JFK,1401,2.84,3.24,0.0,0.0,0.8693,0.5902,50,ATL-JFK,147,14,1,0,0,0,0,7,2025-08-03 14:57:00,2025-08-03 17:10:00,-7,0
2025-01-12 15:00:00,2025-01-12 18:54:00,UA,LAX,JFK,2490,26.02,25.66,9.98,10.39,0.2379,-0.4066,33,LAX-JFK,234,15,1,0,0,0,0,10,2025-01-12 15:10:00,2025-01-12 19:07:00,13,0
2025-09-08 14:20:00,2025-09-08 17:42:00,DL,ATL,JFK,2089,7.18,7.78,11.59,12.52,0.2493,0.8042,91,ATL-JFK,202,14,0,0,0,0,0,1,2025-09-08 14:21:00,2025-09-08 17:29:00,-13,0
2025-07-18 13:00:00,2025-07-18 16:33:00,DL,SFO,LAX,2221,8.9,6.25,0.0,0.0,0.07,-0.2269,82,SFO-LAX,213,13,0,0,0,0,1,34,2025-07-18 13:34:00,2025-07-18 17:15:00,42,1
2025-01-05 23:20:00,2025-01-06 00:51:00,WN,BOS,LAX,700,8.21,7.2,6.55,6.05,0.5346,0.7975,63,BOS-LAX,91,23,1,1,0,1,0,12,2025-01-05 23:32:00,2025-01-06 01:28:00,37,1
2025-02-04 17:30:00,2025-02-04 23:25:00,B6,LAX,JFK,3999,17.37,17.31,0.65,0.0,-0.3593,-0.7931,64,LAX-JFK,355,17,0,0,0,0,0,-5,2025-02-04 17:25:00,2025-02-04 23:26:00,1,0
2025-06-15 02:20:00,2025-06-15 07:17:00,UA,LAX,JFK,3269,9.49,6.64,0.0,0.5,-0.1305,0.8708,90,LAX-JFK,297,2,1,1,0,1,0,18,2025-06-15 02:38:00,2025-06-15 07:49:00,32,1
2025-09-21 09:15:00,2025-09-21 15:23:00,DL,JFK,ATL,4159,8.14,8.27,9.63,8.56,-0.901,-0.3038,73,JFK-ATL,368,9,1,0,0,0,0,-2,2025-09-21 09:13:00,2025-09-21 15:44:00,21,1
2025-10-29 23:15:00,2025-10-30 04:53:00,DL,JFK,ATL,3782,22.18,21.48,4.55,3.67,-0.2699,-0.1218,48,JFK-ATL,338,23,0,1,0,0,0,2,2025-10-29 23:17:00,2025-10-30 04:51:00,-2,0
2025-06-07 09:15:00,2025-06-07 13:42:00,AA,ATL,JFK,2898,19.18,18.06,7.25,5.83,-2.0046,0.6759,39,ATL-JFK,267,9,0,0,0,0,0,-8,2025-06-07 09:07:00,2025-06-07 13:36:00,-6,0
2025-04-18 04:15:00,2025-04-18 06:57:00,UA,ATL,BOS,1591,9.08,10.89,1.12,0.0,0.0285,0.3794,23,ATL-BOS,162,4,0,1,0,0,0,38,2025-04-18 04:53:00,2025-04-18 07:42:00,45,1
2025-12-20 20:15:00,2025-12-21 00:54:00,WN,LAX,BOS,3046,11.22,7.1,2.4,1.43,0.616,0.1101,70,LAX-BOS,279,20,0,1,0,0,0,-2,2025-12-20 20:13:00,2025-12-21 01:01:00,7,0
2025-06-17 14:40:00,2025-06-17 18:49:00,WN,SFO,BOS,2679,0.0,0.8,0.0,0.0,-0.067,0.3574,84,SFO-BOS,249,14,0,0,0,0,1,27,2025-06-17 15:07:00,2025-06-17 19:19:00,30,1
2025-04-26 13:00:00,2025-04-26 19:09:00,WN,SFO,LAX,4179,12.88,10.4,0.0,0.0,0.9212,0.0424,21,SFO-LAX,369,13,0,0,0,0,1,4,2025-04-26 13:04:00,2025-04-26 19:26:00,17,1
2025-06-11 10:00:00,2025-06-11 12:17:00,B6,BOS,SFO,1275,18.48,18.15,0.26,0.0,1.3354,-0.9475,18,BOS-SFO,137,10,0,0,0,0,0,23,2025-06-11 10:23:00,2025-06-11 12:39:00,22,1
2025-01-05 02:30:00,2025-01-05 03:38:00,B6,BOS,JFK,407,7.5,6.9,36.1,39.74,-0.0161,-0.0593,49,BOS-JFK,68,2,1,1,1,1,0,40,2025-01-05 03:10:00,2025-01-05 04:42:00,64,1
2025-04-21 09:40:00,2025-04-21 11:22:00,DL,BOS,SFO,835,24.16,23.65,20.4,20.2,-0.9965,0.2092,96,BOS-SFO,102,9,0,0,1,0,0,20,2025-04-21 10:00:00,2025-04-21 12:00:00,38,1
2025-07-08 10:15:00,2025-07-08 12:13:00,B6,LAX,SFO,1035,2.64,4.4,0.0,0.71,1.0915,-0.7372,54,LAX-SFO,118,10,0,0,0,0,0,19,2025-07-08 10:34:00,2025-07-08 12:23:00,10,0
2025-12-02 22:10:00,2025-12-03 02:52:00,AA,LAX,ATL,3087,3.63,3.97,0.0,0.31,0.8892,-0.5484,91,LAX-ATL,282,22,0,1,0,0,0,8,2025-12-02 22:18:00,2025-12-03 02:54:00,2,0
2025-09-27 07:30:00,2025-09-27 09:18:00,WN,LAX,ATL,915,21.72,21.32,1.45,0.0,0.4489,-0.5414,32,LAX-ATL,108,7,0,0,0,0,0,-1,2025-09-27 07:29:00,2025-09-27 09:03:00,-15,0
2025-10-13 03:20:00,2025-10-13 05:04:00,UA,SFO,JFK,863,16.07,16.89,15.77,14.72,-0.5245,0.082,38,SFO-JFK,104,3,0,1,1,0,0,20,2025-10-13 03:40:00,2025-10-13 05:53:00,49,1
2025-07-18 10:40:00,2025-07-18 13:52:00,AA,BOS,SFO,1967,1.82,4.69,0.0,0.74,0.3779,-0.549,43,BOS-SFO,192,10,0,0,0,0,0,4,2025-07-18 10:44:00,2025-07-18 14:08:00,16,1
2025-02-10 23:10:00,2025-02-11 04:32:00,DL,LAX,JFK,3584,4.37,2.47,2.48,3.45,-0.3114,-0.5453,86,LAX-JFK,322,23,0,1,0,0,0,1,2025-02-10 23:11:00,2025-02-11 04:19:00,-13,0
2025-05-23 11:00:00,2025-05-23 14:22:00,B6,JFK,ATL,2082,16.07,17.41,0.0,0.87,-0.7337,-0.1491,87,JFK-ATL,202,11,0,0,0,0,0,-2,2025-05-23 10:58:00,2025-05-23 14:25:00,3,0
2025-12-30 09:30:00,2025-12-30 12:00:00,WN,SFO,BOS,1441,11.41,12.97,0.91,0.0,0.3592,0.5767,90,SFO-BOS,150,9,0,0,0,0,0,-1,2025-12-30 09:29:00,2025-12-30 12:09:00,9,0
2025-01-17 16:20:00,2025-01-17 18:55:00,UA,BOS,ATL,1494,8.13,10.5,31.16,33.29,-0.9732,-0.4411,48,BOS-ATL,155,16,0,0,1,0,0,21,2025-01-17 16:41:00,2025-01-17 19:29:00,34,1
2025-11-17 15:40:00,2025-11-17 21:14:00,WN,ATL,BOS,3737,23.48,23.86,0.0,0.0,0.7559,-0.4969,37,ATL-BOS,334,15,0,0,0,0,0,6,2025-11-17 15:46:00,2025-11-17 20:58:00,-16,0
2025-09-07 07:30:00,2025-09-07 10:55:00,AA,BOS,ATL,2119,7.17,7.14,0.0,1.01,0.2816,0.0053,77,BOS-ATL,205,7,1,0,0,0,0,13,2025-09-07 07:43:00,2025-09-07 10:48:00,-7,0
2025-04-14 23:15:00,2025-04-15 02:18:00,AA,LAX,JFK,1847,0.53,0.0,12.17,13.97,-0.1115,-0.2948,88,LAX-JFK,183,23,0,1,1,0,0,1,2025-04-14 23:16:00,2025-04-15 02:30:00,12,0
2025-10-11 14:10:00,2025-10-11 19:29:00,WN,SFO,JFK,3548,14.38,13.29,18.52,15.98,-0.0416,0.9617,52,SFO-JFK,319,14,0,0,1,0,1,34,2025-10-11 14:44:00,2025-10-11 20:29:00,60,1
2025-11-02 01:10:00,2025-11-02 04:13:00,UA,SFO,LAX,1849,18.29,20.18,0.0,0.28,-1.0732,0.6129,66,SFO-LAX,183,1,1,1,0,1,0,9,2025-11-02 01:19:00,2025-11-02 04:16:00,3,0
2025-01-16 09:45:00,2025-01-16 12:44:00,DL,ATL,SFO,1798,7.22,8.28,0.0,0.0,-1.0132,-0.2166,1,ATL-SFO,179,9,0,0,0,0,1,10,2025-01-16 09:55:00,2025-01-16 13:11:00,27,1
2025-02-08 22:10:00,2025-02-09 03:21:00,AA,JFK,LAX,3452,4.32,8.13,10.58,10.3,1.7328,-0.7605,31,JFK-LAX,311,22,0,1,0,0,0,-4,2025-02-08 22:06:00,2025-02-09 03:18:00,-3,0
2025-08-31 09:30:00,2025-08-31 12:19:00,UA,ATL,JFK,1675,0.3,0.0,6.63,5.57,-0.1509,-0.5642,79,ATL-JFK,169,9,1,0,0,0,0,1,2025-08-31 09:31:00,2025-08-31 12:19:00,0,0
2025-12-31 13:45:00,2025-12-31 17:35:00,WN,BOS,SFO,2443,12.42,10.97,0.0,0.32,-1.424,0.5667,46,BOS-SFO,230,13,1,0,0,0,1,29,2025-12-31 14:14:00,2025-12-31 18:07:00,32,1
2025-01-09 14:50:00,2025-01-09 19:32:00,DL,SFO,LAX,3091,12.7,11.09,0.0,0.74,0.9185,-0.0861,97,SFO-LAX,282,14,0,0,0,0,0,-8,2025-01-09 14:42:00,2025-01-09 19:36:00,4,0
2025-08-31 16:15:00,2025-08-31 18:22:00,UA,SFO,JFK,1144,19.49,17.98,11.79,11.86,-1.0243,-0.6093,91,SFO-JFK,127,16,1,0,0,0,0,3,2025-08-31 16:18:00,2025-08-31 18:28:00,6,0
2025-02-19 20:00:00,2025-02-19 21:42:00,AA,ATL,LAX,839,12.5,12.51,0.0,0.86,0.5766,0.2498,89,ATL-LAX,102,20,0,1,0,0,0,-7,2025-02-19 19:53:00,2025-02-19 21:35:00,-7,0
2025-08-26 03:45:00,2025-08-26 09:30:00,B6,ATL,JFK,3871,8.32,7.53,0.0,0.29,1.4742,0.2789,63,ATL-JFK,345,3,0,1,0,0,0,8,2025-08-26 03:53:00,2025-08-26 09:19:00,-11,0
2025-08-16 12:40:00,2025-08-16 15:19:00,B6,LAX,ATL,1547,12.42,10.55,1.65,4.2,-0.2171,-0.3415,82,LAX-ATL,159,12,0,0,0,0,0,3,2025-08-16 12:43:00,2025-08-16 15:12:00,-7,0
2025-02-03 12:15:00,2025-02-03 15:08:00,DL,JFK,ATL,1728,20.28,19.92,8.65,7.52,1.1577,-0.7118,64,JFK-ATL,173,12,0,0,0,0,0,-1,2025-02-03 12:14:00,2025-02-03 15:02:00,-6,0
2025-09-06 03:30:00,2025-09-06 07:47:00,UA,JFK,LAX,2776,11.22,14.13,18.74,18.78,0.7338,0.1276,41,JFK-LAX,257,3,0,1,1,0,0,6,2025-09-06 03:36:00,2025-09-06 07:59:00,12,0
2025-11-24 16:10:00,2025-11-24 17:43:00,WN,SFO,JFK,731,19.46,19.96,12.71,11.12,1.5733,0.1276,72,SFO-JFK,93,16,0,0,1,0,0,12,2025-11-24 16:22:00,2025-11-24 17:56:00,13,0
2025-11-12 02:40:00,2025-11-12 03:54:00,AA,SFO,BOS,491,5.17,5.36,0.46,0.0,0.5818,-0.0861,44,SFO-BOS,74,2,0,1,0,0,0,-5,2025-11-12 02:35:00,2025-11-12 03:50:00,-4,0
2025-01-11 10:40:00,2025-01-11 13:59:00,UA,SFO,BOS,2047,16.9,16.35,15.68,14.85,-0.5287,0.9398,74,SFO-BOS,199,10,0,0,1,0,1,36,2025-01-11 11:16:00,2025-01-11 14:58:00,59,1
2025-03-31 07:15:00,2025-03-31 13:39:00,DL,LAX,BOS,4366,13.43,13.14,10.98,9.67,-2.083,-0.359,46,LAX-BOS,384,7,0,0,0,0,0,-3,2025-03-31 07:12:00,2025-03-31 13:34:00,-5,0
2025-03-29 03:20:00,2025-03-29 07:32:00,UA,SFO,ATL,2710,7.9,7.03,1.17,0.0,-0.7921,0.0056,33,SFO-ATL,252,3,0,1,0,0,0,0,2025-03-29 03:20:00,2025-03-29 07:31:00,-1,0
2025-06-15 19:15:00,2025-06-15 23:28:00,UA,LAX,SFO,2729,19.87,21.02,0.27,0.0,-0.5022,0.2708,42,LAX-SFO,253,19,1,0,0,0,0,15,2025-06-15 19:30:00,2025-06-15 23:40:00,12,0
2025-02-22 05:00:00,2025-02-22 09:24:00,UA,SFO,JFK,2861,35.66,30.91,0.0,0.25,0.9927,0.3811,84,SFO-JFK,264,5,0,0,0,0,1,2,2025-02-22 05:02:00,2025-02-22 09:35:00,11,0
2025-11-08 06:10:00,2025-11-08 11:58:00,WN,JFK,LAX,3915,1.41,2.31,11.34,12.59,1.2142,0.6907,43,JFK-LAX,348,6,0,0,0,0,0,9,2025-11-08 06:19:00,2025-11-08 12:05:00,7,0
2025-10-11 20:50:00,2025-10-12 02:30:00,DL,ATL,JFK,3809,6.75,6.47,0.0,1.0,-1.096,-0.5583,58,ATL-JFK,340,20,0,1,0,0,0,2,2025-10-11 20:52:00,2025-10-12 02:26:00,-4,0
2025-10-23 21:20:00,2025-10-23 22:27:00,WN,SFO,LAX,401,9.15,9.56,0.55,0.94,1.2229,0.7247,79,SFO-LAX,67,21,0,1,0,0,0,-2,2025-10-23 21:18:00,2025-10-23 22:27:00,0,0
2025-03-14 00:10:00,2025-03-14 04:11:00,DL,SFO,ATL,2573,9.46,8.36,0.0,0.0,-0.7734,-0.7975,97,SFO-ATL,241,0,0,1,0,0,1,35,2025-03-14 00:45:00,2025-03-14 04:57:00,46,1
2025-01-06 06:00:00,2025-01-06 10:03:00,AA,BOS,JFK,2595,7.95,5.63,10.89,10.18,-0.8334,-0.8703,80,BOS-JFK,243,6,0,0,0,0,0,1,2025-01-06 06:01:00,2025-01-06 10:04:00,1,0
2025-11-29 17:15:00,2025-11-29 19:29:00,WN,JFK,LAX,1239,0.77,1.38,4.14,4.76,-1.3836,0.7422,55,JFK-LAX,134,17,0,0,0,0,0,3,2025-11-29 17:18:00,2025-11-29 19:29:00,0,0
2025-04-16 18:50:00,2025-04-17 01:17:00,UA,JFK,SFO,4395,7.88,7.26,5.13,5.62,0.3378,-0.3498,30,JFK-SFO,387,18,0,0,0,0,0,20,2025-04-16 19:10:00,2025-04-17 01:35:00,18,1
2025-08-28 23:20:00,2025-08-29 01:47:00,WN,LAX,ATL,1398,9.94,9.54,0.0,1.38,-0.5857,0.5928,19,LAX-ATL,147,23,0,1,0,0,0,-3,2025-08-28 23:17:00,2025-08-29 01:47:00,0,0
2025-11-28 13:50:00,2025-11-28 19:29:00,DL,LAX,BOS,3802,9.73,3.96,11.94,11.5,1.313,0.5481,59,LAX-BOS,339,13,0,0,0,0,0,-3,2025-11-28 13:47:00,2025-11-28 19:29:00,0,0
2025-01-14 00:20:00,2025-01-14 01:53:00,WN,BOS,ATL,723,10.78,6.79,0.06,0.77,-0.9081,0.3509,6,BOS-ATL,93,0,0,1,0,0,0,4,2025-01-14 00:24:00,2025-01-14 01:39:00,-14,0
2025-01-02 20:45:00,2025-01-03 01:06:00,AA,SFO,ATL,2827,13.97,13.23,0.99,0.0,0.7322,-0.5909,81,SFO-ATL,261,20,0,1,0,0,0,3,2025-01-02 20:48:00,2025-01-03 01:12:00,6,0
2025-01-02 03:45:00,2025-01-02 08:51:00,B6,SFO,JFK,3390,9.3,9.1,0.03,0.36,-1.2123,-0.1507,68,SFO-JFK,306,3,0,1,0,0,0,7,2025-01-02 03:52:00,2025-01-02 08:43:00,-8,0
2025-02-27 02:00:00,2025-02-27 05:48:00,B6,SFO,JFK,2417,5.99,5.03,0.0,0.39,1.0319,0.6187,59,SFO-JFK,228,2,0,1,0,0,1,28,2025-02-27 02:28:00,2025-02-27 06:10:00,22,1
2025-01-19 16:00:00,2025-01-19 17:35:00,DL,JFK,BOS,744,11.0,11.55,0.97,0.0,0.1171,-0.8037,56,JFK-BOS,95,16,1,0,0,0,0,12,2025-01-19 16:12:00,2025-01-19 17:37:00,2,0
2025-10-27 14:50:00,2025-10-27 16:31:00,DL,ATL,SFO,820,10.72,11.41,0.57,0.0,0.293,0.012,83,ATL-SFO,101,14,0,0,0,0,0,-7,2025-10-27 14:43:00,2025-10-27 16:19:00,-12,0
2025-08-10 01:50:00,2025-08-10 06:13:00,AA,SFO,LAX,2844,8.29,9.53,0.09,0.28,-0.3584,-0.6927,86,SFO-LAX,263,1,1,1,0,1,1,38,2025-08-10 02:28:00,2025-08-10 07:05:00,52,1
2025-12-24 04:10:00,2025-12-24 09:59:00,B6,ATL,JFK,3923,35.34,32.74,5.14,5.84,-0.4151,-0.7955,90,ATL-JFK,349,4,1,1,0,1,0,10,2025-12-24 04:20:00,2025-12-24 10:34:00,35,1
2025-10-20 14:40:00,2025-10-20 19:00:00,AA,ATL,JFK,2807,13.38,16.35,5.81,5.86,0.4968,-0.1171,85,ATL-JFK,260,14,0,0,0,0,0,2,2025-10-20 14:42:00,2025-10-20 19:00:00,0,0
2025-12-18 06:50:00,2025-12-18 08:23:00,B6,BOS,JFK,723,11.44,10.59,0.0,0.0,1.8085,-0.3809,73,BOS-JFK,93,6,0,0,0,0,0,-2,2025-12-18 06:48:00,2025-12-18 08:14:00,-9,0
2025-03-29 16:50:00,2025-03-29 22:13:00,AA,ATL,JFK,3599,4.46,5.9,0.0,0.0,-1.0497,0.6416,37,ATL-JFK,323,16,0,0,0,0,0,23,2025-03-29 17:13:00,2025-03-29 22:44:00,31,1
2025-04-16 09:15:00,2025-04-16 12:48:00,B6,LAX,JFK,2228,7.35,6.47,37.1,37.98,-0.3406,-0.0241,83,LAX-JFK,213,9,0,0,1,0,0,29,2025-04-16 09:44:00,2025-04-16 13:33:00,45,1
2025-11-07 14:45:00,2025-11-07 16:09:00,DL,JFK,LAX,613,8.96,4.94,13.69,12.51,-0.6126,0.4821,99,JFK-LAX,84,14,0,0,1,0,0,14,2025-11-07 14:59:00,2025-11-07 16:36:00,27,1
2025-03-31 11:40:00,2025-03-31 14:43:00,UA,BOS,JFK,1845,8.24,7.27,5.95,6.28,-1.5118,0.3227,79,BOS-JFK,183,11,0,0,0,0,0,2,2025-03-31 11:42:00,2025-03-31 14:45:00,2,0
2025-01-21 08:50:00,2025-01-21 10:57:00,AA,ATL,JFK,1152,8.32,8.82,0.63,0.0,-1.5243,0.9026,84,ATL-JFK,127,8,0,0,0,0,0,13,2025-01-21 09:03:00,2025-01-21 11:05:00,8,0
2025-09-02 08:10:00,2025-09-02 14:40:00,DL,BOS,SFO,4442,13.94,13.48,0.31,0.0,-0.7325,-0.48,63,BOS-SFO,390,8,0,0,0,0,0,16,2025-09-02 08:26:00,2025-09-02 14:40:00,0,0
2025-10-20 16:30:00,2025-10-20 22:35:00,B6,LAX,ATL,4120,18.57,23.44,0.0,0.21,-0.3959,0.5616,7,LAX-ATL,365,16,0,0,0,0,0,9,2025-10-20 16:39:00,2025-10-20 22:29:00,-6,0
2025-12-20 12:00:00,2025-12-20 13:35:00,UA,LAX,BOS,745,15.52,15.11,0.0,0.0,1.4161,-0.6248,89,LAX-BOS,95,12,0,0,0,0,0,5,2025-12-20 12:05:00,2025-12-20 13:24:00,-11,0
2025-12-05 14:15:00,2025-12-05 18:26:00,DL,BOS,ATL,2703,15.25,16.42,0.0,0.91,0.9893,0.7246,33,BOS-ATL,251,14,0,0,0,0,0,6,2025-12-05 14:21:00,2025-12-05 18:23:00,-3,0
2025-02-13 13:00:00,2025-02-13 14:01:00,B6,ATL,SFO,329,4.54,6.46,0.71,1.26,-0.8204,0.747,58,ATL-SFO,61,13,0,0,0,0,0,1,2025-02-13 13:01:00,2025-02-13 14:04:00,3,0
2025-10-09 04:20:00,2025-10-09 07:53:00,B6,JFK,LAX,2222,19.66,21.82,0.0,0.0,0.7728,0.6349,65,JFK-LAX,213,4,0,1,0,0,0,-1,2025-10-09 04:19:00,2025-10-09 07:46:00,-7,0
2025-11-05 21:45:00,2025-11-05 23:36:00,UA,LAX,BOS,954,5.86,6.03,0.0,0.0,-0.7993,-0.358,82,LAX-BOS,111,21,0,1,0,0,0,5,2025-11-05 21:50:00,2025-11-05 23:27:00,-9,0
2025-09-12 13:40:00,2025-09-12 18:50:00,DL,ATL,BOS,3440,13.38,11.8,0.0,1.89,-0.0878,-0.7066,4,ATL-BOS,310,13,0,0,0,0,0,-8,2025-09-12 13:32:00,2025-09-12 18:55:00,5,0
2025-10-27 17:15:00,2025-10-27 18:38:00,B6,LAX,ATL,602,15.62,10.87,0.84,1.1,0.3238,0.6865,6,LAX-ATL,83,17,0,0,0,0,0,3,2025-10-27 17:18:00,2025-10-27 18:30:00,-8,0
2025-11-02 21:20:00,2025-11-03 03:22:00,UA,ATL,JFK,4090,22.67,22.57,16.09,14.46,2.11,0.1792,28,ATL-JFK,362,21,1,1,1,1,0,18,2025-11-02 21:38:00,2025-11-03 03:51:00,29,1
2025-06-12 22:15:00,2025-06-13 00:32:00,DL,BOS,LAX,1270,31.34,31.0,0.0,1.17,0.2688,-0.104,47,BOS-LAX,137,22,0,1,0,0,0,-2,2025-06-12 22:13:00,2025-06-13 00:27:00,-5,0
2025-01-15 16:40:00,2025-01-15 19:07:00,UA,LAX,BOS,1404,9.13,8.84,0.04,0.0,-1.478,-0.1748,55,LAX-BOS,147,16,0,0,0,0,0,-8,2025-01-15 16:32:00,2025-01-15 18:53:00,-14,0
2025-06-16 18:15:00,2025-06-17 00:12:00,DL,ATL,JFK,4020,11.71,11.71,0.09,0.61,0.7442,-0.7973,14,ATL-JFK,357,18,0,0,0,0,0,1,2025-06-16 18:16:00,2025-06-17 00:12:00,0,0
2025-03-15 11:00:00,2025-03-15 17:02:00,DL,BOS,SFO,4086,17.96,22.37,0.0,0.0,1.1372,0.2939,95,BOS-SFO,362,11,0,0,0,0,1,26,2025-03-15 11:26:00,2025-03-15 17:50:00,48,1
2025-02-11 17:30:00,2025-02-11 19:01:00,WN,ATL,BOS,703,33.41,30.43,0.83,0.46,0.8886,0.0416,80,ATL-BOS,91,17,0,0,0,0,0,2,2025-02-11 17:32:00,2025-02-11 19:02:00,1,0
2025-02-15 07:45:00,2025-02-15 09:20:00,DL,BOS,JFK,756,7.31,10.97,3.95,3.37,-0.9942,0.9226,86,BOS-JFK,95,7,0,0,0,0,0,9,2025-02-15 07:54:00,2025-02-15 09:33:00,13,0
2025-09-12 17:20:00,2025-09-12 23:06:00,UA,LAX,BOS,3884,3.83,3.62,0.02,0.13,0.1243,0.3501,36,LAX-BOS,346,17,0,0,0,0,0,-4,2025-09-12 17:16:00,2025-09-12 23:07:00,1,0
2025-07-04 02:10:00,2025-07-04 08:37:00,WN,BOS,SFO,4406,1.89,3.14,0.0,0.59,-0.0179,0.9313,3,BOS-SFO,387,2,1,1,0,1,1,56,2025-07-04 03:06:00,2025-07-04 09:52:00,75,1
2025-07-17 21:00:00,2025-07-18 00:43:00,B6,ATL,JFK,2352,5.44,3.37,0.18,0.0,1.7695,-0.7203,71,ATL-JFK,223,21,0,1,0,0,0,-2,2025-07-17 20:58:00,2025-07-18 00:37:00,-6,0
2025-09-29 05:50:00,2025-09-29 07:44:00,B6,BOS,SFO,992,6.59,5.15,0.0,0.0,0.6167,0.365,79,BOS-SFO,114,5,0,0,0,0,0,4,2025-09-29 05:54:00,2025-09-29 07:40:00,-4,0
2025-07-20 15:45:00,2025-07-20 17:35:00,B6,ATL,SFO,941,16.81,19.44,0.95,0.93,1.7167,0.6286,1,ATL-SFO,110,15,1,0,0,0,0,-7,2025-07-20 15:38:00,2025-07-20 17:34:00,-1,0
2025-08-18 00:10:00,2025-08-18 02:38:00,WN,LAX,JFK,1418,17.96,18.27,1.05,0.01,-0.7094,0.2223,14,LAX-JFK,148,0,0,1,0,0,0,9,2025-08-18 00:19:00,2025-08-18 02:54:00,16,1
2025-02-01 03:00:00,2025-02-01 07:49:00,UA,SFO,ATL,3178,13.1,13.3,0.45,0.0,-0.2167,0.2297,43,SFO-ATL,289,3,0,1,0,0,1,15,2025-02-01 03:15:00,2025-02-01 08:22:00,33,1
2025-11-07 23:10:00,2025-11-08 00:41:00,UA,ATL,BOS,705,8.91,7.9,0.0,0.0,-0.5376,-0.6885,92,ATL-BOS,91,23,0,1,0,0,0,0,2025-11-07 23:10:00,2025-11-08 00:28:00,-13,0
2025-06-13 20:20:00,2025-06-14 00:55:00,AA,LAX,JFK,2994,13.88,12.53,3.74,3.85,0.9787,-0.3576,11,LAX-JFK,275,20,0,1,0,0,0,21,2025-06-13 20:41:00,2025-06-14 01:24:00,29,1
2025-02-26 05:45:00,2025-02-26 11:14:00,WN,BOS,ATL,3675,9.42,14.46,4.27,4.11,1.1396,0.2651,66,BOS-ATL,329,5,0,0,0,0,0,5,2025-02-26 05:50:00,2025-02-26 11:18:00,4,0
2025-10-24 03:10:00,2025-10-24 04:57:00,B6,ATL,JFK,903,8.9,7.06,0.0,0.44,0.3908,-0.054,91,ATL-JFK,107,3,0,1,0,0,0,17,2025-10-24 03:27:00,2025-10-24 05:05:00,8,0
2025-09-26 19:45:00,2025-09-27 02:15:00,WN,LAX,SFO,4433,11.91,8.81,0.0,0.0,0.0948,0.7261,14,LAX-SFO,390,19,0,0,0,0,0,6,2025-09-26 19:51:00,2025-09-27 02:09:00,-6,0
2025-01-20 23:00:00,2025-01-21 05:31:00,B6,BOS,JFK,4447,9.31,6.58,0.11,1.52,0.4178,0.5546,97,BOS-JFK,391,23,1,1,0,1,0,-3,2025-01-20 22:57:00,2025-01-21 05:42:00,11,0
2025-03-12 04:40:00,2025-03-12 07:19:00,UA,JFK,LAX,1547,12.73,12.88,0.32,0.22,-1.3825,0.0699,98,JFK-LAX,159,4,0,1,0,0,0,6,2025-03-12 04:46:00,2025-03-12 07:18:00,-1,0
2025-01-06 15:15:00,2025-01-06 16:52:00,AA,JFK,SFO,771,13.03,13.38,6.23,3.54,-0.4112,0.2238,47,JFK-SFO,97,15,0,0,0,0,0,5,2025-01-06 15:20:00,2025-01-06 17:07:00,15,1
2025-04-09 06:50:00,2025-04-09 09:38:00,B6,JFK,BOS,1667,17.22,18.05,3.96,4.3,-0.3308,0.3127,10,JFK-BOS,168,6,0,0,0,0,0,5,2025-04-09 06:55:00,2025-04-09 09:30:00,-8,0
2025-02-06 17:20:00,2025-02-06 19:46:00,UA,ATL,LAX,1385,3.12,4.3,6.74,6.07,-0.0136,0.3104,78,ATL-LAX,146,17,0,0,0,0,0,-10,2025-02-06 17:10:00,2025-02-06 19:44:00,-2,0
2025-09-17 10:15:00,2025-09-17 12:48:00,UA,BOS,ATL,1471,21.14,21.22,0.0,0.0,-0.652,0.3922,19,BOS-ATL,153,10,0,0,0,0,0,15,2025-09-17 10:30:00,2025-09-17 13:13:00,25,1
2025-07-10 03:10:00,2025-07-10 09:20:00,WN,LAX,JFK,4184,10.63,6.82,0.19,0.0,-0.8493,-0.0056,34,LAX-JFK,370,3,0,1,0,0,0,10,2025-07-10 03:20:00,2025-07-10 09:31:00,11,0
2025-12-24 07:45:00,2025-12-24 09:36:00,UA,SFO,LAX,950,31.3,28.3,0.0,0.68,-1.598,-0.7524,7,SFO-LAX,111,7,1,0,0,0,0,-7,2025-12-24 07:38:00,2025-12-24 09:32:00,-4,0
2025-10-01 12:20:00,2025-10-01 15:05:00,UA,ATL,SFO,1631,19.8,18.19,25.49,26.35,0.4321,0.9103,33,ATL-SFO,165,12,0,0,1,0,0,31,2025-10-01 12:51:00,2025-10-01 15:38:00,33,1
2025-08-12 19:15:00,2025-08-13 00:39:00,WN,JFK,ATL,3607,6.35,2.76,6.96,7.62,-1.3717,-0.9671,37,JFK-ATL,324,19,0,0,0,0,0,24,2025-08-12 19:39:00,2025-08-13 00:54:00,15,1
2025-07-05 00:40:00,2025-07-05 01:58:00,DL,SFO,BOS,541,14.7,14.35,0.0,1.91,0.9995,-0.9668,41,SFO-BOS,78,0,0,1,0,0,0,2,2025-07-05 00:42:00,2025-07-05 02:02:00,4,0
2025-01-20 22:30:00,2025-01-20 23:49:00,UA,BOS,ATL,555,18.56,23.18,12.68,11.5,0.3239,0.8768,17,BOS-ATL,79,22,1,1,1,1,0,56,2025-01-20 23:26:00,2025-01-21 01:06:00,77,1
2025-01-26 15:40:00,2025-01-26 18:20:00,AA,JFK,SFO,1567,9.03,9.37,0.0,1.37,0.8864,-0.0112,14,JFK-SFO,160,15,1,0,0,0,1,11,2025-01-26 15:51:00,2025-01-26 18:28:00,8,0
2025-08-13 21:20:00,2025-08-14 03:44:00,DL,SFO,BOS,4364,5.55,5.18,1.05,1.39,-0.8918,0.6351,99,SFO-BOS,384,21,0,1,0,0,1,5,2025-08-13 21:25:00,2025-08-14 03:58:00,14,0
2025-01-02 22:00:00,2025-01-03 03:41:00,WN,SFO,JFK,3825,4.51,2.68,1.92,3.09,1.8638,-0.2286,84,SFO-JFK,341,22,0,1,0,0,0,-4,2025-01-02 21:56:00,2025-01-03 03:33:00,-8,0
2025-01-16 03:00:00,2025-01-16 09:11:00,UA,LAX,JFK,4194,0.0,3.55,0.83,0.46,2.2197,-0.1381,53,LAX-JFK,371,3,0,1,0,0,0,21,2025-01-16 03:21:00,2025-01-16 09:39:00,28,1
2025-03-21 02:00:00,2025-03-21 07:49:00,DL,LAX,JFK,3928,2.43,1.11,0.0,0.95,0.03,0.4108,36,LAX-JFK,349,2,0,1,0,0,0,10,2025-03-21 02:10:00,2025-03-21 07:47:00,-2,0
2025-11-19 18:30:00,2025-11-19 20:09:00,B6,LAX,SFO,797,8.63,10.22,36.7,36.47,0.3934,0.0177,77,LAX-SFO,99,18,0,0,1,0,0,30,2025-11-19 19:00:00,2025-11-19 20:45:00,36,1
2025-06-17 04:30:00,2025-06-17 07:44:00,DL,BOS,ATL,1984,5.53,5.87,0.3,0.0,-0.0128,0.8012,77,BOS-ATL,194,4,0,1,0,0,0,-3,2025-06-17 04:27:00,2025-06-17 07:55:00,11,0
2025-09-16 03:40:00,2025-09-16 07:37:00,UA,SFO,LAX,2524,8.7,8.02,31.59,30.46,1.0073,0.383,29,SFO-LAX,237,3,0,1,1,0,1,68,2025-09-16 04:48:00,2025-09-16 09:08:00,91,1
2025-05-31 11:50:00,2025-05-31 13:45:00,AA,ATL,BOS,999,30.61,31.15,15.71,15.31,0.7927,0.0545,35,ATL-BOS,115,11,0,0,1,0,0,21,2025-05-31 12:11:00,2025-05-31 14:05:00,20,1
2025-03-05 21:10:00,2025-03-06 03:43:00,B6,ATL,LAX,4469,14.63,14.93,16.2,15.05,-1.7754,0.6595,26,ATL-LAX,393,21,0,1,1,0,0,15,2025-03-05 21:25:00,2025-03-06 04:36:00,53,1
2025-05-16 19:50:00,2025-05-17 00:12:00,B6,LAX,ATL,2832,5.34,4.42,0.0,0.0,-0.8266,0.0898,9,LAX-ATL,262,19,0,0,0,0,0,31,2025-05-16 20:21:00,2025-05-17 00:51:00,39,1
2025-02-03 12:50:00,2025-02-03 18:35:00,B6,SFO,BOS,3881,40.6,41.84,1.22,0.0,0.3928,-0.4008,49,SFO-BOS,345,12,0,0,0,0,1,8,2025-02-03 12:58:00,2025-02-03 18:47:00,12,0
2025-10-09 04:30:00,2025-10-09 06:56:00,DL,SFO,JFK,1386,12.73,11.08,0.38,0.0,0.7737,-0.7592,87,SFO-JFK,146,4,0,1,0,0,0,14,2025-10-09 04:44:00,2025-10-09 07:04:00,8,0
2025-03-08 08:30:00,2025-03-08 13:29:00,UA,LAX,SFO,3303,37.08,37.4,0.0,0.0,0.1494,-0.2989,77,LAX-SFO,299,8,0,0,0,0,1,28,2025-03-08 08:58:00,2025-03-08 14:01:00,32,1
2025-05-18 16:10:00,2025-05-18 17:45:00,UA,BOS,SFO,744,25.23,28.51,2.36,1.75,-1.6967,0.2691,50,BOS-SFO,95,16,1,0,0,0,0,4,2025-05-18 16:14:00,2025-05-18 17:31:00,-14,0
2025-12-24 03:10:00,2025-12-24 04:17:00,DL,BOS,JFK,394,14.96,12.07,0.0,0.11,0.5566,0.9634,62,BOS-JFK,67,3,1,1,0,1,0,38,2025-12-24 03:48:00,2025-12-24 05:14:00,57,1
2025-08-05 12:00:00,2025-08-05 16:34:00,AA,JFK,SFO,2990,10.33,7.48,0.0,0.0,1.8248,0.4911,90,JFK-SFO,274,12,0,0,0,0,1,22,2025-08-05 12:22:00,2025-08-05 17:04:00,30,1
2025-06-17 00:40:00,2025-06-17 02:02:00,WN,BOS,ATL,587,19.08,17.31,0.42,0.49,-2.2961,0.2379,47,BOS-ATL,82,0,0,1,0,0,0,4,2025-06-17 00:44:00,2025-06-17 02:24:00,22,1
2025-07-18 07:20:00,2025-07-18 09:52:00,AA,JFK,SFO,1459,12.67,14.52,0.19,1.97,0.9393,-0.5952,79,JFK-SFO,152,7,0,0,0,0,0,-10,2025-07-18 07:10:00,2025-07-18 09:33:00,-19,0
2025-10-14 05:10:00,2025-10-14 10:36:00,B6,ATL,BOS,3634,8.74,3.61,0.0,1.25,1.8321,0.414,14,ATL-BOS,326,5,0,0,0,0,0,29,2025-10-14 05:39:00,2025-10-14 11:14:00,38,1
2025-04-03 16:10:00,2025-04-03 19:56:00,AA,BOS,LAX,2390,5.97,7.31,1.02,0.0,0.9436,0.0459,64,BOS-LAX,226,16,0,0,0,0,0,1,2025-04-03 16:11:00,2025-04-03 19:51:00,-5,0
2025-08-21 21:00:00,2025-08-22 00:05:00,UA,SFO,LAX,1881,19.99,18.8,0.0,0.0,-0.0807,0.4779,49,SFO-LAX,185,21,0,1,0,0,1,23,2025-08-21 21:23:00,2025-08-22 00:34:00,29,1
2025-11-15 03:40:00,2025-11-15 06:17:00,DL,LAX,SFO,1520,5.94,5.0,0.0,0.0,0.8969,-0.269,7,LAX-SFO,157,3,0,1,0,0,1,12,2025-11-15 03:52:00,2025-11-15 06:40:00,23,1
2025-07-28 19:40:00,2025-07-29 00:24:00,DL,ATL,SFO,3107,21.38,19.11,0.0,0.2,-0.0866,-0.0437,64,ATL-SFO,284,19,0,0,0,0,1,5,2025-07-28 19:45:00,2025-07-29 00:39:00,15,1
2025-06-12 15:40:00,2025-06-12 22:00:00,B6,BOS,LAX,4308,14.3,12.46,0.28,0.25,0.542,0.0521,25,BOS-LAX,380,15,0,0,0,0,0,7,2025-06-12 15:47:00,2025-06-12 22:16:00,16,1
2025-02-22 23:00:00,2025-02-23 04:07:00,AA,BOS,LAX,3404,3.26,2.82,4.52,4.47,0.0833,-0.2758,6,BOS-LAX,307,23,0,1,0,0,0,21,2025-02-22 23:21:00,2025-02-23 04:48:00,41,1
2025-04-01 21:00:00,2025-04-02 00:00:00,B6,BOS,ATL,1807,19.86,22.43,18.01,17.56,0.1113,0.1574,34,BOS-ATL,180,21,0,1,1,0,0,17,2025-04-01 21:17:00,2025-04-02 00:14:00,14,0
2025-12-12 02:00:00,2025-12-12 05:21:00,UA,LAX,ATL,2073,3.84,7.58,4.28,4.07,-0.7619,-0.4473,62,LAX-ATL,201,2,0,1,0,0,0,21,2025-12-12 02:21:00,2025-12-12 05:46:00,25,1
2025-07-17 17:45:00,2025-07-17 19:19:00,WN,SFO,JFK,732,4.81,6.04,30.23,31.22,-0.4633,-0.8473,13,SFO-JFK,94,17,0,0,1,0,0,33,2025-07-17 18:18:00,2025-07-17 20:04:00,45,1
2025-04-20 14:40:00,2025-04-20 16:27:00,UA,LAX,BOS,902,8.08,8.48,4.57,5.74,1.6247,-0.6432,96,LAX-BOS,107,14,1,0,0,0,0,12,2025-04-20 14:52:00,2025-04-20 16:30:00,3,0
2025-06-02 02:15:00,2025-06-02 04:44:00,AA,JFK,LAX,1426,6.38,10.79,0.53,0.0,-0.6198,-0.0117,16,JFK-LAX,149,2,0,1,0,0,0,2,2025-06-02 02:17:00,2025-06-02 04:55:00,11,0
2025-07-30 06:00:00,2025-07-30 09:09:00,UA,ATL,BOS,1924,12.07,13.91,10.41,8.06,-1.9558,-0.8658,20,ATL-BOS,189,6,0,0,0,0,0,-9,2025-07-30 05:51:00,2025-07-30 09:09:00,0,0
2025-07-16 22:15:00,2025-07-17 04:47:00,AA,ATL,JFK,4458,20.96,18.07,8.14,8.22,3.5154,-0.2266,8,ATL-JFK,392,22,0,1,0,0,0,-2,2025-07-16 22:13:00,2025-07-17 04:43:00,-4,0
2025-09-13 13:45:00,2025-09-13 19:37:00,UA,SFO,LAX,3958,19.7,20.01,0.21,0.0,-0.4366,0.3514,23,SFO-LAX,352,13,0,0,0,0,1,34,2025-09-13 14:19:00,2025-09-13 20:25:00,48,1
2025-04-04 08:10:00,2025-04-04 09:47:00,UA,LAX,ATL,774,6.63,6.54,0.05,0.0,-0.2685,0.0243,17,LAX-ATL,97,8,0,0,0,0,0,-5,2025-04-04 08:05:00,2025-04-04 09:47:00,0,0
2025-08-25 07:45:00,2025-08-25 10:35:00,UA,JFK,BOS,1690,5.03,6.43,5.33,4.09,-0.4021,0.1071,44,JFK-BOS,170,7,0,0,0,0,0,-8,2025-08-25 07:37:00,2025-08-25 10:35:00,0,0
2025-06-11 20:20:00,2025-06-11 21:38:00,WN,JFK,SFO,536,20.03,17.49,1.33,0.0,0.0159,0.4489,94,JFK-SFO,78,20,0,1,0,0,0,-6,2025-06-11 20:14:00,2025-06-11 21:35:00,-3,0
2025-12-10 06:10:00,2025-12-10 07:30:00,DL,SFO,ATL,563,5.33,3.6,0.0,0.0,-0.7591,-0.7582,71,SFO-ATL,80,6,0,0,0,0,0,8,2025-12-10 06:18:00,2025-12-10 07:33:00,3,0
2025-02-27 03:50:00,2025-02-27 06:55:00,B6,SFO,BOS,1874,10.81,12.96,0.0,0.0,1.4894,-0.4724,96,SFO-BOS,185,3,0,1,0,0,1,31,2025-02-27 04:21:00,2025-02-27 07:37:00,42,1
2025-02-24 13:30:00,2025-02-24 19:51:00,UA,ATL,JFK,4328,22.33,24.57,0.57,0.27,-0.1996,-0.1549,48,ATL-JFK,381,13,0,0,0,0,0,18,2025-02-24 13:48:00,2025-02-24 20:04:00,13,0
2025-06-18 23:40:00,2025-06-19 01:41:00,WN,BOS,LAX,1077,7.12,9.71,0.21,0.09,-1.0455,-0.4637,3,BOS-LAX,121,23,0,1,0,0,0,10,2025-06-18 23:50:00,2025-06-19 01:39:00,-2,0
2025-07-05 04:00:00,2025-07-05 08:48:00,UA,ATL,BOS,3158,3.75,3.41,10.2,12.12,-2.8687,-0.1224,14,ATL-BOS,288,4,0,1,0,0,0,2,2025-07-05 04:02:00,2025-07-05 08:47:00,-1,0
2025-09-10 06:15:00,2025-09-10 09:26:00,DL,BOS,LAX,1949,5.36,3.47,0.0,0.2,1.0949,0.7873,30,BOS-LAX,191,6,0,0,0,0,0,-10,2025-09-10 06:05:00,2025-09-10 09:17:00,-9,0
2025-05-28 11:40:00,2025-05-28 15:41:00,UA,LAX,BOS,2571,5.92,6.0,4.22,5.47,-0.4407,-0.7711,72,LAX-BOS,241,11,0,0,0,0,0,19,2025-05-28 11:59:00,2025-05-28 16:08:00,27,1
2025-11-30 04:40:00,2025-11-30 10:31:00,B6,BOS,SFO,3950,5.94,3.03,7.18,5.65,0.3757,-0.4108,17,BOS-SFO,351,4,1,1,0,1,0,20,2025-11-30 05:00:00,2025-11-30 11:01:00,30,1
2025-06-23 15:00:00,2025-06-23 20:38:00,UA,ATL,JFK,3782,8.98,9.81,0.0,0.15,-0.929,0.7346,53,ATL-JFK,338,15,0,0,0,0,0,2,2025-06-23 15:02:00,2025-06-23 20:35:00,-3,0
2025-02-17 06:30:00,2025-02-17 12:07:00,AA,JFK,ATL,3778,38.14,36.94,0.0,0.0,0.0938,0.13,95,JFK-ATL,337,6,1,0,0,0,0,-1,2025-02-17 06:29:00,2025-02-17 12:13:00,6,0
2025-02-13 03:50:00,2025-02-13 07:07:00,WN,JFK,LAX,2026,13.62,16.17,5.3,6.45,-0.0273,0.94,76,JFK-LAX,197,3,0,1,0,0,0,-8,2025-02-13 03:42:00,2025-02-13 07:04:00,-3,0
2025-12-22 06:45:00,2025-12-22 08:00:00,DL,LAX,BOS,504,7.81,11.84,18.78,17.78,0.9209,-0.6551,56,LAX-BOS,75,6,0,0,1,0,0,40,2025-12-22 07:25:00,2025-12-22 08:58:00,58,1
2025-02-18 22:10:00,2025-02-19 04:40:00,WN,ATL,SFO,4437,10.6,7.03,0.0,1.58,0.1655,0.5114,26,ATL-SFO,390,22,0,1,0,0,1,23,2025-02-18 22:33:00,2025-02-19 05:32:00,52,1
2025-12-12 22:50:00,2025-12-13 05:23:00,B6,BOS,SFO,4474,7.15,5.48,0.0,0.0,-1.1229,0.6782,33,BOS-SFO,393,22,0,1,0,0,1,74,2025-12-13 00:04:00,2025-12-13 07:06:00,103,1
2025-04-12 12:40:00,2025-04-12 18:27:00,UA,LAX,BOS,3901,10.63,7.9,0.0,0.0,2.4024,0.9171,98,LAX-BOS,347,12,0,0,0,0,0,-2,2025-04-12 12:38:00,2025-04-12 18:39:00,12,0
2025-02-04 09:00:00,2025-02-04 12:39:00,B6,LAX,SFO,2304,24.67,28.17,17.02,16.02,0.4346,-0.6844,43,LAX-SFO,219,9,0,0,1,0,1,12,2025-02-04 09:12:00,2025-02-04 13:19:00,40,1
2025-04-22 19:10:00,2025-04-22 21:43:00,WN,SFO,ATL,1478,10.66,10.33,5.66,6.59,-0.9449,0.0715,16,SFO-ATL,153,19,0,0,0,0,0,7,2025-04-22 19:17:00,2025-04-22 21:49:00,6,0
2025-08-13 04:50:00,2025-08-13 06:48:00,WN,SFO,JFK,1033,19.8,17.29,4.41,4.04,0.1891,-0.194,37,SFO-JFK,118,4,0,1,0,0,0,-2,2025-08-13 04:48:00,2025-08-13 06:49:00,1,0
2025-06-06 15:10:00,2025-06-06 18:14:00,B6,SFO,JFK,1858,18.38,21.69,0.02,0.37,0.3911,0.2119,96,SFO-JFK,184,15,0,0,0,0,0,-10,2025-06-06 15:00:00,2025-06-06 18:14:00,0,0
2025-10-14 16:00:00,2025-10-14 18:51:00,B6,JFK,LAX,1704,36.8,34.99,0.09,0.0,0.4841,-0.841,36,JFK-LAX,171,16,0,0,0,0,0,9,2025-10-14 16:09:00,2025-10-14 19:12:00,21,1
2025-08-12 17:20:00,2025-08-12 19:52:00,WN,SFO,JFK,1458,21.06,14.92,0.76,0.45,0.3633,-0.0524,8,SFO-JFK,152,17,0,0,0,0,0,13,2025-08-12 17:33:00,2025-08-12 20:04:00,12,0
2025-05-27 05:30:00,2025-05-27 11:48:00,B6,JFK,LAX,4291,33.48,32.71,0.69,0.0,0.2453,-0.942,76,JFK-LAX,378,5,0,0,0,0,0,2,2025-05-27 05:32:00,2025-05-27 11:46:00,-2,0
2025-08-20 17:30:00,2025-08-20 22:11:00,WN,SFO,ATL,3069,24.67,20.72,22.93,23.16,0.9177,-0.3811,26,SFO-ATL,281,17,0,0,1,0,1,38,2025-08-20 18:08:00,2025-08-20 23:14:00,63,1
2025-12-21 14:40:00,2025-12-21 16:54:00,B6,BOS,SFO,1236,11.32,13.03,2.09,2.06,0.7279,0.643,58,BOS-SFO,134,14,1,0,0,0,0,0,2025-12-21 14:40:00,2025-12-21 16:41:00,-13,0
2025-05-31 21:50:00,2025-06-01 02:24:00,WN,JFK,SFO,2985,6.36,4.44,7.12,7.43,0.7465,-0.0658,14,JFK-SFO,274,21,0,1,0,0,0,-2,2025-05-31 21:48:00,2025-06-01 02:24:00,0,0
2025-02-26 04:45:00,2025-02-26 09:41:00,UA,LAX,ATL,3261,17.9,18.63,0.0,0.7,-1.7766,0.7026,45,LAX-ATL,296,4,0,1,0,0,0,-2,2025-02-26 04:43:00,2025-02-26 09:50:00,9,0
2025-05-30 14:00:00,2025-05-30 17:55:00,DL,BOS,SFO,2494,20.92,20.62,0.68,0.0,-1.7343,-0.8837,82,BOS-SFO,235,14,0,0,0,0,0,-10,2025-05-30 13:50:00,2025-05-30 17:44:00,-11,0
2025-11-03 19:00:00,2025-11-04 01:17:00,B6,ATL,BOS,4276,22.16,23.13,0.15,0.45,-0.7932,0.4001,9,ATL-BOS,377,19,0,0,0,0,0,11,2025-11-03 19:11:00,2025-11-04 01:36:00,19,1
2025-03-21 06:00:00,2025-03-21 12:23:00,B6,SFO,ATL,4356,0.74,1.27,18.83,17.67,-0.2484,-0.8801,69,SFO-ATL,383,6,0,0,1,0,1,59,2025-03-21 06:59:00,2025-03-21 13:47:00,84,1
2025-12-13 17:20:00,2025-12-13 20:44:00,UA,JFK,BOS,2115,8.88,6.66,0.31,0.73,-0.7599,-0.6892,3,JFK-BOS,204,17,0,0,0,0,0,-2,2025-12-13 17:18:00,2025-12-13 20:38:00,-6,0
2025-08-03 02:15:00,2025-08-03 05:53:00,AA,SFO,LAX,2283,14.04,14.2,7.4,5.24,-1.0158,0.6072,50,SFO-LAX,218,2,1,1,0,1,1,24,2025-08-03 02:39:00,2025-08-03 06:26:00,33,1
2025-08-08 17:50:00,2025-08-08 20:02:00,B6,BOS,SFO,1211,5.38,9.35,3.11,2.43,0.2389,-0.9606,90,BOS-SFO,132,17,0,0,0,0,0,16,2025-08-08 18:06:00,2025-08-08 20:15:00,13,0
2025-04-26 14:15:00,2025-04-26 19:37:00,DL,SFO,LAX,3591,7.91,9.96,4.58,5.8,-0.8728,-0.2389,93,SFO-LAX,322,14,0,0,0,0,1,23,2025-04-26 14:38:00,2025-04-26 20:27:00,50,1
2025-12-02 04:00:00,2025-12-02 10:12:00,WN,LAX,SFO,4210,6.29,4.37,8.0,7.16,-2.4035,0.8726,31,LAX-SFO,372,4,0,1,0,0,1,23,2025-12-02 04:23:00,2025-12-02 10:40:00,28,1
2025-01-14 01:50:00,2025-01-14 06:30:00,DL,LAX,BOS,3063,2.18,4.7,6.54,4.5,-1.3582,-0.6896,17,LAX-BOS,280,1,0,1,0,0,0,0,2025-01-14 01:50:00,2025-01-14 06:47:00,17,1
2025-04-20 17:15:00,2025-04-20 19:22:00,B6,LAX,SFO,1144,13.54,13.54,10.69,9.47,-0.6097,0.8957,27,LAX-SFO,127,17,1,0,0,0,0,35,2025-04-20 17:50:00,2025-04-20 19:52:00,30,1
2025-06-02 05:50:00,2025-06-02 09:43:00,UA,BOS,LAX,2476,7.26,3.97,0.41,0.0,-0.2583,-0.6086,36,BOS-LAX,233,5,0,0,0,0,0,-4,2025-06-02 05:46:00,2025-06-02 09:32:00,-11,0
2025-06-24 11:45:00,2025-06-24 17:11:00,DL,SFO,ATL,3637,6.71,4.67,0.0,0.37,0.8987,-0.4601,35,SFO-ATL,326,11,0,0,0,0,0,8,2025-06-24 11:53:00,2025-06-24 17:06:00,-5,0
2025-06-23 01:50:00,2025-06-23 03:03:00,WN,SFO,ATL,476,9.89,11.67,0.35,0.49,0.4345,0.2762,0,SFO-ATL,73,1,0,1,0,0,0,12,2025-06-23 02:02:00,2025-06-23 03:20:00,17,1
2025-02-23 23:45:00,2025-02-24 04:02:00,WN,LAX,BOS,2778,17.16,18.09,0.56,0.0,-2.0052,-0.9869,47,LAX-BOS,257,23,1,1,0,1,0,44,2025-02-24 00:29:00,2025-02-24 05:20:00,78,1
2025-03-24 13:10:00,2025-03-24 17:50:00,DL,SFO,ATL,3061,15.39,11.75,0.0,0.93,1.4526,0.4181,42,SFO-ATL,280,13,0,0,0,0,0,8,2025-03-24 13:18:00,2025-03-24 18:24:00,34,1
2025-02-04 22:40:00,2025-02-05 02:39:00,AA,SFO,BOS,2554,14.14,11.96,0.0,0.0,-0.1993,0.8071,13,SFO-BOS,239,22,0,1,0,0,0,2,2025-02-04 22:42:00,2025-02-05 02:30:00,-9,0
2025-07-28 03:20:00,2025-07-28 07:55:00,B6,LAX,SFO,2998,1.51,0.0,7.81,4.93,0.0692,-0.2883,5,LAX-SFO,275,3,0,1,0,0,1,25,2025-07-28 03:45:00,2025-07-28 08:33:00,38,1
2025-05-09 04:40:00,2025-05-09 10:40:00,B6,JFK,BOS,4062,20.11,21.07,0.0,0.15,0.1212,0.2107,9,JFK-BOS,360,4,0,1,0,0,0,5,2025-05-09 04:45:00,2025-05-09 10:45:00,5,0
2025-07-26 14:40:00,2025-07-26 16:21:00,WN,SFO,LAX,824,28.8,29.28,0.74,0.0,-0.8527,-0.2854,21,SFO-LAX,101,14,0,0,0,0,0,-3,2025-07-26 14:37:00,2025-07-26 16:23:00,2,0
2025-08-04 14:30:00,2025-08-04 18:41:00,AA,ATL,SFO,2696,11.48,9.45,0.11,0.0,0.5634,0.3838,40,ATL-SFO,251,14,0,0,0,0,1,51,2025-08-04 15:21:00,2025-08-04 19:59:00,78,1
2025-09-14 18:15:00,2025-09-14 23:41:00,B6,JFK,BOS,3642,5.66,4.88,0.0,0.61,-1.9483,0.0538,19,JFK-BOS,326,18,1,0,0,0,0,3,2025-09-14 18:18:00,2025-09-14 23:37:00,-4,0
2025-07-19 22:50:00,2025-07-20 04:25:00,UA,SFO,LAX,3752,6.84,4.88,22.27,20.55,1.3401,0.0053,93,SFO-LAX,335,22,0,1,1,0,0,31,2025-07-19 23:21:00,2025-07-20 05:03:00,38,1
2025-08-25 19:40:00,2025-08-25 23:16:00,WN,SFO,JFK,2261,5.17,5.65,11.91,12.1,0.1875,-0.8954,56,SFO-JFK,216,19,0,0,0,0,1,44,2025-08-25 20:24:00,2025-08-26 00:24:00,68,1
2025-08-03 03:50:00,2025-08-03 10:24:00,WN,BOS,LAX,4489,25.92,25.33,0.41,0.77,0.3632,0.3233,76,BOS-LAX,394,3,1,1,0,1,0,5,2025-08-03 03:55:00,2025-08-03 10:52:00,28,1
2025-08-27 07:10:00,2025-08-27 09:58:00,UA,ATL,SFO,1661,9.52,8.31,0.28,0.26,0.5266,0.012,28,ATL-SFO,168,7,0,0,0,0,0,-1,2025-08-27 07:09:00,2025-08-27 09:57:00,-1,0
2025-08-14 21:45:00,2025-08-15 01:12:00,DL,BOS,LAX,2150,12.05,11.36,0.0,0.2,-0.4414,-0.3582,31,BOS-LAX,207,21,0,1,0,0,0,-4,2025-08-14 21:41:00,2025-08-15 01:12:00,0,0
2025-04-26 13:15:00,2025-04-26 18:51:00,B6,SFO,JFK,3760,10.54,5.11,1.65,1.06,1.2712,-0.0406,8,SFO-JFK,336,13,0,0,0,0,0,7,2025-04-26 13:22:00,2025-04-26 19:00:00,9,0
2025-03-31 20:20:00,2025-03-31 23:47:00,UA,JFK,SFO,2145,14.23,16.83,0.65,0.46,-0.7252,-0.339,40,JFK-SFO,207,20,0,1,0,0,0,6,2025-03-31 20:26:00,2025-03-31 23:54:00,7,0
2025-10-15 13:45:00,2025-10-15 16:39:00,B6,ATL,SFO,1742,4.58,7.35,0.29,0.51,-1.0006,-0.4578,67,ATL-SFO,174,13,0,0,0,0,0,5,2025-10-15 13:50:00,2025-10-15 16:33:00,-6,0
2025-05-06 01:15:00,2025-05-06 05:21:00,AA,ATL,LAX,2634,13.86,11.25,8.05,6.74,0.149,-0.7576,18,ATL-LAX,246,1,0,1,0,0,0,-2,2025-05-06 01:13:00,2025-05-06 05:25:00,4,0
2025-07-20 11:15:00,2025-07-20 15:43:00,WN,BOS,SFO,2911,6.98,8.26,11.73,11.34,-1.3778,-0.5603,16,BOS-SFO,268,11,1,0,0,0,0,9,2025-07-20 11:24:00,2025-07-20 16:04:00,21,1
2025-03-13 19:50:00,2025-03-14 02:15:00,AA,BOS,LAX,4373,19.43,22.22,21.06,21.98,-0.5663,-0.7406,14,BOS-LAX,385,19,0,0,1,0,0,82,2025-03-13 21:12:00,2025-03-14 04:11:00,116,1
2025-06-07 15:50:00,2025-06-07 20:17:00,AA,ATL,BOS,2895,0.09,2.24,0.0,1.85,0.2608,-0.9798,22,ATL-BOS,267,15,0,0,0,0,0,-8,2025-06-07 15:42:00,2025-06-07 20:13:00,-4,0
2025-07-13 03:15:00,2025-07-13 05:16:00,B6,JFK,BOS,1078,9.55,11.37,2.76,3.45,0.7351,0.4755,0,JFK-BOS,121,3,1,1,0,1,0,2,2025-07-13 03:17:00,2025-07-13 05:20:00,4,0
2025-08-17 05:15:00,2025-08-17 06:32:00,AA,JFK,LAX,521,21.16,20.88,15.38,12.68,-0.0374,-0.8111,55,JFK-LAX,77,5,1,0,1,0,0,55,2025-08-17 06:10:00,2025-08-17 07:56:00,84,1
2025-07-12 20:10:00,2025-07-13 02:34:00,AA,ATL,SFO,4362,17.68,18.07,6.21,7.54,-0.9043,-0.2103,20,ATL-SFO,384,20,0,1,0,0,0,-10,2025-07-12 20:00:00,2025-07-13 02:37:00,3,0
2025-05-12 23:00:00,2025-05-13 02:21:00,AA,BOS,LAX,2075,2.18,3.73,0.0,0.0,-0.3372,0.295,97,BOS-LAX,201,23,0,1,0,0,0,2,2025-05-12 23:02:00,2025-05-13 02:23:00,2,0
2025-12-18 18:30:00,2025-12-18 20:37:00,DL,LAX,JFK,1146,18.24,16.63,4.38,5.85,-0.6681,0.4154,81,LAX-JFK,127,18,0,0,0,0,0,0,2025-12-18 18:30:00,2025-12-18 20:36:00,-1,0
2025-07-07 02:15:00,2025-07-07 04:29:00,AA,SFO,LAX,1235,6.87,3.34,0.73,0.0,-0.0977,-0.8467,82,SFO-LAX,134,2,0,1,0,0,0,8,2025-07-07 02:23:00,2025-07-07 04:40:00,11,0
2025-10-23 14:45:00,2025-10-23 16:20:00,AA,SFO,ATL,745,6.33,8.49,0.0,0.0,-0.6203,0.763,48,SFO-ATL,95,14,0,0,0,0,0,-7,2025-10-23 14:38:00,2025-10-23 16:18:00,-2,0
2025-09-26 19:10:00,2025-09-26 21:16:00,UA,JFK,BOS,1138,20.18,20.37,18.36,18.02,-0.9773,-0.821,81,JFK-BOS,126,19,0,0,1,0,0,17,2025-09-26 19:27:00,2025-09-26 21:55:00,39,1
2025-07-23 15:40:00,2025-07-23 21:01:00,DL,ATL,LAX,3577,9.45,5.15,2.89,2.21,-1.1018,0.0265,52,ATL-LAX,321,15,0,0,0,0,0,-2,2025-07-23 15:38:00,2025-07-23 21:13:00,12,0
2025-11-20 14:30:00,2025-11-20 19:09:00,UA,SFO,ATL,3050,5.61,1.65,1.03,2.22,-1.8383,0.6445,65,SFO-ATL,279,14,0,0,0,0,1,42,2025-11-20 15:12:00,2025-11-20 20:01:00,52,1
2025-02-16 11:30:00,2025-02-16 15:51:00,AA,SFO,LAX,2819,2.66,5.45,0.0,0.94,1.0813,-0.0844,91,SFO-LAX,261,11,1,0,0,0,1,14,2025-02-16 11:44:00,2025-02-16 16:11:00,20,1
2025-12-03 05:00:00,2025-12-03 06:03:00,WN,BOS,ATL,347,10.04,8.25,0.3,1.24,0.7158,0.9993,29,BOS-ATL,63,5,0,0,0,0,0,-2,2025-12-03 04:58:00,2025-12-03 06:07:00,4,0
2025-11-07 06:20:00,2025-11-07 11:05:00,UA,JFK,LAX,3123,7.45,6.83,0.86,0.0,-1.2285,0.4116,55,JFK-LAX,285,6,0,0,0,0,0,-8,2025-11-07 06:12:00,2025-11-07 10:57:00,-8,0
2025-07-03 17:40:00,2025-07-04 00:05:00,B6,ATL,LAX,4370,9.08,12.53,0.95,1.64,0.6508,-0.3224,58,ATL-LAX,385,17,0,0,0,0,0,10,2025-07-03 17:50:00,2025-07-04 00:35:00,30,1
2025-09-25 01:15:00,2025-09-25 07:24:00,B6,SFO,LAX,4177,14.64,14.4,0.0,0.0,0.0424,-0.8476,93,SFO-LAX,369,1,0,1,0,0,1,26,2025-09-25 01:41:00,2025-09-25 08:04:00,40,1
2025-07-09 02:45:00,2025-07-09 05:57:00,DL,LAX,SFO,1960,13.62,15.05,0.7,0.0,-1.292,0.6502,79,LAX-SFO,192,2,0,1,0,0,1,15,2025-07-09 03:00:00,2025-07-09 06:21:00,24,1
2025-04-09 09:30:00,2025-04-09 13:51:00,DL,ATL,JFK,2821,8.7,11.09,7.87,9.68,-1.0505,0.741,16,ATL-JFK,261,9,0,0,0,0,0,-10,2025-04-09 09:20:00,2025-04-09 13:43:00,-8,0
2025-10-19 18:15:00,2025-10-19 20:54:00,B6,LAX,JFK,1554,18.88,17.33,0.29,0.37,-0.149,0.2613,17,LAX-JFK,159,18,1,0,0,0,0,-2,2025-10-19 18:13:00,2025-10-19 21:04:00,10,0
2025-03-31 15:00:00,2025-03-31 20:58:00,DL,JFK,BOS,4032,15.19,15.5,0.0,0.0,0.7412,-0.3386,10,JFK-BOS,358,15,0,0,0,0,0,-6,2025-03-31 14:54:00,2025-03-31 20:58:00,0,0
2025-04-25 14:10:00,2025-04-25 20:18:00,B6,JFK,BOS,4163,14.02,16.18,0.0,0.26,0.5941,0.1317,95,JFK-BOS,368,14,0,0,0,0,0,6,2025-04-25 14:16:00,2025-04-25 20:10:00,-8,0
2025-07-09 12:20:00,2025-07-09 14:34:00,AA,BOS,SFO,1237,5.93,7.98,0.08,0.71,-0.5387,-0.9945,62,BOS-SFO,134,12,0,0,0,0,0,-6,2025-07-09 12:14:00,2025-07-09 14:34:00,0,0
2025-11-02 02:20:00,2025-11-02 06:03:00,WN,SFO,ATL,2344,20.63,24.84,0.0,0.34,0.4593,-0.1653,81,SFO-ATL,223,2,1,1,0,1,1,23,2025-11-02 02:43:00,2025-11-02 06:39:00,36,1
2025-05-21 07:45:00,2025-05-21 10:03:00,UA,JFK,BOS,1292,6.35,6.85,0.0,1.28,-0.1627,0.9726,59,JFK-BOS,138,7,0,0,0,0,0,7,2025-05-21 07:52:00,2025-05-21 10:02:00,-1,0
2025-06-30 01:45:00,2025-06-30 06:10:00,B6,SFO,ATL,2880,8.77,11.53,0.0,0.0,-0.7349,-0.5737,57,SFO-ATL,265,1,0,1,0,0,0,6,2025-06-30 01:51:00,2025-06-30 06:09:00,-1,0
2025-01-16 18:10:00,2025-01-16 20:47:00,AA,ATL,JFK,1530,27.3,27.59,0.0,0.0,0.9605,0.3658,8,ATL-JFK,157,18,0,0,0,0,0,36,2025-01-16 18:46:00,2025-01-16 21:36:00,49,1
2025-02-12 18:30:00,2025-02-12 23:23:00,B6,JFK,LAX,3222,6.77,4.82,20.97,19.67,0.1558,-0.7901,48,JFK-LAX,293,18,0,0,1,0,0,42,2025-02-12 19:12:00,2025-02-13 00:12:00,49,1
2025-01-21 06:20:00,2025-01-21 12:49:00,B6,BOS,ATL,4422,5.32,6.41,5.89,4.73,0.5108,0.4598,72,BOS-ATL,389,6,0,0,0,0,0,1,2025-01-21 06:21:00,2025-01-21 12:43:00,-6,0
2025-01-27 07:00:00,2025-01-27 12:52:00,UA,SFO,JFK,3959,8.13,8.52,0.37,0.04,-1.0977,-0.12,74,SFO-JFK,352,7,0,0,0,0,0,-6,2025-01-27 06:54:00,2025-01-27 12:45:00,-7,0
2025-11-14 07:40:00,2025-11-14 09:40:00,WN,JFK,LAX,1065,4.17,4.35,0.0,0.0,-0.5197,-0.3185,35,JFK-LAX,120,7,0,0,0,0,0,11,2025-11-14 07:51:00,2025-11-14 09:37:00,-3,0
2025-11-04 21:30:00,2025-11-04 23:13:00,UA,LAX,SFO,844,6.83,5.42,0.01,0.29,0.8201,0.0112,95,LAX-SFO,103,21,0,1,0,0,0,5,2025-11-04 21:35:00,2025-11-04 23:15:00,2,0
2025-10-27 11:00:00,2025-10-27 16:33:00,WN,ATL,BOS,3721,25.02,23.98,15.54,16.23,-0.2807,0.6373,17,ATL-BOS,333,11,0,0,1,0,0,-1,2025-10-27 10:59:00,2025-10-27 16:40:00,7,0
2025-01-21 18:20:00,2025-01-21 19:46:00,UA,LAX,ATL,642,7.79,7.25,0.64,0.0,-0.2229,0.6767,25,LAX-ATL,86,18,0,0,0,0,0,4,2025-01-21 18:24:00,2025-01-21 19:33:00,-13,0
2025-01-29 10:40:00,2025-01-29 13:53:00,WN,ATL,BOS,1980,13.02,14.2,0.65,0.4,-1.0611,-0.2942,69,ATL-BOS,193,10,0,0,0,0,0,-10,2025-01-29 10:30:00,2025-01-29 13:59:00,6,0
2025-04-13 16:15:00,2025-04-13 22:48:00,UA,BOS,JFK,4473,2.43,4.94,0.0,0.0,0.1969,0.2657,9,BOS-JFK,393,16,1,0,0,0,0,1,2025-04-13 16:16:00,2025-04-13 22:46:00,-2,0
2025-07-26 12:15:00,2025-07-26 15:45:00,B6,BOS,JFK,2182,5.66,5.63,0.67,0.0,-1.0792,-0.354,51,BOS-JFK,210,12,0,0,0,0,0,-10,2025-07-26 12:05:00,2025-07-26 15:37:00,-8,0
2025-05-02 06:00:00,2025-05-02 07:02:00,B6,ATL,SFO,337,29.35,29.89,0.57,0.0,0.3658,-0.0964,63,ATL-SFO,62,6,0,0,0,0,0,-6,2025-05-02 05:54:00,2025-05-02 06:45:00,-17,0
2025-06-27 21:10:00,2025-06-28 03:37:00,WN,JFK,BOS,4396,4.86,5.21,0.33,0.91,-0.9929,0.3125,25,JFK-BOS,387,21,0,1,0,0,0,-4,2025-06-27 21:06:00,2025-06-28 03:36:00,-1,0
2025-03-05 17:50:00,2025-03-05 22:47:00,AA,BOS,ATL,3274,13.4,14.87,1.11,0.98,-0.2094,-0.4886,34,BOS-ATL,297,17,0,0,0,0,0,-8,2025-03-05 17:42:00,2025-03-05 22:36:00,-11,0
2025-09-24 18:30:00,2025-09-24 21:20:00,DL,JFK,LAX,1688,0.49,0.0,25.33,23.06,1.575,-0.3503,42,JFK-LAX,170,18,0,0,1,0,0,32,2025-09-24 19:02:00,2025-09-24 22:10:00,50,1
2025-04-25 22:10:00,2025-04-26 02:34:00,DL,LAX,ATL,2866,1.36,2.18,0.86,0.69,0.3658,-0.6682,28,LAX-ATL,264,22,0,1,0,0,0,1,2025-04-25 22:11:00,2025-04-26 02:45:00,11,0
2025-01-25 05:20:00,2025-01-25 09:45:00,AA,ATL,BOS,2871,8.74,8.38,1.59,3.49,-0.3465,0.2031,80,ATL-BOS,265,5,0,0,0,0,0,0,2025-01-25 05:20:00,2025-01-25 09:37:00,-8,0
2025-09-29 02:10:00,2025-09-29 06:15:00,B6,LAX,SFO,2620,16.22,18.84,9.45,10.07,0.8568,0.6911,43,LAX-SFO,245,2,0,1,0,0,1,11,2025-09-29 02:21:00,2025-09-29 06:20:00,5,0
2025-11-26 13:20:00,2025-11-26 19:42:00,DL,BOS,SFO,4335,9.62,6.91,0.08,0.2,-0.7235,0.8362,18,BOS-SFO,382,13,0,0,0,0,0,-7,2025-11-26 13:13:00,2025-11-26 19:41:00,-1,0
2025-01-06 07:10:00,2025-01-06 12:33:00,WN,BOS,JFK,3600,9.7,6.93,4.57,4.91,-0.9862,0.8853,61,BOS-JFK,323,7,0,0,0,0,0,5,2025-01-06 07:15:00,2025-01-06 12:21:00,-12,0
2025-06-09 10:30:00,2025-06-09 12:56:00,B6,JFK,SFO,1387,17.4,15.83,0.0,0.0,-0.3647,0.5591,57,JFK-SFO,146,10,0,0,0,0,0,15,2025-06-09 10:45:00,2025-06-09 12:38:00,-18,0
2025-10-29 05:30:00,2025-10-29 12:02:00,DL,LAX,SFO,4468,15.07,13.74,0.19,0.0,1.0987,-0.0539,19,LAX-SFO,392,5,0,0,0,0,0,0,2025-10-29 05:30:00,2025-10-29 12:02:00,0,0
2025-09-15 09:40:00,2025-09-15 16:02:00,WN,LAX,BOS,4342,1.79,1.64,3.77,1.71,1.0425,0.625,4,LAX-BOS,382,9,0,0,0,0,0,1,2025-09-15 09:41:00,2025-09-15 16:21:00,19,1
2025-11-09 09:20:00,2025-11-09 10:35:00,WN,ATL,SFO,496,8.9,8.89,6.96,7.14,-0.4967,-0.4886,46,ATL-SFO,75,9,1,0,0,0,0,10,2025-11-09 09:30:00,2025-11-09 10:47:00,12,0
2025-06-01 08:15:00,2025-06-01 10:54:00,WN,JFK,LAX,1548,7.99,8.21,13.81,13.07,-0.2839,0.0218,94,JFK-LAX,159,8,1,0,1,0,0,16,2025-06-01 08:31:00,2025-06-01 11:21:00,27,1
2025-05-16 17:10:00,2025-05-16 21:35:00,AA,BOS,LAX,2881,11.26,8.27,5.1,4.61,0.4203,0.837,46,BOS-LAX,265,17,0,0,0,0,0,13,2025-05-16 17:23:00,2025-05-16 21:41:00,6,0
2025-09-16 14:10:00,2025-09-16 20:04:00,UA,BOS,ATL,3989,9.15,8.65,0.0,0.0,2.4282,0.1562,32,BOS-ATL,354,14,0,0,0,0,0,-8,2025-09-16 14:02:00,2025-09-16 19:56:00,-8,0
2025-02-26 11:20:00,2025-02-26 16:20:00,UA,SFO,ATL,3310,8.77,9.74,0.15,0.0,-0.2376,0.2221,22,SFO-ATL,300,11,0,0,0,0,1,23,2025-02-26 11:43:00,2025-02-26 16:58:00,38,1
2025-03-29 02:20:00,2025-03-29 06:32:00,AA,ATL,LAX,2710,13.37,11.65,0.0,0.71,1.3825,0.2426,76,ATL-LAX,252,2,0,1,0,0,0,8,2025-03-29 02:28:00,2025-03-29 06:48:00,16,1
2025-08-08 13:40:00,2025-08-08 16:22:00,B6,JFK,ATL,1584,4.72,6.03,0.4,0.5,0.2495,0.6075,0,JFK-ATL,162,13,0,0,0,0,0,-1,2025-08-08 13:39:00,2025-08-08 16:14:00,-8,0
2025-09-01 04:00:00,2025-09-01 05:31:00,WN,JFK,BOS,706,7.28,8.18,0.3,0.93,0.8533,-0.8318,53,JFK-BOS,91,4,1,1,0,1,0,24,2025-09-01 04:24:00,2025-09-01 06:15:00,44,1
2025-02-13 07:15:00,2025-02-13 13:14:00,WN,BOS,SFO,4050,16.29,13.9,1.34,0.0,1.0136,-0.2525,20,BOS-SFO,359,7,0,0,0,0,0,0,2025-02-13 07:15:00,2025-02-13 13:10:00,-4,0
2025-07-05 09:45:00,2025-07-05 13:43:00,DL,LAX,BOS,2537,16.23,17.49,0.0,1.32,0.176,0.873,4,LAX-BOS,238,9,0,0,0,0,0,5,2025-07-05 09:50:00,2025-07-05 13:38:00,-5,0
2025-05-14 03:50:00,2025-05-14 07:23:00,B6,JFK,SFO,2219,25.41,24.1,0.83,0.0,-0.0283,0.9302,2,JFK-SFO,213,3,0,1,0,0,0,1,2025-05-14 03:51:00,2025-05-14 07:25:00,2,0
2025-07-03 09:50:00,2025-07-03 16:18:00,UA,LAX,JFK,4415,11.85,11.69,2.32,3.43,-0.2072,0.1177,46,LAX-JFK,388,9,0,0,0,0,0,4,2025-07-03 09:54:00,2025-07-03 16:17:00,-1,0
2025-12-16 06:15:00,2025-12-16 08:09:00,AA,BOS,SFO,990,4.6,4.33,21.86,18.04,0.3506,-0.3999,3,BOS-SFO,114,6,0,0,1,0,0,43,2025-12-16 06:58:00,2025-12-16 09:04:00,55,1
2025-01-28 20:10:00,2025-01-28 22:34:00,B6,SFO,ATL,1366,7.89,7.65,20.14,19.53,1.1878,0.7031,98,SFO-ATL,144,20,0,1,1,0,0,21,2025-01-28 20:31:00,2025-01-28 23:10:00,36,1
2025-12-30 20:10:00,2025-12-31 01:56:00,UA,LAX,ATL,3888,11.7,12.44,0.79,0.0,1.3227,0.7817,57,LAX-ATL,346,20,0,1,0,0,0,2,2025-12-30 20:12:00,2025-12-31 02:18:00,22,1
2025-06-14 00:10:00,2025-06-14 02:45:00,UA,BOS,ATL,1494,4.04,3.4,0.04,0.0,1.2106,-0.4054,46,BOS-ATL,155,0,0,1,0,0,0,14,2025-06-14 00:24:00,2025-06-14 03:12:00,27,1
2025-10-09 14:50:00,2025-10-09 21:06:00,WN,SFO,ATL,4260,24.79,23.7,0.0,0.0,-0.4659,0.4683,99,SFO-ATL,376,14,0,0,0,0,1,26,2025-10-09 15:16:00,2025-10-09 22:00:00,54,1
2025-06-04 15:50:00,2025-06-04 21:37:00,AA,SFO,LAX,3903,8.18,9.19,32.1,31.76,-0.5682,0.9024,77,SFO-LAX,347,15,0,0,1,0,0,51,2025-06-04 16:41:00,2025-06-04 22:45:00,68,1
2025-04-24 09:45:00,2025-04-24 11:17:00,AA,JFK,BOS,717,22.62,19.81,1.81,1.08,-0.8281,-0.1356,32,JFK-BOS,92,9,0,0,0,0,0,12,2025-04-24 09:57:00,2025-04-24 11:36:00,19,1
2025-10-09 11:40:00,2025-10-09 15:13:00,UA,ATL,SFO,2222,6.54,3.35,4.32,2.73,0.154,-0.837,81,ATL-SFO,213,11,0,0,0,0,0,4,2025-10-09 11:44:00,2025-10-09 15:05:00,-8,0
2025-09-08 18:15:00,2025-09-08 23:27:00,B6,JFK,LAX,3457,8.84,9.98,0.0,0.03,0.9329,0.667,83,JFK-LAX,312,18,0,0,0,0,0,18,2025-09-08 18:33:00,2025-09-08 23:48:00,21,1
2025-02-22 09:20:00,2025-02-22 13:03:00,B6,LAX,SFO,2356,8.35,7.64,0.27,1.31,-0.565,0.3472,0,LAX-SFO,223,9,0,0,0,0,0,17,2025-02-22 09:37:00,2025-02-22 13:18:00,15,1
2025-09-15 01:45:00,2025-09-15 03:56:00,DL,BOS,ATL,1203,0.0,0.5,0.12,1.11,-0.183,0.5164,39,BOS-ATL,131,1,0,1,0,0,0,6,2025-09-15 01:51:00,2025-09-15 03:56:00,0,0
2025-10-02 08:45:00,2025-10-02 09:59:00,B6,ATL,SFO,489,9.82,7.82,0.0,0.23,0.6467,0.32,86,ATL-SFO,74,8,0,0,0,0,0,-7,2025-10-02 08:38:00,2025-10-02 10:00:00,1,0
2025-05-22 06:30:00,2025-05-22 07:31:00,B6,JFK,BOS,328,13.31,14.96,7.49,6.26,-0.3212,-0.1606,65,JFK-BOS,61,6,0,0,0,0,0,-6,2025-05-22 06:24:00,2025-05-22 07:23:00,-8,0
2025-12-04 09:45:00,2025-12-04 11:44:00,B6,SFO,BOS,1048,3.1,4.84,0.07,2.06,-0.1904,0.9291,92,SFO-BOS,119,9,0,0,0,0,0,-1,2025-12-04 09:44:00,2025-12-04 11:44:00,0,0
2025-08-22 05:15:00,2025-08-22 07:42:00,DL,BOS,LAX,1394,13.17,13.31,0.6,0.68,1.1143,0.2448,47,BOS-LAX,147,5,0,0,0,0,0,11,2025-08-22 05:26:00,2025-08-22 07:35:00,-7,0
2025-05-02 03:20:00,2025-05-02 06:00:00,WN,JFK,BOS,1567,13.94,11.14,0.0,0.59,0.0237,0.0506,13,JFK-BOS,160,3,0,1,0,0,0,-10,2025-05-02 03:10:00,2025-05-02 05:47:00,-13,0
2025-01-04 23:45:00,2025-01-05 05:31:00,B6,ATL,LAX,3890,11.27,9.17,7.71,6.92,-0.7203,0.113,98,ATL-LAX,346,23,0,1,0,0,0,0,2025-01-04 23:45:00,2025-01-05 05:29:00,-2,0
2025-09-04 03:20:00,2025-09-04 07:10:00,UA,LAX,SFO,2436,15.48,19.39,0.0,0.26,0.0963,0.5272,37,LAX-SFO,230,3,0,1,0,0,1,47,2025-09-04 04:07:00,2025-09-04 08:16:00,66,1
2025-03-18 16:45:00,2025-03-18 18:31:00,B6,SFO,BOS,892,18.43,18.49,0.17,0.0,0.4333,0.2181,63,SFO-BOS,106,16,0,0,0,0,0,-3,2025-03-18 16:42:00,2025-03-18 18:24:00,-7,0
2025-10-04 17:20:00,2025-10-04 18:47:00,DL,LAX,ATL,649,45.6,47.49,0.0,2.08,2.5045,-0.8529,47,LAX-ATL,87,17,0,0,0,0,0,18,2025-10-04 17:38:00,2025-10-04 18:56:00,9,0
2025-07-11 14:15:00,2025-07-11 15:58:00,B6,JFK,LAX,848,0.83,4.73,5.38,3.59,1.5191,-0.445,56,JFK-LAX,103,14,0,0,0,0,0,-4,2025-07-11 14:11:00,2025-07-11 16:00:00,2,0
2025-06-20 21:10:00,2025-06-20 23:54:00,AA,ATL,BOS,1616,26.57,23.56,0.72,0.0,3.1924,0.0265,95,ATL-BOS,164,21,0,1,0,0,0,-3,2025-06-20 21:07:00,2025-06-20 23:44:00,-10,0
2025-03-01 00:30:00,2025-03-01 05:37:00,WN,JFK,LAX,3404,18.11,17.5,0.0,0.0,-1.0653,-0.6698,34,JFK-LAX,307,0,0,1,0,0,0,4,2025-03-01 00:34:00,2025-03-01 05:30:00,-7,0
2025-09-17 07:20:00,2025-09-17 08:36:00,DL,SFO,ATL,507,10.5,11.5,7.44,5.01,1.3912,0.7116,99,SFO-ATL,76,7,0,0,0,0,0,0,2025-09-17 07:20:00,2025-09-17 08:40:00,4,0
2025-03-02 04:15:00,2025-03-02 07:30:00,UA,ATL,JFK,2006,5.04,3.67,0.0,0.67,1.5529,0.5532,81,ATL-JFK,195,4,1,1,0,1,0,32,2025-03-02 04:47:00,2025-03-02 08:14:00,44,1
2025-06-02 13:40:00,2025-06-02 17:09:00,WN,BOS,JFK,2179,7.41,6.35,18.89,17.99,0.0305,0.5131,5,BOS-JFK,209,13,0,0,1,0,0,57,2025-06-02 14:37:00,2025-06-02 18:22:00,73,1
2025-11-02 15:00:00,2025-11-02 16:49:00,UA,SFO,JFK,923,8.55,5.77,10.0,10.24,-0.3924,-0.0647,99,SFO-JFK,109,15,1,0,0,0,0,-3,2025-11-02 14:57:00,2025-11-02 16:37:00,-12,0
2025-12-02 21:00:00,2025-12-02 22:19:00,B6,JFK,LAX,546,9.48,10.33,0.44,0.72,0.7373,-0.42,62,JFK-LAX,79,21,0,1,0,0,0,-10,2025-12-02 20:50:00,2025-12-02 22:13:00,-6,0
2025-12-28 09:50:00,2025-12-28 12:06:00,UA,ATL,SFO,1266,16.92,16.14,7.43,5.25,-0.3259,0.6758,27,ATL-SFO,136,9,1,0,0,0,0,9,2025-12-28 09:59:00,2025-12-28 12:06:00,0,0
2025-12-16 05:40:00,2025-12-16 07:30:00,UA,ATL,BOS,937,23.44,24.85,1.3,3.1,-1.1439,-0.2944,59,ATL-BOS,110,5,0,0,0,0,0,9,2025-12-16 05:49:00,2025-12-16 07:10:00,-20,0
2025-07-22 22:30:00,2025-07-23 03:56:00,DL,JFK,SFO,3637,31.82,30.92,1.22,0.13,-1.4172,0.117,13,JFK-SFO,326,22,0,1,0,0,0,-8,2025-07-22 22:22:00,2025-07-23 04:04:00,8,0
2025-03-15 16:00:00,2025-03-15 22:07:00,WN,JFK,SFO,4150,6.39,6.39,0.0,0.0,-1.4968,-0.4142,89,JFK-SFO,367,16,0,0,0,0,1,25,2025-03-15 16:25:00,2025-03-15 22:46:00,39,1
2025-11-03 18:30:00,2025-11-03 22:58:00,DL,SFO,ATL,2917,11.61,11.68,17.88,18.26,0.2331,0.9652,97,SFO-ATL,268,18,0,0,1,0,1,70,2025-11-03 19:40:00,2025-11-04 00:46:00,108,1
2025-10-20 10:20:00,2025-10-20 15:34:00,WN,SFO,LAX,3485,5.1,2.71,2.57,3.11,0.6713,0.4151,98,SFO-LAX,314,10,0,0,0,0,1,37,2025-10-20 10:57:00,2025-10-20 16:36:00,62,1
2025-12-28 10:30:00,2025-12-28 15:45:00,UA,JFK,LAX,3495,20.53,15.75,2.3,0.08,-0.9746,0.9295,70,JFK-LAX,315,10,1,0,0,0,0,2,2025-12-28 10:32:00,2025-12-28 15:44:00,-1,0
2025-08-26 09:00:00,2025-08-26 14:54:00,UA,JFK,LAX,3985,13.56,14.32,12.29,14.03,0.4836,0.9213,89,JFK-LAX,354,9,0,0,1,0,0,22,2025-08-26 09:22:00,2025-08-26 15:28:00,34,1
2025-02-21 17:30:00,2025-02-21 19:02:00,UA,SFO,BOS,710,7.84,10.37,0.0,1.21,0.4766,-0.5815,5,SFO-BOS,92,17,0,0,0,0,0,-1,2025-02-21 17:29:00,2025-02-21 18:57:00,-5,0
2025-07-03 05:30:00,2025-07-03 12:04:00,AA,LAX,SFO,4487,2.43,2.99,0.53,0.0,0.3467,0.4618,96,LAX-SFO,394,5,0,0,0,0,1,17,2025-07-03 05:47:00,2025-07-03 12:27:00,23,1
2025-06-13 23:15:00,2025-06-14 02:48:00,WN,BOS,SFO,2224,13.61,10.8,0.08,0.0,0.6799,-0.0686,20,BOS-SFO,213,23,0,1,0,0,1,37,2025-06-13 23:52:00,2025-06-14 03:25:00,37,1
2025-11-04 04:00:00,2025-11-04 08:01:00,B6,LAX,BOS,2580,10.09,10.01,0.0,1.35,0.2155,0.2604,96,LAX-BOS,241,4,0,1,0,0,0,-6,2025-11-04 03:54:00,2025-11-04 07:53:00,-8,0
2025-05-24 11:50:00,2025-05-24 17:17:00,WN,LAX,JFK,3647,3.05,4.11,0.71,0.66,1.3329,-0.0683,75,LAX-JFK,327,11,0,0,0,0,0,-6,2025-05-24 11:44:00,2025-05-24 17:11:00,-6,0
2025-04-30 07:40:00,2025-04-30 11:25:00,AA,BOS,ATL,2373,5.28,4.5,1.24,0.39,0.6238,-0.8858,68,BOS-ATL,225,7,0,0,0,0,0,12,2025-04-30 07:52:00,2025-04-30 11:35:00,10,0
2025-01-30 15:30:00,2025-01-30 17:58:00,WN,SFO,BOS,1416,12.03,11.77,0.0,0.44,-1.2546,0.3619,91,SFO-BOS,148,15,0,0,0,0,0,5,2025-01-30 15:35:00,2025-01-30 17:51:00,-7,0
2025-11-01 16:45:00,2025-11-01 17:50:00,AA,BOS,ATL,379,31.4,28.83,1.14,0.37,1.84,-0.0251,13,BOS-ATL,65,16,0,0,0,0,0,-8,2025-11-01 16:37:00,2025-11-01 17:48:00,-2,0
2025-10-03 22:40:00,2025-10-04 00:36:00,WN,JFK,ATL,1010,22.23,20.21,0.0,0.0,-0.9608,-0.7327,6,JFK-ATL,116,22,0,1,0,0,0,-5,2025-10-03 22:35:00,2025-10-04 00:23:00,-13,0
2025-01-16 18:10:00,2025-01-16 19:37:00,UA,JFK,BOS,654,9.32,6.93,0.0,0.0,-0.0162,0.3103,14,JFK-BOS,87,18,0,0,0,0,0,4,2025-01-16 18:14:00,2025-01-16 19:48:00,11,0
2025-06-08 05:20:00,2025-06-08 08:27:00,B6,LAX,JFK,1903,7.28,8.32,0.29,1.0,2.5521,-0.6813,11,LAX-JFK,187,5,1,0,0,0,0,-4,2025-06-08 05:16:00,2025-06-08 08:19:00,-8,0
2025-06-25 04:50:00,2025-06-25 10:11:00,UA,SFO,LAX,3571,6.47,5.03,2.02,2.75,0.4897,0.7531,3,SFO-LAX,321,4,0,1,0,0,1,31,2025-06-25 05:21:00,2025-06-25 11:11:00,60,1
2025-06-21 21:15:00,2025-06-22 00:06:00,AA,BOS,SFO,1700,6.36,4.76,0.6,0.28,-0.8225,-0.9578,13,BOS-SFO,171,21,0,1,0,0,0,10,2025-06-21 21:25:00,2025-06-21 23:58:00,-8,0
2025-12-02 11:50:00,2025-12-02 16:10:00,B6,BOS,ATL,2808,8.32,11.23,0.1,0.0,0.3368,-0.1581,56,BOS-ATL,260,11,0,0,0,0,0,-5,2025-12-02 11:45:00,2025-12-02 16:05:00,-5,0
2025-02-24 02:00:00,2025-02-24 04:01:00,UA,LAX,BOS,1078,33.32,34.2,0.25,0.99,0.5224,-0.3143,93,LAX-BOS,121,2,0,1,0,0,0,2,2025-02-24 02:02:00,2025-02-24 03:57:00,-4,0
2025-04-22 19:15:00,2025-04-22 23:32:00,B6,SFO,BOS,2779,6.28,3.68,0.0,0.0,0.2012,0.7665,1,SFO-BOS,257,19,0,0,0,0,0,0,2025-04-22 19:15:00,2025-04-22 23:28:00,-4,0
2025-03-08 15:15:00,2025-03-08 21:34:00,AA,SFO,BOS,4306,10.36,9.21,6.6,8.8,-0.5068,0.4874,93,SFO-BOS,379,15,0,0,0,0,1,14,2025-03-08 15:29:00,2025-03-08 21:55:00,21,1
2025-03-31 00:30:00,2025-03-31 03:15:00,DL,LAX,ATL,1624,1.96,2.19,0.52,0.0,-1.2798,-0.4711,16,LAX-ATL,165,0,0,1,0,0,0,11,2025-03-31 00:41:00,2025-03-31 03:29:00,14,0
2025-11-28 18:10:00,2025-11-28 21:51:00,AA,LAX,ATL,2329,14.14,14.52,0.0,0.0,-1.1647,-0.3222,62,LAX-ATL,221,18,0,0,0,0,0,-3,2025-11-28 18:07:00,2025-11-28 21:53:00,2,0
2025-12-10 14:10:00,2025-12-10 20:33:00,DL,LAX,ATL,4344,6.84,7.58,10.78,10.53,-0.7793,0.2729,44,LAX-ATL,383,14,0,0,0,0,0,0,2025-12-10 14:10:00,2025-12-10 20:26:00,-7,0
2025-01-17 14:40:00,2025-01-17 19:03:00,UA,SFO,LAX,2853,8.6,8.25,1.04,0.21,1.2949,0.9358,41,SFO-LAX,263,14,0,0,0,0,1,12,2025-01-17 14:52:00,2025-01-17 19:45:00,42,1
2025-08-19 20:15:00,2025-08-19 23:28:00,WN,ATL,JFK,1976,6.19,4.19,0.0,0.1,-1.2189,-0.1872,35,ATL-JFK,193,20,0,1,0,0,0,-9,2025-08-19 20:06:00,2025-08-19 23:27:00,-1,0
2025-03-26 11:50:00,2025-03-26 13:30:00,DL,JFK,SFO,808,5.79,4.88,17.57,15.76,0.1557,0.6693,55,JFK-SFO,100,11,0,0,1,0,0,21,2025-03-26 12:11:00,2025-03-26 14:01:00,31,1
2025-03-12 11:45:00,2025-03-12 17:59:00,UA,ATL,BOS,4236,9.53,7.4,4.64,5.09,1.3983,0.4357,31,ATL-BOS,374,11,0,0,0,0,0,0,2025-03-12 11:45:00,2025-03-12 18:03:00,4,0
2025-04-17 14:15:00,2025-04-17 18:39:00,WN,JFK,BOS,2862,9.24,7.36,0.0,0.98,0.6508,0.4126,64,JFK-BOS,264,14,0,0,0,0,0,-9,2025-04-17 14:06:00,2025-04-17 18:36:00,-3,0
2025-03-12 04:30:00,2025-03-12 05:48:00,UA,BOS,JFK,539,5.28,4.43,0.0,0.0,1.4214,-0.5224,68,BOS-JFK,78,4,0,1,0,0,0,-1,2025-03-12 04:29:00,2025-03-12 05:51:00,3,0
2025-06-28 03:15:00,2025-06-28 07:21:00,B6,BOS,ATL,2632,9.21,8.98,8.4,6.88,-0.5863,-0.9405,84,BOS-ATL,246,3,0,1,0,0,0,6,2025-06-28 03:21:00,2025-06-28 07:18:00,-3,0
2025-12-30 20:15:00,2025-12-31 02:39:00,AA,SFO,ATL,4367,11.19,11.61,2.26,2.16,0.6281,-0.0609,54,SFO-ATL,384,20,0,1,0,0,0,27,2025-12-30 20:42:00,2025-12-31 02:59:00,20,1
2025-08-03 05:40:00,2025-08-03 11:52:00,WN,LAX,SFO,4214,17.24,17.09,0.0,0.0,1.1509,0.2179,67,LAX-SFO,372,5,1,0,0,0,1,21,2025-08-03 06:01:00,2025-08-03 12:40:00,48,1
2025-09-21 12:15:00,2025-09-21 14:20:00,B6,JFK,ATL,1122,27.65,28.21,17.23,16.72,0.9412,-0.0448,10,JFK-ATL,125,12,1,0,1,0,0,23,2025-09-21 12:38:00,2025-09-21 15:08:00,48,1
2025-06-30 06:10:00,2025-06-30 09:27:00,UA,SFO,JFK,2031,2.79,3.99,0.0,0.0,0.8899,-0.2314,68,SFO-JFK,197,6,0,0,0,0,1,25,2025-06-30 06:35:00,2025-06-30 09:45:00,18,1
2025-01-06 05:15:00,2025-01-06 11:45:00,DL,ATL,JFK,4442,13.66,11.92,1.25,1.62,-1.1946,-0.423,51,ATL-JFK,390,5,0,0,0,0,0,16,2025-01-06 05:31:00,2025-01-06 12:12:00,27,1
2025-01-31 14:50:00,2025-01-31 20:12:00,AA,LAX,BOS,3584,7.82,8.53,0.03,0.0,0.6671,0.7188,97,LAX-BOS,322,14,0,0,0,0,0,4,2025-01-31 14:54:00,2025-01-31 20:09:00,-3,0
2025-04-09 19:15:00,2025-04-09 23:22:00,B6,ATL,SFO,2652,2.95,5.68,4.61,5.34,0.4878,-0.6605,70,ATL-SFO,247,19,0,0,0,0,1,50,2025-04-09 20:05:00,2025-04-10 00:36:00,74,1
2025-03-30 10:15:00,2025-03-30 12:56:00,AA,BOS,JFK,1577,5.98,6.2,12.62,13.75,-0.1503,-0.9893,16,BOS-JFK,161,10,1,0,1,0,0,45,2025-03-30 11:00:00,2025-03-30 14:01:00,65,1
2025-11-03 03:40:00,2025-11-03 08:55:00,AA,ATL,BOS,3503,15.43,15.4,0.01,0.61,-0.6049,-0.7837,73,ATL-BOS,315,3,0,1,0,0,0,-7,2025-11-03 03:33:00,2025-11-03 08:49:00,-6,0
2025-11-04 05:00:00,2025-11-04 09:13:00,AA,JFK,SFO,2731,12.83,11.96,1.86,0.08,0.4504,-0.1144,75,JFK-SFO,253,5,0,0,0,0,1,4,2025-11-04 05:04:00,2025-11-04 09:19:00,6,0
2025-11-08 03:15:00,2025-11-08 07:10:00,AA,LAX,SFO,2500,10.56,9.7,6.5,8.53,-0.9873,0.1203,59,LAX-SFO,235,3,0,1,0,0,1,23,2025-11-08 03:38:00,2025-11-08 07:48:00,38,1
2025-08-21 21:10:00,2025-08-22 03:20:00,DL,LAX,ATL,4193,8.6,5.61,1.41,0.2,-0.4313,0.3951,94,LAX-ATL,370,21,0,1,0,0,0,6,2025-08-21 21:16:00,2025-08-22 03:06:00,-14,0
2025-07-23 07:50:00,2025-07-23 10:56:00,DL,JFK,LAX,1884,22.14,24.22,1.45,0.91,0.9421,0.1218,53,JFK-LAX,186,7,0,0,0,0,0,11,2025-07-23 08:01:00,2025-07-23 10:47:00,-9,0
2025-08-25 08:50:00,2025-08-25 13:19:00,UA,SFO,LAX,2925,4.77,5.3,7.6,6.74,1.042,0.2695,18,SFO-LAX,269,8,0,0,0,0,0,-4,2025-08-25 08:46:00,2025-08-25 13:18:00,-1,0
2025-05-29 01:45:00,2025-05-29 02:59:00,B6,BOS,SFO,482,7.0,8.15,6.21,4.51,0.4821,-0.7663,2,BOS-SFO,74,1,0,1,0,0,0,26,2025-05-29 02:11:00,2025-05-29 03:36:00,37,1
2025-09-02 10:10:00,2025-09-02 15:08:00,DL,ATL,JFK,3286,5.73,9.98,32.47,32.09,-0.4598,-0.1218,37,ATL-JFK,298,10,0,0,1,0,0,59,2025-09-02 11:09:00,2025-09-02 16:38:00,90,1
2025-10-17 21:30:00,2025-10-18 01:33:00,AA,ATL,SFO,2598,10.22,7.79,0.0,0.0,-1.1115,0.4192,23,ATL-SFO,243,21,0,1,0,0,0,4,2025-10-17 21:34:00,2025-10-18 01:34:00,1,0
2025-10-06 09:40:00,2025-10-06 15:33:00,AA,ATL,BOS,3979,37.59,39.15,1.08,1.56,-0.7794,-0.3515,37,ATL-BOS,353,9,0,0,0,0,0,3,2025-10-06 09:43:00,2025-10-06 15:23:00,-10,0
2025-08-13 15:45:00,2025-08-13 18:36:00,B6,JFK,LAX,1698,26.81,26.42,0.12,0.0,1.2856,-0.4853,46,JFK-LAX,171,15,0,0,0,0,0,6,2025-08-13 15:51:00,2025-08-13 18:33:00,-3,0
2025-01-22 04:10:00,2025-01-22 10:20:00,AA,JFK,SFO,4186,15.1,14.02,0.0,0.03,0.1945,-0.4483,85,JFK-SFO,370,4,0,1,0,0,1,14,2025-01-22 04:24:00,2025-01-22 10:48:00,28,1
2025-09-22 03:40:00,2025-09-22 07:52:00,B6,SFO,BOS,2717,10.36,9.44,0.0,0.6,-0.1019,-0.2416,34,SFO-BOS,252,3,0,1,0,0,1,23,2025-09-22 04:03:00,2025-09-22 08:46:00,54,1
2025-05-14 17:10:00,2025-05-14 19:19:00,AA,ATL,BOS,1174,10.4,8.35,0.4,0.43,0.1635,-0.9925,59,ATL-BOS,129,17,0,0,0,0,0,7,2025-05-14 17:17:00,2025-05-14 19:38:00,19,1
2025-09-29 01:30:00,2025-09-29 03:23:00,AA,BOS,ATL,973,15.02,14.08,0.0,0.0,0.6846,0.8084,71,BOS-ATL,113,1,0,1,0,0,0,1,2025-09-29 01:31:00,2025-09-29 03:30:00,7,0
2025-07-16 10:50:00,2025-07-16 12:55:00,AA,SFO,LAX,1122,21.45,21.08,6.48,5.33,-1.0266,-0.5882,62,SFO-LAX,125,10,0,0,0,0,0,8,2025-07-16 10:58:00,2025-07-16 12:52:00,-3,0
2025-11-18 07:00:00,2025-11-18 09:40:00,B6,ATL,JFK,1568,3.87,4.96,16.39,15.21,-0.4864,0.7134,72,ATL-JFK,160,7,0,0,1,0,0,50,2025-11-18 07:50:00,2025-11-18 10:49:00,69,1
2025-05-04 00:10:00,2025-05-04 04:14:00,AA,JFK,LAX,2611,25.4,27.78,0.68,0.0,0.6461,-0.8878,60,JFK-LAX,244,0,1,1,0,1,0,54,2025-05-04 01:04:00,2025-05-04 05:19:00,65,1
2025-12-06 12:45:00,2025-12-06 18:36:00,B6,ATL,JFK,3946,14.43,13.33,1.2,0.0,0.2398,-0.4417,75,ATL-JFK,351,12,0,0,0,0,0,0,2025-12-06 12:45:00,2025-12-06 18:30:00,-6,0
2025-11-05 23:00:00,2025-11-06 05:33:00,AA,JFK,SFO,4481,8.18,5.48,4.39,4.05,1.1061,0.0867,43,JFK-SFO,393,23,0,1,0,0,0,24,2025-11-05 23:24:00,2025-11-06 06:00:00,27,1
2025-05-01 01:40:00,2025-05-01 06:27:00,WN,SFO,LAX,3148,11.03,9.96,0.0,0.0,0.7534,-0.7111,33,SFO-LAX,287,1,0,1,0,0,0,0,2025-05-01 01:40:00,2025-05-01 06:21:00,-6,0
2025-06-26 19:30:00,2025-06-26 23:14:00,UA,BOS,JFK,2358,16.66,13.94,0.0,0.0,-0.7721,0.9744,18,BOS-JFK,224,19,0,0,0,0,0,-3,2025-06-26 19:27:00,2025-06-26 23:19:00,5,0
2025-07-13 12:15:00,2025-07-13 16:40:00,DL,BOS,ATL,2875,15.29,13.67,2.45,0.0,-3.3375,0.1231,1,BOS-ATL,265,12,1,0,0,0,0,-4,2025-07-13 12:11:00,2025-07-13 16:44:00,4,0
2025-10-08 17:45:00,2025-10-08 20:35:00,WN,JFK,SFO,1689,5.38,6.19,26.27,24.57,0.2043,0.614,4,JFK-SFO,170,17,0,0,1,0,0,14,2025-10-08 17:59:00,2025-10-08 21:29:00,54,1
2025-09-09 02:45:00,2025-09-09 05:06:00,WN,LAX,SFO,1328,11.12,10.8,0.0,0.0,-1.0453,-0.4446,4,LAX-SFO,141,2,0,1,0,0,0,5,2025-09-09 02:50:00,2025-09-09 05:08:00,2,0
2025-11-07 20:15:00,2025-11-08 00:14:00,UA,SFO,ATL,2556,10.47,9.01,1.66,0.0,0.5076,-0.6198,27,SFO-ATL,239,20,0,1,0,0,0,25,2025-11-07 20:40:00,2025-11-08 00:36:00,22,1
2025-05-16 00:00:00,2025-05-16 05:37:00,AA,ATL,JFK,3775,18.56,20.82,4.8,5.76,1.5905,0.6948,40,ATL-JFK,337,0,0,1,0,0,0,20,2025-05-16 00:20:00,2025-05-16 06:00:00,23,1
2025-07-04 21:10:00,2025-07-04 22:31:00,DL,JFK,LAX,570,21.54,20.53,5.4,4.92,-1.0296,-0.5585,98,JFK-LAX,81,21,1,1,0,1,0,54,2025-07-04 22:04:00,2025-07-04 23:51:00,80,1
2025-06-07 15:00:00,2025-06-07 16:36:00,AA,LAX,JFK,765,5.39,3.96,3.91,4.5,0.6465,-0.2338,47,LAX-JFK,96,15,0,0,0,0,0,8,2025-06-07 15:08:00,2025-06-07 16:34:00,-2,0
2025-11-28 08:50:00,2025-11-28 10:49:00,WN,ATL,LAX,1044,9.55,5.05,1.54,0.65,0.8702,0.481,81,ATL-LAX,119,8,0,0,0,0,0,-7,2025-11-28 08:43:00,2025-11-28 10:38:00,-11,0
2025-04-22 00:30:00,2025-04-22 02:39:00,DL,SFO,BOS,1181,7.05,6.78,0.0,0.0,0.3457,-0.5329,56,SFO-BOS,129,0,0,1,0,0,0,5,2025-04-22 00:35:00,2025-04-22 02:45:00,6,0
2025-08-03 14:40:00,2025-08-03 16:29:00,WN,BOS,JFK,925,14.37,14.84,0.0,0.65,0.3279,0.3097,20,BOS-JFK,109,14,1,0,0,0,0,0,2025-08-03 14:40:00,2025-08-03 16:32:00,3,0
2025-02-13 02:10:00,2025-02-13 03:53:00,UA,JFK,ATL,846,37.43,36.93,6.6,6.26,-2.0764,0.9121,46,JFK-ATL,103,2,0,1,0,0,0,8,2025-02-13 02:18:00,2025-02-13 04:00:00,7,0
2025-11-07 14:45:00,2025-11-07 15:53:00,WN,SFO,BOS,417,17.53,17.22,0.0,0.0,0.0655,0.0764,28,SFO-BOS,68,14,0,0,0,0,0,-1,2025-11-07 14:44:00,2025-11-07 15:57:00,4,0
2025-05-21 18:40:00,2025-05-21 21:36:00,UA,LAX,JFK,1763,14.88,17.76,0.34,0.0,-0.0087,-0.4595,66,LAX-JFK,176,18,0,0,0,0,0,13,2025-05-21 18:53:00,2025-05-21 21:34:00,-2,0
2025-05-05 06:45:00,2025-05-05 11:47:00,DL,SFO,ATL,3333,16.6,19.11,0.58,0.04,1.0497,0.8801,52,SFO-ATL,302,6,0,0,0,0,0,10,2025-05-05 06:55:00,2025-05-05 11:39:00,-8,0
2025-08-01 05:20:00,2025-08-01 07:12:00,WN,LAX,BOS,959,27.43,24.32,19.06,19.38,0.9599,0.8329,10,LAX-BOS,112,5,0,0,1,0,0,13,2025-08-01 05:33:00,2025-08-01 07:48:00,36,1
2025-07-02 05:40:00,2025-07-02 08:28:00,B6,BOS,LAX,1666,19.58,17.66,4.05,3.43,-0.5103,0.2489,66,BOS-LAX,168,5,0,0,0,0,0,19,2025-07-02 05:59:00,2025-07-02 08:35:00,7,0
2025-11-06 05:30:00,2025-11-06 11:56:00,WN,LAX,SFO,4387,3.78,0.91,0.0,0.61,-1.8999,0.5022,55,LAX-SFO,386,5,0,0,0,0,0,7,2025-11-06 05:37:00,2025-11-06 12:05:00,9,0
2025-07-13 02:20:00,2025-07-13 04:16:00,AA,LAX,JFK,1007,31.62,30.13,0.0,1.74,-1.596,0.504,7,LAX-JFK,116,2,1,1,0,1,0,23,2025-07-13 02:43:00,2025-07-13 04:50:00,34,1
2025-07-08 05:30:00,2025-07-08 12:01:00,DL,BOS,JFK,4446,11.57,8.8,0.41,0.0,1.4087,-0.1098,70,BOS-JFK,391,5,0,0,0,0,0,6,2025-07-08 05:36:00,2025-07-08 12:03:00,2,0
2025-02-08 15:15:00,2025-02-08 19:06:00,B6,ATL,JFK,2451,11.09,14.4,12.96,13.7,-0.0773,-0.4697,6,ATL-JFK,231,15,0,0,1,0,0,37,2025-02-08 15:52:00,2025-02-08 19:53:00,47,1
2025-01-09 07:50:00,2025-01-09 12:52:00,WN,LAX,SFO,3341,22.05,23.89,17.84,18.17,-1.4466,-0.8667,41,LAX-SFO,302,7,0,0,1,0,0,-1,2025-01-09 07:49:00,2025-01-09 13:05:00,13,0
2025-05-26 18:40:00,2025-05-26 21:28:00,WN,JFK,BOS,1658,38.13,35.88,7.05,6.83,-1.3223,-0.9051,64,JFK-BOS,168,18,1,0,0,0,0,6,2025-05-26 18:46:00,2025-05-26 21:25:00,-3,0
2025-12-31 19:40:00,2025-12-31 22:28:00,WN,LAX,ATL,1663,6.5,5.76,6.35,6.77,0.2308,-0.8937,64,LAX-ATL,168,19,1,0,0,0,0,21,2025-12-31 20:01:00,2025-12-31 23:04:00,36,1
2025-12-01 18:40:00,2025-12-01 21:51:00,DL,ATL,JFK,1950,21.29,23.51,0.21,0.0,0.121,-0.5219,60,ATL-JFK,191,18,0,0,0,0,0,17,2025-12-01 18:57:00,2025-12-01 21:54:00,3,0
2025-08-18 12:20:00,2025-08-18 14:02:00,B6,JFK,BOS,837,5.46,7.23,0.0,0.0,1.6559,-0.7747,66,JFK-BOS,102,12,0,0,0,0,0,-10,2025-08-18 12:10:00,2025-08-18 14:01:00,-1,0
2025-08-19 07:50:00,2025-08-19 10:35:00,AA,SFO,LAX,1625,10.98,12.7,0.35,0.94,-0.0802,-0.9048,54,SFO-LAX,165,7,0,0,0,0,0,0,2025-08-19 07:50:00,2025-08-19 10:37:00,2,0
2025-05-23 22:10:00,2025-05-24 04:09:00,B6,SFO,ATL,4056,2.1,1.6,19.22,17.95,0.3862,0.1665,40,SFO-ATL,359,22,0,1,1,0,0,17,2025-05-23 22:27:00,2025-05-24 04:42:00,33,1
2025-03-06 04:30:00,2025-03-06 05:30:00,DL,SFO,LAX,316,5.67,7.59,11.37,13.87,-0.0419,-0.3203,31,SFO-LAX,60,4,0,1,0,0,0,3,2025-03-06 04:33:00,2025-03-06 05:33:00,3,0
2025-01-04 11:00:00,2025-01-04 15:11:00,DL,BOS,ATL,2702,11.32,11.78,0.0,0.44,0.8189,0.9987,75,BOS-ATL,251,11,0,0,0,0,0,9,2025-01-04 11:09:00,2025-01-04 15:27:00,16,1
2025-05-04 10:15:00,2025-05-04 15:05:00,WN,ATL,SFO,3190,17.21,12.69,0.93,0.39,1.7601,0.3352,48,ATL-SFO,290,10,1,0,0,0,0,-3,2025-05-04 10:12:00,2025-05-04 15:01:00,-4,0
2025-04-26 17:30:00,2025-04-26 19:16:00,UA,JFK,LAX,893,14.35,16.68,0.21,0.0,0.9444,0.878,66,JFK-LAX,106,17,0,0,0,0,0,2,2025-04-26 17:32:00,2025-04-26 19:38:00,22,1
2025-03-11 13:20:00,2025-03-11 14:56:00,B6,JFK,ATL,764,20.68,22.65,0.0,0.67,1.971,-0.8705,66,JFK-ATL,96,13,0,0,0,0,0,-3,2025-03-11 13:17:00,2025-03-11 14:51:00,-5,0
2025-04-05 19:50:00,2025-04-05 23:55:00,B6,BOS,SFO,2620,9.48,9.79,0.0,0.0,0.541,-0.4762,64,BOS-SFO,245,19,0,0,0,0,0,11,2025-04-05 20:01:00,2025-04-06 00:04:00,9,0
2025-01-10 22:30:00,2025-01-11 00:43:00,B6,ATL,JFK,1220,8.36,11.27,5.74,4.8,-1.586,0.5626,23,ATL-JFK,133,22,0,1,0,0,0,3,2025-01-10 22:33:00,2025-01-11 00:35:00,-8,0
2025-08-10 09:20:00,2025-08-10 15:48:00,UA,ATL,LAX,4407,9.05,13.13,0.0,0.0,-0.824,0.2366,60,ATL-LAX,388,9,1,0,0,0,0,-1,2025-08-10 09:19:00,2025-08-10 15:41:00,-7,0
2025-12-05 20:20:00,2025-12-05 22:23:00,B6,BOS,ATL,1099,9.49,6.71,0.0,0.0,0.8209,-0.2756,3,BOS-ATL,123,20,0,1,0,0,0,-3,2025-12-05 20:17:00,2025-12-05 22:26:00,3,0
2025-09-10 04:30:00,2025-09-10 06:13:00,WN,LAX,ATL,849,4.56,3.58,15.03,15.38,-0.2413,0.6815,65,LAX-ATL,103,4,0,1,1,0,0,14,2025-09-10 04:44:00,2025-09-10 06:43:00,30,1
2025-06-13 21:45:00,2025-06-14 00:35:00,DL,ATL,SFO,1691,12.09,10.47,20.78,20.34,0.0018,0.0009,49,ATL-SFO,170,21,0,1,1,0,0,37,2025-06-13 22:22:00,2025-06-14 01:43:00,68,1
2025-06-03 04:15:00,2025-06-03 07:06:00,UA,ATL,JFK,1694,19.83,18.16,12.6,11.7,-0.8101,0.8329,43,ATL-JFK,171,4,0,1,1,0,0,21,2025-06-03 04:36:00,2025-06-03 07:43:00,37,1
2025-04-23 20:30:00,2025-04-23 22:23:00,DL,BOS,LAX,972,11.19,12.59,0.0,0.51,1.4444,0.0946,70,BOS-LAX,113,20,0,1,0,0,0,2,2025-04-23 20:32:00,2025-04-23 22:20:00,-3,0
2025-02-21 09:30:00,2025-02-21 14:12:00,DL,SFO,BOS,3092,7.29,6.02,0.0,2.13,1.5314,0.1756,74,SFO-BOS,282,9,0,0,0,0,1,16,2025-02-21 09:46:00,2025-02-21 14:34:00,22,1
2025-08-07 23:00:00,2025-08-08 01:56:00,WN,SFO,JFK,1757,11.07,11.34,8.47,7.22,-0.229,-0.3806,19,SFO-JFK,176,23,0,1,0,0,1,13,2025-08-07 23:13:00,2025-08-08 02:23:00,27,1
2025-07-26 03:50:00,2025-07-26 07:46:00,UA,JFK,BOS,2513,6.73,7.25,6.98,6.72,-0.2192,-0.84,51,JFK-BOS,236,3,0,1,0,0,0,-9,2025-07-26 03:41:00,2025-07-26 07:47:00,1,0
2025-01-03 11:30:00,2025-01-03 13:51:00,DL,ATL,SFO,1321,14.41,16.63,0.0,1.66,1.2754,-0.9733,36,ATL-SFO,141,11,0,0,0,0,0,12,2025-01-03 11:42:00,2025-01-03 13:53:00,2,0
2025-06-01 21:10:00,2025-06-01 22:41:00,B6,ATL,BOS,705,17.38,18.1,0.0,0.0,1.0461,-0.4226,53,ATL-BOS,91,21,1,1,0,1,0,20,2025-06-01 21:30:00,2025-06-01 23:17:00,36,1
2025-04-12 01:40:00,2025-04-12 03:00:00,DL,SFO,JFK,557,18.28,15.06,14.81,15.14,-1.631,0.7005,32,SFO-JFK,80,1,0,1,1,0,0,31,2025-04-12 02:11:00,2025-04-12 03:58:00,58,1
2025-03-04 06:40:00,2025-03-04 07:57:00,WN,JFK,SFO,521,9.31,9.75,0.7,0.39,0.6795,-0.3241,48,JFK-SFO,77,6,0,0,0,0,0,1,2025-03-04 06:41:00,2025-03-04 07:53:00,-4,0
2025-09-14 02:50:00,2025-09-14 08:41:00,DL,ATL,BOS,3956,8.77,10.22,7.06,7.19,0.4958,0.6674,82,ATL-BOS,351,2,1,1,0,1,0,14,2025-09-14 03:04:00,2025-09-14 09:07:00,26,1
2025-07-11 07:00:00,2025-07-11 09:28:00,DL,SFO,BOS,1410,19.63,19.71,0.71,3.45,0.1867,0.9821,22,SFO-BOS,148,7,0,0,0,0,0,9,2025-07-11 07:09:00,2025-07-11 09:29:00,1,0
2025-08-20 09:20:00,2025-08-20 12:02:00,UA,JFK,LAX,1583,10.07,10.29,2.31,0.0,-0.8776,-0.1378,97,JFK-LAX,162,9,0,0,0,0,0,25,2025-08-20 09:45:00,2025-08-20 12:48:00,46,1
2025-09-18 14:10:00,2025-09-18 18:24:00,UA,BOS,ATL,2732,10.43,10.35,5.1,4.34,-0.8558,-0.1289,89,BOS-ATL,254,14,0,0,0,0,0,-8,2025-09-18 14:02:00,2025-09-18 18:15:00,-9,0
2025-12-25 06:30:00,2025-12-25 08:01:00,WN,JFK,ATL,700,11.43,13.96,14.8,13.8,-3.0985,0.7029,50,JFK-ATL,91,6,1,0,1,0,0,12,2025-12-25 06:42:00,2025-12-25 08:20:00,19,1
2025-10-21 03:30:00,2025-10-21 07:51:00,DL,BOS,SFO,2822,10.19,9.32,13.22,14.87,-0.6564,0.1204,79,BOS-SFO,261,3,0,1,1,0,1,52,2025-10-21 04:22:00,2025-10-21 09:13:00,82,1
2025-08-15 04:20:00,2025-08-15 08:14:00,AA,SFO,LAX,2490,17.22,16.2,9.73,9.59,-1.9707,0.6642,39,SFO-LAX,234,4,0,1,0,0,1,23,2025-08-15 04:43:00,2025-08-15 08:56:00,42,1
2025-11-17 22:50:00,2025-11-18 04:15:00,AA,LAX,BOS,3624,4.63,3.1,0.97,0.0,-0.5409,0.4044,92,LAX-BOS,325,22,0,1,0,0,0,-3,2025-11-17 22:47:00,2025-11-18 04:13:00,-2,0
2025-06-24 22:30:00,2025-06-25 00:10:00,AA,ATL,LAX,817,16.2,15.11,0.0,0.0,0.4022,-0.251,62,ATL-LAX,100,22,0,1,0,0,0,4,2025-06-24 22:34:00,2025-06-24 23:56:00,-14,0
2025-12-26 05:20:00,2025-12-26 06:25:00,B6,LAX,JFK,371,6.35,4.57,8.47,5.42,-1.1677,0.2911,60,LAX-JFK,65,5,0,0,0,0,0,24,2025-12-26 05:44:00,2025-12-26 06:49:00,24,1
2025-10-05 04:00:00,2025-10-05 09:19:00,AA,ATL,LAX,3546,8.94,5.47,0.0,2.13,1.3319,-0.944,97,ATL-LAX,319,4,1,1,0,1,0,34,2025-10-05 04:34:00,2025-10-05 10:25:00,66,1
2025-08-26 01:15:00,2025-08-26 04:18:00,B6,JFK,BOS,1854,13.72,12.74,11.24,9.76,1.9559,0.0027,72,JFK-BOS,183,1,0,1,0,0,0,8,2025-08-26 01:23:00,2025-08-26 04:33:00,15,1
2025-11-26 23:50:00,2025-11-27 01:10:00,WN,LAX,SFO,558,1.78,3.53,0.51,1.23,0.2369,-0.821,74,LAX-SFO,80,23,0,1,0,0,0,4,2025-11-26 23:54:00,2025-11-27 01:10:00,0,0
2025-07-08 16:20:00,2025-07-08 20:26:00,AA,ATL,BOS,2636,9.17,9.64,17.04,15.88,0.6085,0.1032,96,ATL-BOS,246,16,0,0,1,0,0,28,2025-07-08 16:48:00,2025-07-08 20:59:00,33,1
2025-09-21 18:50:00,2025-09-21 22:25:00,DL,LAX,ATL,2251,11.96,9.95,1.26,1.25,-1.6185,0.6243,7,LAX-ATL,215,18,1,0,0,0,0,22,2025-09-21 19:12:00,2025-09-21 22:45:00,20,1
2025-04-14 06:30:00,2025-04-14 12:49:00,WN,BOS,SFO,4294,10.92,9.46,0.0,1.97,0.1834,-0.6797,24,BOS-SFO,379,6,0,0,0,0,0,16,2025-04-14 06:46:00,2025-04-14 13:28:00,39,1
2025-12-18 15:30:00,2025-12-18 21:46:00,UA,LAX,JFK,4264,8.7,8.52,5.65,6.85,-1.4052,-0.2093,42,LAX-JFK,376,15,0,0,0,0,0,2,2025-12-18 15:32:00,2025-12-18 21:52:00,6,0
2025-08-16 01:20:00,2025-08-16 05:20:00,B6,JFK,LAX,2563,12.42,10.66,4.53,2.69,-1.724,0.0924,0,JFK-LAX,240,1,0,1,0,0,0,31,2025-08-16 01:51:00,2025-08-16 06:04:00,44,1
2025-10-13 16:30:00,2025-10-13 18:22:00,UA,ATL,LAX,967,5.48,6.78,10.18,11.32,-1.266,-0.596,19,ATL-LAX,112,16,0,0,0,0,0,11,2025-10-13 16:41:00,2025-10-13 18:51:00,29,1
2025-06-18 13:00:00,2025-06-18 18:10:00,DL,LAX,JFK,3441,9.47,10.89,0.63,0.0,-0.1544,-0.9341,57,LAX-JFK,310,13,0,0,0,0,0,2,2025-06-18 13:02:00,2025-06-18 18:13:00,3,0
2025-11-13 07:00:00,2025-11-13 09:07:00,DL,BOS,LAX,1145,10.6,15.77,5.51,6.62,-0.0407,-0.9971,15,BOS-LAX,127,7,0,0,0,0,0,-7,2025-11-13 06:53:00,2025-11-13 09:14:00,7,0
2025-01-28 17:20:00,2025-01-28 23:01:00,WN,SFO,JFK,3819,20.66,21.37,5.45,5.12,-0.0728,-0.4891,85,SFO-JFK,341,17,0,0,0,0,1,16,2025-01-28 17:36:00,2025-01-28 23:37:00,36,1
2025-02-11 15:30:00,2025-02-11 19:51:00,WN,SFO,LAX,2821,22.41,23.82,0.59,0.0,-1.1638,-0.3864,68,SFO-LAX,261,15,0,0,0,0,1,41,2025-02-11 16:11:00,2025-02-11 21:12:00,81,1
2025-07-05 10:30:00,2025-07-05 13:28:00,WN,ATL,LAX,1788,3.89,5.08,7.76,6.87,0.1062,-0.0705,42,ATL-LAX,178,10,0,0,0,0,0,-5,2025-07-05 10:25:00,2025-07-05 13:22:00,-6,0
2025-09-25 04:20:00,2025-09-25 10:48:00,AA,LAX,SFO,4415,20.68,17.1,19.09,19.69,-0.6954,0.6968,74,LAX-SFO,388,4,0,1,1,0,1,46,2025-09-25 05:06:00,2025-09-25 12:28:00,100,1
2025-10-23 00:15:00,2025-10-23 04:07:00,DL,BOS,SFO,2460,3.24,5.9,0.0,0.7,0.1287,-0.1672,23,BOS-SFO,232,0,0,1,0,0,1,20,2025-10-23 00:35:00,2025-10-23 04:29:00,22,1
2025-06-10 22:40:00,2025-06-11 01:49:00,WN,LAX,BOS,1920,11.52,11.92,11.29,9.15,-0.236,-0.833,48,LAX-BOS,189,22,0,1,0,0,0,1,2025-06-10 22:41:00,2025-06-11 01:42:00,-7,0
2025-08-26 06:30:00,2025-08-26 08:32:00,DL,JFK,SFO,1093,0.67,3.1,0.0,0.0,-1.8027,-0.347,75,JFK-SFO,122,6,0,0,0,0,0,4,2025-08-26 06:34:00,2025-08-26 08:40:00,8,0
2025-07-21 07:00:00,2025-07-21 11:37:00,WN,BOS,LAX,3024,0.87,1.74,13.34,12.37,-0.6794,-0.388,45,BOS-LAX,277,7,0,0,1,0,0,-5,2025-07-21 06:55:00,2025-07-21 11:41:00,4,0
2025-12-17 16:20:00,2025-12-17 18:50:00,B6,LAX,SFO,1433,34.07,34.18,3.0,1.33,0.5443,0.1398,56,LAX-SFO,150,16,0,0,0,0,0,-7,2025-12-17 16:13:00,2025-12-17 19:02:00,12,0
2025-08-27 06:40:00,2025-08-27 08:30:00,DL,BOS,ATL,939,9.42,9.82,0.0,0.0,0.8387,0.2972,36,BOS-ATL,110,6,0,0,0,0,0,2,2025-08-27 06:42:00,2025-08-27 08:16:00,-14,0
2025-06-02 09:45:00,2025-06-02 11:24:00,DL,SFO,ATL,796,9.3,7.62,0.2,0.94,-1.2318,-0.999,93,SFO-ATL,99,9,0,0,0,0,0,-6,2025-06-02 09:39:00,2025-06-02 11:26:00,2,0
2025-12-20 17:15:00,2025-12-20 21:49:00,WN,SFO,JFK,2993,14.45,14.55,0.0,1.98,-0.7641,0.0797,94,SFO-JFK,274,17,0,0,0,0,1,6,2025-12-20 17:21:00,2025-12-20 22:01:00,12,0
2025-02-09 14:50:00,2025-02-09 20:58:00,WN,ATL,LAX,4168,7.16,11.74,13.21,13.58,-0.4473,-0.5075,38,ATL-LAX,368,14,1,0,1,0,0,13,2025-02-09 15:03:00,2025-02-09 21:11:00,13,0
2025-12-26 15:40:00,2025-12-26 18:04:00,DL,LAX,ATL,1361,17.16,21.18,0.0,0.0,1.1715,0.523,28,LAX-ATL,144,15,0,0,0,0,0,-6,2025-12-26 15:34:00,2025-12-26 18:14:00,10,0
2025-02-26 00:20:00,2025-02-26 02:32:00,UA,SFO,JFK,1212,10.1,10.93,0.0,0.25,0.4692,-0.3251,30,SFO-JFK,132,0,0,1,0,0,0,1,2025-02-26 00:21:00,2025-02-26 02:30:00,-2,0
2025-04-16 10:40:00,2025-04-16 15:05:00,UA,ATL,JFK,2875,15.3,14.95,1.24,0.4,-1.2799,0.8315,21,ATL-JFK,265,10,0,0,0,0,0,0,2025-04-16 10:40:00,2025-04-16 15:00:00,-5,0
2025-10-27 11:45:00,2025-10-27 13:32:00,B6,LAX,ATL,900,6.11,4.74,0.68,0.0,0.4921,-0.2053,52,LAX-ATL,107,11,0,0,0,0,0,25,2025-10-27 12:10:00,2025-10-27 13:33:00,1,0
2025-09-25 15:10:00,2025-09-25 16:39:00,WN,SFO,BOS,672,4.33,1.6,0.0,0.0,1.2687,-0.2991,94,SFO-BOS,89,15,0,0,0,0,0,3,2025-09-25 15:13:00,2025-09-25 16:49:00,10,0
2025-12-21 03:10:00,2025-12-21 07:43:00,AA,BOS,JFK,2977,16.42,17.47,0.33,0.0,0.2164,-0.7311,98,BOS-JFK,273,3,1,1,0,1,0,-4,2025-12-21 03:06:00,2025-12-21 08:00:00,17,1
2025-10-01 03:20:00,2025-10-01 07:15:00,AA,JFK,BOS,2504,13.93,12.33,4.6,5.42,-0.775,-0.6504,56,JFK-BOS,235,3,0,1,0,0,0,-2,2025-10-01 03:18:00,2025-10-01 07:19:00,4,0
2025-08-21 18:00:00,2025-08-21 19:09:00,B6,LAX,ATL,420,3.02,5.78,0.0,0.39,0.8482,0.3482,59,LAX-ATL,69,18,0,0,0,0,0,-10,2025-08-21 17:50:00,2025-08-21 19:13:00,4,0
2025-05-07 16:45:00,2025-05-07 19:04:00,WN,BOS,LAX,1297,2.77,3.13,0.0,0.0,0.185,0.143,13,BOS-LAX,139,16,0,0,0,0,0,10,2025-05-07 16:55:00,2025-05-07 19:03:00,-1,0
2025-01-02 19:50:00,2025-01-02 21:56:00,B6,BOS,JFK,1133,11.5,13.21,0.0,0.0,-0.2497,0.1004,39,BOS-JFK,126,19,0,0,0,0,0,11,2025-01-02 20:01:00,2025-01-02 21:50:00,-6,0
2025-02-15 06:30:00,2025-02-15 11:18:00,AA,BOS,SFO,3163,16.11,17.62,0.15,0.45,0.8931,-0.7339,79,BOS-SFO,288,6,0,0,0,0,1,8,2025-02-15 06:38:00,2025-02-15 11:34:00,16,1
2025-04-19 23:50:00,2025-04-20 04:33:00,UA,BOS,ATL,3095,5.2,5.81,0.68,0.0,-0.0039,-0.7883,50,BOS-ATL,283,23,0,1,0,0,0,6,2025-04-19 23:56:00,2025-04-20 04:36:00,3,0
2025-01-15 06:00:00,2025-01-15 11:10:00,AA,LAX,JFK,3440,24.56,28.07,0.0,0.0,0.0807,-0.1237,61,LAX-JFK,310,6,0,0,0,0,0,3,2025-01-15 06:03:00,2025-01-15 11:12:00,2,0
2025-07-05 15:40:00,2025-07-05 17:12:00,UA,BOS,SFO,717,16.45,14.26,0.0,0.73,0.8602,0.9067,63,BOS-SFO,92,15,0,0,0,0,0,-1,2025-07-05 15:39:00,2025-07-05 17:08:00,-4,0
2025-10-11 03:20:00,2025-10-11 09:04:00,DL,BOS,JFK,3862,19.09,19.08,0.0,1.4,-0.501,-0.159,80,BOS-JFK,344,3,0,1,0,0,0,-8,2025-10-11 03:12:00,2025-10-11 09:05:00,1,0
2025-12-18 22:15:00,2025-12-19 00:24:00,DL,SFO,LAX,1179,12.01,11.55,0.0,1.22,-1.1563,0.8076,50,SFO-LAX,129,22,0,1,0,0,0,13,2025-12-18 22:28:00,2025-12-19 00:37:00,13,0
2025-06-28 07:15:00,2025-06-28 13:47:00,DL,JFK,LAX,4468,12.0,10.98,0.0,0.0,0.3253,0.9351,60,JFK-LAX,392,7,0,0,0,0,0,11,2025-06-28 07:26:00,2025-06-28 14:02:00,15,1
2025-11-16 19:30:00,2025-11-17 01:22:00,AA,SFO,JFK,3962,5.3,6.41,0.0,0.0,1.5568,-0.7778,8,SFO-JFK,352,19,1,0,0,0,1,44,2025-11-16 20:14:00,2025-11-17 02:03:00,41,1
2025-12-26 07:40:00,2025-12-26 11:13:00,AA,LAX,SFO,2229,6.03,4.36,0.0,0.0,-2.2745,0.8489,86,LAX-SFO,213,7,0,0,0,0,1,47,2025-12-26 08:27:00,2025-12-26 12:26:00,73,1
2025-11-10 18:10:00,2025-11-10 23:33:00,UA,SFO,JFK,3599,11.18,8.81,15.28,17.07,0.7334,0.4429,52,SFO-JFK,323,18,0,0,1,0,0,30,2025-11-10 18:40:00,2025-11-11 00:15:00,42,1
2025-06-19 10:30:00,2025-06-19 15:14:00,DL,ATL,JFK,3116,12.11,13.29,0.0,0.0,0.0348,-0.8098,73,ATL-JFK,284,10,0,0,0,0,0,2,2025-06-19 10:32:00,2025-06-19 15:15:00,1,0
2025-04-29 01:50:00,2025-04-29 07:09:00,DL,SFO,LAX,3549,14.22,11.02,1.19,0.0,-0.5341,0.4556,59,SFO-LAX,319,1,0,1,0,0,0,-3,2025-04-29 01:47:00,2025-04-29 07:10:00,1,0
2025-12-23 04:00:00,2025-12-23 05:05:00,WN,SFO,JFK,377,0.79,0.35,0.0,0.48,-0.6463,-0.0135,68,SFO-JFK,65,4,0,1,0,0,0,2,2025-12-23 04:02:00,2025-12-23 05:06:00,1,0
2025-03-30 16:50:00,2025-03-30 18:17:00,UA,ATL,BOS,652,2.46,4.29,12.88,12.7,0.903,-0.7205,44,ATL-BOS,87,16,1,0,1,0,0,31,2025-03-30 17:21:00,2025-03-30 19:07:00,50,1
2025-05-31 04:30:00,2025-05-31 10:33:00,B6,BOS,LAX,4101,14.19,12.0,1.17,0.0,0.6799,-0.5238,85,BOS-LAX,363,4,0,1,0,0,0,-9,2025-05-31 04:21:00,2025-05-31 10:29:00,-4,0
2025-01-28 06:15:00,2025-01-28 11:36:00,WN,JFK,LAX,3581,12.73,16.12,2.16,3.34,-1.0371,0.4168,3,JFK-LAX,321,6,0,0,0,0,0,9,2025-01-28 06:24:00,2025-01-28 11:38:00,2,0
2025-10-17 13:40:00,2025-10-17 18:06:00,B6,JFK,BOS,2886,8.09,6.21,0.24,0.0,0.3046,-0.3617,27,JFK-BOS,266,13,0,0,0,0,0,-1,2025-10-17 13:39:00,2025-10-17 18:11:00,5,0
2025-08-26 06:30:00,2025-08-26 09:14:00,WN,LAX,SFO,1611,14.34,17.07,0.92,1.42,1.3723,0.9039,20,LAX-SFO,164,6,0,0,0,0,0,6,2025-08-26 06:36:00,2025-08-26 09:08:00,-6,0
2025-01-31 03:45:00,2025-01-31 07:06:00,B6,LAX,ATL,2069,18.61,17.7,0.44,0.0,0.6974,0.6404,7,LAX-ATL,201,3,0,1,0,0,0,0,2025-01-31 03:45:00,2025-01-31 07:05:00,-1,0
2025-03-23 14:00:00,2025-03-23 17:11:00,WN,BOS,LAX,1950,36.69,33.45,0.78,0.28,-1.6679,0.108,45,BOS-LAX,191,14,1,0,0,0,0,3,2025-03-23 14:03:00,2025-03-23 17:05:00,-6,0
2025-07-22 16:00:00,2025-07-22 19:25:00,WN,LAX,SFO,2124,12.66,11.09,7.35,6.46,0.646,0.2516,4,LAX-SFO,205,16,0,0,0,0,1,10,2025-07-22 16:10:00,2025-07-22 19:39:00,14,0
2025-07-17 17:40:00,2025-07-17 22:10:00,DL,SFO,LAX,2938,7.84,8.71,0.0,0.0,-1.2474,0.8379,36,SFO-LAX,270,17,0,0,0,0,1,62,2025-07-17 18:42:00,2025-07-17 23:30:00,80,1
2025-10-20 22:15:00,2025-10-21 03:29:00,WN,JFK,LAX,3483,6.63,6.05,0.81,0.76,0.2181,-0.3589,18,JFK-LAX,314,22,0,1,0,0,0,10,2025-10-20 22:25:00,2025-10-21 03:30:00,1,0
2025-04-08 02:10:00,2025-04-08 05:18:00,UA,SFO,LAX,1911,3.51,3.71,1.83,0.0,-0.7477,0.6181,49,SFO-LAX,188,2,0,1,0,0,1,58,2025-04-08 03:08:00,2025-04-08 06:47:00,89,1
2025-12-04 10:20:00,2025-12-04 15:59:00,DL,LAX,ATL,3800,16.58,13.96,11.04,10.58,0.4025,-0.1024,46,LAX-ATL,339,10,0,0,0,0,0,6,2025-12-04 10:26:00,2025-12-04 15:56:00,-3,0
2025-06-12 05:40:00,2025-06-12 07:09:00,AA,SFO,ATL,679,13.53,15.19,0.02,0.0,-0.6697,0.7427,66,SFO-ATL,89,5,0,0,0,0,0,1,2025-06-12 05:41:00,2025-06-12 07:08:00,-1,0
2025-10-28 21:10:00,2025-10-29 02:40:00,B6,SFO,BOS,3693,6.02,3.32,0.08,3.76,-1.0464,-0.8696,0,SFO-BOS,330,21,0,1,0,0,1,19,2025-10-28 21:29:00,2025-10-29 03:05:00,25,1
2025-03-29 12:50:00,2025-03-29 17:36:00,DL,ATL,LAX,3141,14.58,15.23,0.0,0.2,0.3149,0.4358,16,ATL-LAX,286,12,0,0,0,0,0,23,2025-03-29 13:13:00,2025-03-29 17:50:00,14,0
2025-01-14 02:20:00,2025-01-14 06:11:00,DL,SFO,LAX,2444,11.18,11.93,0.0,0.14,0.1154,0.617,66,SFO-LAX,231,2,0,1,0,0,0,1,2025-01-14 02:21:00,2025-01-14 06:15:00,4,0
2025-01-21 16:10:00,2025-01-21 19:15:00,WN,ATL,BOS,1875,7.95,10.01,0.21,0.43,0.8216,0.2266,14,ATL-BOS,185,16,0,0,0,0,0,7,2025-01-21 16:17:00,2025-01-21 19:15:00,0,0
2025-05-17 01:00:00,2025-05-17 04:04:00,WN,SFO,LAX,1858,2.22,5.24,0.0,0.0,-0.5303,-0.413,95,SFO-LAX,184,1,0,1,0,0,1,15,2025-05-17 01:15:00,2025-05-17 04:22:00,18,1
2025-12-14 06:45:00,2025-12-14 09:45:00,WN,SFO,ATL,1813,13.47,12.72,7.54,8.45,-1.5139,-0.704,91,SFO-ATL,180,6,1,0,0,0,1,37,2025-12-14 07:22:00,2025-12-14 10:43:00,58,1
2025-01-18 17:00:00,2025-01-18 23:17:00,WN,BOS,LAX,4271,28.82,28.28,0.02,0.71,0.676,0.4782,42,BOS-LAX,377,17,0,0,0,0,0,6,2025-01-18 17:06:00,2025-01-18 23:24:00,7,0
2025-05-15 12:20:00,2025-05-15 13:28:00,B6,ATL,JFK,412,5.26,3.36,0.0,0.0,1.4469,-0.7437,73,ATL-JFK,68,12,0,0,0,0,0,16,2025-05-15 12:36:00,2025-05-15 13:50:00,22,1
2025-02-09 18:40:00,2025-02-09 23:12:00,B6,JFK,ATL,2963,12.67,14.16,0.0,2.4,-0.5778,0.6887,54,JFK-ATL,272,18,1,0,0,0,0,2,2025-02-09 18:42:00,2025-02-09 23:09:00,-3,0
2025-12-07 13:30:00,2025-12-07 20:01:00,UA,BOS,LAX,4454,16.67,14.77,2.57,2.27,0.4861,0.0022,54,BOS-LAX,391,13,1,0,0,0,0,8,2025-12-07 13:38:00,2025-12-07 20:09:00,8,0
2025-09-04 20:15:00,2025-09-05 00:17:00,AA,JFK,SFO,2583,1.3,0.69,5.72,4.37,-0.3117,-0.2359,95,JFK-SFO,242,20,0,1,0,0,1,26,2025-09-04 20:41:00,2025-09-05 00:55:00,38,1
2025-10-06 13:00:00,2025-10-06 17:34:00,AA,ATL,LAX,2984,8.07,5.27,0.0,0.31,1.9325,-0.5267,91,ATL-LAX,274,13,0,0,0,0,0,4,2025-10-06 13:04:00,2025-10-06 17:36:00,2,0
2025-09-18 01:40:00,2025-09-18 06:00:00,DL,ATL,SFO,2812,4.58,3.29,0.29,0.0,-0.5259,-0.9672,12,ATL-SFO,260,1,0,1,0,0,1,53,2025-09-18 02:33:00,2025-09-18 07:11:00,71,1
2025-08-28 01:20:00,2025-08-28 05:09:00,UA,JFK,SFO,2424,30.86,26.84,3.1,1.93,-0.0461,0.8106,31,JFK-SFO,229,1,0,1,0,0,0,10,2025-08-28 01:30:00,2025-08-28 05:13:00,4,0
2025-10-10 18:00:00,2025-10-10 22:31:00,UA,LAX,JFK,2945,1.05,3.15,0.46,0.0,-2.0221,0.2088,39,LAX-JFK,271,18,0,0,0,0,0,4,2025-10-10 18:04:00,2025-10-10 22:29:00,-2,0
2025-01-03 00:10:00,2025-01-03 06:13:00,WN,BOS,SFO,4094,6.37,9.63,5.09,4.89,1.5731,0.4018,35,BOS-SFO,363,0,0,1,0,0,1,50,2025-01-03 01:00:00,2025-01-03 07:11:00,58,1
2025-11-12 09:30:00,2025-11-12 14:29:00,WN,BOS,JFK,3294,11.61,13.86,6.04,4.19,-0.5344,0.9474,98,BOS-JFK,299,9,0,0,0,0,0,-2,2025-11-12 09:28:00,2025-11-12 14:21:00,-8,0
2025-09-28 00:10:00,2025-09-28 05:54:00,WN,ATL,LAX,3868,5.07,4.7,6.81,5.9,1.2985,-0.5626,79,ATL-LAX,344,0,1,1,0,1,0,16,2025-09-28 00:26:00,2025-09-28 06:31:00,37,1
2025-09-27 07:20:00,2025-09-27 11:25:00,WN,BOS,LAX,2623,0.16,0.15,11.77,10.78,-0.6701,-0.8746,14,BOS-LAX,245,7,0,0,0,0,0,1,2025-09-27 07:21:00,2025-09-27 11:23:00,-2,0
2025-05-24 14:00:00,2025-05-24 19:19:00,B6,BOS,JFK,3548,5.93,8.59,8.82,8.23,-0.0787,-0.0306,61,BOS-JFK,319,14,0,0,0,0,0,-3,2025-05-24 13:57:00,2025-05-24 19:22:00,3,0
2025-10-20 04:45:00,2025-10-20 10:38:00,AA,BOS,SFO,3976,7.11,7.14,7.43,7.49,-0.7814,-0.1579,88,BOS-SFO,353,4,0,1,0,0,0,9,2025-10-20 04:54:00,2025-10-20 10:36:00,-2,0
2025-05-20 11:40:00,2025-05-20 13:50:00,DL,BOS,SFO,1190,11.03,14.3,7.11,7.17,-0.9346,-0.8725,23,BOS-SFO,130,11,0,0,0,0,0,-10,2025-05-20 11:30:00,2025-05-20 13:45:00,-5,0
2025-01-18 23:45:00,2025-01-19 05:33:00,B6,BOS,LAX,3910,17.95,15.42,0.07,0.0,-0.2931,-0.0554,40,BOS-LAX,348,23,0,1,0,0,0,4,2025-01-18 23:49:00,2025-01-19 05:44:00,11,0
2025-11-28 01:00:00,2025-11-28 05:50:00,AA,LAX,JFK,3183,6.82,5.12,0.0,0.0,-0.1385,0.0828,61,LAX-JFK,290,1,0,1,0,0,0,-8,2025-11-28 00:52:00,2025-11-28 05:57:00,7,0
2025-03-27 01:20:00,2025-03-27 04:48:00,UA,BOS,SFO,2157,5.23,4.59,0.0,0.0,-0.3648,-0.7664,51,BOS-SFO,208,1,0,1,0,0,0,2,2025-03-27 01:22:00,2025-03-27 04:49:00,1,0
2025-02-07 06:15:00,2025-02-07 11:34:00,WN,LAX,JFK,3551,6.99,5.36,0.02,0.0,-1.5219,0.3905,75,LAX-JFK,319,6,0,0,0,0,0,-2,2025-02-07 06:13:00,2025-02-07 11:43:00,9,0
2025-08-15 19:30:00,2025-08-15 21:26:00,B6,LAX,BOS,1007,16.07,16.85,0.0,0.0,0.2837,-0.3086,82,LAX-BOS,116,19,0,0,0,0,0,4,2025-08-15 19:34:00,2025-08-15 21:32:00,6,0
2025-03-27 09:45:00,2025-03-27 14:39:00,B6,LAX,ATL,3233,11.86,8.79,0.0,0.88,-1.9568,0.1287,25,LAX-ATL,294,9,0,0,0,0,0,21,2025-03-27 10:06:00,2025-03-27 14:54:00,15,1
2025-11-10 15:10:00,2025-11-10 19:23:00,B6,JFK,BOS,2721,2.56,2.48,15.08,14.35,-0.3379,0.2742,98,JFK-BOS,253,15,0,0,1,0,0,3,2025-11-10 15:13:00,2025-11-10 19:29:00,6,0
2025-06-11 00:45:00,2025-06-11 06:42:00,AA,SFO,LAX,4030,19.84,22.65,0.0,0.09,-1.5805,-0.2836,38,SFO-LAX,357,0,0,1,0,0,1,33,2025-06-11 01:18:00,2025-06-11 07:21:00,39,1
2025-01-02 17:30:00,2025-01-02 21:58:00,B6,BOS,JFK,2907,7.3,8.16,3.91,3.88,0.9003,0.471,2,BOS-JFK,268,17,0,0,0,0,0,10,2025-01-02 17:40:00,2025-01-02 22:01:00,3,0
2025-12-14 01:45:00,2025-12-14 05:41:00,UA,SFO,JFK,2507,7.0,10.96,0.34,0.0,1.2321,0.3106,9,SFO-JFK,236,1,1,1,0,1,1,52,2025-12-14 02:37:00,2025-12-14 06:52:00,71,1
2025-07-07 17:00:00,2025-07-07 20:55:00,WN,BOS,SFO,2498,2.81,5.69,0.23,1.22,0.5919,-0.8848,34,BOS-SFO,235,17,0,0,0,0,1,4,2025-07-07 17:04:00,2025-07-07 21:20:00,25,1
2025-04-06 03:50:00,2025-04-06 07:55:00,DL,ATL,BOS,2630,12.96,12.44,6.37,5.69,-0.4762,-0.7317,39,ATL-BOS,245,3,1,1,0,1,0,37,2025-04-06 04:27:00,2025-04-06 08:36:00,41,1
2025-09-05 20:20:00,2025-09-06 02:18:00,WN,SFO,BOS,4040,6.25,7.67,0.85,0.0,-0.7415,-0.9103,29,SFO-BOS,358,20,0,1,0,0,0,5,2025-09-05 20:25:00,2025-09-06 02:29:00,11,0
2025-07-13 07:15:00,2025-07-13 12:38:00,AA,SFO,ATL,3597,23.88,23.18,2.14,0.0,-0.2537,0.7394,41,SFO-ATL,323,7,1,0,0,0,1,30,2025-07-13 07:45:00,2025-07-13 13:17:00,39,1
2025-01-11 04:10:00,2025-01-11 05:40:00,UA,ATL,BOS,690,11.64,12.37,0.36,0.18,-0.0548,-0.3016,46,ATL-BOS,90,4,0,1,0,0,0,1,2025-01-11 04:11:00,2025-01-11 05:31:00,-9,0
2025-10-05 08:50:00,2025-10-05 12:48:00,AA,JFK,LAX,2536,5.32,7.48,0.64,0.0,0.4826,0.0615,21,JFK-LAX,238,8,1,0,0,0,0,-4,2025-10-05 08:46:00,2025-10-05 12:51:00,3,0
2025-05-27 00:50:00,2025-05-27 03:26:00,UA,JFK,LAX,1507,13.39,11.43,0.2,0.0,0.3979,0.0566,15,JFK-LAX,156,0,0,1,0,0,0,0,2025-05-27 00:50:00,2025-05-27 03:36:00,10,0
2025-09-13 03:10:00,2025-09-13 05:04:00,B6,BOS,SFO,990,26.85,24.47,0.45,0.0,-2.0383,-0.054,4,BOS-SFO,114,3,0,1,0,0,0,17,2025-09-13 03:27:00,2025-09-13 05:06:00,2,0
2025-11-23 14:20:00,2025-11-23 20:10:00,UA,JFK,SFO,3936,3.47,4.4,0.0,1.1,0.6621,-0.2007,31,JFK-SFO,350,14,1,0,0,0,1,16,2025-11-23 14:36:00,2025-11-23 20:46:00,36,1
2025-08-11 07:40:00,2025-08-11 13:27:00,AA,LAX,BOS,3901,14.74,12.65,0.0,0.0,0.3856,-0.3092,62,LAX-BOS,347,7,0,0,0,0,0,5,2025-08-11 07:45:00,2025-08-11 13:35:00,8,0
2025-09-03 08:30:00,2025-09-03 14:45:00,UA,JFK,SFO,4245,2.27,1.44,5.59,8.8,-0.7818,-0.4817,61,JFK-SFO,375,8,0,0,0,0,1,53,2025-09-03 09:23:00,2025-09-03 15:46:00,61,1
2025-04-03 19:10:00,2025-04-03 22:21:00,DL,JFK,BOS,1954,22.79,25.52,0.0,0.0,-0.9675,-0.527,1,JFK-BOS,191,19,0,0,0,0,0,-4,2025-04-03 19:06:00,2025-04-03 22:16:00,-5,0
2025-03-28 02:15:00,2025-03-28 05:37:00,DL,SFO,ATL,2088,7.52,5.16,15.59,14.97,0.0616,0.2919,80,SFO-ATL,202,2,0,1,1,0,1,66,2025-03-28 03:21:00,2025-03-28 07:02:00,85,1
2025-06-01 09:15:00,2025-06-01 14:35:00,UA,BOS,LAX,3567,4.49,8.74,0.18,0.0,0.1801,0.4052,79,BOS-LAX,320,9,1,0,0,0,0,10,2025-06-01 09:25:00,2025-06-01 14:44:00,9,0
2025-11-08 04:15:00,2025-11-08 06:19:00,DL,LAX,BOS,1109,25.19,25.85,0.0,0.0,-1.102,-0.5128,96,LAX-BOS,124,4,0,1,0,0,0,10,2025-11-08 04:25:00,2025-11-08 06:04:00,-15,0
2025-07-11 11:50:00,2025-07-11 13:07:00,DL,BOS,SFO,528,8.97,8.84,5.19,5.69,0.0583,-0.7265,39,BOS-SFO,77,11,0,0,0,0,0,23,2025-07-11 12:13:00,2025-07-11 13:23:00,16,1
2025-05-08 07:10:00,2025-05-08 10:30:00,AA,SFO,BOS,2065,7.43,10.01,0.25,0.58,0.1845,0.5439,25,SFO-BOS,200,7,0,0,0,0,1,20,2025-05-08 07:30:00,2025-05-08 11:01:00,31,1
2025-10-12 01:40:00,2025-10-12 06:10:00,WN,BOS,SFO,2942,8.77,6.12,0.0,0.56,0.858,-0.8524,45,BOS-SFO,270,1,1,1,0,1,0,-10,2025-10-12 01:30:00,2025-10-12 06:01:00,-9,0
2025-11-08 01:50:00,2025-11-08 05:22:00,WN,SFO,LAX,2215,6.78,6.59,0.33,0.55,-0.111,0.1033,97,SFO-LAX,212,1,0,1,0,0,1,-4,2025-11-08 01:46:00,2025-11-08 05:38:00,16,1
2025-11-26 20:45:00,2025-11-26 22:55:00,B6,LAX,ATL,1187,1.98,1.92,3.43,1.24,-2.028,-0.0285,50,LAX-ATL,130,20,0,1,0,0,0,1,2025-11-26 20:46:00,2025-11-26 22:51:00,-4,0
2025-04-20 01:45:00,2025-04-20 05:39:00,UA,BOS,LAX,2482,12.84,13.27,1.47,0.44,0.252,0.3927,30,BOS-LAX,234,1,1,1,0,1,0,56,2025-04-20 02:41:00,2025-04-20 07:13:00,94,1
2025-09-17 18:10:00,2025-09-18 00:26:00,AA,LAX,BOS,4259,2.19,1.55,0.0,0.0,-1.6907,0.5925,25,LAX-BOS,376,18,0,0,0,0,0,24,2025-09-17 18:34:00,2025-09-18 01:07:00,41,1
2025-08-04 21:10:00,2025-08-04 23:41:00,DL,BOS,JFK,1452,16.94,17.91,16.27,14.57,-0.85,0.8441,92,BOS-JFK,151,21,0,1,1,0,0,26,2025-08-04 21:36:00,2025-08-05 00:12:00,31,1
2025-06-13 11:45:00,2025-06-13 14:58:00,B6,BOS,ATL,1980,5.56,2.09,0.0,3.46,-1.3508,-0.4524,32,BOS-ATL,193,11,0,0,0,0,0,-10,2025-06-13 11:35:00,2025-06-13 14:59:00,1,0
2025-05-25 07:40:00,2025-05-25 10:24:00,WN,BOS,JFK,1613,12.08,8.37,20.95,17.85,0.4939,-0.9231,74,BOS-JFK,164,7,1,0,1,0,0,6,2025-05-25 07:46:00,2025-05-25 10:37:00,13,0
2025-02-11 18:40:00,2025-02-11 21:18:00,UA,LAX,ATL,1532,6.44,4.23,0.0,0.0,-1.0862,0.1387,48,LAX-ATL,158,18,0,0,0,0,0,-2,2025-02-11 18:38:00,2025-02-11 21:35:00,17,1
2025-04-11 23:20:00,2025-04-12 03:59:00,B6,BOS,ATL,3053,6.58,10.12,0.45,0.0,0.9993,-0.234,41,BOS-ATL,279,23,0,1,0,0,0,-10,2025-04-11 23:10:00,2025-04-12 04:00:00,1,0
2025-07-20 02:30:00,2025-07-20 05:35:00,DL,JFK,BOS,1873,6.14,9.03,7.21,6.93,-1.1579,-0.1118,16,JFK-BOS,185,2,1,1,0,1,0,29,2025-07-20 02:59:00,2025-07-20 06:10:00,35,1
2025-11-20 23:00:00,2025-11-21 03:28:00,AA,JFK,LAX,2911,13.47,13.44,25.82,23.76,-2.0135,0.6815,97,JFK-LAX,268,23,0,1,1,0,0,21,2025-11-20 23:21:00,2025-11-21 03:56:00,28,1
2025-11-13 22:15:00,2025-11-13 23:21:00,WN,ATL,JFK,382,23.59,24.49,32.52,31.8,-0.3479,-0.278,30,ATL-JFK,66,22,0,1,1,0,0,33,2025-11-13 22:48:00,2025-11-14 00:30:00,69,1
2025-03-10 03:30:00,2025-03-10 08:11:00,B6,BOS,SFO,3080,5.7,8.01,0.0,0.0,-1.3279,0.0787,2,BOS-SFO,281,3,0,1,0,0,0,10,2025-03-10 03:40:00,2025-03-10 08:20:00,9,0
2025-09-05 01:10:00,2025-09-05 02:44:00,AA,BOS,JFK,743,1.52,3.48,6.22,6.74,1.3166,-0.7287,69,BOS-JFK,94,1,0,1,0,0,0,-7,2025-09-05 01:03:00,2025-09-05 03:03:00,19,1
2025-01-31 17:10:00,2025-01-31 20:16:00,AA,BOS,LAX,1884,20.78,21.91,1.49,0.16,-0.6795,0.5852,78,BOS-LAX,186,17,0,0,0,0,0,-5,2025-01-31 17:05:00,2025-01-31 20:05:00,-11,0
2025-09-04 01:00:00,2025-09-04 06:52:00,WN,SFO,JFK,3964,13.25,18.01,0.07,0.0,1.1542,-0.0203,93,SFO-JFK,352,1,0,1,0,0,1,17,2025-09-04 01:17:00,2025-09-04 07:05:00,13,0
2025-05-05 14:10:00,2025-05-05 17:02:00,WN,BOS,LAX,1713,2.4,4.13,5.5,4.86,-0.3059,-0.3479,67,BOS-LAX,172,14,0,0,0,0,0,-4,2025-05-05 14:06:00,2025-05-05 17:10:00,8,0
2025-06-14 01:50:00,2025-06-14 06:43:00,AA,JFK,SFO,3231,4.03,4.61,0.0,1.58,0.3562,-0.1257,16,JFK-SFO,293,1,0,1,0,0,1,23,2025-06-14 02:13:00,2025-06-14 07:15:00,32,1
2025-09-19 16:40:00,2025-09-19 19:37:00,B6,LAX,ATL,1776,11.96,14.01,0.0,0.58,-0.5294,-0.5202,9,LAX-ATL,177,16,0,0,0,0,0,4,2025-09-19 16:44:00,2025-09-19 19:31:00,-6,0
2025-06-05 05:50:00,2025-06-05 11:52:00,B6,LAX,JFK,4089,12.02,9.77,17.47,18.14,2.3771,0.1249,7,LAX-JFK,362,5,0,0,1,0,0,2,2025-06-05 05:52:00,2025-06-05 12:02:00,10,0
2025-10-22 02:15:00,2025-10-22 08:34:00,DL,LAX,BOS,4294,28.5,28.39,0.65,0.42,-1.1488,-0.5489,28,LAX-BOS,379,2,0,1,0,0,0,-3,2025-10-22 02:12:00,2025-10-22 08:35:00,1,0
2025-07-14 01:30:00,2025-07-14 07:34:00,B6,JFK,SFO,4117,15.28,10.79,0.52,0.04,-3.0522,-0.2827,69,JFK-SFO,364,1,0,1,0,0,0,-5,2025-07-14 01:25:00,2025-07-14 07:37:00,3,0
2025-12-31 04:50:00,2025-12-31 08:02:00,B6,SFO,ATL,1960,5.02,5.88,15.46,15.16,0.2602,-0.8267,44,SFO-ATL,192,4,1,1,1,1,0,63,2025-12-31 05:53:00,2025-12-31 09:30:00,88,1
2025-08-21 12:15:00,2025-08-21 15:01:00,UA,SFO,ATL,1633,5.38,4.6,0.0,0.0,-1.0249,-0.3996,23,SFO-ATL,166,12,0,0,0,0,1,25,2025-08-21 12:40:00,2025-08-21 15:47:00,46,1
2025-04-19 01:40:00,2025-04-19 06:03:00,WN,BOS,ATL,2845,11.12,9.72,0.38,2.21,0.2043,-0.2366,24,BOS-ATL,263,1,0,1,0,0,0,11,2025-04-19 01:51:00,2025-04-19 06:27:00,24,1
2025-10-10 19:40:00,2025-10-11 01:13:00,UA,ATL,LAX,3730,1.07,1.19,0.01,0.19,-0.0693,0.5563,63,ATL-LAX,333,19,0,0,0,0,0,-5,2025-10-10 19:35:00,2025-10-11 01:16:00,3,0
2025-05-29 14:45:00,2025-05-29 18:40:00,B6,BOS,ATL,2495,4.08,3.49,2.01,6.55,-0.5294,0.2971,93,BOS-ATL,235,14,0,0,0,0,0,18,2025-05-29 15:03:00,2025-05-29 18:36:00,-4,0
2025-07-14 07:50:00,2025-07-14 12:57:00,AA,SFO,LAX,3399,1.61,2.27,0.32,2.22,-0.4069,-0.7639,30,SFO-LAX,307,7,0,0,0,0,1,72,2025-07-14 09:02:00,2025-07-14 14:30:00,93,1
2025-02-19 23:30:00,2025-02-20 05:23:00,AA,SFO,ATL,3980,4.9,9.15,5.02,3.61,0.4092,0.204,15,SFO-ATL,353,23,0,1,0,0,1,30,2025-02-20 00:00:00,2025-02-20 06:04:00,41,1
2025-02-13 15:30:00,2025-02-13 20:42:00,DL,LAX,ATL,3458,7.31,10.49,1.1,0.24,-0.3613,-0.1148,19,LAX-ATL,312,15,0,0,0,0,0,2,2025-02-13 15:32:00,2025-02-13 20:43:00,1,0
2025-07-29 16:45:00,2025-07-29 19:48:00,AA,LAX,SFO,1850,13.57,13.16,7.59,7.98,-0.1528,-0.1686,55,LAX-SFO,183,16,0,0,0,0,0,35,2025-07-29 17:20:00,2025-07-29 20:27:00,39,1
2025-03-10 04:40:00,2025-03-10 07:03:00,AA,BOS,SFO,1349,21.81,23.12,0.58,0.93,-0.4978,-0.7919,83,BOS-SFO,143,4,0,1,0,0,0,23,2025-03-10 05:03:00,2025-03-10 07:46:00,43,1
2025-12-31 17:15:00,2025-12-31 20:40:00,WN,JFK,BOS,2123,20.47,21.08,0.38,0.13,1.6284,0.1693,54,JFK-BOS,205,17,1,0,0,0,0,-5,2025-12-31 17:10:00,2025-12-31 20:43:00,3,0
2025-11-09 13:40:00,2025-11-09 17:52:00,UA,ATL,LAX,2715,17.28,18.11,3.33,5.07,1.3096,-0.6507,96,ATL-LAX,252,13,1,0,0,0,0,8,2025-11-09 13:48:00,2025-11-09 17:50:00,-2,0
2025-09-13 23:30:00,2025-09-14 05:12:00,UA,JFK,LAX,3839,6.3,5.36,6.64,5.5,-1.4724,-0.4416,53,JFK-LAX,342,23,0,1,0,0,0,13,2025-09-13 23:43:00,2025-09-14 05:07:00,-5,0
2025-09-26 11:10:00,2025-09-26 13:50:00,WN,ATL,JFK,1562,3.18,8.99,0.0,0.0,0.0025,0.639,32,ATL-JFK,160,11,0,0,0,0,0,20,2025-09-26 11:30:00,2025-09-26 14:27:00,37,1
2025-08-06 16:30:00,2025-08-06 18:23:00,B6,ATL,SFO,976,11.06,13.72,8.67,8.64,-0.8146,-0.8853,13,ATL-SFO,113,16,0,0,0,0,0,8,2025-08-06 16:38:00,2025-08-06 18:32:00,9,0
2025-01-23 08:30:00,2025-01-23 11:15:00,DL,SFO,ATL,1625,13.58,11.06,5.99,5.26,-1.2452,0.5593,6,SFO-ATL,165,8,0,0,0,0,1,36,2025-01-23 09:06:00,2025-01-23 12:04:00,49,1
2025-05-24 00:50:00,2025-05-24 05:09:00,UA,SFO,JFK,2796,5.26,4.47,0.0,0.0,-3.1984,-0.2206,49,SFO-JFK,259,0,0,1,0,0,1,21,2025-05-24 01:11:00,2025-05-24 05:39:00,30,1
2025-06-30 03:30:00,2025-06-30 05:47:00,WN,LAX,ATL,1274,7.77,7.94,0.15,0.88,-0.3255,-0.4309,50,LAX-ATL,137,3,0,1,0,0,0,3,2025-06-30 03:33:00,2025-06-30 05:44:00,-3,0
2025-12-01 20:10:00,2025-12-01 23:23:00,AA,LAX,JFK,1979,6.44,4.87,3.99,3.62,-0.2487,0.0089,92,LAX-JFK,193,20,0,1,0,0,0,-1,2025-12-01 20:09:00,2025-12-01 23:18:00,-5,0
2025-03-22 17:50:00,2025-03-22 20:15:00,UA,BOS,ATL,1378,1.29,0.49,1.07,0.0,1.3559,-0.4686,3,BOS-ATL,145,17,0,0,0,0,0,-10,2025-03-22 17:40:00,2025-03-22 20:18:00,3,0
2025-07-01 08:30:00,2025-07-01 15:00:00,UA,JFK,LAX,4440,11.49,12.09,3.25,5.28,1.0474,0.6861,20,JFK-LAX,390,8,0,0,0,0,0,-1,2025-07-01 08:29:00,2025-07-01 14:51:00,-9,0
2025-05-06 16:15:00,2025-05-06 20:06:00,DL,LAX,BOS,2452,16.87,15.85,0.0,1.22,0.4918,-0.9104,20,LAX-BOS,231,16,0,0,0,0,0,7,2025-05-06 16:22:00,2025-05-06 20:09:00,3,0
2025-02-19 00:45:00,2025-02-19 05:46:00,WN,JFK,ATL,3329,28.68,26.1,0.0,0.0,0.7379,0.3415,7,JFK-ATL,301,0,0,1,0,0,0,11,2025-02-19 00:56:00,2025-02-19 05:58:00,12,0
2025-02-07 00:20:00,2025-02-07 04:14:00,DL,BOS,JFK,2485,8.95,9.44,4.22,3.28,0.8517,0.6116,10,BOS-JFK,234,0,0,1,0,0,0,1,2025-02-07 00:21:00,2025-02-07 04:20:00,6,0
2025-05-14 12:15:00,2025-05-14 13:18:00,DL,BOS,JFK,344,0.0,1.28,0.0,0.0,0.4876,-0.5708,94,BOS-JFK,63,12,0,0,0,0,0,7,2025-05-14 12:22:00,2025-05-14 13:13:00,-5,0
2025-01-31 14:45:00,2025-01-31 17:13:00,WN,SFO,LAX,1408,30.91,29.18,0.0,1.11,1.3848,0.542,2,SFO-LAX,148,14,0,0,0,0,0,14,2025-01-31 14:59:00,2025-01-31 17:35:00,22,1
2025-01-25 22:45:00,2025-01-26 04:26:00,UA,BOS,JFK,3825,33.73,32.72,0.17,1.17,-1.2696,-0.0979,92,BOS-JFK,341,22,0,1,0,0,0,3,2025-01-25 22:48:00,2025-01-26 04:19:00,-7,0
2025-05-09 18:30:00,2025-05-09 22:21:00,AA,SFO,JFK,2447,44.68,43.49,0.0,0.34,-0.4874,0.978,71,SFO-JFK,231,18,0,0,0,0,0,7,2025-05-09 18:37:00,2025-05-09 22:38:00,17,1
2025-03-15 06:15:00,2025-03-15 11:10:00,WN,LAX,SFO,3253,36.2,36.27,5.55,5.52,-0.6286,-0.2464,55,LAX-SFO,295,6,0,0,0,0,0,8,2025-03-15 06:23:00,2025-03-15 11:27:00,17,1
2025-07-22 19:45:00,2025-07-23 01:00:00,DL,SFO,JFK,3499,12.65,9.39,0.0,0.0,-0.5515,-0.3561,14,SFO-JFK,315,19,0,0,0,0,1,47,2025-07-22 20:32:00,2025-07-23 02:09:00,69,1
2025-01-07 11:10:00,2025-01-07 15:17:00,WN,JFK,SFO,2656,12.39,8.43,1.2,0.47,-0.1516,0.7859,88,JFK-SFO,247,11,0,0,0,0,0,14,2025-01-07 11:24:00,2025-01-07 15:38:00,21,1
2025-04-21 19:40:00,2025-04-21 23:53:00,UA,BOS,SFO,2725,17.21,16.33,0.0,0.79,1.6326,0.3193,81,BOS-SFO,253,19,0,0,0,0,1,37,2025-04-21 20:17:00,2025-04-22 00:53:00,60,1
2025-06-15 04:30:00,2025-06-15 06:48:00,DL,ATL,SFO,1291,0.88,4.08,0.0,0.17,0.8953,0.5437,97,ATL-SFO,138,4,1,1,0,1,0,7,2025-06-15 04:37:00,2025-06-15 07:04:00,16,1
2025-12-18 00:45:00,2025-12-18 03:08:00,AA,JFK,SFO,1347,6.71,4.36,0.13,0.2,1.2231,-0.1683,26,JFK-SFO,143,0,0,1,0,0,0,-10,2025-12-18 00:35:00,2025-12-18 03:06:00,-2,0
2025-08-20 01:20:00,2025-08-20 03:09:00,DL,BOS,LAX,927,9.39,9.9,9.45,8.75,-0.0779,-0.0154,17,BOS-LAX,109,1,0,1,0,0,0,8,2025-08-20 01:28:00,2025-08-20 03:34:00,25,1
2025-11-18 23:45:00,2025-11-19 02:24:00,WN,ATL,JFK,1549,18.61,20.03,0.0,1.17,-0.1232,0.9646,49,ATL-JFK,159,23,0,1,0,0,0,-1,2025-11-18 23:44:00,2025-11-19 02:22:00,-2,0
2025-05-06 01:00:00,2025-05-06 05:30:00,WN,SFO,JFK,2939,22.1,18.07,10.28,8.06,0.5784,0.0805,21,SFO-JFK,270,1,0,1,0,0,1,21,2025-05-06 01:21:00,2025-05-06 06:04:00,34,1
2025-06-14 22:45:00,2025-06-15 04:56:00,B6,SFO,BOS,4199,9.8,9.52,5.7,5.03,0.4321,0.4933,11,SFO-BOS,371,22,0,1,0,0,0,6,2025-06-14 22:51:00,2025-06-15 05:01:00,5,0
2025-06-03 17:00:00,2025-06-03 20:27:00,DL,BOS,SFO,2147,4.98,5.3,10.3,10.52,0.4314,0.9589,53,BOS-SFO,207,17,0,0,0,0,0,9,2025-06-03 17:09:00,2025-06-03 20:24:00,-3,0
2025-11-20 03:40:00,2025-11-20 08:01:00,B6,LAX,JFK,2828,15.69,13.85,0.05,1.14,2.3184,0.4531,7,LAX-JFK,261,3,0,1,0,0,0,-3,2025-11-20 03:37:00,2025-11-20 07:58:00,-3,0
2025-12-17 20:10:00,2025-12-18 01:58:00,WN,JFK,SFO,3918,3.59,6.48,0.35,1.05,0.5859,0.4293,70,JFK-SFO,348,20,0,1,0,0,1,-9,2025-12-17 20:01:00,2025-12-18 01:54:00,-4,0
2025-12-18 03:50:00,2025-12-18 08:37:00,DL,JFK,LAX,3144,5.37,5.49,0.0,1.14,-0.7871,-0.7687,16,JFK-LAX,287,3,0,1,0,0,0,17,2025-12-18 04:07:00,2025-12-18 08:47:00,10,0
2025-10-02 03:45:00,2025-10-02 06:12:00,DL,LAX,JFK,1401,11.79,8.66,0.13,0.0,-0.7039,-0.5765,81,LAX-JFK,147,3,0,1,0,0,0,5,2025-10-02 03:50:00,2025-10-02 06:15:00,3,0
2025-07-03 13:00:00,2025-07-03 15:33:00,UA,JFK,BOS,1480,4.68,2.99,4.6,6.06,0.8419,0.564,74,JFK-BOS,153,13,0,0,0,0,0,-4,2025-07-03 12:56:00,2025-07-03 15:31:00,-2,0
2025-07-17 06:50:00,2025-07-17 11:23:00,WN,SFO,ATL,2977,3.59,6.86,3.06,3.42,0.7638,0.9655,49,SFO-ATL,273,6,0,0,0,0,1,-2,2025-07-17 06:48:00,2025-07-17 11:39:00,16,1
2025-12-24 06:15:00,2025-12-24 08:51:00,UA,ATL,LAX,1508,17.0,18.3,6.81,7.19,0.9787,-0.1325,76,ATL-LAX,156,6,1,0,0,0,0,20,2025-12-24 06:35:00,2025-12-24 08:56:00,5,0
2025-04-14 04:30:00,2025-04-14 06:53:00,AA,LAX,SFO,1345,17.36,16.65,0.13,0.0,0.5209,0.523,2,LAX-SFO,143,4,0,1,0,0,0,7,2025-04-14 04:37:00,2025-04-14 07:06:00,13,0
2025-05-07 14:00:00,2025-05-07 18:18:00,WN,SFO,JFK,2786,3.65,7.27,0.0,0.76,-1.0401,-0.9778,98,SFO-JFK,258,14,0,0,0,0,1,18,2025-05-07 14:18:00,2025-05-07 18:41:00,23,1
2025-11-24 00:00:00,2025-11-24 04:33:00,UA,SFO,JFK,2972,13.94,12.77,13.42,12.84,1.5367,-0.7517,7,SFO-JFK,273,0,0,1,1,0,1,32,2025-11-24 00:32:00,2025-11-24 05:33:00,60,1
2025-05-22 05:10:00,2025-05-22 07:34:00,AA,ATL,JFK,1363,1.01,7.13,4.31,3.56,1.3429,-0.8426,75,ATL-JFK,144,5,0,0,0,0,0,10,2025-05-22 05:20:00,2025-05-22 08:01:00,27,1
2025-03-27 13:30:00,2025-03-27 14:45:00,AA,ATL,LAX,503,15.07,17.15,26.1,26.79,-0.3856,-0.7878,83,ATL-LAX,75,13,0,0,1,0,0,43,2025-03-27 14:13:00,2025-03-27 15:38:00,53,1
2025-07-24 11:30:00,2025-07-24 16:47:00,UA,LAX,JFK,3526,6.74,5.94,5.61,3.09,0.3665,-0.8846,58,LAX-JFK,317,11,0,0,0,0,0,-3,2025-07-24 11:27:00,2025-07-24 16:41:00,-6,0
2025-04-29 16:45:00,2025-04-29 19:56:00,UA,SFO,BOS,1945,8.71,8.94,0.0,0.36,0.1858,-0.9505,56,SFO-BOS,191,16,0,0,0,0,1,7,2025-04-29 16:52:00,2025-04-29 20:13:00,17,1
2025-11-22 05:10:00,2025-11-22 09:42:00,AA,SFO,ATL,2958,8.2,9.99,0.0,0.64,-0.3715,0.3413,30,SFO-ATL,272,5,0,0,0,0,0,0,2025-11-22 05:10:00,2025-11-22 09:27:00,-15,0
2025-11-28 15:40:00,2025-11-28 17:37:00,WN,SFO,LAX,1025,7.53,4.29,12.72,12.21,-1.1592,-0.1203,5,SFO-LAX,117,15,0,0,1,0,0,47,2025-11-28 16:27:00,2025-11-28 18:49:00,72,1
2025-04-22 18:00:00,2025-04-22 20:45:00,WN,ATL,LAX,1620,5.77,6.45,1.74,3.93,0.5745,0.0843,63,ATL-LAX,165,18,0,0,0,0,0,9,2025-04-22 18:09:00,2025-04-22 20:47:00,2,0
2025-07-13 09:15:00,2025-07-13 13:38:00,UA,JFK,ATL,2844,25.59,26.64,0.0,0.85,-1.492,-0.3185,69,JFK-ATL,263,9,1,0,0,0,0,12,2025-07-13 09:27:00,2025-07-13 13:58:00,20,1
2025-12-26 06:10:00,2025-12-26 07:51:00,AA,LAX,JFK,821,8.41,5.66,0.0,0.0,-0.5954,-0.1979,42,LAX-JFK,101,6,0,0,0,0,0,4,2025-12-26 06:14:00,2025-12-26 07:51:00,0,0
2025-09-28 13:00:00,2025-09-28 15:45:00,AA,LAX,JFK,1630,11.5,13.19,0.0,0.04,1.7118,-0.6805,63,LAX-JFK,165,13,1,0,0,0,0,-2,2025-09-28 12:58:00,2025-09-28 15:49:00,4,0
2025-03-20 13:30:00,2025-03-20 18:31:00,AA,LAX,ATL,3319,12.36,12.73,0.82,0.0,0.4163,0.2845,33,LAX-ATL,301,13,0,0,0,0,0,-7,2025-03-20 13:23:00,2025-03-20 18:28:00,-3,0
2025-08-04 02:50:00,2025-08-04 08:08:00,B6,BOS,LAX,3540,23.6,19.99,0.0,0.0,0.3832,-0.7332,42,BOS-LAX,318,2,0,1,0,0,0,-6,2025-08-04 02:44:00,2025-08-04 08:09:00,1,0
2025-08-15 13:40:00,2025-08-15 16:38:00,DL,JFK,BOS,1782,16.49,17.06,0.0,1.15,-0.2945,0.7624,31,JFK-BOS,178,13,0,0,0,0,0,-5,2025-08-15 13:35:00,2025-08-15 16:39:00,1,0
2025-08-27 03:45:00,2025-08-27 05:22:00,AA,JFK,SFO,781,1.81,5.79,3.03,3.06,-1.5614,-0.4351,85,JFK-SFO,97,3,0,1,0,0,0,12,2025-08-27 03:57:00,2025-08-27 05:05:00,-17,0
2025-01-10 13:30:00,2025-01-10 14:38:00,DL,SFO,ATL,409,24.82,25.79,1.13,0.0,0.4143,-0.4779,72,SFO-ATL,68,13,0,0,0,0,0,-3,2025-01-10 13:27:00,2025-01-10 14:40:00,2,0
2025-04-20 22:00:00,2025-04-21 02:06:00,WN,BOS,SFO,2636,27.83,28.79,0.18,0.22,0.4989,-0.606,29,BOS-SFO,246,22,1,1,0,1,1,58,2025-04-20 22:58:00,2025-04-21 03:42:00,96,1
2025-11-08 12:15:00,2025-11-08 17:07:00,DL,BOS,ATL,3213,5.6,5.69,0.71,0.0,0.7942,-0.7852,57,BOS-ATL,292,12,0,0,0,0,0,5,2025-11-08 12:20:00,2025-11-08 17:05:00,-2,0
2025-03-30 18:45:00,2025-03-30 23:03:00,WN,ATL,LAX,2793,6.68,7.65,0.0,0.0,-0.3926,-0.4982,75,ATL-LAX,258,18,1,0,0,0,0,22,2025-03-30 19:07:00,2025-03-30 23:29:00,26,1
2025-04-20 07:00:00,2025-04-20 10:15:00,AA,ATL,LAX,2001,9.89,9.73,0.04,1.54,-0.4087,0.9953,9,ATL-LAX,195,7,1,0,0,0,0,-8,2025-04-20 06:52:00,2025-04-20 10:09:00,-6,0
2025-04-28 22:00:00,2025-04-28 23:06:00,B6,SFO,JFK,392,7.0,6.29,0.01,2.55,0.5681,-0.9517,33,SFO-JFK,66,22,0,1,0,0,0,6,2025-04-28 22:06:00,2025-04-28 23:17:00,11,0
2025-03-06 19:45:00,2025-03-06 22:00:00,UA,SFO,BOS,1250,14.41,7.82,25.46,27.02,-1.2578,-0.014,49,SFO-BOS,135,19,0,0,1,0,0,-2,2025-03-06 19:43:00,2025-03-06 22:24:00,24,1
2025-02-26 22:00:00,2025-02-26 23:11:00,B6,BOS,ATL,451,7.44,7.16,0.68,0.28,0.8131,-0.2912,55,BOS-ATL,71,22,0,1,0,0,0,8,2025-02-26 22:08:00,2025-02-26 23:17:00,6,0
2025-05-07 17:50:00,2025-05-07 21:24:00,WN,LAX,BOS,2241,7.54,7.52,0.24,1.46,-0.1603,0.5565,22,LAX-BOS,214,17,0,0,0,0,0,5,2025-05-07 17:55:00,2025-05-07 21:09:00,-15,0
2025-11-16 15:45:00,2025-11-16 18:28:00,AA,JFK,LAX,1594,14.7,15.16,0.0,1.02,0.293,0.2306,99,JFK-LAX,163,15,1,0,0,0,0,16,2025-11-16 16:01:00,2025-11-16 18:45:00,17,1
2025-01-01 12:40:00,2025-01-01 14:03:00,WN,SFO,LAX,598,2.53,2.64,1.2,1.64,2.3077,-0.9402,19,SFO-LAX,83,12,1,0,0,0,0,15,2025-01-01 12:55:00,2025-01-01 14:04:00,1,0
2025-04-14 22:30:00,2025-04-15 02:54:00,B6,BOS,ATL,2858,10.76,13.42,0.0,0.0,-0.2719,-0.8394,61,BOS-ATL,264,22,0,1,0,0,0,3,2025-04-14 22:33:00,2025-04-15 02:43:00,-11,0
2025-01-23 20:00:00,2025-01-23 23:03:00,UA,SFO,ATL,1855,13.6,13.34,0.16,1.82,0.1393,0.3161,24,SFO-ATL,183,20,0,1,0,0,0,1,2025-01-23 20:01:00,2025-01-23 22:56:00,-7,0
2025-07-24 10:20:00,2025-07-24 16:42:00,AA,BOS,JFK,4343,23.29,22.52,18.71,17.37,0.03,0.3802,56,BOS-JFK,382,10,0,0,1,0,0,35,2025-07-24 10:55:00,2025-07-24 17:34:00,52,1
2025-04-02 02:45:00,2025-04-02 06:04:00,UA,LAX,JFK,2053,10.59,6.67,5.17,6.34,-1.9789,0.275,78,LAX-JFK,199,2,0,1,0,0,0,-4,2025-04-02 02:41:00,2025-04-02 05:57:00,-7,0
2025-10-17 00:50:00,2025-10-17 02:19:00,UA,BOS,SFO,681,1.01,0.0,0.0,0.76,0.6115,0.3105,57,BOS-SFO,89,0,0,1,0,0,0,19,2025-10-17 01:09:00,2025-10-17 02:25:00,6,0
2025-08-02 05:20:00,2025-08-02 10:16:00,WN,LAX,JFK,3261,11.74,8.55,0.94,1.86,-2.3378,0.6709,39,LAX-JFK,296,5,0,0,0,0,0,13,2025-08-02 05:33:00,2025-08-02 10:07:00,-9,0
2025-10-14 01:45:00,2025-10-14 06:40:00,AA,BOS,JFK,3253,1.69,2.99,2.2,2.91,0.7575,-0.2347,69,BOS-JFK,295,1,0,1,0,0,0,21,2025-10-14 02:06:00,2025-10-14 07:19:00,39,1
2025-08-20 05:45:00,2025-08-20 11:56:00,WN,SFO,JFK,4202,13.62,12.37,5.53,5.05,-0.6916,-0.3629,63,SFO-JFK,371,5,0,0,0,0,0,-8,2025-08-20 05:37:00,2025-08-20 11:47:00,-9,0
2025-06-10 02:00:00,2025-06-10 06:52:00,DL,LAX,JFK,3209,20.69,19.81,4.35,5.39,-0.7382,0.6415,80,LAX-JFK,292,2,0,1,0,0,0,16,2025-06-10 02:16:00,2025-06-10 07:16:00,24,1
2025-11-11 23:30:00,2025-11-12 02:31:00,DL,BOS,JFK,1819,10.18,8.31,16.62,15.73,-0.0384,-0.333,57,BOS-JFK,181,23,0,1,1,0,0,13,2025-11-11 23:43:00,2025-11-12 02:52:00,21,1
2025-06-23 02:30:00,2025-06-23 07:14:00,WN,SFO,LAX,3111,7.95,7.16,0.15,0.0,-1.3258,0.9177,79,SFO-LAX,284,2,0,1,0,0,0,10,2025-06-23 02:40:00,2025-06-23 07:28:00,14,0
2025-12-13 15:30:00,2025-12-13 20:57:00,UA,LAX,ATL,3652,15.5,18.1,11.18,9.96,-0.112,0.4412,58,LAX-ATL,327,15,0,0,0,0,0,11,2025-12-13 15:41:00,2025-12-13 21:11:00,14,0
2025-12-30 08:45:00,2025-12-30 12:37:00,B6,JFK,SFO,2467,13.15,12.75,1.23,0.0,-1.0959,0.4043,76,JFK-SFO,232,8,0,0,0,0,1,15,2025-12-30 09:00:00,2025-12-30 13:19:00,42,1
2025-08-03 04:50:00,2025-08-03 10:16:00,DL,ATL,SFO,3637,15.08,17.41,8.72,6.71,-1.2893,0.8147,9,ATL-SFO,326,4,1,1,0,1,0,12,2025-08-03 05:02:00,2025-08-03 10:37:00,21,1
2025-09-04 16:30:00,2025-09-04 22:54:00,DL,SFO,JFK,4360,38.76,33.13,0.0,1.44,-0.2184,0.5332,33,SFO-JFK,384,16,0,0,0,0,1,35,2025-09-04 17:05:00,2025-09-04 23:46:00,52,1
2025-04-04 23:15:00,2025-04-05 04:28:00,B6,LAX,JFK,3469,7.03,7.85,0.0,0.0,1.2235,-0.9142,12,LAX-JFK,313,23,0,1,0,0,0,-4,2025-04-04 23:11:00,2025-04-05 04:33:00,5,0
2025-10-25 18:50:00,2025-10-25 22:38:00,UA,LAX,JFK,2407,11.71,12.68,0.48,0.0,0.7222,-0.0839,24,LAX-JFK,228,18,0,0,0,0,0,18,2025-10-25 19:08:00,2025-10-25 22:52:00,14,0
2025-09-03 23:50:00,2025-09-04 03:35:00,DL,SFO,JFK,2370,23.72,24.0,0.9,0.0,-0.5438,-0.2442,29,SFO-JFK,225,23,0,1,0,0,0,-4,2025-09-03 23:46:00,2025-09-04 03:27:00,-8,0
2025-11-26 14:40:00,2025-11-26 20:21:00,B6,LAX,ATL,3820,23.43,27.03,6.53,6.39,-0.1637,-0.1493,40,LAX-ATL,341,14,0,0,0,0,0,-2,2025-11-26 14:38:00,2025-11-26 20:21:00,0,0
2025-04-08 16:40:00,2025-04-08 22:32:00,AA,BOS,JFK,3966,15.77,13.72,6.88,5.59,-0.543,-0.4369,37,BOS-JFK,352,16,0,0,0,0,0,14,2025-04-08 16:54:00,2025-04-08 22:35:00,3,0
2025-10-15 03:00:00,2025-10-15 05:27:00,UA,BOS,LAX,1402,9.24,9.07,0.45,1.13,-1.1942,-0.5573,51,BOS-LAX,147,3,0,1,0,0,0,-10,2025-10-15 02:50:00,2025-10-15 05:20:00,-7,0
2025-06-21 20:20:00,2025-06-21 21:22:00,DL,ATL,LAX,341,15.5,13.85,0.0,0.16,-1.0472,0.0859,62,ATL-LAX,62,20,0,1,0,0,0,-1,2025-06-21 20:19:00,2025-06-21 21:14:00,-8,0
2025-03-09 17:10:00,2025-03-09 22:40:00,B6,ATL,BOS,3686,16.18,15.86,15.02,16.18,0.2647,0.4858,81,ATL-BOS,330,17,1,0,1,0,0,25,2025-03-09 17:35:00,2025-03-09 23:29:00,49,1
2025-03-04 06:30:00,2025-03-04 08:48:00,AA,LAX,ATL,1291,17.46,14.87,0.0,0.0,-0.7303,-0.6317,67,LAX-ATL,138,6,0,0,0,0,0,3,2025-03-04 06:33:00,2025-03-04 08:45:00,-3,0
2025-07-25 08:45:00,2025-07-25 15:19:00,DL,SFO,JFK,4485,5.38,4.16,0.56,0.55,-0.0606,-0.4479,52,SFO-JFK,394,8,0,0,0,0,0,3,2025-07-25 08:48:00,2025-07-25 15:01:00,-18,0
2025-04-27 14:10:00,2025-04-27 15:21:00,AA,ATL,LAX,451,30.15,30.13,0.41,1.4,-1.0207,0.3295,4,ATL-LAX,71,14,1,0,0,0,0,0,2025-04-27 14:10:00,2025-04-27 15:20:00,-1,0
2025-02-07 00:50:00,2025-02-07 06:55:00,AA,JFK,LAX,4122,25.45,26.42,0.0,2.69,0.7918,0.3364,36,JFK-LAX,365,0,0,1,0,0,0,-5,2025-02-07 00:45:00,2025-02-07 06:57:00,2,0
2025-06-05 19:10:00,2025-06-05 23:57:00,DL,ATL,LAX,3148,9.38,8.24,0.0,0.0,0.639,-0.8277,51,ATL-LAX,287,19,0,0,0,0,0,-6,2025-06-05 19:04:00,2025-06-05 23:57:00,0,0
2025-08-27 06:00:00,2025-08-27 08:41:00,UA,JFK,ATL,1577,22.2,22.12,0.12,0.0,1.5566,-0.845,53,JFK-ATL,161,6,0,0,0,0,0,-4,2025-08-27 05:56:00,2025-08-27 08:36:00,-5,0
2025-04-27 01:50:00,2025-04-27 03:01:00,UA,LAX,BOS,446,10.02,8.06,0.0,0.0,1.3616,-0.0053,88,LAX-BOS,71,1,1,1,0,1,0,11,2025-04-27 02:01:00,2025-04-27 03:29:00,28,1
2025-12-15 07:00:00,2025-12-15 12:43:00,UA,SFO,JFK,3853,28.56,26.11,5.13,5.86,-0.9216,0.6734,7,SFO-JFK,343,7,0,0,0,0,0,9,2025-12-15 07:09:00,2025-12-15 12:52:00,9,0
2025-10-12 20:40:00,2025-10-12 22:19:00,B6,SFO,ATL,801,12.21,9.13,0.09,0.0,-0.86,-0.5561,92,SFO-ATL,99,20,1,1,0,1,0,3,2025-10-12 20:43:00,2025-10-12 22:29:00,10,0
2025-07-07 06:45:00,2025-07-07 08:16:00,B6,BOS,ATL,700,7.09,1.36,6.76,7.58,0.3514,0.9967,53,BOS-ATL,91,6,0,0,0,0,0,2,2025-07-07 06:47:00,2025-07-07 08:17:00,1,0
2025-12-08 12:15:00,2025-12-08 17:39:00,DL,SFO,JFK,3618,34.02,32.04,0.56,1.23,-0.8863,0.998,39,SFO-JFK,324,12,0,0,0,0,0,27,2025-12-08 12:42:00,2025-12-08 18:27:00,48,1
2025-06-08 19:00:00,2025-06-08 23:47:00,AA,LAX,BOS,3146,15.86,17.03,4.98,4.69,0.2352,0.206,51,LAX-BOS,287,19,1,0,0,0,0,23,2025-06-08 19:23:00,2025-06-09 00:09:00,22,1
2025-02-20 00:15:00,2025-02-20 01:57:00,WN,BOS,LAX,835,7.58,8.48,18.22,16.95,-0.3462,0.9212,76,BOS-LAX,102,0,0,1,1,0,0,12,2025-02-20 00:27:00,2025-02-20 02:05:00,8,0
2025-01-14 18:00:00,2025-01-14 20:54:00,AA,BOS,ATL,1737,29.75,28.89,20.66,21.93,0.9166,-0.2143,59,BOS-ATL,174,18,0,0,1,0,0,20,2025-01-14 18:20:00,2025-01-14 21:26:00,32,1
2025-12-09 06:40:00,2025-12-09 11:23:00,WN,ATL,SFO,3099,13.28,17.13,1.08,0.71,0.9453,0.0034,45,ATL-SFO,283,6,0,0,0,0,0,11,2025-12-09 06:51:00,2025-12-09 11:35:00,12,0
2025-12-17 16:50:00,2025-12-17 21:30:00,AA,SFO,ATL,3066,9.9,7.18,7.21,5.7,-0.3064,0.4065,86,SFO-ATL,280,16,0,0,0,0,1,21,2025-12-17 17:11:00,2025-12-17 21:52:00,22,1
2025-09-27 04:50:00,2025-09-27 07:51:00,AA,BOS,JFK,1821,27.15,25.48,0.29,0.14,-1.8295,-0.8587,20,BOS-JFK,181,4,0,1,0,0,0,12,2025-09-27 05:02:00,2025-09-27 08:10:00,19,1
2025-02-07 03:45:00,2025-02-07 07:02:00,WN,BOS,SFO,2031,20.02,18.21,4.75,3.64,1.0104,0.538,56,BOS-SFO,197,3,0,1,0,0,1,21,2025-02-07 04:06:00,2025-02-07 07:42:00,40,1
2025-04-18 18:45:00,2025-04-18 20:11:00,WN,JFK,LAX,634,12.73,12.8,1.46,1.06,-0.6111,0.8734,64,JFK-LAX,86,18,0,0,0,0,0,8,2025-04-18 18:53:00,2025-04-18 20:17:00,6,0
2025-01-15 19:50:00,2025-01-15 20:52:00,DL,ATL,SFO,337,11.23,9.85,0.0,0.12,-0.0235,0.1404,56,ATL-SFO,62,19,0,0,0,0,0,10,2025-01-15 20:00:00,2025-01-15 21:09:00,17,1
2025-01-19 23:45:00,2025-01-20 06:09:00,DL,SFO,ATL,4363,7.97,6.95,0.11,1.53,-0.1367,-0.5619,49,SFO-ATL,384,23,1,1,0,1,1,22,2025-01-20 00:07:00,2025-01-20 07:01:00,52,1
2025-03-31 16:40:00,2025-03-31 18:57:00,AA,LAX,BOS,1271,0.5,1.69,4.13,3.13,0.3841,-0.7396,67,LAX-BOS,137,16,0,0,0,0,0,-3,2025-03-31 16:37:00,2025-03-31 18:51:00,-6,0
2025-07-28 11:50:00,2025-07-28 18:00:00,B6,ATL,JFK,4193,15.95,16.61,6.12,7.72,-0.6224,-0.5645,69,ATL-JFK,370,11,0,0,0,0,0,10,2025-07-28 12:00:00,2025-07-28 18:03:00,3,0
2025-01-24 04:15:00,2025-01-24 05:28:00,B6,ATL,LAX,478,3.16,4.34,7.37,7.29,-1.1187,-0.5972,97,ATL-LAX,73,4,0,1,0,0,0,1,2025-01-24 04:16:00,2025-01-24 05:27:00,-1,0
2025-12-26 07:20:00,2025-12-26 13:52:00,AA,ATL,BOS,4457,3.57,6.32,0.71,0.25,0.1516,0.7203,86,ATL-BOS,392,7,0,0,0,0,0,-10,2025-12-26 07:10:00,2025-12-26 13:52:00,0,0
2025-06-16 15:50:00,2025-06-16 19:13:00,WN,SFO,LAX,2094,8.62,7.87,0.36,0.0,0.8265,-0.726,72,SFO-LAX,203,15,0,0,0,0,0,-5,2025-06-16 15:45:00,2025-06-16 19:03:00,-10,0
2025-04-07 08:15:00,2025-04-07 13:45:00,B6,JFK,ATL,3685,8.49,7.71,2.4,0.0,-0.1232,0.9402,2,JFK-ATL,330,8,0,0,0,0,0,-3,2025-04-07 08:12:00,2025-04-07 13:39:00,-6,0
2025-07-08 11:15:00,2025-07-08 16:56:00,B6,LAX,SFO,3828,3.79,5.02,0.55,0.68,-0.1263,0.5575,19,LAX-SFO,341,11,0,0,0,0,1,15,2025-07-08 11:30:00,2025-07-08 17:30:00,34,1
2025-10-16 04:10:00,2025-10-16 07:07:00,UA,ATL,JFK,1778,16.12,14.39,9.0,8.7,-1.1865,0.4649,97,ATL-JFK,177,4,0,1,0,0,0,-7,2025-10-16 04:03:00,2025-10-16 07:12:00,5,0
2025-04-25 10:15:00,2025-04-25 15:22:00,AA,BOS,JFK,3399,2.94,2.28,0.62,0.0,0.5141,0.2347,43,BOS-JFK,307,10,0,0,0,0,0,3,2025-04-25 10:18:00,2025-04-25 15:48:00,26,1
2025-01-18 05:30:00,2025-01-18 08:21:00,UA,JFK,SFO,1703,15.01,16.34,0.26,0.0,0.5864,-0.9102,2,JFK-SFO,171,5,0,0,0,0,1,9,2025-01-18 05:39:00,2025-01-18 08:37:00,16,1
2025-01-19 02:50:00,2025-01-19 08:14:00,DL,BOS,ATL,3613,8.09,8.18,0.0,0.0,-0.1073,0.4374,13,BOS-ATL,324,2,1,1,0,1,0,31,2025-01-19 03:21:00,2025-01-19 08:58:00,44,1
2025-11-07 03:10:00,2025-11-07 09:31:00,DL,LAX,BOS,4327,7.02,4.58,0.0,0.0,-0.9744,-0.2348,4,LAX-BOS,381,3,0,1,0,0,0,-10,2025-11-07 03:00:00,2025-11-07 09:27:00,-4,0
2025-02-10 12:40:00,2025-02-10 18:10:00,WN,SFO,LAX,3690,0.73,5.39,0.0,1.04,0.0818,-0.7528,3,SFO-LAX,330,12,0,0,0,0,0,31,2025-02-10 13:11:00,2025-02-10 18:37:00,27,1
2025-08-20 08:45:00,2025-08-20 13:49:00,UA,BOS,SFO,3357,14.04,13.13,6.51,5.97,0.1659,0.664,91,BOS-SFO,304,8,0,0,0,0,0,-8,2025-08-20 08:37:00,2025-08-20 13:43:00,-6,0
2025-05-21 02:50:00,2025-05-21 05:54:00,AA,LAX,SFO,1862,2.91,3.63,2.72,1.51,-0.041,-0.3331,81,LAX-SFO,184,2,0,1,0,0,1,16,2025-05-21 03:06:00,2025-05-21 06:15:00,21,1
2025-10-11 12:45:00,2025-10-11 14:20:00,WN,SFO,JFK,756,3.58,3.48,0.0,2.52,-1.0831,0.2048,8,SFO-JFK,95,12,0,0,0,0,0,3,2025-10-11 12:48:00,2025-10-11 14:15:00,-5,0
2025-01-23 03:10:00,2025-01-23 06:59:00,B6,SFO,BOS,2425,25.98,26.65,2.19,1.32,0.2537,-0.6871,35,SFO-BOS,229,3,0,1,0,0,1,21,2025-01-23 03:31:00,2025-01-23 07:46:00,47,1
2025-11-24 00:20:00,2025-11-24 02:03:00,AA,ATL,JFK,844,5.09,2.03,1.23,0.71,0.1627,-0.7442,93,ATL-JFK,103,0,0,1,0,0,0,10,2025-11-24 00:30:00,2025-11-24 02:21:00,18,1
2025-09-12 03:50:00,2025-09-12 07:40:00,B6,ATL,JFK,2435,2.92,0.67,6.7,6.66,0.4188,-0.1069,26,ATL-JFK,230,3,0,1,0,0,0,23,2025-09-12 04:13:00,2025-09-12 08:05:00,25,1
2025-06-13 10:50:00,2025-06-13 16:41:00,AA,SFO,BOS,3950,14.43,15.71,8.02,6.58,-0.1363,-0.914,79,SFO-BOS,351,10,0,0,0,0,0,-6,2025-06-13 10:44:00,2025-06-13 16:44:00,3,0
2025-03-17 22:30:00,2025-03-18 00:07:00,UA,SFO,BOS,775,11.17,12.89,1.46,0.35,1.2836,0.2289,48,SFO-BOS,97,22,0,1,0,0,0,20,2025-03-17 22:50:00,2025-03-18 00:23:00,16,1
2025-12-23 05:50:00,2025-12-23 11:52:00,AA,BOS,SFO,4084,5.81,7.39,17.92,17.15,-0.0019,-0.8424,57,BOS-SFO,362,5,0,0,1,0,0,-1,2025-12-23 05:49:00,2025-12-23 12:19:00,27,1
2025-04-21 06:40:00,2025-04-21 11:00:00,B6,JFK,BOS,2812,7.07,6.02,0.0,0.0,1.395,0.0455,20,JFK-BOS,260,6,0,0,0,0,0,0,2025-04-21 06:40:00,2025-04-21 10:56:00,-4,0
2025-06-29 05:00:00,2025-06-29 06:15:00,WN,JFK,ATL,497,5.21,4.46,0.0,1.32,0.2229,-0.2789,28,JFK-ATL,75,5,1,0,0,0,0,4,2025-06-29 05:04:00,2025-06-29 06:07:00,-8,0
2025-05-24 08:50:00,2025-05-24 13:51:00,B6,LAX,ATL,3324,7.12,4.3,7.24,7.42,-1.1583,-0.3527,4,LAX-ATL,301,8,0,0,0,0,0,-4,2025-05-24 08:46:00,2025-05-24 13:49:00,-2,0
2025-03-26 17:10:00,2025-03-26 18:09:00,AA,LAX,SFO,300,12.81,13.17,1.74,2.93,0.8358,0.5383,10,LAX-SFO,59,17,0,0,0,0,0,29,2025-03-26 17:39:00,2025-03-26 18:45:00,36,1
2025-06-02 07:20:00,2025-06-02 11:44:00,WN,BOS,LAX,2866,10.22,12.72,2.33,1.66,-0.3642,-0.0514,66,BOS-LAX,264,7,0,0,0,0,0,2,2025-06-02 07:22:00,2025-06-02 11:53:00,9,0
2025-02-25 15:10:00,2025-02-25 18:59:00,B6,SFO,LAX,2431,7.66,6.06,0.0,0.35,-0.4441,-0.6129,98,SFO-LAX,229,15,0,0,0,0,1,5,2025-02-25 15:15:00,2025-02-25 19:06:00,7,0
2025-01-01 21:40:00,2025-01-02 02:50:00,AA,ATL,SFO,3433,7.14,4.28,0.29,0.0,1.0381,-0.2255,21,ATL-SFO,310,21,1,1,0,1,1,53,2025-01-01 22:33:00,2025-01-02 04:02:00,72,1
2025-04-16 22:00:00,2025-04-17 01:05:00,B6,ATL,SFO,1880,15.47,16.04,0.63,0.5,-1.2494,-0.2277,77,ATL-SFO,185,22,0,1,0,0,1,31,2025-04-16 22:31:00,2025-04-17 02:07:00,62,1
2025-02-10 13:40:00,2025-02-10 15:19:00,AA,SFO,LAX,799,3.26,4.21,13.24,13.48,-1.7518,0.0581,2,SFO-LAX,99,13,0,0,1,0,0,16,2025-02-10 13:56:00,2025-02-10 15:38:00,19,1
2025-06-01 17:45:00,2025-06-01 20:54:00,AA,ATL,JFK,1925,2.4,0.0,3.28,0.82,-0.2191,0.2932,42,ATL-JFK,189,17,1,0,0,0,0,0,2025-06-01 17:45:00,2025-06-01 21:00:00,6,0
2025-11-11 22:45:00,2025-11-12 04:00:00,DL,SFO,ATL,3497,24.65,22.76,7.83,9.2,0.3015,-0.3874,73,SFO-ATL,315,22,0,1,0,0,1,9,2025-11-11 22:54:00,2025-11-12 04:07:00,7,0
2025-03-01 18:15:00,2025-03-02 00:34:00,B6,BOS,JFK,4305,6.53,6.98,17.67,17.45,0.8676,-0.3716,34,BOS-JFK,379,18,0,0,1,0,0,28,2025-03-01 18:43:00,2025-03-02 01:27:00,53,1
2025-01-01 07:50:00,2025-01-01 09:59:00,B6,BOS,SFO,1174,32.83,34.51,0.35,0.57,0.1448,0.5885,94,BOS-SFO,129,7,1,0,0,0,0,7,2025-01-01 07:57:00,2025-01-01 09:47:00,-12,0
2025-02-10 03:15:00,2025-02-10 06:12:00,UA,ATL,SFO,1775,2.33,6.99,0.11,0.0,-2.2507,-0.6394,7,ATL-SFO,177,3,0,1,0,0,0,-10,2025-02-10 03:05:00,2025-02-10 06:03:00,-9,0
2025-07-05 02:40:00,2025-07-05 08:34:00,UA,SFO,LAX,3982,8.86,10.9,6.34,6.57,-0.971,0.3085,11,SFO-LAX,354,2,0,1,0,0,0,-7,2025-07-05 02:33:00,2025-07-05 08:29:00,-5,0
2025-04-11 21:30:00,2025-04-12 00:14:00,AA,BOS,SFO,1614,2.35,4.81,0.0,1.52,-1.2597,0.9763,49,BOS-SFO,164,21,0,1,0,0,0,14,2025-04-11 21:44:00,2025-04-11 23:58:00,-16,0
2025-06-28 13:00:00,2025-06-28 15:21:00,B6,ATL,JFK,1328,13.47,10.84,0.0,0.36,-1.8852,0.5643,46,ATL-JFK,141,13,0,0,0,0,0,4,2025-06-28 13:04:00,2025-06-28 15:21:00,0,0
2025-01-11 07:00:00,2025-01-11 12:38:00,AA,JFK,ATL,3792,8.85,6.88,0.08,2.2,-0.1702,-0.4661,3,JFK-ATL,338,7,0,0,0,0,0,-7,2025-01-11 06:53:00,2025-01-11 12:37:00,-1,0
2025-05-02 08:10:00,2025-05-02 11:54:00,WN,ATL,JFK,2366,7.07,10.25,0.37,0.89,0.5109,-0.9326,20,ATL-JFK,224,8,0,0,0,0,0,-4,2025-05-02 08:06:00,2025-05-02 11:59:00,5,0
2025-05-30 06:50:00,2025-05-30 11:05:00,DL,LAX,BOS,2749,11.05,11.94,0.0,0.0,0.9712,-0.4221,70,LAX-BOS,255,6,0,0,0,0,0,-2,2025-05-30 06:48:00,2025-05-30 11:07:00,2,0
2025-06-07 19:50:00,2025-06-07 23:33:00,B6,ATL,SFO,2346,8.52,4.43,0.58,0.44,0.4964,-0.9936,4,ATL-SFO,223,19,0,0,0,0,0,-1,2025-06-07 19:49:00,2025-06-07 23:28:00,-5,0
2025-07-21 14:20:00,2025-07-21 18:41:00,AA,JFK,LAX,2831,13.36,9.47,1.0,2.76,-0.5581,0.1709,46,JFK-LAX,261,14,0,0,0,0,0,-2,2025-07-21 14:18:00,2025-07-21 18:38:00,-3,0
2025-10-12 21:50:00,2025-10-13 00:19:00,DL,BOS,JFK,1429,5.24,3.74,6.37,6.65,1.0824,-0.0823,39,BOS-JFK,149,21,1,1,0,1,0,17,2025-10-12 22:07:00,2025-10-13 00:32:00,13,0
2025-06-20 07:00:00,2025-06-20 12:05:00,WN,ATL,BOS,3374,8.31,12.98,15.26,16.91,-0.2104,0.2022,3,ATL-BOS,305,7,0,0,1,0,0,40,2025-06-20 07:40:00,2025-06-20 12:44:00,39,1
2025-11-04 11:50:00,2025-11-04 14:51:00,WN,ATL,JFK,1819,0.89,0.0,0.0,1.41,0.0605,0.5825,80,ATL-JFK,181,11,0,0,0,0,0,-1,2025-11-04 11:49:00,2025-11-04 14:44:00,-7,0
2025-07-13 02:10:00,2025-07-13 06:05:00,AA,JFK,ATL,2499,4.02,4.37,0.64,0.0,-0.6623,-0.5368,12,JFK-ATL,235,2,1,1,0,1,0,7,2025-07-13 02:17:00,2025-07-13 06:12:00,7,0
2025-04-06 23:00:00,2025-04-07 01:01:00,AA,BOS,LAX,1079,7.5,5.45,0.98,0.7,-0.245,-0.2556,30,BOS-LAX,121,23,1,1,0,1,0,26,2025-04-06 23:26:00,2025-04-07 01:45:00,44,1
2025-03-25 12:45:00,2025-03-25 13:48:00,DL,ATL,BOS,347,3.54,3.86,0.0,1.35,-0.4212,-0.0777,28,ATL-BOS,63,12,0,0,0,0,0,-4,2025-03-25 12:41:00,2025-03-25 13:53:00,5,0
2025-04-28 13:20:00,2025-04-28 17:31:00,WN,ATL,BOS,2694,3.08,3.07,1.44,0.07,-1.3815,0.5382,9,ATL-BOS,251,13,0,0,0,0,0,5,2025-04-28 13:25:00,2025-04-28 17:26:00,-5,0
2025-08-07 09:15:00,2025-08-07 11:01:00,WN,SFO,BOS,882,16.71,15.61,0.99,1.05,0.637,-0.0895,67,SFO-BOS,106,9,0,0,0,0,0,0,2025-08-07 09:15:00,2025-08-07 10:54:00,-7,0
2025-03-30 06:45:00,2025-03-30 12:51:00,UA,LAX,ATL,4134,8.39,8.06,3.35,4.0,0.1677,-0.5778,60,LAX-ATL,366,6,1,0,0,0,0,10,2025-03-30 06:55:00,2025-03-30 12:53:00,2,0
2025-11-30 22:15:00,2025-12-01 04:36:00,UA,LAX,JFK,4328,5.36,4.5,7.86,5.95,0.7949,0.7918,23,LAX-JFK,381,22,1,1,0,1,0,20,2025-11-30 22:35:00,2025-12-01 05:15:00,39,1
2025-06-25 11:45:00,2025-06-25 14:30:00,DL,SFO,ATL,1629,11.52,9.61,7.88,8.54,-0.704,-0.8746,84,SFO-ATL,165,11,0,0,0,0,1,34,2025-06-25 12:19:00,2025-06-25 15:22:00,52,1
2025-11-12 16:10:00,2025-11-12 18:46:00,UA,ATL,SFO,1513,13.59,9.49,0.75,0.0,0.7055,0.2788,8,ATL-SFO,156,16,0,0,0,0,1,3,2025-11-12 16:13:00,2025-11-12 19:07:00,21,1
2025-09-07 00:00:00,2025-09-07 03:50:00,WN,LAX,ATL,2433,6.27,8.4,9.88,10.39,-1.5688,-0.389,34,LAX-ATL,230,0,1,1,0,1,0,23,2025-09-07 00:23:00,2025-09-07 04:25:00,35,1
2025-05-02 06:15:00,2025-05-02 08:23:00,DL,LAX,JFK,1157,20.09,21.48,0.22,0.65,0.5414,-0.0245,6,LAX-JFK,128,6,0,0,0,0,0,2,2025-05-02 06:17:00,2025-05-02 08:22:00,-1,0
2025-03-25 19:30:00,2025-03-26 01:19:00,AA,BOS,JFK,3919,6.11,10.05,0.0,0.0,0.6758,0.9336,44,BOS-JFK,349,19,0,0,0,0,0,-5,2025-03-25 19:25:00,2025-03-26 01:18:00,-1,0
2025-09-29 02:10:00,2025-09-29 03:43:00,DL,JFK,SFO,728,12.6,14.22,0.3,0.77,-1.0385,0.1882,16,JFK-SFO,93,2,0,1,0,0,0,1,2025-09-29 02:11:00,2025-09-29 03:40:00,-3,0
2025-05-01 02:10:00,2025-05-01 05:41:00,WN,LAX,SFO,2200,4.81,3.34,0.85,0.0,1.1167,0.3452,16,LAX-SFO,211,2,0,1,0,0,1,8,2025-05-01 02:18:00,2025-05-01 05:50:00,9,0
2025-04-01 19:40:00,2025-04-01 21:42:00,B6,LAX,JFK,1093,10.99,9.57,1.03,1.51,1.5585,0.3033,98,LAX-JFK,122,19,0,0,0,0,0,-10,2025-04-01 19:30:00,2025-04-01 21:37:00,-5,0
2025-12-06 07:20:00,2025-12-06 12:58:00,UA,BOS,JFK,3791,15.81,13.7,20.97,21.25,-0.5748,0.4374,99,BOS-JFK,338,7,0,0,1,0,0,49,2025-12-06 08:09:00,2025-12-06 14:27:00,89,1
2025-06-26 06:20:00,2025-06-26 08:07:00,B6,LAX,BOS,905,15.04,14.14,21.78,24.01,1.4494,-0.112,6,LAX-BOS,107,6,0,0,1,0,0,35,2025-06-26 06:55:00,2025-06-26 09:03:00,56,1
2025-01-18 13:10:00,2025-01-18 16:39:00,UA,LAX,SFO,2174,16.56,15.71,9.3,10.1,-1.7017,-0.9656,96,LAX-SFO,209,13,0,0,0,0,1,38,2025-01-18 13:48:00,2025-01-18 17:44:00,65,1
2025-06-30 04:00:00,2025-06-30 09:39:00,WN,ATL,BOS,3800,4.58,7.9,0.7,0.0,-0.1363,0.7796,33,ATL-BOS,339,4,0,1,0,0,0,10,2025-06-30 04:10:00,2025-06-30 09:44:00,5,0
2025-06-18 01:00:00,2025-06-18 04:27:00,UA,JFK,SFO,2149,3.06,2.64,16.33,15.18,-2.6141,0.1228,80,JFK-SFO,207,1,0,1,1,0,0,37,2025-06-18 01:37:00,2025-06-18 05:20:00,53,1
2025-11-12 00:40:00,2025-11-12 02:41:00,AA,JFK,LAX,1075,2.2,0.0,0.0,0.0,0.9296,0.8266,10,JFK-LAX,121,0,0,1,0,0,0,1,2025-11-12 00:41:00,2025-11-12 02:38:00,-3,0
2025-09-17 01:00:00,2025-09-17 02:52:00,DL,BOS,ATL,960,8.11,4.73,2.86,3.33,-1.5303,0.4729,7,BOS-ATL,112,1,0,1,0,0,0,16,2025-09-17 01:16:00,2025-09-17 03:10:00,18,1
2025-03-11 03:10:00,2025-03-11 07:32:00,WN,ATL,SFO,2840,7.82,8.37,0.0,0.0,-1.9512,0.5064,53,ATL-SFO,262,3,0,1,0,0,1,12,2025-03-11 03:22:00,2025-03-11 07:43:00,11,0
2025-02-24 16:50:00,2025-02-24 18:31:00,WN,ATL,LAX,824,11.85,12.82,0.0,0.32,0.2623,0.3051,30,ATL-LAX,101,16,0,0,0,0,0,-5,2025-02-24 16:45:00,2025-02-24 18:21:00,-10,0
2025-08-09 07:15:00,2025-08-09 10:13:00,WN,LAX,BOS,1792,12.31,9.02,0.0,0.0,1.0363,0.9232,34,LAX-BOS,178,7,0,0,0,0,0,4,2025-08-09 07:19:00,2025-08-09 10:13:00,0,0
2025-01-18 01:40:00,2025-01-18 06:04:00,DL,SFO,BOS,2868,2.28,2.48,0.0,0.0,-0.4045,0.5886,19,SFO-BOS,264,1,0,1,0,0,1,24,2025-01-18 02:04:00,2025-01-18 06:22:00,18,1
2025-04-27 00:15:00,2025-04-27 03:21:00,AA,JFK,SFO,1893,18.53,15.91,6.09,5.42,0.1363,-0.1291,34,JFK-SFO,186,0,1,1,0,1,0,17,2025-04-27 00:32:00,2025-04-27 03:39:00,18,1
2025-02-20 11:50:00,2025-02-20 17:27:00,B6,SFO,ATL,3774,12.82,8.89,5.74,4.54,1.7619,-0.4532,11,SFO-ATL,337,11,0,0,0,0,1,25,2025-02-20 12:15:00,2025-02-20 18:09:00,42,1
2025-01-08 20:45:00,2025-01-09 01:35:00,DL,SFO,ATL,3188,3.48,8.77,1.58,0.0,-0.9507,-0.2095,35,SFO-ATL,290,20,0,1,0,0,0,7,2025-01-08 20:52:00,2025-01-09 02:06:00,31,1
2025-12-02 08:20:00,2025-12-02 10:04:00,WN,LAX,ATL,868,6.73,8.9,0.0,0.58,-0.9814,-0.6364,42,LAX-ATL,104,8,0,0,0,0,0,-4,2025-12-02 08:16:00,2025-12-02 10:13:00,9,0
2025-02-02 01:40:00,2025-02-02 07:13:00,AA,JFK,ATL,3731,18.99,21.14,3.82,4.3,1.0856,-0.5236,15,JFK-ATL,333,1,1,1,0,1,0,39,2025-02-02 02:19:00,2025-02-02 08:12:00,59,1
2025-01-04 05:20:00,2025-01-04 11:25:00,B6,SFO,BOS,4122,4.68,0.63,0.0,0.0,0.2243,-0.6751,41,SFO-BOS,365,5,0,0,0,0,1,69,2025-01-04 06:29:00,2025-01-04 13:20:00,115,1
2025-12-07 11:50:00,2025-12-07 13:57:00,B6,LAX,JFK,1149,21.87,23.59,1.17,0.0,1.4248,-0.8859,71,LAX-JFK,127,11,1,0,0,0,0,-9,2025-12-07 11:41:00,2025-12-07 13:52:00,-5,0
2025-03-10 04:15:00,2025-03-10 07:15:00,WN,SFO,BOS,1807,8.45,7.47,12.77,11.62,-1.2957,-0.2138,95,SFO-BOS,180,4,0,1,1,0,0,47,2025-03-10 05:02:00,2025-03-10 08:19:00,64,1
2025-10-26 23:45:00,2025-10-27 02:57:00,DL,SFO,JFK,1960,9.09,9.17,0.71,1.34,-1.7889,0.5186,16,SFO-JFK,192,23,1,1,0,1,1,41,2025-10-27 00:26:00,2025-10-27 03:48:00,51,1
2025-01-12 18:30:00,2025-01-12 21:52:00,AA,ATL,JFK,2086,13.17,13.17,0.0,0.0,-1.4341,-0.8615,72,ATL-JFK,202,18,1,0,0,0,0,-7,2025-01-12 18:23:00,2025-01-12 21:39:00,-13,0
2025-02-26 08:40:00,2025-02-26 12:15:00,DL,LAX,JFK,2247,3.59,0.45,18.57,18.97,0.7067,0.2836,62,LAX-JFK,215,8,0,0,1,0,0,45,2025-02-26 09:25:00,2025-02-26 13:08:00,53,1
2025-02-10 22:15:00,2025-02-11 04:14:00,UA,LAX,SFO,4056,10.97,13.08,0.0,0.45,1.2006,0.9596,7,LAX-SFO,359,22,0,1,0,0,1,18,2025-02-10 22:33:00,2025-02-11 04:48:00,34,1
2025-09-15 07:45:00,2025-09-15 12:23:00,B6,SFO,ATL,3035,14.68,14.58,5.53,4.5,1.0707,-0.0914,17,SFO-ATL,278,7,0,0,0,0,1,22,2025-09-15 08:07:00,2025-09-15 12:55:00,32,1
2025-08-15 03:40:00,2025-08-15 09:40:00,WN,BOS,LAX,4064,6.48,7.61,0.01,0.0,0.5554,-0.4467,5,BOS-LAX,360,3,0,1,0,0,0,-8,2025-08-15 03:32:00,2025-08-15 09:46:00,6,0
2025-06-23 22:45:00,2025-06-24 01:42:00,UA,SFO,BOS,1772,7.63,8.64,0.61,0.0,1.2528,0.2444,26,SFO-BOS,177,22,0,1,0,0,0,11,2025-06-23 22:56:00,2025-06-24 01:50:00,8,0
2025-03-30 23:45:00,2025-03-31 03:40:00,WN,JFK,ATL,2504,31.83,33.67,6.96,7.35,-0.6074,0.3676,94,JFK-ATL,235,23,1,1,0,1,0,7,2025-03-30 23:52:00,2025-03-31 04:08:00,28,1
2025-02-02 07:10:00,2025-02-02 08:45:00,WN,BOS,JFK,746,15.9,12.26,1.39,1.83,-1.9858,-0.4134,37,BOS-JFK,95,7,1,0,0,0,0,-10,2025-02-02 07:00:00,2025-02-02 08:43:00,-2,0
2025-07-27 14:50:00,2025-07-27 17:22:00,WN,ATL,BOS,1462,3.45,5.73,0.0,1.86,-1.6169,-0.2019,80,ATL-BOS,152,14,1,0,0,0,0,3,2025-07-27 14:53:00,2025-07-27 17:24:00,2,0
2025-03-26 04:45:00,2025-03-26 09:00:00,AA,BOS,ATL,2752,4.0,4.85,0.17,1.27,-1.4532,0.8789,58,BOS-ATL,255,4,0,1,0,0,0,-7,2025-03-26 04:38:00,2025-03-26 09:07:00,7,0
2025-08-04 15:10:00,2025-08-04 17:07:00,UA,SFO,JFK,1022,5.88,7.67,6.65,5.42,-1.9351,0.0533,3,SFO-JFK,117,15,0,0,0,0,0,2,2025-08-04 15:12:00,2025-08-04 17:12:00,5,0
2025-09-08 16:50:00,2025-09-08 23:12:00,B6,LAX,SFO,4333,12.86,19.07,6.18,5.79,-1.3605,0.9737,15,LAX-SFO,382,16,0,0,0,0,1,32,2025-09-08 17:22:00,2025-09-09 00:16:00,64,1
2025-11-07 17:30:00,2025-11-07 20:00:00,WN,LAX,JFK,1440,4.06,3.1,0.29,1.39,-0.9255,0.0177,85,LAX-JFK,150,17,0,0,0,0,0,13,2025-11-07 17:43:00,2025-11-07 20:09:00,9,0
2025-06-30 13:15:00,2025-06-30 15:08:00,DL,SFO,LAX,978,14.71,12.61,11.51,13.22,0.6068,-0.6723,53,SFO-LAX,113,13,0,0,0,0,0,6,2025-06-30 13:21:00,2025-06-30 15:09:00,1,0
2025-01-02 16:10:00,2025-01-02 21:31:00,UA,BOS,ATL,3578,10.82,13.67,3.1,2.73,0.2943,0.5977,49,BOS-ATL,321,16,0,0,0,0,0,-6,2025-01-02 16:04:00,2025-01-02 21:23:00,-8,0
2025-04-13 13:15:00,2025-04-13 14:44:00,WN,LAX,ATL,678,9.8,8.75,24.82,26.18,1.5085,0.7176,41,LAX-ATL,89,13,1,0,1,0,0,33,2025-04-13 13:48:00,2025-04-13 15:27:00,43,1
2025-11-08 19:00:00,2025-11-08 21:48:00,AA,BOS,LAX,1663,17.17,15.55,0.0,0.0,-1.2396,-0.9391,74,BOS-LAX,168,19,0,0,0,0,0,-5,2025-11-08 18:55:00,2025-11-08 21:37:00,-11,0
2025-07-14 04:40:00,2025-07-14 06:46:00,AA,SFO,LAX,1134,3.31,5.02,5.7,8.29,0.3731,-0.5329,20,SFO-LAX,126,4,0,1,0,0,0,9,2025-07-14 04:49:00,2025-07-14 06:52:00,6,0
2025-08-14 11:40:00,2025-08-14 16:32:00,UA,JFK,SFO,3217,19.07,19.9,10.18,9.21,1.3161,-0.0993,58,JFK-SFO,292,11,0,0,0,0,1,46,2025-08-14 12:26:00,2025-08-14 17:42:00,70,1
2025-06-17 09:40:00,2025-06-17 15:22:00,AA,SFO,ATL,3841,3.33,2.75,0.0,0.0,-0.5109,0.8406,54,SFO-ATL,342,9,0,0,0,0,1,57,2025-06-17 10:37:00,2025-06-17 16:36:00,74,1
2025-03-01 12:30:00,2025-03-01 14:35:00,UA,LAX,JFK,1119,3.18,3.05,5.48,6.28,-0.4452,0.7688,68,LAX-JFK,125,12,0,0,0,0,0,-5,2025-03-01 12:25:00,2025-03-01 14:33:00,-2,0
2025-11-24 03:15:00,2025-11-24 06:34:00,WN,LAX,BOS,2047,2.12,0.41,3.77,4.0,1.3817,0.3074,99,LAX-BOS,199,3,0,1,0,0,0,-1,2025-11-24 03:14:00,2025-11-24 06:29:00,-5,0
2025-10-10 07:40:00,2025-10-10 11:20:00,UA,SFO,LAX,2309,5.52,4.86,7.44,6.83,-0.3559,0.5272,32,SFO-LAX,220,7,0,0,0,0,1,29,2025-10-10 08:09:00,2025-10-10 12:00:00,40,1
2025-12-30 22:45:00,2025-12-31 03:36:00,B6,LAX,BOS,3201,13.41,14.06,3.52,4.94,1.4332,-0.7108,93,LAX-BOS,291,22,0,1,0,0,0,11,2025-12-30 22:56:00,2025-12-31 03:33:00,-3,0
2025-11-09 02:00:00,2025-11-09 04:57:00,AA,BOS,JFK,1778,13.37,11.68,6.57,4.23,-1.4815,0.135,51,BOS-JFK,177,2,1,1,0,1,0,13,2025-11-09 02:13:00,2025-11-09 05:16:00,19,1
2025-04-17 15:20:00,2025-04-17 19:15:00,UA,JFK,SFO,2496,11.36,9.63,20.45,20.97,1.6192,0.5648,22,JFK-SFO,235,15,0,0,1,0,1,61,2025-04-17 16:21:00,2025-04-17 21:00:00,105,1
2025-04-03 15:50:00,2025-04-03 19:38:00,B6,JFK,BOS,2415,4.67,5.56,0.0,0.0,1.2574,-0.529,19,JFK-BOS,228,15,0,0,0,0,0,-10,2025-04-03 15:40:00,2025-04-03 19:35:00,-3,0
2025-04-01 11:45:00,2025-04-01 12:48:00,WN,ATL,LAX,347,12.05,7.37,1.01,2.21,-0.9564,-0.7493,80,ATL-LAX,63,11,0,0,0,0,0,4,2025-04-01 11:49:00,2025-04-01 12:57:00,9,0
2025-12-02 00:50:00,2025-12-02 05:00:00,B6,JFK,LAX,2693,21.07,19.55,3.27,4.19,-0.3082,0.1998,39,JFK-LAX,250,0,0,1,0,0,0,0,2025-12-02 00:50:00,2025-12-02 05:00:00,0,0
2025-07-23 00:10:00,2025-07-23 04:20:00,UA,JFK,ATL,2685,2.98,4.65,0.0,1.07,-1.2411,0.8395,61,JFK-ATL,250,0,0,1,0,0,0,-10,2025-07-23 00:00:00,2025-07-23 04:09:00,-11,0
2025-06-15 06:20:00,2025-06-15 12:52:00,AA,BOS,JFK,4461,4.86,5.31,0.0,0.0,-0.4936,0.9474,9,BOS-JFK,392,6,1,0,0,0,0,5,2025-06-15 06:25:00,2025-06-15 12:59:00,7,0
2025-12-20 02:10:00,2025-12-20 06:00:00,DL,ATL,SFO,2442,8.76,7.56,4.37,2.88,-1.5638,-0.1479,80,ATL-SFO,230,2,0,1,0,0,0,15,2025-12-20 02:25:00,2025-12-20 06:14:00,14,0
2025-08-09 02:45:00,2025-08-09 08:46:00,B6,JFK,BOS,4079,9.16,8.2,0.0,0.0,-1.7801,-0.0653,66,JFK-BOS,361,2,0,1,0,0,0,-10,2025-08-09 02:35:00,2025-08-09 08:40:00,-6,0
2025-11-28 03:30:00,2025-11-28 06:26:00,DL,JFK,SFO,1766,13.71,9.56,0.39,0.61,-1.2539,0.2526,19,JFK-SFO,176,3,0,1,0,0,1,30,2025-11-28 04:00:00,2025-11-28 07:19:00,53,1
2025-12-26 04:10:00,2025-12-26 09:03:00,B6,ATL,SFO,3222,17.35,14.74,0.0,0.07,1.0368,-0.9248,5,ATL-SFO,293,4,0,1,0,0,0,-10,2025-12-26 04:00:00,2025-12-26 09:00:00,-3,0
2025-01-29 20:00:00,2025-01-30 02:02:00,WN,LAX,JFK,4087,8.37,5.57,0.71,1.15,-1.8601,0.085,53,LAX-JFK,362,20,0,1,0,0,0,-4,2025-01-29 19:56:00,2025-01-30 01:56:00,-6,0
2025-05-12 15:40:00,2025-05-12 17:31:00,WN,ATL,SFO,945,8.04,1.89,3.59,3.89,1.3728,0.2554,29,ATL-SFO,111,15,0,0,0,0,0,-3,2025-05-12 15:37:00,2025-05-12 17:34:00,3,0
2025-09-25 00:45:00,2025-09-25 04:54:00,B6,ATL,LAX,2681,7.01,9.02,0.0,0.0,0.9145,-0.75,58,ATL-LAX,249,0,0,1,0,0,0,8,2025-09-25 00:53:00,2025-09-25 04:57:00,3,0
2025-10-24 15:50:00,2025-10-24 21:58:00,B6,JFK,LAX,4159,13.09,14.01,0.0,0.46,1.3174,0.6583,10,JFK-LAX,368,15,0,0,0,0,0,1,2025-10-24 15:51:00,2025-10-24 22:01:00,3,0
2025-02-24 03:50:00,2025-02-24 07:56:00,UA,BOS,ATL,2635,1.49,3.66,0.0,0.17,0.3447,0.0708,72,BOS-ATL,246,3,0,1,0,0,0,7,2025-02-24 03:57:00,2025-02-24 08:01:00,5,0
2025-04-27 10:45:00,2025-04-27 16:44:00,WN,SFO,ATL,4048,8.85,7.79,0.1,1.27,1.6491,0.737,66,SFO-ATL,359,10,1,0,0,0,0,6,2025-04-27 10:51:00,2025-04-27 16:30:00,-14,0
2025-07-20 00:45:00,2025-07-20 04:05:00,AA,ATL,LAX,2063,7.8,9.03,13.48,12.29,-1.4343,0.1089,96,ATL-LAX,200,0,1,1,1,1,0,51,2025-07-20 01:36:00,2025-07-20 04:59:00,54,1
2025-10-19 02:45:00,2025-10-19 08:42:00,AA,BOS,ATL,4024,13.81,13.72,0.0,0.0,1.3683,-0.3836,46,BOS-ATL,357,2,1,1,0,1,0,5,2025-10-19 02:50:00,2025-10-19 08:49:00,7,0
2025-02-11 03:50:00,2025-02-11 08:20:00,B6,LAX,SFO,2941,5.16,4.62,0.08,0.4,3.0414,-0.2507,45,LAX-SFO,270,3,0,1,0,0,0,-7,2025-02-11 03:43:00,2025-02-11 08:18:00,-2,0
2025-08-08 10:20:00,2025-08-08 14:00:00,AA,BOS,ATL,2311,14.69,15.51,0.92,1.41,-0.2635,0.9102,36,BOS-ATL,220,10,0,0,0,0,0,-7,2025-08-08 10:13:00,2025-08-08 13:54:00,-6,0
2025-04-19 11:45:00,2025-04-19 13:56:00,AA,SFO,ATL,1202,14.74,12.46,0.01,0.0,-0.0554,-0.0978,61,SFO-ATL,131,11,0,0,0,0,0,3,2025-04-19 11:48:00,2025-04-19 13:50:00,-6,0
2025-03-20 08:45:00,2025-03-20 10:41:00,AA,LAX,SFO,1016,27.96,27.69,10.44,10.79,-0.9214,0.0168,47,LAX-SFO,116,8,0,0,0,0,0,4,2025-03-20 08:49:00,2025-03-20 10:37:00,-4,0
2025-07-08 14:00:00,2025-07-08 16:36:00,AA,SFO,BOS,1512,24.17,26.87,12.91,11.83,0.0664,0.517,80,SFO-BOS,156,14,0,0,1,0,0,9,2025-07-08 14:09:00,2025-07-08 16:47:00,11,0
2025-06-01 17:40:00,2025-06-01 22:52:00,UA,SFO,ATL,3468,16.5,19.14,0.0,0.0,0.1861,0.6303,16,SFO-ATL,312,17,1,0,0,0,0,-5,2025-06-01 17:35:00,2025-06-01 22:36:00,-16,0
2025-08-21 17:15:00,2025-08-21 20:51:00,AA,ATL,SFO,2265,4.22,0.0,14.19,14.15,-2.363,0.8405,13,ATL-SFO,216,17,0,0,1,0,0,58,2025-08-21 18:13:00,2025-08-21 22:05:00,74,1
2025-04-26 13:10:00,2025-04-26 16:19:00,AA,JFK,BOS,1931,3.51,4.09,0.0,0.11,0.612,0.3856,89,JFK-BOS,189,13,0,0,0,0,0,1,2025-04-26 13:11:00,2025-04-26 16:22:00,3,0
2025-10-28 13:10:00,2025-10-28 16:46:00,B6,LAX,SFO,2260,14.43,18.21,0.0,0.0,1.1096,-0.404,97,LAX-SFO,216,13,0,0,0,0,0,-6,2025-10-28 13:04:00,2025-10-28 16:46:00,0,0
2025-01-29 11:00:00,2025-01-29 13:55:00,AA,ATL,SFO,1747,9.42,7.89,0.0,0.0,-0.8812,-0.7011,34,ATL-SFO,175,11,0,0,0,0,1,42,2025-01-29 11:42:00,2025-01-29 14:46:00,51,1
2025-11-11 05:50:00,2025-11-11 11:20:00,AA,JFK,ATL,3690,24.28,24.26,7.3,8.14,-0.4244,-0.0817,65,JFK-ATL,330,5,0,0,0,0,0,15,2025-11-11 06:05:00,2025-11-11 11:23:00,3,0
2025-01-11 11:45:00,2025-01-11 14:55:00,UA,LAX,ATL,1941,8.45,7.84,0.0,0.0,0.8482,-0.8113,67,LAX-ATL,190,11,0,0,0,0,0,11,2025-01-11 11:56:00,2025-01-11 14:53:00,-2,0
2025-09-26 00:00:00,2025-09-26 03:38:00,DL,LAX,BOS,2283,15.32,14.27,18.26,18.06,-0.9292,0.828,53,LAX-BOS,218,0,0,1,1,0,0,28,2025-09-26 00:28:00,2025-09-26 04:35:00,57,1
2025-05-07 23:40:00,2025-05-08 03:47:00,DL,JFK,ATL,2648,10.13,11.38,0.52,0.06,0.7433,0.9597,94,JFK-ATL,247,23,0,1,0,0,0,13,2025-05-07 23:53:00,2025-05-08 03:44:00,-3,0
2025-05-20 08:40:00,2025-05-20 13:16:00,UA,SFO,LAX,3014,8.55,9.05,0.5,0.29,0.2861,0.0423,90,SFO-LAX,276,8,0,0,0,0,0,-2,2025-05-20 08:38:00,2025-05-20 13:19:00,3,0
2025-01-07 18:30:00,2025-01-07 21:21:00,AA,LAX,ATL,1700,17.18,16.43,0.12,0.0,2.3349,-0.9225,12,LAX-ATL,171,18,0,0,0,0,0,-5,2025-01-07 18:25:00,2025-01-07 21:13:00,-8,0
2025-09-14 22:30:00,2025-09-14 23:54:00,WN,ATL,JFK,607,15.96,16.52,0.78,0.0,-0.1282,-0.4081,46,ATL-JFK,84,22,1,1,0,1,0,26,2025-09-14 22:56:00,2025-09-15 00:30:00,36,1
2025-03-02 11:50:00,2025-03-02 16:41:00,WN,BOS,ATL,3197,6.72,6.44,0.45,0.0,-0.5338,-0.2232,67,BOS-ATL,291,11,1,0,0,0,0,13,2025-03-02 12:03:00,2025-03-02 17:04:00,23,1
2025-08-29 20:30:00,2025-08-30 00:37:00,AA,SFO,BOS,2652,33.15,31.53,0.0,0.0,0.2471,-0.2186,84,SFO-BOS,247,20,0,1,0,0,1,28,2025-08-29 20:58:00,2025-08-30 01:27:00,50,1
2025-09-22 11:40:00,2025-09-22 16:17:00,UA,ATL,SFO,3020,4.12,3.51,0.08,0.0,0.1157,0.4062,0,ATL-SFO,277,11,0,0,0,0,1,29,2025-09-22 12:09:00,2025-09-22 17:07:00,50,1
2025-11-05 03:30:00,2025-11-05 07:32:00,DL,ATL,BOS,2583,8.92,4.82,0.0,0.9,1.6319,0.9629,43,ATL-BOS,242,3,0,1,0,0,0,24,2025-11-05 03:54:00,2025-11-05 08:08:00,36,1
2025-09-16 00:20:00,2025-09-16 04:10:00,UA,BOS,SFO,2437,13.95,14.74,0.0,1.36,1.5795,-0.9509,94,BOS-SFO,230,0,0,1,0,0,1,55,2025-09-16 01:15:00,2025-09-16 05:39:00,89,1
2025-04-21 03:50:00,2025-04-21 10:08:00,WN,SFO,ATL,4284,12.87,12.43,0.3,0.0,-0.7296,0.9311,47,SFO-ATL,378,3,0,1,0,0,0,12,2025-04-21 04:02:00,2025-04-21 10:18:00,10,0
2025-09-27 22:20:00,2025-09-27 23:37:00,DL,LAX,ATL,526,14.06,15.01,11.15,11.49,-0.1922,0.834,33,LAX-ATL,77,22,0,1,0,0,0,-1,2025-09-27 22:19:00,2025-09-27 23:32:00,-5,0
2025-10-29 11:45:00,2025-10-29 13:15:00,WN,ATL,SFO,687,10.49,8.1,12.96,13.01,-0.6946,0.7123,7,ATL-SFO,90,11,0,0,1,0,0,10,2025-10-29 11:55:00,2025-10-29 13:40:00,25,1
2025-04-26 07:30:00,2025-04-26 13:44:00,WN,BOS,ATL,4233,11.95,12.51,0.0,0.08,-0.8717,-0.1275,29,BOS-ATL,374,7,0,0,0,0,0,-9,2025-04-26 07:21:00,2025-04-26 13:26:00,-18,0
2025-02-15 10:40:00,2025-02-15 16:37:00,B6,SFO,ATL,4024,5.99,8.35,6.28,6.93,-3.2607,-0.2168,60,SFO-ATL,357,10,0,0,0,0,1,38,2025-02-15 11:18:00,2025-02-15 17:31:00,54,1
2025-11-21 06:45:00,2025-11-21 10:02:00,AA,BOS,JFK,2029,9.97,8.31,0.0,0.0,1.6888,-0.041,30,BOS-JFK,197,6,0,0,0,0,0,1,2025-11-21 06:46:00,2025-11-21 09:54:00,-8,0
2025-02-23 20:40:00,2025-02-24 00:41:00,UA,JFK,ATL,2570,22.63,22.95,0.4,0.0,-0.6703,0.3072,19,JFK-ATL,241,20,1,1,0,1,0,44,2025-02-23 21:24:00,2025-02-24 01:44:00,63,1
2025-08-05 23:30:00,2025-08-06 03:00:00,UA,JFK,ATL,2187,2.94,4.37,6.61,9.22,-0.4461,-0.474,98,JFK-ATL,210,23,0,1,0,0,0,1,2025-08-05 23:31:00,2025-08-06 02:49:00,-11,0
2025-03-28 02:30:00,2025-03-28 09:04:00,B6,LAX,JFK,4487,18.58,19.02,0.0,0.0,2.7702,-0.1996,4,LAX-JFK,394,2,0,1,0,0,0,3,2025-03-28 02:33:00,2025-03-28 08:59:00,-5,0
2025-02-15 17:30:00,2025-02-15 21:02:00,DL,LAX,JFK,2215,10.65,7.86,2.73,3.6,-0.6402,0.9192,29,LAX-JFK,212,17,0,0,0,0,0,7,2025-02-15 17:37:00,2025-02-15 21:21:00,19,1
2025-10-11 08:15:00,2025-10-11 13:29:00,DL,SFO,JFK,3491,7.68,7.04,0.0,1.49,-0.1831,-0.853,56,SFO-JFK,314,8,0,0,0,0,1,21,2025-10-11 08:36:00,2025-10-11 14:04:00,35,1
2025-02-22 01:40:00,2025-02-22 04:42:00,WN,ATL,JFK,1833,4.76,1.43,6.24,6.38,0.2671,-0.5952,91,ATL-JFK,182,1,0,1,0,0,0,11,2025-02-22 01:51:00,2025-02-22 04:35:00,-7,0
2025-09-02 22:50:00,2025-09-03 01:57:00,DL,JFK,ATL,1901,7.6,6.33,17.67,18.5,0.3381,-0.9171,73,JFK-ATL,187,22,0,1,1,0,0,29,2025-09-02 23:19:00,2025-09-03 02:38:00,41,1
2025-09-10 01:40:00,2025-09-10 06:26:00,AA,LAX,BOS,3133,17.77,19.95,5.95,4.37,-0.6187,0.1864,89,LAX-BOS,286,1,0,1,0,0,0,8,2025-09-10 01:48:00,2025-09-10 06:10:00,-16,0
2025-01-22 04:45:00,2025-01-22 07:58:00,UA,JFK,BOS,1976,16.31,11.32,0.0,0.02,1.1233,0.0393,44,JFK-BOS,193,4,0,1,0,0,0,-9,2025-01-22 04:36:00,2025-01-22 07:45:00,-13,0
2025-03-05 00:45:00,2025-03-05 01:49:00,B6,LAX,BOS,358,3.42,1.65,0.32,1.16,0.1606,-0.8692,85,LAX-BOS,64,0,0,1,0,0,0,-4,2025-03-05 00:41:00,2025-03-05 01:49:00,0,0
2025-10-17 11:15:00,2025-10-17 13:12:00,DL,LAX,JFK,1026,19.12,16.87,0.0,0.12,0.1123,-0.0762,31,LAX-JFK,117,11,0,0,0,0,0,-6,2025-10-17 11:09:00,2025-10-17 13:05:00,-7,0
2025-07-05 14:00:00,2025-07-05 19:52:00,AA,BOS,ATL,3968,16.71,14.47,5.04,6.13,-0.6737,-0.6093,15,BOS-ATL,352,14,0,0,0,0,0,-3,2025-07-05 13:57:00,2025-07-05 20:00:00,8,0
2025-02-14 07:15:00,2025-02-14 10:17:00,UA,ATL,LAX,1840,4.86,3.07,1.32,1.73,-0.1306,0.2921,89,ATL-LAX,182,7,0,0,0,0,0,0,2025-02-14 07:15:00,2025-02-14 10:17:00,0,0
2025-12-28 01:45:00,2025-12-28 03:18:00,UA,SFO,LAX,730,4.21,6.07,0.0,0.82,0.9747,0.6166,65,SFO-LAX,93,1,1,1,0,1,0,14,2025-12-28 01:59:00,2025-12-28 03:45:00,27,1
2025-04-07 02:45:00,2025-04-07 09:00:00,DL,SFO,LAX,4244,18.64,20.23,0.0,0.71,0.978,-0.7858,6,SFO-LAX,375,2,0,1,0,0,0,-1,2025-04-07 02:44:00,2025-04-07 08:46:00,-14,0
2025-01-02 22:30:00,2025-01-03 05:05:00,WN,SFO,BOS,4498,11.93,11.31,11.85,11.06,-0.4291,0.5099,37,SFO-BOS,395,22,0,1,0,0,1,47,2025-01-02 23:17:00,2025-01-03 06:17:00,72,1
2025-12-04 19:45:00,2025-12-04 23:32:00,AA,BOS,JFK,2398,18.77,15.24,0.54,0.0,-0.774,-0.1182,18,BOS-JFK,227,19,0,0,0,0,0,-3,2025-12-04 19:42:00,2025-12-04 23:24:00,-8,0
2025-01-07 22:00:00,2025-01-08 02:30:00,UA,BOS,JFK,2937,1.65,1.18,0.45,0.37,0.8785,0.0261,47,BOS-JFK,270,22,0,1,0,0,0,13,2025-01-07 22:13:00,2025-01-08 02:45:00,15,1
2025-07-21 12:40:00,2025-07-21 17:53:00,AA,BOS,LAX,3470,2.62,2.91,0.0,0.01,0.3013,-0.1012,66,BOS-LAX,313,12,0,0,0,0,0,6,2025-07-21 12:46:00,2025-07-21 17:46:00,-7,0
2025-12-29 13:40:00,2025-12-29 15:01:00,B6,ATL,BOS,578,15.27,16.26,0.0,0.76,0.8768,0.4334,15,ATL-BOS,81,13,0,0,0,0,0,-10,2025-12-29 13:30:00,2025-12-29 14:59:00,-2,0
2025-07-30 18:30:00,2025-07-30 21:09:00,UA,ATL,JFK,1546,8.12,8.52,4.0,4.36,-0.9689,0.4243,91,ATL-JFK,159,18,0,0,0,0,0,-1,2025-07-30 18:29:00,2025-07-30 21:13:00,4,0
2025-08-02 14:40:00,2025-08-02 18:48:00,WN,BOS,LAX,2662,15.47,14.14,12.55,12.38,-0.0215,0.1741,97,BOS-LAX,248,14,0,0,1,0,0,53,2025-08-02 15:33:00,2025-08-02 20:01:00,73,1
2025-05-22 10:20:00,2025-05-22 14:24:00,WN,SFO,LAX,2609,18.92,19.31,0.03,0.03,0.8793,-0.5475,66,SFO-LAX,244,10,0,0,0,0,1,30,2025-05-22 10:50:00,2025-05-22 15:17:00,53,1
2025-02-16 07:30:00,2025-02-16 10:20:00,WN,BOS,ATL,1691,6.85,5.44,0.0,0.0,-0.7121,-0.2398,26,BOS-ATL,170,7,1,0,0,0,0,19,2025-02-16 07:49:00,2025-02-16 10:32:00,12,0
2025-07-29 11:30:00,2025-07-29 12:29:00,WN,JFK,LAX,306,8.47,9.9,0.0,0.0,1.8873,0.6283,22,JFK-LAX,59,11,0,0,0,0,0,11,2025-07-29 11:41:00,2025-07-29 12:22:00,-7,0
2025-11-24 01:45:00,2025-11-24 08:04:00,B6,JFK,ATL,4302,7.25,9.74,0.0,0.0,1.6302,-0.374,85,JFK-ATL,379,1,0,1,0,0,0,-7,2025-11-24 01:38:00,2025-11-24 07:56:00,-8,0
2025-02-03 04:10:00,2025-02-03 08:35:00,WN,BOS,LAX,2880,5.58,4.74,17.37,15.23,-0.2038,0.8361,43,BOS-LAX,265,4,0,1,1,0,0,33,2025-02-03 04:43:00,2025-02-03 09:30:00,55,1
2025-11-18 17:15:00,2025-11-18 22:28:00,AA,SFO,LAX,3472,11.43,7.93,22.76,22.84,-0.1967,-0.4241,6,SFO-LAX,313,17,0,0,1,0,0,29,2025-11-18 17:44:00,2025-11-18 23:09:00,41,1
2025-06-01 20:20:00,2025-06-01 23:46:00,DL,ATL,SFO,2136,15.99,19.72,2.32,0.0,0.3212,0.1007,40,ATL-SFO,206,20,1,1,0,1,0,31,2025-06-01 20:51:00,2025-06-02 00:16:00,30,1
2025-07-15 02:10:00,2025-07-15 05:59:00,UA,SFO,LAX,2429,5.95,6.21,13.17,12.88,0.17,0.2228,79,SFO-LAX,229,2,0,1,1,0,0,31,2025-07-15 02:41:00,2025-07-15 06:41:00,42,1
2025-03-02 02:15:00,2025-03-02 05:43:00,B6,LAX,ATL,2167,5.89,5.18,0.0,1.93,1.2146,-0.6626,63,LAX-ATL,208,2,1,1,0,1,0,14,2025-03-02 02:29:00,2025-03-02 06:02:00,19,1
2025-08-15 02:15:00,2025-08-15 05:38:00,UA,BOS,ATL,2105,6.48,5.94,3.08,2.76,-0.8808,-0.015,79,BOS-ATL,203,2,0,1,0,0,0,4,2025-08-15 02:19:00,2025-08-15 05:42:00,4,0
2025-03-08 18:15:00,2025-03-08 22:59:00,B6,LAX,BOS,3116,14.25,10.4,0.73,0.05,-0.8702,-0.4777,66,LAX-BOS,284,18,0,0,0,0,0,3,2025-03-08 18:18:00,2025-03-08 22:47:00,-12,0
2025-04-10 07:20:00,2025-04-10 13:54:00,WN,JFK,BOS,4482,16.93,18.02,8.53,8.21,0.271,-0.5219,26,JFK-BOS,394,7,0,0,0,0,0,2,2025-04-10 07:22:00,2025-04-10 13:56:00,2,0
2025-09-21 07:30:00,2025-09-21 12:50:00,DL,SFO,BOS,3564,7.05,6.52,0.14,0.21,0.4949,-0.0247,56,SFO-BOS,320,7,1,0,0,0,0,1,2025-09-21 07:31:00,2025-09-21 12:52:00,2,0
2025-01-19 00:40:00,2025-01-19 05:23:00,B6,ATL,SFO,3103,0.0,1.65,0.0,0.0,-0.0359,-0.404,56,ATL-SFO,283,0,1,1,0,1,1,36,2025-01-19 01:16:00,2025-01-19 06:21:00,58,1
2025-06-13 23:15:00,2025-06-14 00:18:00,UA,ATL,SFO,350,3.92,4.12,6.09,6.12,0.8955,0.1863,98,ATL-SFO,63,23,0,1,0,0,0,4,2025-06-13 23:19:00,2025-06-14 00:24:00,6,0
2025-08-06 10:45:00,2025-08-06 14:37:00,UA,JFK,ATL,2458,5.81,1.35,0.0,0.0,1.3674,0.4179,29,JFK-ATL,232,10,0,0,0,0,0,1,2025-08-06 10:46:00,2025-08-06 14:41:00,4,0
2025-02-18 19:20:00,2025-02-19 01:40:00,AA,SFO,ATL,4314,4.96,5.67,0.6,0.0,0.7471,0.4564,32,SFO-ATL,380,19,0,0,0,0,0,10,2025-02-18 19:30:00,2025-02-19 01:35:00,-5,0
2025-04-18 16:40:00,2025-04-18 19:53:00,AA,ATL,SFO,1971,2.3,3.55,0.0,1.17,0.3712,-0.582,21,ATL-SFO,193,16,0,0,0,0,0,5,2025-04-18 16:45:00,2025-04-18 19:46:00,-7,0
2025-05-06 03:00:00,2025-05-06 07:04:00,UA,LAX,JFK,2607,7.17,10.38,10.98,9.29,-0.2166,-0.3268,38,LAX-JFK,244,3,0,1,0,0,0,9,2025-05-06 03:09:00,2025-05-06 07:18:00,14,0
2025-08-31 19:10:00,2025-08-31 21:58:00,WN,SFO,JFK,1663,41.59,38.35,0.0,1.6,0.075,0.9398,61,SFO-JFK,168,19,1,0,0,0,1,51,2025-08-31 20:01:00,2025-08-31 22:56:00,58,1
2025-12-23 13:20:00,2025-12-23 15:23:00,B6,JFK,LAX,1102,4.0,4.39,10.9,10.17,-1.3663,0.8315,43,JFK-LAX,123,13,0,0,0,0,0,20,2025-12-23 13:40:00,2025-12-23 16:13:00,50,1
2025-11-02 14:15:00,2025-11-02 19:11:00,WN,SFO,BOS,3262,13.04,11.45,6.02,3.78,-1.1896,0.8407,72,SFO-BOS,296,14,1,0,0,0,0,-3,2025-11-02 14:12:00,2025-11-02 19:09:00,-2,0
2025-03-11 04:20:00,2025-03-11 07:04:00,UA,LAX,ATL,1616,12.83,13.98,0.94,1.94,1.2587,0.2168,6,LAX-ATL,164,4,0,1,0,0,0,0,2025-03-11 04:20:00,2025-03-11 06:49:00,-15,0
2025-01-07 20:10:00,2025-01-08 00:27:00,DL,BOS,LAX,2769,16.45,15.05,0.59,0.0,1.7536,0.1184,71,BOS-LAX,257,20,0,1,0,0,0,0,2025-01-07 20:10:00,2025-01-08 00:26:00,-1,0
2025-01-19 22:20:00,2025-01-20 02:38:00,UA,SFO,LAX,2792,7.59,9.56,2.39,1.43,-1.3662,0.0646,90,SFO-LAX,258,22,1,1,0,1,0,35,2025-01-19 22:55:00,2025-01-20 03:25:00,47,1
2025-08-06 09:40:00,2025-08-06 15:24:00,AA,LAX,JFK,3862,3.6,6.52,5.27,4.72,0.5465,0.4604,83,LAX-JFK,344,9,0,0,0,0,0,21,2025-08-06 10:01:00,2025-08-06 15:49:00,25,1
2025-02-27 02:40:00,2025-02-27 08:54:00,UA,ATL,BOS,4240,15.1,15.28,16.09,15.46,-1.5246,-0.9073,45,ATL-BOS,374,2,0,1,1,0,0,41,2025-02-27 03:21:00,2025-02-27 09:53:00,59,1
2025-03-26 20:10:00,2025-03-27 00:15:00,AA,JFK,BOS,2624,5.68,1.66,0.0,0.0,1.648,-0.6789,71,JFK-BOS,245,20,0,1,0,0,0,-8,2025-03-26 20:02:00,2025-03-26 23:59:00,-16,0
2025-11-06 21:15:00,2025-11-06 22:31:00,WN,LAX,SFO,511,8.1,11.3,0.05,0.0,-0.0167,-0.4585,77,LAX-SFO,76,21,0,1,0,0,0,9,2025-11-06 21:24:00,2025-11-06 22:35:00,4,0
2025-11-15 12:30:00,2025-11-15 16:45:00,AA,SFO,LAX,2745,8.89,7.55,0.15,0.0,2.5193,0.2878,38,SFO-LAX,255,12,0,0,0,0,1,10,2025-11-15 12:40:00,2025-11-15 17:07:00,22,1
2025-11-03 13:30:00,2025-11-03 19:26:00,UA,LAX,SFO,4015,4.21,5.21,18.35,19.26,-0.6366,-0.4711,37,LAX-SFO,356,13,0,0,1,0,0,23,2025-11-03 13:53:00,2025-11-03 20:02:00,36,1
2025-04-03 05:45:00,2025-04-03 09:24:00,DL,JFK,LAX,2304,6.18,6.44,1.67,2.83,-0.5097,-0.7191,97,JFK-LAX,219,5,0,0,0,0,0,35,2025-04-03 06:20:00,2025-04-03 10:13:00,49,1
2025-08-15 01:20:00,2025-08-15 05:29:00,WN,BOS,ATL,2671,14.6,13.54,0.72,0.0,0.3996,-0.8056,82,BOS-ATL,249,1,0,1,0,0,0,-10,2025-08-15 01:10:00,2025-08-15 05:31:00,2,0
2025-08-11 22:40:00,2025-08-12 03:55:00,WN,ATL,LAX,3503,10.19,10.1,20.81,18.86,0.9037,0.7923,95,ATL-LAX,315,22,0,1,1,0,0,38,2025-08-11 23:18:00,2025-08-12 04:57:00,62,1
2025-03-09 11:50:00,2025-03-09 15:16:00,DL,ATL,JFK,2143,3.58,3.59,3.92,2.6,0.8112,0.3512,86,ATL-JFK,206,11,1,0,0,0,0,-10,2025-03-09 11:40:00,2025-03-09 15:22:00,6,0
2025-07-22 06:15:00,2025-07-22 09:33:00,DL,LAX,ATL,2042,15.46,12.64,21.2,21.99,0.974,-0.1576,45,LAX-ATL,198,6,0,0,1,0,0,3,2025-07-22 06:18:00,2025-07-22 09:40:00,7,0
2025-07-11 16:45:00,2025-07-11 20:26:00,B6,SFO,ATL,2325,27.8,27.42,1.34,1.08,-0.226,-0.8033,39,SFO-ATL,221,16,0,0,0,0,0,-10,2025-07-11 16:35:00,2025-07-11 20:13:00,-13,0
2025-05-25 00:15:00,2025-05-25 06:00:00,B6,ATL,BOS,3878,5.57,1.38,1.01,0.0,0.9855,0.2721,97,ATL-BOS,345,0,1,1,0,1,0,38,2025-05-25 00:53:00,2025-05-25 06:46:00,46,1
2025-10-02 01:15:00,2025-10-02 04:58:00,B6,LAX,ATL,2349,8.39,11.1,1.49,0.0,2.2235,0.2412,49,LAX-ATL,223,1,0,1,0,0,0,-4,2025-10-02 01:11:00,2025-10-02 04:45:00,-13,0
2025-09-05 05:40:00,2025-09-05 08:29:00,DL,JFK,LAX,1673,6.76,12.15,3.57,1.84,0.8012,-0.9854,98,JFK-LAX,169,5,0,0,0,0,0,-5,2025-09-05 05:35:00,2025-09-05 08:23:00,-6,0
2025-07-14 10:30:00,2025-07-14 14:49:00,AA,ATL,LAX,2806,1.58,6.19,0.0,0.3,-0.818,-0.3574,62,ATL-LAX,259,10,0,0,0,0,0,15,2025-07-14 10:45:00,2025-07-14 14:47:00,-2,0
2025-09-22 08:30:00,2025-09-22 13:22:00,WN,BOS,JFK,3209,19.18,21.12,0.0,0.88,0.427,0.5324,74,BOS-JFK,292,8,0,0,0,0,0,-2,2025-09-22 08:28:00,2025-09-22 13:22:00,0,0
2025-10-06 04:10:00,2025-10-06 10:16:00,DL,BOS,ATL,4133,8.17,8.53,26.4,27.06,-1.9577,0.729,71,BOS-ATL,366,4,0,1,1,0,0,40,2025-10-06 04:50:00,2025-10-06 11:09:00,53,1
2025-07-26 08:00:00,2025-07-26 13:59:00,DL,LAX,ATL,4050,15.78,17.43,0.19,0.0,0.7024,-0.4925,80,LAX-ATL,359,8,0,0,0,0,0,-5,2025-07-26 07:55:00,2025-07-26 14:04:00,5,0
2025-04-08 08:50:00,2025-04-08 14:12:00,WN,BOS,SFO,3589,11.61,10.04,0.02,0.78,-1.6674,-0.1072,14,BOS-SFO,322,8,0,0,0,0,0,25,2025-04-08 09:15:00,2025-04-08 15:02:00,50,1
2025-10-04 12:45:00,2025-10-04 18:02:00,AA,SFO,BOS,3530,20.35,24.01,13.72,15.25,0.7183,0.546,11,SFO-BOS,317,12,0,0,1,0,0,35,2025-10-04 13:20:00,2025-10-04 18:58:00,56,1
2025-09-19 13:50:00,2025-09-19 17:20:00,B6,BOS,ATL,2187,11.83,13.55,0.0,0.0,-0.0403,0.1929,29,BOS-ATL,210,13,0,0,0,0,0,-5,2025-09-19 13:45:00,2025-09-19 17:11:00,-9,0
2025-12-25 21:30:00,2025-12-26 00:24:00,DL,ATL,LAX,1738,5.79,7.26,0.25,0.08,1.0048,-0.2936,27,ATL-LAX,174,21,1,1,0,1,0,18,2025-12-25 21:48:00,2025-12-26 00:58:00,34,1
2025-02-24 19:50:00,2025-02-24 23:58:00,DL,ATL,SFO,2663,14.52,14.92,0.0,0.0,0.0485,0.9432,49,ATL-SFO,248,19,0,0,0,0,1,39,2025-02-24 20:29:00,2025-02-25 01:00:00,62,1
2025-06-03 07:20:00,2025-06-03 12:16:00,WN,JFK,ATL,3266,5.64,4.11,0.0,0.08,1.4133,0.0206,12,JFK-ATL,296,7,0,0,0,0,0,6,2025-06-03 07:26:00,2025-06-03 12:34:00,18,1
2025-12-04 21:00:00,2025-12-05 00:53:00,WN,JFK,SFO,2477,16.16,12.22,0.11,0.0,0.5725,0.2521,53,JFK-SFO,233,21,0,1,0,0,1,13,2025-12-04 21:13:00,2025-12-05 01:31:00,38,1
2025-07-07 12:10:00,2025-07-07 14:19:00,WN,LAX,ATL,1169,5.4,0.54,0.0,1.42,1.1016,0.0073,15,LAX-ATL,129,12,0,0,0,0,0,5,2025-07-07 12:15:00,2025-07-07 14:23:00,4,0
2025-12-11 04:15:00,2025-12-11 05:19:00,UA,JFK,BOS,362,8.26,8.86,13.99,15.87,-0.3841,-0.7429,73,JFK-BOS,64,4,0,1,1,0,0,2,2025-12-11 04:17:00,2025-12-11 05:23:00,4,0
2025-01-05 08:20:00,2025-01-05 09:39:00,WN,ATL,LAX,544,9.22,7.17,0.0,1.74,-0.4367,0.0917,77,ATL-LAX,79,8,1,0,0,0,0,-4,2025-01-05 08:16:00,2025-01-05 09:29:00,-10,0
2025-01-13 17:50:00,2025-01-13 21:12:00,DL,BOS,JFK,2090,11.33,11.85,0.37,0.0,-1.3938,-0.44,97,BOS-JFK,202,17,0,0,0,0,0,21,2025-01-13 18:11:00,2025-01-13 21:27:00,15,1
2025-10-18 19:15:00,2025-10-19 00:40:00,UA,JFK,LAX,3623,23.16,22.15,0.0,2.07,-1.1376,-0.9521,20,JFK-LAX,325,19,0,0,0,0,0,7,2025-10-18 19:22:00,2025-10-19 00:43:00,3,0
2025-05-11 08:30:00,2025-05-11 13:54:00,AA,BOS,ATL,3617,6.99,6.86,0.0,0.24,0.0969,-0.6761,8,BOS-ATL,324,8,1,0,0,0,0,-4,2025-05-11 08:26:00,2025-05-11 13:43:00,-11,0
2025-07-09 03:15:00,2025-07-09 08:45:00,UA,LAX,BOS,3693,16.03,17.57,0.49,0.0,0.0655,0.8522,37,LAX-BOS,330,3,0,1,0,0,0,-2,2025-07-09 03:13:00,2025-07-09 08:46:00,1,0
2025-06-06 04:40:00,2025-06-06 09:37:00,DL,SFO,LAX,3278,20.58,17.97,0.0,1.26,0.402,0.6011,72,SFO-LAX,297,4,0,1,0,0,1,5,2025-06-06 04:45:00,2025-06-06 10:10:00,33,1
2025-05-29 02:30:00,2025-05-29 03:37:00,B6,BOS,SFO,396,15.7,17.35,0.0,0.0,-0.689,-0.9558,43,BOS-SFO,67,2,0,1,0,0,0,-7,2025-05-29 02:23:00,2025-05-29 03:37:00,0,0
2025-12-09 16:10:00,2025-12-09 22:06:00,B6,JFK,ATL,4010,9.81,10.22,5.84,6.35,0.1702,0.2191,20,JFK-ATL,356,16,0,0,0,0,0,2,2025-12-09 16:12:00,2025-12-09 21:55:00,-11,0
2025-02-04 12:20:00,2025-02-04 18:37:00,AA,SFO,BOS,4280,7.75,11.42,0.12,0.0,1.3466,0.177,6,SFO-BOS,377,12,0,0,0,0,1,60,2025-02-04 13:20:00,2025-02-04 19:54:00,77,1
2025-10-09 10:00:00,2025-10-09 15:45:00,WN,BOS,LAX,3869,4.86,7.5,0.0,0.42,0.4338,-0.0583,16,BOS-LAX,345,10,0,0,0,0,0,-4,2025-10-09 09:56:00,2025-10-09 15:47:00,2,0
2025-11-21 16:50:00,2025-11-21 20:19:00,AA,JFK,SFO,2172,2.6,4.09,0.29,0.0,0.0401,-0.7119,86,JFK-SFO,209,16,0,0,0,0,1,26,2025-11-21 17:16:00,2025-11-21 21:03:00,44,1
2025-08-28 19:40:00,2025-08-28 21:51:00,DL,BOS,LAX,1201,10.96,9.77,0.69,0.0,0.2861,0.8714,82,BOS-LAX,131,19,0,0,0,0,0,0,2025-08-28 19:40:00,2025-08-28 21:47:00,-4,0
2025-05-25 19:50:00,2025-05-26 01:53:00,UA,LAX,ATL,4102,22.62,21.89,0.62,0.0,1.244,0.0402,84,LAX-ATL,363,19,1,0,0,0,0,9,2025-05-25 19:59:00,2025-05-26 02:05:00,12,0
2025-02-28 03:50:00,2025-02-28 05:51:00,DL,LAX,BOS,1077,23.15,25.03,0.81,0.0,0.1741,0.4657,51,LAX-BOS,121,3,0,1,0,0,0,-8,2025-02-28 03:42:00,2025-02-28 05:52:00,1,0
2025-09-07 14:10:00,2025-09-07 19:34:00,B6,ATL,LAX,3610,1.94,0.27,0.0,0.08,-0.5193,0.699,1,ATL-LAX,324,14,1,0,0,0,0,-6,2025-09-07 14:04:00,2025-09-07 19:39:00,5,0
2025-06-21 21:40:00,2025-06-22 04:03:00,AA,ATL,LAX,4354,22.82,21.44,0.72,1.29,-0.5094,0.9257,67,ATL-LAX,383,21,0,1,0,0,0,18,2025-06-21 21:58:00,2025-06-22 04:00:00,-3,0
2025-02-24 18:00:00,2025-02-25 00:02:00,B6,ATL,LAX,4082,12.37,13.17,0.19,0.0,-0.5441,-0.7814,59,ATL-LAX,362,18,0,0,0,0,0,-10,2025-02-24 17:50:00,2025-02-24 23:50:00,-12,0
2025-05-12 07:50:00,2025-05-12 11:44:00,B6,ATL,JFK,2488,9.88,10.36,0.0,0.77,-0.5692,-0.2315,63,ATL-JFK,234,7,0,0,0,0,0,13,2025-05-12 08:03:00,2025-05-12 11:51:00,7,0
2025-12-17 09:45:00,2025-12-17 15:24:00,WN,ATL,JFK,3800,19.48,21.02,3.62,2.83,0.7897,0.0509,59,ATL-JFK,339,9,0,0,0,0,0,6,2025-12-17 09:51:00,2025-12-17 15:29:00,5,0
2025-04-07 21:40:00,2025-04-08 03:18:00,B6,LAX,BOS,3789,19.48,17.14,0.31,0.0,1.7006,0.1564,24,LAX-BOS,338,21,0,1,0,0,0,9,2025-04-07 21:49:00,2025-04-08 03:33:00,15,1
2025-03-07 00:50:00,2025-03-07 07:16:00,DL,SFO,JFK,4390,6.65,4.39,6.51,4.34,-0.4086,0.8206,62,SFO-JFK,386,0,0,1,0,0,0,2,2025-03-07 00:52:00,2025-03-07 07:15:00,-1,0
2025-09-06 12:45:00,2025-09-06 15:45:00,WN,JFK,BOS,1813,6.24,5.16,0.84,0.05,-0.9022,-0.0373,95,JFK-BOS,180,12,0,0,0,0,0,12,2025-09-06 12:57:00,2025-09-06 15:39:00,-6,0
2025-03-14 02:45:00,2025-03-14 07:15:00,WN,SFO,JFK,2942,1.99,3.89,10.02,10.11,-1.2703,0.5327,25,SFO-JFK,270,2,0,1,0,0,1,59,2025-03-14 03:44:00,2025-03-14 08:45:00,90,1
2025-12-02 21:00:00,2025-12-03 02:34:00,DL,LAX,ATL,3732,10.44,13.22,0.24,0.0,1.7264,-0.1005,25,LAX-ATL,334,21,0,1,0,0,0,12,2025-12-02 21:12:00,2025-12-03 02:47:00,13,0
2025-11-10 00:00:00,2025-11-10 02:15:00,DL,SFO,LAX,1254,4.46,4.55,17.37,17.73,0.9665,-0.2317,16,SFO-LAX,135,0,0,1,1,0,0,43,2025-11-10 00:43:00,2025-11-10 03:03:00,48,1
2025-12-25 00:50:00,2025-12-25 03:05:00,DL,LAX,BOS,1247,7.35,5.99,0.18,0.64,-0.681,-0.48,63,LAX-BOS,135,0,1,1,0,1,0,37,2025-12-25 01:27:00,2025-12-25 03:51:00,46,1
2025-11-30 07:15:00,2025-11-30 10:25:00,AA,ATL,LAX,1936,20.95,19.79,0.0,1.42,0.1403,-0.3928,8,ATL-LAX,190,7,1,0,0,0,0,-10,2025-11-30 07:05:00,2025-11-30 10:25:00,0,0
2025-03-30 04:20:00,2025-03-30 07:20:00,UA,JFK,ATL,1812,14.26,13.31,10.72,8.9,1.403,0.2726,60,JFK-ATL,180,4,1,1,0,1,0,1,2025-03-30 04:21:00,2025-03-30 07:40:00,20,1
2025-03-19 11:00:00,2025-03-19 16:12:00,AA,JFK,SFO,3457,15.17,17.88,8.6,9.72,-0.0637,-0.8891,72,JFK-SFO,312,11,0,0,0,0,1,38,2025-03-19 11:38:00,2025-03-19 17:08:00,56,1
2025-05-06 07:30:00,2025-05-06 13:43:00,DL,LAX,BOS,4230,35.58,30.58,1.17,0.63,0.8626,-0.3754,29,LAX-BOS,373,7,0,0,0,0,0,-5,2025-05-06 07:25:00,2025-05-06 13:44:00,1,0
2025-06-21 08:45:00,2025-06-21 10:37:00,B6,LAX,BOS,959,0.0,0.0,11.0,12.08,-0.1561,0.3495,49,LAX-BOS,112,8,0,0,0,0,0,13,2025-06-21 08:58:00,2025-06-21 10:55:00,18,1
2025-11-18 13:45:00,2025-11-18 16:33:00,AA,ATL,BOS,1665,8.53,3.06,0.0,1.69,-0.2954,-0.8209,24,ATL-BOS,168,13,0,0,0,0,0,6,2025-11-18 13:51:00,2025-11-18 16:38:00,5,0
2025-09-25 13:30:00,2025-09-25 19:41:00,WN,LAX,JFK,4205,4.87,7.95,0.54,0.0,-2.6488,0.081,61,LAX-JFK,371,13,0,0,0,0,0,12,2025-09-25 13:42:00,2025-09-25 19:35:00,-6,0
2025-08-24 22:40:00,2025-08-25 02:59:00,DL,SFO,ATL,2797,4.14,5.54,0.0,0.15,-0.4046,-0.0816,18,SFO-ATL,259,22,1,1,0,1,1,45,2025-08-24 23:25:00,2025-08-25 04:12:00,73,1
2025-11-17 11:30:00,2025-11-17 13:38:00,AA,ATL,LAX,1162,17.05,15.82,8.1,8.92,-0.5361,-0.8697,55,ATL-LAX,128,11,0,0,0,0,0,2,2025-11-17 11:32:00,2025-11-17 13:43:00,5,0
2025-08-24 13:20:00,2025-08-24 17:42:00,UA,JFK,SFO,2835,8.87,9.68,0.37,0.0,0.5204,-0.8471,56,JFK-SFO,262,13,1,0,0,0,0,-8,2025-08-24 13:12:00,2025-08-24 17:35:00,-7,0
2025-05-19 16:30:00,2025-05-19 22:23:00,DL,SFO,LAX,3979,3.63,4.49,0.0,1.26,0.2497,0.2016,65,SFO-LAX,353,16,0,0,0,0,1,29,2025-05-19 16:59:00,2025-05-19 23:09:00,46,1
2025-05-31 04:50:00,2025-05-31 07:55:00,WN,ATL,JFK,1870,10.89,13.13,18.04,17.16,0.1978,0.056,90,ATL-JFK,185,4,0,1,1,0,0,45,2025-05-31 05:35:00,2025-05-31 09:17:00,82,1
2025-07-08 16:15:00,2025-07-08 19:56:00,B6,ATL,JFK,2331,15.74,14.93,1.03,0.44,0.9525,0.4415,70,ATL-JFK,221,16,0,0,0,0,0,4,2025-07-08 16:19:00,2025-07-08 19:57:00,1,0
2025-02-02 20:20:00,2025-02-03 00:45:00,WN,SFO,JFK,2877,3.43,0.52,9.13,9.65,-2.3374,0.2486,27,SFO-JFK,265,20,1,1,0,1,1,32,2025-02-02 20:52:00,2025-02-03 01:39:00,54,1
2025-09-28 07:30:00,2025-09-28 13:11:00,WN,ATL,BOS,3830,7.12,9.61,0.23,0.22,-0.0495,-0.0157,21,ATL-BOS,341,7,1,0,0,0,0,-2,2025-09-28 07:28:00,2025-09-28 13:02:00,-9,0
2025-08-27 04:30:00,2025-08-27 08:39:00,WN,LAX,JFK,2671,15.28,10.89,2.31,2.65,-1.1698,-0.1363,43,LAX-JFK,249,4,0,1,0,0,0,5,2025-08-27 04:35:00,2025-08-27 08:31:00,-8,0
2025-09-24 08:00:00,2025-09-24 14:21:00,DL,SFO,LAX,4324,21.69,21.01,6.58,6.9,-1.2516,-0.3633,68,SFO-LAX,381,8,0,0,0,0,1,36,2025-09-24 08:36:00,2025-09-24 15:16:00,55,1
2025-07-14 06:15:00,2025-07-14 11:28:00,UA,JFK,SFO,3470,7.01,5.46,11.6,10.39,-0.2906,-0.9198,39,JFK-SFO,313,6,0,0,0,0,1,43,2025-07-14 06:58:00,2025-07-14 12:26:00,58,1
2025-10-13 14:40:00,2025-10-13 18:01:00,B6,JFK,BOS,2073,14.32,14.01,0.09,0.0,0.0216,-0.8436,27,JFK-BOS,201,14,0,0,0,0,0,-2,2025-10-13 14:38:00,2025-10-13 18:05:00,4,0
2025-12-13 20:40:00,2025-12-14 00:23:00,UA,JFK,BOS,2347,4.47,4.21,0.0,0.0,0.5024,0.1562,69,JFK-BOS,223,20,0,1,0,0,0,6,2025-12-13 20:46:00,2025-12-14 00:24:00,1,0
2025-07-28 14:40:00,2025-07-28 19:33:00,UA,BOS,SFO,3225,10.22,11.86,4.24,3.23,0.436,0.1593,2,BOS-SFO,293,14,0,0,0,0,1,32,2025-07-28 15:12:00,2025-07-28 20:34:00,61,1
2025-06-12 03:50:00,2025-06-12 05:13:00,WN,BOS,JFK,596,2.49,2.26,6.74,8.3,-0.8265,-0.9096,83,BOS-JFK,83,3,0,1,0,0,0,6,2025-06-12 03:56:00,2025-06-12 04:56:00,-17,0
2025-02-08 07:40:00,2025-02-08 09:55:00,UA,JFK,ATL,1252,14.1,15.06,1.01,0.93,-0.197,-0.1303,81,JFK-ATL,135,7,0,0,0,0,0,2,2025-02-08 07:42:00,2025-02-08 10:05:00,10,0
2025-10-12 16:30:00,2025-10-12 18:49:00,AA,SFO,LAX,1300,19.25,15.97,28.57,27.92,1.4371,0.899,8,SFO-LAX,139,16,1,0,1,0,0,36,2025-10-12 17:06:00,2025-10-12 19:57:00,68,1
2025-11-26 07:15:00,2025-11-26 12:43:00,UA,SFO,BOS,3663,10.12,8.69,0.03,0.0,1.6139,-0.6239,75,SFO-BOS,328,7,0,0,0,0,1,47,2025-11-26 08:02:00,2025-11-26 13:54:00,71,1
2025-09-13 14:15:00,2025-09-13 19:50:00,AA,SFO,BOS,3754,7.81,11.0,0.36,1.4,-0.3069,0.5363,54,SFO-BOS,335,14,0,0,0,0,0,18,2025-09-13 14:33:00,2025-09-13 20:01:00,11,0
2025-11-12 16:45:00,2025-11-12 22:19:00,WN,ATL,JFK,3743,8.37,11.41,0.35,0.0,0.0929,0.0163,75,ATL-JFK,334,16,0,0,0,0,0,5,2025-11-12 16:50:00,2025-11-12 22:27:00,8,0
2025-11-11 07:20:00,2025-11-11 08:54:00,B6,BOS,ATL,742,2.32,0.74,0.0,0.0,-0.8963,0.5557,76,BOS-ATL,94,7,0,0,0,0,0,11,2025-11-11 07:31:00,2025-11-11 09:11:00,17,1
2025-10-19 15:40:00,2025-10-19 18:18:00,DL,LAX,ATL,1540,16.87,14.42,0.4,0.0,1.0273,-0.4564,37,LAX-ATL,158,15,1,0,0,0,0,12,2025-10-19 15:52:00,2025-10-19 18:51:00,33,1
2025-07-03 09:00:00,2025-07-03 11:44:00,DL,JFK,BOS,1610,21.13,19.37,13.45,15.42,2.316,0.9689,81,JFK-BOS,164,9,0,0,1,0,0,43,2025-07-03 09:43:00,2025-07-03 12:22:00,38,1
2025-02-06 03:10:00,2025-02-06 04:17:00,AA,BOS,LAX,401,4.3,9.17,1.16,0.77,-0.5352,-0.28,77,BOS-LAX,67,3,0,1,0,0,0,-9,2025-02-06 03:01:00,2025-02-06 04:15:00,-2,0
2025-01-02 08:10:00,2025-01-02 10:36:00,DL,BOS,LAX,1382,11.76,10.96,10.55,10.0,1.1762,0.2536,69,BOS-LAX,146,8,0,0,0,0,0,20,2025-01-02 08:30:00,2025-01-02 11:04:00,28,1
2025-03-16 10:10:00,2025-03-16 13:34:00,WN,ATL,SFO,2111,14.95,15.36,0.0,0.0,0.7366,0.3671,28,ATL-SFO,204,10,1,0,0,0,0,4,2025-03-16 10:14:00,2025-03-16 13:37:00,3,0
2025-06-07 00:30:00,2025-06-07 06:27:00,AA,BOS,JFK,4019,6.27,6.68,0.0,0.0,-0.1678,0.3212,22,BOS-JFK,357,0,0,1,0,0,0,-1,2025-06-07 00:29:00,2025-06-07 06:25:00,-2,0
2025-09-29 21:40:00,2025-09-29 23:36:00,UA,JFK,LAX,1014,22.38,21.41,1.66,1.99,-0.6961,0.0594,29,JFK-LAX,116,21,0,1,0,0,0,4,2025-09-29 21:44:00,2025-09-29 23:24:00,-12,0
2025-06-16 12:30:00,2025-06-16 18:18:00,B6,JFK,SFO,3913,11.44,8.05,0.0,0.0,2.4784,0.3531,31,JFK-SFO,348,12,0,0,0,0,1,34,2025-06-16 13:04:00,2025-06-16 19:02:00,44,1
2025-01-09 00:15:00,2025-01-09 05:49:00,B6,JFK,ATL,3737,3.54,1.78,0.0,0.33,0.7661,0.3586,36,JFK-ATL,334,0,0,1,0,0,0,-10,2025-01-09 00:05:00,2025-01-09 05:31:00,-18,0
2025-03-18 20:30:00,2025-03-18 22:22:00,AA,BOS,LAX,964,17.96,22.98,35.99,35.9,0.9586,0.4754,76,BOS-LAX,112,20,0,1,1,0,0,54,2025-03-18 21:24:00,2025-03-18 23:27:00,65,1
2025-12-24 20:00:00,2025-12-24 22:27:00,B6,BOS,SFO,1396,7.66,9.41,0.0,0.0,-0.2116,0.4524,72,BOS-SFO,147,20,1,1,0,1,0,25,2025-12-24 20:25:00,2025-12-24 23:14:00,47,1
2025-12-27 00:20:00,2025-12-27 03:53:00,B6,SFO,JFK,2224,7.68,8.79,0.57,0.0,0.061,0.3464,33,SFO-JFK,213,0,0,1,0,0,1,27,2025-12-27 00:47:00,2025-12-27 04:39:00,46,1
2025-05-18 03:10:00,2025-05-18 09:26:00,WN,JFK,BOS,4263,15.92,12.44,0.51,0.0,-1.2168,0.8213,24,JFK-BOS,376,3,1,1,0,1,0,11,2025-05-18 03:21:00,2025-05-18 09:52:00,26,1
2025-10-21 08:00:00,2025-10-21 13:23:00,B6,BOS,LAX,3596,9.13,5.78,10.78,12.72,0.7609,0.7965,73,BOS-LAX,323,8,0,0,0,0,0,-2,2025-10-21 07:58:00,2025-10-21 13:33:00,10,0
2025-09-20 12:10:00,2025-09-20 18:35:00,UA,LAX,SFO,4381,23.39,23.85,1.05,0.03,-0.3745,-0.9148,7,LAX-SFO,385,12,0,0,0,0,1,45,2025-09-20 12:55:00,2025-09-20 19:31:00,56,1
2025-12-06 17:00:00,2025-12-06 19:44:00,UA,JFK,BOS,1612,17.89,17.61,0.0,0.92,-1.0265,0.9621,56,JFK-BOS,164,17,0,0,0,0,0,2,2025-12-06 17:02:00,2025-12-06 19:51:00,7,0
2025-11-20 10:20:00,2025-11-20 16:24:00,WN,JFK,BOS,4117,27.14,24.37,0.7,0.73,-0.8549,0.5882,25,JFK-BOS,364,10,0,0,0,0,0,7,2025-11-20 10:27:00,2025-11-20 16:26:00,2,0
2025-08-18 14:30:00,2025-08-18 20:50:00,B6,BOS,ATL,4315,33.29,30.43,1.1,1.34,2.4106,0.187,59,BOS-ATL,380,14,0,0,0,0,0,6,2025-08-18 14:36:00,2025-08-18 20:38:00,-12,0
2025-05-25 00:30:00,2025-05-25 04:50:00,AA,LAX,BOS,2818,10.79,14.8,17.85,18.79,-0.2975,0.2167,45,LAX-BOS,260,0,1,1,1,1,0,47,2025-05-25 01:17:00,2025-05-25 05:46:00,56,1
2025-08-17 15:20:00,2025-08-17 17:11:00,WN,ATL,LAX,947,8.23,10.25,3.43,4.26,0.3682,-0.2225,7,ATL-LAX,111,15,1,0,0,0,0,-9,2025-08-17 15:11:00,2025-08-17 17:11:00,0,0
2025-04-27 21:10:00,2025-04-27 23:39:00,DL,SFO,JFK,1423,5.5,7.3,1.1,0.57,-1.195,-0.1392,31,SFO-JFK,149,21,1,1,0,1,0,-4,2025-04-27 21:06:00,2025-04-27 23:40:00,1,0
2025-05-08 12:00:00,2025-05-08 13:42:00,B6,JFK,ATL,840,15.36,15.75,4.74,6.53,-0.1891,-0.2419,50,JFK-ATL,102,12,0,0,0,0,0,3,2025-05-08 12:03:00,2025-05-08 13:31:00,-11,0
2025-08-11 10:40:00,2025-08-11 16:10:00,WN,JFK,BOS,3690,28.28,30.99,10.03,11.27,-1.3705,0.8983,71,JFK-BOS,330,10,0,0,0,0,0,10,2025-08-11 10:50:00,2025-08-11 16:15:00,5,0
2025-07-28 07:50:00,2025-07-28 10:34:00,AA,BOS,ATL,1614,3.36,5.22,0.66,4.19,0.3718,0.1961,92,BOS-ATL,164,7,0,0,0,0,0,-5,2025-07-28 07:45:00,2025-07-28 10:37:00,3,0
2025-08-01 22:15:00,2025-08-02 03:10:00,UA,JFK,LAX,3246,12.88,10.86,0.0,0.0,-0.9105,-0.6822,7,JFK-LAX,295,22,0,1,0,0,0,-4,2025-08-01 22:11:00,2025-08-02 03:16:00,6,0
2025-05-21 00:10:00,2025-05-21 02:39:00,B6,LAX,SFO,1422,0.0,3.85,0.04,0.0,0.7981,0.5408,69,LAX-SFO,149,0,0,1,0,0,0,18,2025-05-21 00:28:00,2025-05-21 03:00:00,21,1
2025-05-30 06:15:00,2025-05-30 12:42:00,WN,JFK,ATL,4404,3.65,0.0,0.13,0.0,-1.7897,0.3887,65,JFK-ATL,387,6,0,0,0,0,0,2,2025-05-30 06:17:00,2025-05-30 12:45:00,3,0
2025-01-04 03:10:00,2025-01-04 08:29:00,WN,ATL,BOS,3549,21.81,19.42,0.22,0.41,-0.6321,0.2666,0,ATL-BOS,319,3,0,1,0,0,0,-5,2025-01-04 03:05:00,2025-01-04 08:29:00,0,0
2025-08-08 20:10:00,2025-08-08 23:16:00,AA,JFK,SFO,1884,17.5,22.53,9.39,10.18,1.1767,-0.4718,31,JFK-SFO,186,20,0,1,0,0,1,-2,2025-08-08 20:08:00,2025-08-08 23:29:00,13,0
2025-07-30 11:20:00,2025-07-30 14:59:00,B6,BOS,SFO,2302,4.4,6.94,0.87,2.28,1.5331,0.2373,13,BOS-SFO,219,11,0,0,0,0,1,73,2025-07-30 12:33:00,2025-07-30 17:02:00,123,1
2025-12-08 22:45:00,2025-12-09 00:04:00,WN,ATL,LAX,546,2.95,5.11,0.18,0.0,0.006,0.6327,18,ATL-LAX,79,22,0,1,0,0,0,15,2025-12-08 23:00:00,2025-12-09 00:21:00,17,1
2025-07-04 15:40:00,2025-07-04 17:25:00,B6,SFO,LAX,874,21.61,23.69,11.98,13.73,-0.3883,-0.6656,33,SFO-LAX,105,15,1,0,0,0,0,8,2025-07-04 15:48:00,2025-07-04 17:16:00,-9,0
2025-06-20 13:50:00,2025-06-20 20:24:00,B6,BOS,SFO,4493,3.9,2.47,0.0,0.0,0.1165,0.0947,23,BOS-SFO,394,13,0,0,0,0,0,8,2025-06-20 13:58:00,2025-06-20 20:25:00,1,0
2025-01-25 12:15:00,2025-01-25 17:48:00,B6,JFK,BOS,3726,3.55,2.81,0.0,0.15,2.052,-0.5821,60,JFK-BOS,333,12,0,0,0,0,0,-2,2025-01-25 12:13:00,2025-01-25 17:56:00,8,0
2025-03-13 04:20:00,2025-03-13 10:01:00,WN,ATL,SFO,3820,2.86,4.33,0.15,0.0,-0.2684,0.1047,19,ATL-SFO,341,4,0,1,0,0,0,24,2025-03-13 04:44:00,2025-03-13 10:26:00,25,1
2025-05-04 13:20:00,2025-05-04 17:55:00,UA,BOS,SFO,3002,13.97,15.96,0.34,0.59,0.0035,0.2842,14,BOS-SFO,275,13,1,0,0,0,1,28,2025-05-04 13:48:00,2025-05-04 18:24:00,29,1
2025-05-18 16:00:00,2025-05-18 18:13:00,AA,BOS,JFK,1230,34.83,36.43,0.15,1.15,-1.0529,0.6216,86,BOS-JFK,133,16,1,0,0,0,0,3,2025-05-18 16:03:00,2025-05-18 18:04:00,-9,0
2025-05-13 23:20:00,2025-05-14 00:54:00,AA,ATL,BOS,742,6.55,6.4,0.38,0.0,-0.6777,-0.0031,52,ATL-BOS,94,23,0,1,0,0,0,1,2025-05-13 23:21:00,2025-05-14 00:51:00,-3,0
2025-05-24 13:15:00,2025-05-24 18:18:00,WN,SFO,JFK,3347,19.99,20.63,0.09,0.54,0.4406,0.8608,29,SFO-JFK,303,13,0,0,0,0,1,39,2025-05-24 13:54:00,2025-05-24 19:12:00,54,1
2025-10-08 22:20:00,2025-10-09 01:10:00,B6,BOS,LAX,1693,11.42,11.75,1.5,0.61,0.8931,0.8227,82,BOS-LAX,170,22,0,1,0,0,0,-8,2025-10-08 22:12:00,2025-10-09 01:14:00,4,0
2025-02-17 22:10:00,2025-02-17 23:09:00,B6,JFK,SFO,302,3.25,0.0,0.0,0.05,0.3024,0.6338,81,JFK-SFO,59,22,1,1,0,1,0,3,2025-02-17 22:13:00,2025-02-17 23:33:00,24,1
2025-05-02 12:40:00,2025-05-02 13:47:00,B6,JFK,ATL,394,5.84,3.1,6.48,6.4,0.8307,0.1103,0,JFK-ATL,67,12,0,0,0,0,0,6,2025-05-02 12:46:00,2025-05-02 13:57:00,10,0
2025-03-01 10:45:00,2025-03-01 14:51:00,AA,JFK,BOS,2642,19.72,19.99,0.0,0.0,-1.0005,-0.6212,29,JFK-BOS,246,10,0,0,0,0,0,4,2025-03-01 10:49:00,2025-03-01 14:58:00,7,0
2025-04-23 03:50:00,2025-04-23 09:31:00,UA,JFK,LAX,3828,19.09,18.21,0.0,0.0,-1.0996,0.3017,53,JFK-LAX,341,3,0,1,0,0,0,-10,2025-04-23 03:40:00,2025-04-23 09:32:00,1,0
2025-09-07 06:00:00,2025-09-07 09:01:00,WN,JFK,ATL,1823,6.22,3.44,0.06,0.87,0.7944,0.4119,0,JFK-ATL,181,6,1,0,0,0,0,1,2025-09-07 06:01:00,2025-09-07 08:45:00,-16,0
2025-01-18 21:00:00,2025-01-19 03:35:00,WN,ATL,LAX,4499,17.74,12.0,4.22,3.07,-0.4762,-0.0107,67,ATL-LAX,395,21,0,1,0,0,0,7,2025-01-18 21:07:00,2025-01-19 03:36:00,1,0
2025-05-04 03:50:00,2025-05-04 06:57:00,UA,LAX,BOS,1901,7.89,10.35,12.7,14.17,-1.1745,0.9339,0,LAX-BOS,187,3,1,1,1,1,0,45,2025-05-04 04:35:00,2025-05-04 07:51:00,54,1
2025-01-09 09:45:00,2025-01-09 14:50:00,B6,ATL,SFO,3379,11.83,11.49,0.45,0.0,0.2028,-0.8059,98,ATL-SFO,305,9,0,0,0,0,1,26,2025-01-09 10:11:00,2025-01-09 15:27:00,37,1
2025-12-15 16:30:00,2025-12-15 18:51:00,DL,JFK,BOS,1326,20.25,21.94,2.87,3.59,0.0859,0.7084,36,JFK-BOS,141,16,0,0,0,0,0,0,2025-12-15 16:30:00,2025-12-15 18:56:00,5,0
2025-09-23 05:15:00,2025-09-23 09:38:00,B6,BOS,LAX,2850,6.8,5.41,0.0,0.01,-0.1898,0.8076,53,BOS-LAX,263,5,0,0,0,0,0,11,2025-09-23 05:26:00,2025-09-23 09:42:00,4,0
2025-03-30 23:30:00,2025-03-31 02:01:00,UA,JFK,SFO,1454,6.89,7.19,1.63,0.0,1.587,0.2563,85,JFK-SFO,151,23,1,1,0,1,0,32,2025-03-31 00:02:00,2025-03-31 02:37:00,36,1
2025-03-14 15:30:00,2025-03-14 20:50:00,WN,ATL,LAX,3568,20.6,20.5,3.79,4.82,1.8747,0.7755,55,ATL-LAX,320,15,0,0,0,0,0,5,2025-03-14 15:35:00,2025-03-14 20:56:00,6,0
2025-02-06 00:45:00,2025-02-06 04:17:00,UA,LAX,JFK,2209,34.61,32.32,0.0,0.0,0.9598,-0.5758,59,LAX-JFK,212,0,0,1,0,0,0,5,2025-02-06 00:50:00,2025-02-06 04:11:00,-6,0
2025-06-22 05:30:00,2025-06-22 06:43:00,DL,JFK,BOS,475,19.6,18.23,38.65,38.97,0.4295,-0.3095,95,JFK-BOS,73,5,1,0,1,0,0,43,2025-06-22 06:13:00,2025-06-22 07:41:00,58,1
2025-10-03 17:00:00,2025-10-03 19:22:00,UA,ATL,LAX,1342,11.43,11.39,0.01,0.0,1.3801,-0.6372,67,ATL-LAX,142,17,0,0,0,0,0,15,2025-10-03 17:15:00,2025-10-03 19:19:00,-3,0
2025-08-02 20:40:00,2025-08-02 23:37:00,UA,ATL,LAX,1779,15.37,16.58,17.63,17.34,0.1578,-0.3729,40,ATL-LAX,177,20,0,1,1,0,0,9,2025-08-02 20:49:00,2025-08-03 00:26:00,49,1
2025-11-18 22:45:00,2025-11-19 02:21:00,WN,JFK,SFO,2259,8.76,7.37,6.62,9.11,-0.1938,-0.6693,41,JFK-SFO,216,22,0,1,0,0,0,6,2025-11-18 22:51:00,2025-11-19 02:21:00,0,0
2025-05-06 20:15:00,2025-05-06 22:45:00,AA,LAX,BOS,1435,10.65,11.19,2.85,3.11,-0.5836,-0.6723,64,LAX-BOS,150,20,0,1,0,0,0,-1,2025-05-06 20:14:00,2025-05-06 22:42:00,-3,0
2025-04-12 01:00:00,2025-04-12 05:13:00,AA,JFK,BOS,2724,3.2,0.71,0.0,0.0,-0.7822,-0.9384,27,JFK-BOS,253,1,0,1,0,0,0,0,2025-04-12 01:00:00,2025-04-12 05:05:00,-8,0
2025-06-24 17:10:00,2025-06-24 23:33:00,DL,LAX,BOS,4346,6.59,6.4,0.55,0.81,0.928,0.4894,0,LAX-BOS,383,17,0,0,0,0,0,22,2025-06-24 17:32:00,2025-06-24 23:58:00,25,1
2025-03-15 02:45:00,2025-03-15 07:43:00,DL,LAX,BOS,3286,11.86,12.01,0.0,0.26,-1.5019,-0.3957,64,LAX-BOS,298,2,0,1,0,0,0,0,2025-03-15 02:45:00,2025-03-15 07:33:00,-10,0
2025-12-23 01:20:00,2025-12-23 04:04:00,WN,SFO,JFK,1607,10.54,11.1,0.0,1.01,-0.5943,0.2221,66,SFO-JFK,164,1,0,1,0,0,1,9,2025-12-23 01:29:00,2025-12-23 04:15:00,11,0
2025-03-09 16:30:00,2025-03-09 21:17:00,WN,SFO,ATL,3144,1.96,3.52,0.0,0.08,-0.3537,0.389,57,SFO-ATL,287,16,1,0,0,0,1,29,2025-03-09 16:59:00,2025-03-09 22:03:00,46,1
2025-06-24 11:50:00,2025-06-24 18:14:00,AA,SFO,JFK,4360,7.51,8.7,0.0,0.96,-1.4074,0.3422,31,SFO-JFK,384,11,0,0,0,0,0,6,2025-06-24 11:56:00,2025-06-24 18:17:00,3,0
2025-07-10 15:00:00,2025-07-10 17:20:00,AA,LAX,ATL,1316,11.48,14.6,0.0,2.05,-0.3914,0.8615,3,LAX-ATL,140,15,0,0,0,0,0,31,2025-07-10 15:31:00,2025-07-10 18:03:00,43,1
2025-01-21 20:10:00,2025-01-21 22:27:00,B6,JFK,SFO,1275,11.23,11.59,0.0,0.0,0.0937,0.4395,19,JFK-SFO,137,20,0,1,0,0,0,-6,2025-01-21 20:04:00,2025-01-21 22:28:00,1,0
2025-06-20 01:45:00,2025-06-20 02:57:00,WN,JFK,ATL,464,1.83,2.92,14.52,13.81,1.0273,0.2318,55,JFK-ATL,72,1,0,1,1,0,0,38,2025-06-20 02:23:00,2025-06-20 03:50:00,53,1
2025-06-15 12:30:00,2025-06-15 18:12:00,B6,LAX,JFK,3837,17.86,15.72,0.0,0.0,-0.506,-0.7353,3,LAX-JFK,342,12,1,0,0,0,0,5,2025-06-15 12:35:00,2025-06-15 18:02:00,-10,0
2025-04-05 20:00:00,2025-04-06 01:39:00,WN,ATL,BOS,3797,30.38,29.85,0.0,0.38,0.1007,-0.9575,63,ATL-BOS,339,20,0,1,0,0,0,4,2025-04-05 20:04:00,2025-04-06 01:43:00,4,0
2025-02-16 10:40:00,2025-02-16 13:58:00,UA,LAX,SFO,2037,17.45,17.57,2.16,2.77,-1.4942,0.4503,18,LAX-SFO,198,10,1,0,0,0,1,39,2025-02-16 11:19:00,2025-02-16 14:45:00,47,1
2025-01-17 12:10:00,2025-01-17 18:02:00,DL,JFK,BOS,3963,10.77,8.36,0.97,1.26,-1.2165,0.7349,36,JFK-BOS,352,12,0,0,0,0,0,-1,2025-01-17 12:09:00,2025-01-17 18:01:00,-1,0
2025-01-04 11:45:00,2025-01-04 16:23:00,B6,JFK,BOS,3036,23.14,25.07,8.26,6.71,-1.9036,0.1976,98,JFK-BOS,278,11,0,0,0,0,0,-7,2025-01-04 11:38:00,2025-01-04 16:18:00,-5,0
2025-06-25 21:45:00,2025-06-26 04:13:00,B6,SFO,JFK,4411,5.71,5.12,0.03,0.0,0.9789,0.9814,34,SFO-JFK,388,21,0,1,0,0,1,20,2025-06-25 22:05:00,2025-06-26 04:43:00,30,1
2025-02-02 01:45:00,2025-02-02 07:54:00,UA,LAX,SFO,4175,12.44,16.18,0.51,0.2,-0.3279,0.776,40,LAX-SFO,369,1,1,1,0,1,0,20,2025-02-02 02:05:00,2025-02-02 08:25:00,31,1
2025-12-17 21:20:00,2025-12-18 03:41:00,UA,SFO,BOS,4330,9.46,6.03,5.06,5.48,0.221,0.8777,78,SFO-BOS,381,21,0,1,0,0,1,15,2025-12-17 21:35:00,2025-12-18 04:19:00,38,1
2025-03-31 19:15:00,2025-03-31 22:26:00,DL,SFO,BOS,1948,26.07,25.92,0.85,1.63,0.5235,0.4616,6,SFO-BOS,191,19,0,0,0,0,0,17,2025-03-31 19:32:00,2025-03-31 22:45:00,19,1
2025-08-27 19:50:00,2025-08-28 00:22:00,B6,SFO,ATL,2962,4.78,2.02,0.31,0.23,0.8085,0.9271,37,SFO-ATL,272,19,0,0,0,0,0,14,2025-08-27 20:04:00,2025-08-28 00:22:00,0,0
2025-09-03 09:30:00,2025-09-03 11:25:00,AA,BOS,LAX,1002,6.12,5.32,0.0,0.54,2.0054,0.2009,48,BOS-LAX,115,9,0,0,0,0,0,0,2025-09-03 09:30:00,2025-09-03 11:24:00,-1,0
2025-06-30 12:40:00,2025-06-30 18:39:00,AA,ATL,LAX,4055,19.88,21.15,0.54,0.0,-0.0413,-0.0624,28,ATL-LAX,359,12,0,0,0,0,0,-4,2025-06-30 12:36:00,2025-06-30 18:34:00,-5,0
2025-11-19 08:10:00,2025-11-19 10:56:00,B6,BOS,LAX,1635,12.7,10.65,0.0,0.55,-0.7115,-0.9084,98,BOS-LAX,166,8,0,0,0,0,0,-10,2025-11-19 08:00:00,2025-11-19 10:51:00,-5,0
2025-02-10 06:30:00,2025-02-10 09:59:00,B6,LAX,ATL,2181,23.5,24.57,2.07,3.44,0.6983,0.8436,78,LAX-ATL,209,6,0,0,0,0,0,3,2025-02-10 06:33:00,2025-02-10 09:46:00,-13,0
2025-03-27 21:30:00,2025-03-28 01:49:00,DL,SFO,LAX,2796,5.31,0.69,8.48,7.88,2.3629,-0.2104,5,SFO-LAX,259,21,0,1,0,0,1,70,2025-03-27 22:40:00,2025-03-28 03:26:00,97,1
2025-04-03 12:15:00,2025-04-03 17:38:00,UA,SFO,ATL,3606,4.02,5.68,1.01,0.0,-0.5392,-0.806,98,SFO-ATL,323,12,0,0,0,0,1,-2,2025-04-03 12:13:00,2025-04-03 17:35:00,-3,0
2025-02-19 17:45:00,2025-02-19 22:50:00,DL,LAX,SFO,3373,13.73,13.35,0.0,0.0,-0.795,0.4247,20,LAX-SFO,305,17,0,0,0,0,1,43,2025-02-19 18:28:00,2025-02-19 23:58:00,68,1
2025-04-18 02:10:00,2025-04-18 08:30:00,B6,LAX,SFO,4312,4.76,5.09,0.2,0.0,-2.555,-0.334,18,LAX-SFO,380,2,0,1,0,0,1,25,2025-04-18 02:35:00,2025-04-18 09:27:00,57,1
2025-04-25 18:40:00,2025-04-25 23:39:00,AA,SFO,BOS,3294,12.15,8.86,14.45,13.65,-2.0671,0.0876,74,SFO-BOS,299,18,0,0,1,0,1,14,2025-04-25 18:54:00,2025-04-25 23:58:00,19,1
2025-10-07 15:50:00,2025-10-07 21:17:00,UA,LAX,BOS,3644,5.2,6.28,0.17,0.76,1.4194,0.9929,37,LAX-BOS,327,15,0,0,0,0,0,-8,2025-10-07 15:42:00,2025-10-07 21:13:00,-4,0
2025-04-21 23:30:00,2025-04-22 03:41:00,UA,ATL,JFK,2704,9.47,11.1,4.0,5.54,-0.1735,0.3098,3,ATL-JFK,251,23,0,1,0,0,0,27,2025-04-21 23:57:00,2025-04-22 04:16:00,35,1
2025-11-16 03:00:00,2025-11-16 06:19:00,B6,JFK,LAX,2046,16.14,17.65,8.96,9.14,-1.1378,-0.95,0,JFK-LAX,199,3,1,1,0,1,0,15,2025-11-16 03:15:00,2025-11-16 06:41:00,22,1
2025-10-10 12:30:00,2025-10-10 18:36:00,UA,BOS,SFO,4136,15.88,18.41,2.33,1.19,0.003,-0.8887,70,BOS-SFO,366,12,0,0,0,0,1,12,2025-10-10 12:42:00,2025-10-10 18:56:00,20,1
2025-11-26 12:30:00,2025-11-26 15:36:00,DL,LAX,BOS,1886,30.43,33.03,0.0,0.98,2.6013,0.1594,48,LAX-BOS,186,12,0,0,0,0,0,8,2025-11-26 12:38:00,2025-11-26 15:25:00,-11,0
2025-02-08 12:30:00,2025-02-08 16:57:00,UA,LAX,SFO,2905,19.58,18.87,9.94,11.2,0.0042,-0.8984,47,LAX-SFO,267,12,0,0,0,0,1,32,2025-02-08 13:02:00,2025-02-08 17:58:00,61,1
2025-12-26 01:15:00,2025-12-26 03:52:00,WN,BOS,LAX,1524,4.36,2.25,0.18,1.82,1.9147,-0.9874,28,BOS-LAX,157,1,0,1,0,0,0,13,2025-12-26 01:28:00,2025-12-26 03:48:00,-4,0
2025-08-13 11:40:00,2025-08-13 15:21:00,B6,BOS,SFO,2326,5.94,4.33,0.09,0.0,-0.9369,-0.3575,21,BOS-SFO,221,11,0,0,0,0,0,3,2025-08-13 11:43:00,2025-08-13 15:14:00,-7,0
2025-12-25 07:15:00,2025-12-25 10:17:00,AA,ATL,SFO,1841,5.62,1.91,1.06,0.0,1.4603,-0.8865,82,ATL-SFO,182,7,1,0,0,0,0,1,2025-12-25 07:16:00,2025-12-25 10:19:00,2,0
2025-05-10 14:30:00,2025-05-10 16:56:00,WN,BOS,ATL,1385,19.64,18.29,6.1,6.25,-0.5611,0.714,43,BOS-ATL,146,14,0,0,0,0,0,-4,2025-05-10 14:26:00,2025-05-10 16:52:00,-4,0
2025-12-14 05:30:00,2025-12-14 11:05:00,UA,SFO,ATL,3746,28.11,22.73,0.0,0.0,-0.7696,-0.2539,91,SFO-ATL,335,5,1,0,0,0,0,12,2025-12-14 05:42:00,2025-12-14 11:13:00,8,0
2025-08-03 10:40:00,2025-08-03 15:57:00,AA,LAX,SFO,3522,4.76,2.71,1.89,1.3,-0.9396,-0.0402,58,LAX-SFO,317,10,1,0,0,0,1,36,2025-08-03 11:16:00,2025-08-03 16:57:00,60,1
2025-01-27 14:45:00,2025-01-27 19:40:00,DL,SFO,JFK,3246,18.65,16.25,14.27,14.58,-0.3239,0.5177,11,SFO-JFK,295,14,0,0,1,0,0,60,2025-01-27 15:45:00,2025-01-27 21:00:00,80,1
2025-05-30 01:50:00,2025-05-30 03:17:00,UA,SFO,LAX,648,9.2,10.81,2.41,4.07,0.9759,-0.3379,42,SFO-LAX,87,1,0,1,0,0,0,19,2025-05-30 02:09:00,2025-05-30 03:32:00,15,1
2025-02-20 18:45:00,2025-02-20 21:08:00,B6,SFO,LAX,1349,7.61,7.75,0.0,0.0,-0.4817,-0.3547,86,SFO-LAX,143,18,0,0,0,0,0,-3,2025-02-20 18:42:00,2025-02-20 21:13:00,5,0
2025-12-10 17:45:00,2025-12-10 19:57:00,B6,ATL,LAX,1215,3.1,3.24,0.83,0.09,1.0697,-0.4628,7,ATL-LAX,132,17,0,0,0,0,0,3,2025-12-10 17:48:00,2025-12-10 19:37:00,-20,0
2025-04-22 01:45:00,2025-04-22 06:43:00,UA,BOS,SFO,3288,8.4,9.64,2.99,2.38,-0.7174,0.9527,21,BOS-SFO,298,1,0,1,0,0,1,5,2025-04-22 01:50:00,2025-04-22 07:07:00,24,1
2025-03-23 01:10:00,2025-03-23 07:09:00,WN,ATL,BOS,4048,11.13,10.61,32.55,31.84,-0.0821,-0.5809,50,ATL-BOS,359,1,1,1,1,1,0,67,2025-03-23 02:17:00,2025-03-23 08:40:00,91,1
2025-07-21 20:15:00,2025-07-21 23:21:00,UA,ATL,JFK,1893,6.42,6.12,0.08,0.0,-0.5308,0.3683,30,ATL-JFK,186,20,0,1,0,0,0,3,2025-07-21 20:18:00,2025-07-21 23:11:00,-10,0
2025-06-05 06:30:00,2025-06-05 09:20:00,WN,BOS,ATL,1687,14.62,11.62,0.42,0.83,1.8119,0.2896,61,BOS-ATL,170,6,0,0,0,0,0,3,2025-06-05 06:33:00,2025-06-05 09:27:00,7,0
2025-02-05 20:20:00,2025-02-06 00:26:00,B6,BOS,JFK,2642,8.95,11.05,0.72,1.18,0.5175,-0.0772,88,BOS-JFK,246,20,0,1,0,0,0,-10,2025-02-05 20:10:00,2025-02-06 00:22:00,-4,0
2025-10-26 11:40:00,2025-10-26 18:11:00,AA,ATL,SFO,4448,10.85,8.84,5.12,3.0,0.2842,0.5244,70,ATL-SFO,391,11,1,0,0,0,1,48,2025-10-26 12:28:00,2025-10-26 19:19:00,68,1
2025-11-05 08:00:00,2025-11-05 11:03:00,B6,SFO,LAX,1855,14.24,13.95,0.0,0.0,-0.2789,-0.6393,36,SFO-LAX,183,8,0,0,0,0,1,38,2025-11-05 08:38:00,2025-11-05 12:02:00,59,1
2025-09-29 06:10:00,2025-09-29 08:42:00,AA,JFK,ATL,1468,11.14,9.15,9.21,10.01,-0.5829,-0.8416,81,JFK-ATL,152,6,0,0,0,0,0,-8,2025-09-29 06:02:00,2025-09-29 08:31:00,-11,0
2025-08-14 15:40:00,2025-08-14 19:34:00,B6,LAX,ATL,2490,0.0,5.42,8.53,9.37,-1.0066,0.2779,1,LAX-ATL,234,15,0,0,0,0,0,2,2025-08-14 15:42:00,2025-08-14 19:26:00,-8,0
2025-05-27 02:45:00,2025-05-27 08:52:00,UA,LAX,JFK,4146,14.61,17.04,11.24,9.18,1.322,-0.4781,75,LAX-JFK,367,2,0,1,0,0,0,10,2025-05-27 02:55:00,2025-05-27 08:52:00,0,0
2025-07-17 09:15:00,2025-07-17 14:19:00,AA,SFO,BOS,3365,13.43,14.39,16.88,15.77,-1.6145,0.7488,5,SFO-BOS,304,9,0,0,1,0,1,47,2025-07-17 10:02:00,2025-07-17 15:15:00,56,1
2025-07-10 08:15:00,2025-07-10 12:08:00,AA,ATL,LAX,2476,19.77,19.35,0.28,1.36,-0.3623,0.1415,18,ATL-LAX,233,8,0,0,0,0,0,-2,2025-07-10 08:13:00,2025-07-10 12:07:00,-1,0
2025-03-02 03:30:00,2025-03-02 08:35:00,B6,BOS,LAX,3370,10.88,11.41,0.83,0.0,0.8826,-0.6312,33,BOS-LAX,305,3,1,1,0,1,0,-1,2025-03-02 03:29:00,2025-03-02 08:46:00,11,0
2025-01-30 08:20:00,2025-01-30 09:24:00,WN,BOS,LAX,363,9.83,8.52,0.0,0.0,-1.6753,-0.4303,13,BOS-LAX,64,8,0,0,0,0,0,14,2025-01-30 08:34:00,2025-01-30 09:35:00,11,0
2025-04-03 12:10:00,2025-04-03 17:22:00,UA,JFK,ATL,3463,4.2,4.57,3.13,2.81,0.1783,0.1942,88,JFK-ATL,312,12,0,0,0,0,0,-10,2025-04-03 12:00:00,2025-04-03 17:16:00,-6,0
2025-06-15 16:30:00,2025-06-15 18:02:00,B6,JFK,BOS,710,3.63,0.63,8.65,7.62,-0.8706,0.8636,63,JFK-BOS,92,16,1,0,0,0,0,1,2025-06-15 16:31:00,2025-06-15 18:14:00,12,0
2025-02-28 02:45:00,2025-02-28 05:55:00,B6,LAX,JFK,1942,9.22,12.44,0.77,0.0,0.0266,-0.2363,8,LAX-JFK,190,2,0,1,0,0,0,5,2025-02-28 02:50:00,2025-02-28 05:52:00,-3,0
2025-02-08 20:40:00,2025-02-08 23:37:00,AA,JFK,LAX,1769,5.83,5.22,0.79,0.0,-0.1686,-0.8806,71,JFK-LAX,177,20,0,1,0,0,0,9,2025-02-08 20:49:00,2025-02-08 23:32:00,-5,0
2025-11-07 21:45:00,2025-11-08 02:36:00,UA,BOS,SFO,3200,23.95,20.64,14.25,12.62,-2.2549,0.3794,19,BOS-SFO,291,21,0,1,1,0,1,37,2025-11-07 22:22:00,2025-11-08 03:25:00,49,1
2025-05-17 16:40:00,2025-05-17 19:00:00,WN,JFK,BOS,1308,10.88,11.88,10.6,10.01,0.638,0.1128,74,JFK-BOS,140,16,0,0,0,0,0,1,2025-05-17 16:41:00,2025-05-17 19:04:00,4,0
2025-08-02 22:50:00,2025-08-03 01:09:00,WN,SFO,JFK,1302,3.78,3.19,0.39,0.26,-0.9878,0.5083,96,SFO-JFK,139,22,0,1,0,0,0,5,2025-08-02 22:55:00,2025-08-03 01:05:00,-4,0
2025-07-11 10:10:00,2025-07-11 16:06:00,UA,JFK,SFO,4013,3.55,0.0,0.0,0.38,-0.5487,0.0031,6,JFK-SFO,356,10,0,0,0,0,1,39,2025-07-11 10:49:00,2025-07-11 16:54:00,48,1
2025-09-26 19:00:00,2025-09-26 22:39:00,DL,JFK,BOS,2305,2.82,0.51,19.08,17.99,0.0507,-0.2027,41,JFK-BOS,219,19,0,0,1,0,0,36,2025-09-26 19:36:00,2025-09-26 23:28:00,49,1
2025-09-28 17:00:00,2025-09-28 22:08:00,DL,ATL,BOS,3414,17.7,12.04,0.0,0.0,0.3757,-0.1396,63,ATL-BOS,308,17,1,0,0,0,0,-8,2025-09-28 16:52:00,2025-09-28 22:18:00,10,0
2025-04-19 13:50:00,2025-04-19 18:05:00,AA,ATL,BOS,2749,21.99,24.58,1.43,0.72,0.4474,0.6238,87,ATL-BOS,255,13,0,0,0,0,0,-4,2025-04-19 13:46:00,2025-04-19 17:58:00,-7,0
2025-11-06 04:40:00,2025-11-06 09:07:00,UA,BOS,LAX,2903,12.52,15.05,0.0,0.35,0.7909,-0.2203,65,BOS-LAX,267,4,0,1,0,0,0,7,2025-11-06 04:47:00,2025-11-06 09:04:00,-3,0
2025-05-16 13:10:00,2025-05-16 18:00:00,UA,ATL,LAX,3183,10.53,11.33,0.66,0.62,-2.4676,-0.0719,38,ATL-LAX,290,13,0,0,0,0,0,-5,2025-05-16 13:05:00,2025-05-16 17:59:00,-1,0
2025-11-01 21:45:00,2025-11-02 02:28:00,B6,JFK,LAX,3103,32.81,32.44,10.64,10.44,0.4828,-0.4992,4,JFK-LAX,283,21,0,1,0,0,0,27,2025-11-01 22:12:00,2025-11-02 02:59:00,31,1
2025-05-28 23:15:00,2025-05-29 05:20:00,AA,SFO,LAX,4130,17.94,16.12,1.45,0.0,0.011,-0.9716,51,SFO-LAX,365,23,0,1,0,0,1,21,2025-05-28 23:36:00,2025-05-29 05:47:00,27,1
2025-02-10 10:30:00,2025-02-10 15:53:00,UA,JFK,ATL,3596,10.91,14.46,10.75,10.92,-0.5534,-0.5767,44,JFK-ATL,323,10,0,0,0,0,0,3,2025-02-10 10:33:00,2025-02-10 15:52:00,-1,0
2025-10-05 05:10:00,2025-10-05 07:51:00,WN,LAX,JFK,1580,7.75,9.34,4.79,3.78,0.2626,0.6143,94,LAX-JFK,161,5,1,0,0,0,0,9,2025-10-05 05:19:00,2025-10-05 07:40:00,-11,0
2025-01-12 17:00:00,2025-01-12 18:56:00,UA,SFO,JFK,1012,25.59,24.64,0.0,0.0,0.9205,0.8307,50,SFO-JFK,116,17,1,0,0,0,0,-2,2025-01-12 16:58:00,2025-01-12 18:55:00,-1,0
2025-10-09 01:15:00,2025-10-09 06:58:00,AA,LAX,BOS,3850,7.53,8.73,0.0,0.31,-0.8765,0.4833,95,LAX-BOS,343,1,0,1,0,0,0,5,2025-10-09 01:20:00,2025-10-09 06:51:00,-7,0
2025-01-16 03:10:00,2025-01-16 06:14:00,WN,LAX,SFO,1864,5.6,4.49,10.51,10.56,1.402,-0.1255,56,LAX-SFO,184,3,0,1,0,0,1,20,2025-01-16 03:30:00,2025-01-16 06:47:00,33,1
2025-03-17 13:30:00,2025-03-17 16:13:00,AA,LAX,ATL,1606,7.76,7.55,6.8,5.45,1.1463,0.36,16,LAX-ATL,163,13,0,0,0,0,0,17,2025-03-17 13:47:00,2025-03-17 16:35:00,22,1
2025-08-09 23:00:00,2025-08-10 00:36:00,WN,BOS,SFO,766,11.43,14.65,4.04,3.93,0.3701,-0.7524,8,BOS-SFO,96,23,0,1,0,0,0,7,2025-08-09 23:07:00,2025-08-10 00:30:00,-6,0
2025-12-10 07:10:00,2025-12-10 11:14:00,DL,JFK,LAX,2618,19.76,16.96,7.59,7.8,-1.2231,-0.8159,67,JFK-LAX,244,7,0,0,0,0,0,-6,2025-12-10 07:04:00,2025-12-10 11:06:00,-8,0
2025-05-30 10:30:00,2025-05-30 14:21:00,WN,BOS,LAX,2450,3.59,5.7,5.57,3.99,2.155,-0.6247,18,BOS-LAX,231,10,0,0,0,0,0,2,2025-05-30 10:32:00,2025-05-30 14:10:00,-11,0
2025-02-14 07:20:00,2025-02-14 12:57:00,AA,LAX,JFK,3778,4.31,3.42,5.78,4.78,0.2844,0.208,42,LAX-JFK,337,7,0,0,0,0,0,-7,2025-02-14 07:13:00,2025-02-14 12:55:00,-2,0
2025-03-27 10:40:00,2025-03-27 15:51:00,WN,JFK,SFO,3444,7.79,7.5,0.0,0.63,0.1483,-0.1593,69,JFK-SFO,311,10,0,0,0,0,1,19,2025-03-27 10:59:00,2025-03-27 16:24:00,33,1
2025-11-24 00:40:00,2025-11-24 05:42:00,AA,SFO,BOS,3337,7.46,7.12,0.0,0.0,0.1136,-0.6341,14,SFO-BOS,302,0,0,1,0,0,0,-3,2025-11-24 00:37:00,2025-11-24 05:33:00,-9,0
2025-09-23 14:50:00,2025-09-23 18:50:00,DL,ATL,LAX,2561,5.33,7.09,0.0,0.0,0.5526,0.0913,11,ATL-LAX,240,14,0,0,0,0,0,-5,2025-09-23 14:45:00,2025-09-23 18:49:00,-1,0
2025-02-06 14:45:00,2025-02-06 20:34:00,WN,ATL,SFO,3924,22.44,25.43,8.64,9.37,0.9269,0.8232,2,ATL-SFO,349,14,0,0,0,0,1,35,2025-02-06 15:20:00,2025-02-06 21:18:00,44,1
2025-05-21 07:10:00,2025-05-21 13:39:00,DL,LAX,ATL,4429,1.92,3.43,6.41,6.17,-0.0251,0.1026,31,LAX-ATL,389,7,0,0,0,0,0,0,2025-05-21 07:10:00,2025-05-21 13:38:00,-1,0
2025-04-07 06:40:00,2025-04-07 12:13:00,UA,LAX,SFO,3722,27.36,25.65,0.67,0.7,-1.2428,0.0351,50,LAX-SFO,333,6,0,0,0,0,1,51,2025-04-07 07:31:00,2025-04-07 13:04:00,51,1
2025-03-06 18:40:00,2025-03-06 21:36:00,UA,LAX,BOS,1761,17.94,16.41,0.11,0.0,1.0349,-0.29,40,LAX-BOS,176,18,0,0,0,0,0,7,2025-03-06 18:47:00,2025-03-06 21:46:00,10,0
2025-11-05 04:30:00,2025-11-05 07:02:00,DL,BOS,SFO,1460,5.3,4.86,0.0,0.0,-0.8153,-0.9753,9,BOS-SFO,152,4,0,1,0,0,0,-4,2025-11-05 04:26:00,2025-11-05 06:50:00,-12,0
2025-08-14 01:45:00,2025-08-14 02:44:00,UA,ATL,SFO,305,5.84,9.33,6.68,6.9,-1.0048,-0.5082,56,ATL-SFO,59,1,0,1,0,0,0,9,2025-08-14 01:54:00,2025-08-14 02:49:00,5,0
2025-03-07 00:10:00,2025-03-07 06:43:00,DL,BOS,JFK,4470,6.53,5.76,0.11,0.23,-0.0637,-0.3397,93,BOS-JFK,393,0,0,1,0,0,0,4,2025-03-07 00:14:00,2025-03-07 06:29:00,-14,0
2025-08-26 21:20:00,2025-08-27 02:25:00,UA,JFK,SFO,3377,15.53,18.59,0.0,2.29,-0.4558,-0.0913,22,JFK-SFO,305,21,0,1,0,0,0,8,2025-08-26 21:28:00,2025-08-27 02:27:00,2,0
2025-05-31 08:45:00,2025-05-31 14:59:00,WN,JFK,BOS,4235,23.5,22.23,2.36,3.04,0.38,0.8444,24,JFK-BOS,374,8,0,0,0,0,0,-2,2025-05-31 08:43:00,2025-05-31 15:00:00,1,0
2025-01-23 02:50:00,2025-01-23 08:14:00,WN,SFO,JFK,3608,45.01,47.6,0.0,1.08,0.5701,-0.3989,4,SFO-JFK,324,2,0,1,0,0,0,4,2025-01-23 02:54:00,2025-01-23 08:24:00,10,0
2025-06-14 21:00:00,2025-06-15 00:23:00,DL,SFO,BOS,2106,16.6,13.41,1.12,3.8,-0.4701,-0.3739,43,SFO-BOS,203,21,0,1,0,0,1,14,2025-06-14 21:14:00,2025-06-15 00:41:00,18,1
2025-03-09 03:20:00,2025-03-09 05:08:00,WN,LAX,BOS,909,2.2,1.27,10.36,12.27,0.1213,-0.358,15,LAX-BOS,108,3,1,1,0,1,0,30,2025-03-09 03:50:00,2025-03-09 05:55:00,47,1
2025-03-31 08:15:00,2025-03-31 09:30:00,WN,ATL,SFO,498,2.78,5.25,0.22,0.16,-0.4853,-0.5716,72,ATL-SFO,75,8,0,0,0,0,0,8,2025-03-31 08:23:00,2025-03-31 09:14:00,-16,0
2025-11-17 00:10:00,2025-11-17 05:35:00,UA,ATL,LAX,3626,15.57,14.38,0.0,1.15,0.7668,-0.1346,57,ATL-LAX,325,0,0,1,0,0,0,-5,2025-11-17 00:05:00,2025-11-17 05:39:00,4,0
2025-09-17 16:00:00,2025-09-17 18:41:00,WN,JFK,SFO,1574,9.85,5.96,4.32,4.63,0.4903,0.4953,50,JFK-SFO,161,16,0,0,0,0,0,25,2025-09-17 16:25:00,2025-09-17 19:09:00,28,1
2025-02-18 16:30:00,2025-02-18 19:36:00,UA,LAX,ATL,1893,17.57,15.76,2.97,2.85,0.7175,0.4699,8,LAX-ATL,186,16,0,0,0,0,0,14,2025-02-18 16:44:00,2025-02-18 19:22:00,-14,0
2025-11-07 18:40:00,2025-11-08 00:20:00,AA,LAX,SFO,3811,14.43,8.8,9.16,8.91,-0.2842,-0.9921,37,LAX-SFO,340,18,0,0,0,0,1,47,2025-11-07 19:27:00,2025-11-08 01:22:00,62,1
2025-07-29 06:30:00,2025-07-29 10:11:00,UA,BOS,JFK,2321,7.24,3.85,0.0,0.88,0.2583,0.537,55,BOS-JFK,221,6,0,0,0,0,0,7,2025-07-29 06:37:00,2025-07-29 10:06:00,-5,0
2025-11-16 07:15:00,2025-11-16 13:33:00,B6,ATL,JFK,4293,6.74,6.83,0.0,0.51,0.5101,-0.2138,62,ATL-JFK,378,7,1,0,0,0,0,16,2025-11-16 07:31:00,2025-11-16 13:56:00,23,1
2025-09-30 22:45:00,2025-10-01 02:48:00,UA,BOS,SFO,2595,15.3,17.61,0.0,0.0,0.7489,-0.961,97,BOS-SFO,243,22,0,1,0,0,0,-8,2025-09-30 22:37:00,2025-10-01 02:43:00,-5,0
2025-05-04 19:40:00,2025-05-05 01:18:00,UA,LAX,BOS,3793,14.08,11.64,1.27,0.0,0.6628,0.9819,19,LAX-BOS,338,19,1,0,0,0,0,-10,2025-05-04 19:30:00,2025-05-05 01:12:00,-6,0
2025-07-15 00:50:00,2025-07-15 02:31:00,WN,SFO,ATL,828,16.36,15.76,7.73,5.52,-0.1228,0.7476,89,SFO-ATL,101,0,0,1,0,0,0,3,2025-07-15 00:53:00,2025-07-15 02:25:00,-6,0
2025-07-13 16:15:00,2025-07-13 19:27:00,B6,SFO,BOS,1966,3.15,5.59,0.66,0.16,-1.1497,-0.2848,49,SFO-BOS,192,16,1,0,0,0,1,21,2025-07-13 16:36:00,2025-07-13 20:01:00,34,1
2025-09-20 19:10:00,2025-09-20 21:11:00,UA,JFK,SFO,1069,3.83,8.8,0.49,0.24,0.5016,0.3641,43,JFK-SFO,121,19,0,0,0,0,0,-9,2025-09-20 19:01:00,2025-09-20 21:07:00,-4,0
2025-04-01 13:20:00,2025-04-01 14:38:00,DL,ATL,SFO,537,22.1,19.77,0.5,0.83,0.452,0.2755,96,ATL-SFO,78,13,0,0,0,0,0,63,2025-04-01 14:23:00,2025-04-01 15:57:00,79,1
2025-05-02 15:30:00,2025-05-02 22:02:00,WN,SFO,LAX,4464,4.01,5.22,0.0,0.0,-1.0999,0.9709,28,SFO-LAX,392,15,0,0,0,0,0,-3,2025-05-02 15:27:00,2025-05-02 21:48:00,-14,0
2025-03-31 00:20:00,2025-03-31 04:13:00,WN,ATL,BOS,2473,15.85,16.71,0.61,0.1,0.8467,-0.6369,78,ATL-BOS,233,0,0,1,0,0,0,22,2025-03-31 00:42:00,2025-03-31 04:45:00,32,1
2025-04-19 00:45:00,2025-04-19 03:43:00,WN,BOS,JFK,1785,1.34,0.19,16.67,15.83,0.1562,-0.5737,55,BOS-JFK,178,0,0,1,1,0,0,31,2025-04-19 01:16:00,2025-04-19 04:28:00,45,1
2025-02-28 00:00:00,2025-02-28 03:05:00,WN,SFO,LAX,1880,12.37,9.45,9.03,8.39,-0.1289,0.3401,33,SFO-LAX,185,0,0,1,0,0,1,43,2025-02-28 00:43:00,2025-02-28 04:03:00,58,1
2025-01-14 03:30:00,2025-01-14 05:50:00,B6,JFK,ATL,1311,7.39,1.91,6.11,7.77,0.2135,-0.8497,25,JFK-ATL,140,3,0,1,0,0,0,5,2025-01-14 03:35:00,2025-01-14 05:52:00,2,0
2025-12-10 23:20:00,2025-12-11 01:00:00,DL,ATL,SFO,816,6.4,5.49,13.33,14.84,0.9311,0.6418,91,ATL-SFO,100,23,0,1,1,0,0,1,2025-12-10 23:21:00,2025-12-11 01:11:00,11,0
2025-01-28 15:10:00,2025-01-28 21:16:00,DL,JFK,SFO,4136,8.68,9.58,5.09,6.55,1.5585,-0.5718,78,JFK-SFO,366,15,0,0,0,0,1,20,2025-01-28 15:30:00,2025-01-28 22:03:00,47,1
2025-11-21 18:40:00,2025-11-21 20:15:00,B6,ATL,SFO,744,20.74,20.9,0.7,0.09,-0.0536,0.5341,87,ATL-SFO,95,18,0,0,0,0,0,1,2025-11-21 18:41:00,2025-11-21 20:17:00,2,0
2025-01-02 07:45:00,2025-01-02 10:53:00,AA,BOS,ATL,1915,4.96,10.26,4.01,3.6,-0.2304,-0.6928,76,BOS-ATL,188,7,0,0,0,0,0,-2,2025-01-02 07:43:00,2025-01-02 10:40:00,-13,0
2025-10-11 22:30:00,2025-10-12 00:20:00,B6,SFO,ATL,942,1.43,4.09,0.27,1.2,0.6078,0.4806,27,SFO-ATL,110,22,0,1,0,0,0,5,2025-10-11 22:35:00,2025-10-12 00:20:00,0,0
2025-04-30 04:00:00,2025-04-30 10:11:00,DL,BOS,LAX,4204,10.32,7.79,2.19,3.5,-1.34,-0.8394,89,BOS-LAX,371,4,0,1,0,0,0,2,2025-04-30 04:02:00,2025-04-30 10:22:00,11,0
2025-07-08 21:00:00,2025-07-08 23:08:00,WN,SFO,JFK,1164,5.38,3.19,4.3,6.89,0.8623,-0.7918,93,SFO-JFK,128,21,0,1,0,0,0,2,2025-07-08 21:02:00,2025-07-08 23:08:00,0,0
2025-04-14 00:20:00,2025-04-14 03:31:00,B6,JFK,ATL,1954,17.37,19.54,32.04,31.91,-1.3548,-0.903,77,JFK-ATL,191,0,0,1,1,0,0,15,2025-04-14 00:35:00,2025-04-14 03:43:00,12,0
2025-06-29 00:40:00,2025-06-29 05:52:00,B6,LAX,JFK,3465,7.06,5.34,0.0,0.04,-1.3744,0.3191,48,LAX-JFK,312,0,1,1,0,1,0,16,2025-06-29 00:56:00,2025-06-29 06:31:00,39,1
2025-06-14 01:15:00,2025-06-14 05:26:00,WN,LAX,BOS,2695,4.03,7.75,0.0,0.69,1.5533,-0.6689,51,LAX-BOS,251,1,0,1,0,0,0,3,2025-06-14 01:18:00,2025-06-14 05:20:00,-6,0
2025-07-13 19:15:00,2025-07-13 22:22:00,DL,JFK,SFO,1903,6.47,12.3,7.78,9.12,-2.0827,-0.2731,93,JFK-SFO,187,19,1,0,0,0,1,15,2025-07-13 19:30:00,2025-07-13 22:43:00,21,1
2025-05-24 06:45:00,2025-05-24 10:53:00,DL,ATL,BOS,2667,22.12,21.81,3.11,2.65,1.3072,0.7775,33,ATL-BOS,248,6,0,0,0,0,0,-4,2025-05-24 06:41:00,2025-05-24 10:39:00,-14,0
2025-07-15 10:00:00,2025-07-15 13:26:00,WN,SFO,BOS,2135,12.77,15.44,5.68,5.53,1.5597,-0.3655,54,SFO-BOS,206,10,0,0,0,0,1,21,2025-07-15 10:21:00,2025-07-15 14:15:00,49,1
2025-10-29 11:00:00,2025-10-29 13:36:00,WN,JFK,SFO,1515,5.81,6.14,0.0,3.05,0.3396,-0.671,90,JFK-SFO,156,11,0,0,0,0,0,-10,2025-10-29 10:50:00,2025-10-29 13:39:00,3,0
2025-06-08 18:10:00,2025-06-08 22:30:00,DL,LAX,ATL,2813,4.44,2.42,0.0,0.0,0.6057,0.3393,9,LAX-ATL,260,18,1,0,0,0,0,-2,2025-06-08 18:08:00,2025-06-08 22:24:00,-6,0
2025-05-12 08:50:00,2025-05-12 11:52:00,UA,JFK,SFO,1834,26.37,25.72,2.99,3.99,-1.5741,-0.6822,57,JFK-SFO,182,8,0,0,0,0,0,34,2025-05-12 09:24:00,2025-05-12 12:42:00,50,1
2025-02-18 00:20:00,2025-02-18 06:42:00,B6,LAX,SFO,4332,6.38,4.32,5.93,4.85,-0.4924,0.4579,13,LAX-SFO,382,0,0,1,0,0,1,39,2025-02-18 00:59:00,2025-02-18 07:37:00,55,1
2025-05-12 09:10:00,2025-05-12 12:45:00,AA,BOS,ATL,2245,20.5,23.26,17.64,17.01,0.3585,-0.1095,85,BOS-ATL,215,9,0,0,1,0,0,12,2025-05-12 09:22:00,2025-05-12 13:10:00,25,1
2025-02-15 06:15:00,2025-02-15 11:28:00,UA,SFO,LAX,3477,8.63,6.99,0.7,0.0,0.3293,0.8686,49,SFO-LAX,313,6,0,0,0,0,0,8,2025-02-15 06:23:00,2025-02-15 11:24:00,-4,0
2025-03-08 17:50:00,2025-03-08 20:08:00,UA,BOS,LAX,1284,6.19,6.55,0.0,0.0,0.4444,-0.5356,55,BOS-LAX,138,17,0,0,0,0,0,8,2025-03-08 17:58:00,2025-03-08 20:01:00,-7,0
2025-12-14 18:40:00,2025-12-14 23:16:00,B6,LAX,JFK,3011,2.93,7.62,0.0,0.62,0.3288,-0.027,2,LAX-JFK,276,18,1,0,0,0,0,7,2025-12-14 18:47:00,2025-12-14 23:31:00,15,1
2025-02-02 02:10:00,2025-02-02 06:17:00,DL,JFK,LAX,2649,10.76,8.3,13.72,14.29,0.021,0.7025,3,JFK-LAX,247,2,1,1,1,1,0,37,2025-02-02 02:47:00,2025-02-02 07:17:00,60,1
2025-06-25 19:10:00,2025-06-26 00:19:00,AA,JFK,ATL,3424,0.66,0.09,14.27,15.55,-1.2218,0.2979,76,JFK-ATL,309,19,0,0,1,0,0,11,2025-06-25 19:21:00,2025-06-26 00:38:00,19,1
2025-11-01 01:00:00,2025-11-01 04:34:00,UA,ATL,JFK,2239,5.39,5.21,1.13,0.03,0.352,-0.5903,96,ATL-JFK,214,1,0,1,0,0,0,1,2025-11-01 01:01:00,2025-11-01 04:32:00,-2,0
2025-12-14 14:45:00,2025-12-14 19:46:00,DL,BOS,JFK,3321,31.05,29.64,0.0,0.16,-1.1369,-0.8585,30,BOS-JFK,301,14,1,0,0,0,0,4,2025-12-14 14:49:00,2025-12-14 19:47:00,1,0
2025-02-23 09:10:00,2025-02-23 10:29:00,B6,ATL,JFK,546,36.99,37.31,0.0,0.0,-0.3648,0.1221,60,ATL-JFK,79,9,1,0,0,0,0,14,2025-02-23 09:24:00,2025-02-23 10:33:00,4,0
2025-03-01 07:15:00,2025-03-01 12:06:00,WN,JFK,SFO,3199,4.26,4.41,0.02,0.0,1.3921,0.1378,3,JFK-SFO,291,7,0,0,0,0,1,21,2025-03-01 07:36:00,2025-03-01 12:50:00,44,1
2025-05-16 11:15:00,2025-05-16 16:27:00,DL,LAX,SFO,3464,15.69,14.06,0.0,0.59,-1.5644,-0.5707,11,LAX-SFO,312,11,0,0,0,0,0,-2,2025-05-16 11:13:00,2025-05-16 16:28:00,1,0
2025-07-22 07:30:00,2025-07-22 11:16:00,DL,JFK,LAX,2384,13.95,14.11,0.0,0.0,-0.1243,0.5816,64,JFK-LAX,226,7,0,0,0,0,0,1,2025-07-22 07:31:00,2025-07-22 11:09:00,-7,0
2025-12-17 19:30:00,2025-12-17 20:41:00,AA,LAX,JFK,444,1.14,4.85,1.41,0.07,0.8682,-0.5274,24,LAX-JFK,71,19,0,0,0,0,0,-6,2025-12-17 19:24:00,2025-12-17 20:37:00,-4,0
2025-03-17 23:45:00,2025-03-18 03:54:00,AA,BOS,JFK,2680,13.98,15.17,0.0,1.11,0.6387,0.9441,60,BOS-JFK,249,23,0,1,0,0,0,0,2025-03-17 23:45:00,2025-03-18 03:59:00,5,0
2025-03-02 19:15:00,2025-03-03 00:36:00,UA,BOS,ATL,3581,8.68,4.72,0.51,0.0,0.3056,0.4231,71,BOS-ATL,321,19,1,0,0,0,0,13,2025-03-02 19:28:00,2025-03-03 00:29:00,-7,0
2025-04-03 10:20:00,2025-04-03 13:54:00,WN,JFK,ATL,2238,11.41,12.48,1.03,0.33,-0.6773,0.2114,12,JFK-ATL,214,10,0,0,0,0,0,8,2025-04-03 10:28:00,2025-04-03 13:52:00,-2,0
2025-11-16 12:20:00,2025-11-16 13:51:00,WN,BOS,ATL,695,18.17,17.02,0.0,0.37,1.3108,0.3102,67,BOS-ATL,91,12,1,0,0,0,0,3,2025-11-16 12:23:00,2025-11-16 13:48:00,-3,0
2025-01-11 10:00:00,2025-01-11 13:12:00,AA,SFO,JFK,1958,7.02,11.41,2.7,1.75,-1.224,-0.9869,18,SFO-JFK,192,10,0,0,0,0,1,67,2025-01-11 11:07:00,2025-01-11 14:56:00,104,1
2025-05-19 19:40:00,2025-05-20 02:13:00,AA,SFO,LAX,4475,8.77,7.61,0.0,0.0,0.6929,-0.2783,43,SFO-LAX,393,19,0,0,0,0,0,11,2025-05-19 19:51:00,2025-05-20 02:40:00,27,1
2025-02-13 13:30:00,2025-02-13 16:00:00,UA,JFK,SFO,1437,12.97,14.77,0.0,1.4,0.153,0.7336,74,JFK-SFO,150,13,0,0,0,0,0,6,2025-02-13 13:36:00,2025-02-13 15:58:00,-2,0
2025-02-27 11:20:00,2025-02-27 15:17:00,AA,LAX,SFO,2523,21.29,20.74,0.48,0.0,-0.7867,0.8432,46,LAX-SFO,237,11,0,0,0,0,1,32,2025-02-27 11:52:00,2025-02-27 15:56:00,39,1
2025-12-01 09:50:00,2025-12-01 12:48:00,B6,ATL,JFK,1791,12.29,14.4,0.0,0.0,-0.3891,-0.6173,15,ATL-JFK,178,9,0,0,0,0,0,-5,2025-12-01 09:45:00,2025-12-01 12:35:00,-13,0
2025-01-01 09:10:00,2025-01-01 14:08:00,UA,ATL,JFK,3291,7.91,14.03,0.44,0.85,1.8111,0.7968,74,ATL-JFK,298,9,1,0,0,0,0,14,2025-01-01 09:24:00,2025-01-01 14:24:00,16,1
2025-04-28 13:50:00,2025-04-28 17:13:00,UA,BOS,LAX,2099,18.67,19.42,5.29,5.93,-1.1621,-0.2537,0,BOS-LAX,203,13,0,0,0,0,0,-8,2025-04-28 13:42:00,2025-04-28 17:17:00,4,0
2025-12-01 16:40:00,2025-12-01 19:48:00,WN,BOS,JFK,1914,13.8,14.98,0.0,0.0,-1.7599,0.3918,98,BOS-JFK,188,16,0,0,0,0,0,6,2025-12-01 16:46:00,2025-12-01 19:46:00,-2,0
2025-08-10 10:10:00,2025-08-10 14:24:00,UA,BOS,LAX,2733,25.04,24.63,0.0,0.0,-0.638,0.7506,99,BOS-LAX,254,10,1,0,0,0,0,-1,2025-08-10 10:09:00,2025-08-10 14:34:00,10,0
2025-01-27 19:40:00,2025-01-27 23:51:00,AA,JFK,LAX,2701,27.96,30.7,0.0,1.08,0.413,-0.5554,86,JFK-LAX,251,19,0,0,0,0,0,7,2025-01-27 19:47:00,2025-01-27 23:52:00,1,0
2025-06-19 19:45:00,2025-06-19 23:32:00,DL,LAX,JFK,2399,15.25,10.55,0.72,1.41,1.4238,-0.728,29,LAX-JFK,227,19,0,0,0,0,0,21,2025-06-19 20:06:00,2025-06-19 23:54:00,22,1
2025-12-21 10:15:00,2025-12-21 12:41:00,DL,JFK,SFO,1384,22.12,26.67,0.0,0.61,0.0253,-0.0546,4,JFK-SFO,146,10,1,0,0,0,0,38,2025-12-21 10:53:00,2025-12-21 13:20:00,39,1
2025-05-27 21:15:00,2025-05-27 22:50:00,AA,JFK,BOS,753,23.77,24.4,2.6,3.21,-1.6285,0.2458,89,JFK-BOS,95,21,0,1,0,0,0,12,2025-05-27 21:27:00,2025-05-27 23:00:00,10,0
2025-07-12 04:45:00,2025-07-12 09:36:00,UA,ATL,JFK,3200,8.71,9.05,0.0,0.72,0.0956,0.1357,70,ATL-JFK,291,4,0,1,0,0,0,13,2025-07-12 04:58:00,2025-07-12 09:27:00,-9,0
2025-07-14 22:10:00,2025-07-15 01:03:00,AA,BOS,JFK,1727,24.78,25.35,0.0,0.0,0.8559,0.3597,41,BOS-JFK,173,22,0,1,0,0,0,-6,2025-07-14 22:04:00,2025-07-15 00:58:00,-5,0
2025-08-30 07:00:00,2025-08-30 11:25:00,AA,SFO,LAX,2873,11.67,11.08,5.75,4.43,0.3205,0.8374,23,SFO-LAX,265,7,0,0,0,0,1,41,2025-08-30 07:41:00,2025-08-30 12:41:00,76,1
2025-03-10 13:40:00,2025-03-10 16:45:00,B6,SFO,JFK,1880,18.37,14.73,0.36,0.0,0.4938,-0.7708,96,SFO-JFK,185,13,0,0,0,0,0,5,2025-03-10 13:45:00,2025-03-10 16:51:00,6,0
2025-11-03 06:50:00,2025-11-03 12:36:00,AA,ATL,BOS,3886,10.19,5.96,0.1,1.12,-1.872,0.9271,39,ATL-BOS,346,6,0,0,0,0,0,24,2025-11-03 07:14:00,2025-11-03 13:29:00,53,1
2025-12-27 10:30:00,2025-12-27 15:27:00,AA,ATL,BOS,3269,0.0,5.97,0.0,1.11,-1.3421,-0.6784,42,ATL-BOS,297,10,0,0,0,0,0,18,2025-12-27 10:48:00,2025-12-27 15:27:00,0,0
2025-02-22 08:10:00,2025-02-22 11:25:00,UA,SFO,BOS,1996,33.43,33.62,0.0,0.2,-0.1339,0.8653,79,SFO-BOS,195,8,0,0,0,0,0,17,2025-02-22 08:27:00,2025-02-22 11:36:00,11,0
2025-10-26 16:30:00,2025-10-26 19:21:00,B6,ATL,BOS,1698,18.28,15.2,10.36,10.45,1.1335,0.5171,74,ATL-BOS,171,16,1,0,0,0,0,-5,2025-10-26 16:25:00,2025-10-26 19:12:00,-9,0
2025-10-26 01:15:00,2025-10-26 06:26:00,DL,JFK,BOS,3445,16.78,16.3,0.0,1.73,-0.7894,0.6227,39,JFK-BOS,311,1,1,1,0,1,0,-7,2025-10-26 01:08:00,2025-10-26 06:26:00,0,0
2025-09-28 20:45:00,2025-09-28 21:47:00,DL,SFO,ATL,333,9.1,14.08,0.01,0.12,0.2047,0.7491,96,SFO-ATL,62,20,1,1,0,1,0,17,2025-09-28 21:02:00,2025-09-28 22:13:00,26,1
2025-05-16 21:30:00,2025-05-16 22:48:00,WN,LAX,ATL,541,24.29,22.87,0.0,0.64,0.1662,-0.7745,46,LAX-ATL,78,21,0,1,0,0,0,0,2025-05-16 21:30:00,2025-05-16 22:41:00,-7,0
2025-06-21 13:15:00,2025-06-21 14:42:00,B6,JFK,ATL,654,10.03,10.45,6.26,4.62,-1.0427,0.3277,28,JFK-ATL,87,13,0,0,0,0,0,-6,2025-06-21 13:09:00,2025-06-21 14:49:00,7,0
2025-11-03 13:30:00,2025-11-03 16:25:00,DL,BOS,ATL,1752,8.86,9.24,7.61,7.33,-0.7362,-0.308,19,BOS-ATL,175,13,0,0,0,0,0,2,2025-11-03 13:32:00,2025-11-03 16:27:00,2,0
2025-02-25 16:40:00,2025-02-25 20:26:00,AA,LAX,SFO,2387,4.05,2.24,0.0,1.09,-0.0252,-0.2394,2,LAX-SFO,226,16,0,0,0,0,1,51,2025-02-25 17:31:00,2025-02-25 21:42:00,76,1
2025-10-30 04:40:00,2025-10-30 07:17:00,DL,LAX,SFO,1530,11.34,13.97,3.66,2.93,-0.3656,0.0522,7,LAX-SFO,157,4,0,1,0,0,1,52,2025-10-30 05:32:00,2025-10-30 08:15:00,58,1
2025-12-03 17:15:00,2025-12-03 19:17:00,B6,SFO,BOS,1091,23.61,24.8,0.0,0.0,0.8206,0.1978,44,SFO-BOS,122,17,0,0,0,0,0,3,2025-12-03 17:18:00,2025-12-03 19:18:00,1,0
2025-09-06 05:30:00,2025-09-06 08:14:00,DL,JFK,BOS,1614,9.51,8.28,9.96,11.3,-0.4208,0.4053,97,JFK-BOS,164,5,0,0,0,0,0,8,2025-09-06 05:38:00,2025-09-06 08:11:00,-3,0
2025-05-05 16:00:00,2025-05-05 19:45:00,B6,SFO,ATL,2377,2.35,3.8,0.0,1.43,0.8871,0.2212,76,SFO-ATL,225,16,0,0,0,0,1,19,2025-05-05 16:19:00,2025-05-05 20:08:00,23,1
2025-07-24 07:20:00,2025-07-24 09:59:00,UA,LAX,JFK,1549,19.88,20.05,0.0,0.98,-0.3618,-0.5461,18,LAX-JFK,159,7,0,0,0,0,0,4,2025-07-24 07:24:00,2025-07-24 09:56:00,-3,0
2025-01-19 17:20:00,2025-01-19 21:32:00,UA,ATL,SFO,2711,13.68,15.39,0.64,1.69,0.0239,-0.2758,56,ATL-SFO,252,17,1,0,0,0,1,13,2025-01-19 17:33:00,2025-01-19 21:59:00,27,1
2025-12-07 18:30:00,2025-12-07 21:37:00,WN,BOS,LAX,1905,33.38,34.83,0.33,0.83,0.7999,0.7226,39,BOS-LAX,187,18,1,0,0,0,0,-7,2025-12-07 18:23:00,2025-12-07 21:29:00,-8,0
2025-05-05 05:50:00,2025-05-05 12:03:00,B6,LAX,BOS,4220,6.87,5.15,0.87,0.89,-0.1072,0.428,83,LAX-BOS,373,5,0,0,0,0,0,9,2025-05-05 05:59:00,2025-05-05 12:13:00,10,0
2025-01-21 14:50:00,2025-01-21 21:22:00,WN,ATL,BOS,4467,16.12,15.72,0.08,0.0,-0.4261,-0.0802,25,ATL-BOS,392,14,0,0,0,0,0,-3,2025-01-21 14:47:00,2025-01-21 21:13:00,-9,0
2025-10-17 11:20:00,2025-10-17 15:59:00,DL,LAX,SFO,3053,3.83,3.42,0.0,0.0,-0.0692,-0.5246,26,LAX-SFO,279,11,0,0,0,0,1,21,2025-10-17 11:41:00,2025-10-17 16:42:00,43,1
2025-08-29 07:40:00,2025-08-29 11:45:00,DL,BOS,JFK,2630,11.6,8.68,1.22,1.68,0.8933,0.6643,68,BOS-JFK,245,7,0,0,0,0,0,1,2025-08-29 07:41:00,2025-08-29 11:33:00,-12,0
2025-08-16 14:00:00,2025-08-16 15:09:00,AA,BOS,LAX,430,11.5,8.8,0.0,0.0,0.3317,-0.501,6,BOS-LAX,69,14,0,0,0,0,0,-7,2025-08-16 13:53:00,2025-08-16 14:54:00,-15,0
2025-01-20 23:20:00,2025-01-21 03:48:00,UA,JFK,LAX,2914,3.56,2.8,0.0,0.0,-2.1446,0.8083,28,JFK-LAX,268,23,1,1,0,1,0,16,2025-01-20 23:36:00,2025-01-21 03:57:00,9,0
2025-10-02 00:40:00,2025-10-02 03:47:00,B6,SFO,LAX,1899,23.77,22.75,0.15,0.0,-0.7221,-0.1203,22,SFO-LAX,187,0,0,1,0,0,1,22,2025-10-02 01:02:00,2025-10-02 04:26:00,39,1
2025-08-21 22:40:00,2025-08-22 01:16:00,DL,SFO,JFK,1517,17.44,18.08,0.0,1.06,-0.7135,0.325,42,SFO-JFK,156,22,0,1,0,0,1,2,2025-08-21 22:42:00,2025-08-22 01:48:00,32,1
2025-10-17 20:50:00,2025-10-18 02:16:00,DL,JFK,BOS,3632,16.77,14.52,4.9,3.84,0.5835,-0.5549,22,JFK-BOS,326,20,0,1,0,0,0,27,2025-10-17 21:17:00,2025-10-18 02:47:00,31,1
2025-10-29 12:20:00,2025-10-29 13:33:00,B6,ATL,JFK,477,5.7,2.41,0.0,0.0,-1.9163,-0.6934,83,ATL-JFK,73,12,0,0,0,0,0,16,2025-10-29 12:36:00,2025-10-29 13:40:00,7,0
2025-03-19 14:50:00,2025-03-19 17:17:00,AA,SFO,ATL,1394,6.48,6.59,0.37,1.09,0.2797,-0.5259,33,SFO-ATL,147,14,0,0,0,0,0,-1,2025-03-19 14:49:00,2025-03-19 17:16:00,-1,0
2025-03-18 08:50:00,2025-03-18 14:09:00,DL,SFO,JFK,3551,18.9,19.77,5.43,2.56,0.636,0.1145,35,SFO-JFK,319,8,0,0,0,0,0,2,2025-03-18 08:52:00,2025-03-18 14:12:00,3,0
2025-12-04 03:30:00,2025-12-04 09:40:00,DL,LAX,SFO,4184,10.52,11.02,12.68,14.27,0.6362,0.3758,31,LAX-SFO,370,3,0,1,1,0,1,46,2025-12-04 04:16:00,2025-12-04 10:56:00,76,1
2025-07-13 13:00:00,2025-07-13 16:52:00,B6,LAX,ATL,2461,8.47,9.34,0.0,0.0,-0.0847,-0.0368,42,LAX-ATL,232,13,1,0,0,0,0,13,2025-07-13 13:13:00,2025-07-13 16:51:00,-1,0
2025-06-09 19:20:00,2025-06-09 23:17:00,B6,JFK,SFO,2521,22.32,24.02,9.66,8.99,-1.6159,0.5746,23,JFK-SFO,237,19,0,0,0,0,1,13,2025-06-09 19:33:00,2025-06-09 23:38:00,21,1
2025-04-15 05:45:00,2025-04-15 12:09:00,B6,ATL,JFK,4361,12.12,13.67,0.0,0.0,-0.2572,-0.6967,73,ATL-JFK,384,5,0,0,0,0,0,6,2025-04-15 05:51:00,2025-04-15 12:31:00,22,1
2025-08-22 17:30:00,2025-08-22 19:00:00,B6,ATL,BOS,688,2.91,5.22,0.05,0.0,1.4738,0.8743,12,ATL-BOS,90,17,0,0,0,0,0,2,2025-08-22 17:32:00,2025-08-22 19:10:00,10,0
2025-10-03 17:50:00,2025-10-03 21:31:00,AA,ATL,BOS,2320,18.88,20.14,0.38,0.0,-0.5959,0.1998,8,ATL-BOS,221,17,0,0,0,0,0,17,2025-10-03 18:07:00,2025-10-03 21:48:00,17,1
2025-01-01 18:45:00,2025-01-01 21:05:00,AA,SFO,LAX,1315,3.36,0.82,15.16,14.88,2.1808,-0.3356,52,SFO-LAX,140,18,1,0,1,0,0,21,2025-01-01 19:06:00,2025-01-01 21:25:00,20,1
2025-07-21 08:00:00,2025-07-21 11:39:00,B6,ATL,SFO,2302,8.5,12.07,10.06,9.04,0.8112,0.0946,48,ATL-SFO,219,8,0,0,0,0,1,36,2025-07-21 08:36:00,2025-07-21 12:25:00,46,1
2025-12-29 09:45:00,2025-12-29 15:48:00,DL,JFK,BOS,4106,13.43,12.07,0.07,1.54,-0.143,-0.1159,71,JFK-BOS,363,9,0,0,0,0,0,-3,2025-12-29 09:42:00,2025-12-29 15:41:00,-7,0
2025-04-13 09:15:00,2025-04-13 13:34:00,AA,BOS,ATL,2803,16.4,16.83,6.0,4.1,0.2257,0.6162,9,BOS-ATL,259,9,1,0,0,0,0,32,2025-04-13 09:47:00,2025-04-13 14:19:00,45,1
2025-04-13 20:45:00,2025-04-14 03:17:00,UA,ATL,SFO,4464,4.74,0.88,0.0,0.0,0.3744,-0.4271,90,ATL-SFO,392,20,1,1,0,1,1,14,2025-04-13 20:59:00,2025-04-14 03:53:00,36,1
2025-11-17 21:30:00,2025-11-18 01:19:00,B6,SFO,ATL,2421,0.76,4.63,0.0,0.0,-0.5772,0.2482,58,SFO-ATL,229,21,0,1,0,0,1,62,2025-11-17 22:32:00,2025-11-18 02:57:00,98,1
2025-01-23 09:20:00,2025-01-23 15:09:00,WN,ATL,SFO,3924,0.6,0.0,0.95,0.44,-0.4138,0.4606,27,ATL-SFO,349,9,0,0,0,0,0,-6,2025-01-23 09:14:00,2025-01-23 15:02:00,-7,0
2025-05-26 23:00:00,2025-05-27 00:56:00,UA,SFO,JFK,1012,24.09,27.79,0.68,0.0,1.9946,0.9446,76,SFO-JFK,116,23,1,1,0,1,0,68,2025-05-27 00:08:00,2025-05-27 02:15:00,79,1
2025-06-17 13:00:00,2025-06-17 15:47:00,AA,LAX,ATL,1646,2.63,3.31,0.0,0.0,1.4917,-0.8187,66,LAX-ATL,167,13,0,0,0,0,0,10,2025-06-17 13:10:00,2025-06-17 16:09:00,22,1
2025-10-19 09:30:00,2025-10-19 12:01:00,WN,LAX,BOS,1450,29.54,26.24,8.69,10.71,-0.3778,0.2432,90,LAX-BOS,151,9,1,0,0,0,0,17,2025-10-19 09:47:00,2025-10-19 12:19:00,18,1
2025-02-17 00:30:00,2025-02-17 05:47:00,AA,ATL,SFO,3529,21.67,24.16,0.32,0.18,-0.7788,-0.2741,52,ATL-SFO,317,0,1,1,0,1,0,26,2025-02-17 00:56:00,2025-02-17 06:12:00,25,1
2025-06-08 14:30:00,2025-06-08 18:21:00,AA,SFO,BOS,2454,4.99,5.78,0.34,0.32,-1.5932,-0.2144,69,SFO-BOS,231,14,1,0,0,0,1,40,2025-06-08 15:10:00,2025-06-08 19:13:00,52,1
2025-02-25 15:10:00,2025-02-25 17:24:00,WN,JFK,SFO,1233,4.29,0.0,0.96,0.0,2.1566,-0.1488,88,JFK-SFO,134,15,0,0,0,0,0,-4,2025-02-25 15:06:00,2025-02-25 17:23:00,-1,0
2025-10-15 23:30:00,2025-10-16 01:27:00,AA,JFK,LAX,1025,11.44,10.13,0.79,0.0,1.0243,-0.327,82,JFK-LAX,117,23,0,1,0,0,0,15,2025-10-15 23:45:00,2025-10-16 01:22:00,-5,0
2025-08-19 17:00:00,2025-08-19 20:08:00,AA,LAX,SFO,1914,5.66,7.85,1.67,2.42,1.2464,0.0581,69,LAX-SFO,188,17,0,0,0,0,1,5,2025-08-19 17:05:00,2025-08-19 20:22:00,14,0
2025-07-01 00:10:00,2025-07-01 02:01:00,B6,BOS,ATL,944,22.21,26.51,0.0,0.31,-0.5434,-0.5122,37,BOS-ATL,111,0,0,1,0,0,0,0,2025-07-01 00:10:00,2025-07-01 02:04:00,3,0
2025-05-24 13:20:00,2025-05-24 18:13:00,UA,BOS,ATL,3228,13.18,11.79,0.0,1.66,-0.6092,0.6998,18,BOS-ATL,293,13,0,0,0,0,0,15,2025-05-24 13:35:00,2025-05-24 18:16:00,3,0
2025-02-25 17:30:00,2025-02-25 23:14:00,WN,BOS,JFK,3862,9.04,5.86,0.0,0.0,-0.9215,0.6713,3,BOS-JFK,344,17,0,0,0,0,0,11,2025-02-25 17:41:00,2025-02-25 23:25:00,11,0
2025-12-03 11:40:00,2025-12-03 18:05:00,WN,JFK,SFO,4369,9.59,11.3,12.84,11.13,-3.16,-0.8135,26,JFK-SFO,385,11,0,0,1,0,1,36,2025-12-03 12:16:00,2025-12-03 19:00:00,55,1
2025-08-25 10:50:00,2025-08-25 13:08:00,B6,LAX,JFK,1289,17.83,17.52,0.0,0.0,-0.8746,-0.8495,47,LAX-JFK,138,10,0,0,0,0,0,16,2025-08-25 11:06:00,2025-08-25 13:31:00,23,1
2025-04-27 19:45:00,2025-04-27 23:12:00,WN,BOS,LAX,2144,10.88,5.89,2.64,3.81,0.3196,-0.1648,62,BOS-LAX,207,19,1,0,0,0,0,-10,2025-04-27 19:35:00,2025-04-27 23:08:00,-4,0
2025-06-01 14:20:00,2025-06-01 18:08:00,WN,BOS,LAX,2416,32.12,33.83,0.0,0.0,0.2484,0.3372,19,BOS-LAX,228,14,1,0,0,0,0,7,2025-06-01 14:27:00,2025-06-01 18:38:00,30,1
2025-09-23 16:45:00,2025-09-23 20:31:00,UA,SFO,BOS,2382,3.69,3.25,0.0,0.27,-0.6162,0.2029,75,SFO-BOS,226,16,0,0,0,0,0,4,2025-09-23 16:49:00,2025-09-23 20:31:00,0,0
2025-09-20 11:00:00,2025-09-20 14:31:00,AA,JFK,ATL,2203,8.55,7.58,0.83,0.51,0.6547,-0.5856,86,JFK-ATL,211,11,0,0,0,0,0,24,2025-09-20 11:24:00,2025-09-20 15:11:00,40,1
2025-06-18 06:45:00,2025-06-18 08:58:00,WN,SFO,BOS,1224,14.3,13.69,7.86,10.42,-0.6742,0.1016,7,SFO-BOS,133,6,0,0,0,0,0,-6,2025-06-18 06:39:00,2025-06-18 08:42:00,-16,0
2025-04-21 12:20:00,2025-04-21 13:57:00,UA,BOS,LAX,770,13.57,12.74,1.33,0.92,0.7677,-0.9592,85,BOS-LAX,97,12,0,0,0,0,0,3,2025-04-21 12:23:00,2025-04-21 13:57:00,0,0
2025-08-29 23:45:00,2025-08-30 02:59:00,UA,BOS,JFK,1993,33.8,32.63,0.98,0.0,0.7548,-0.6693,64,BOS-JFK,194,23,0,1,0,0,0,18,2025-08-30 00:03:00,2025-08-30 03:39:00,40,1
2025-08-29 14:50:00,2025-08-29 16:20:00,DL,BOS,JFK,687,4.91,6.39,9.04,6.85,0.8192,-0.441,7,BOS-JFK,90,14,0,0,0,0,0,1,2025-08-29 14:51:00,2025-08-29 16:21:00,1,0
2025-08-07 16:40:00,2025-08-07 18:00:00,B6,JFK,SFO,564,0.92,1.87,0.0,0.15,0.0739,0.4617,17,JFK-SFO,80,16,0,0,0,0,0,-1,2025-08-07 16:39:00,2025-08-07 18:05:00,5,0
2025-01-27 02:50:00,2025-01-27 06:45:00,WN,LAX,JFK,2501,21.54,16.01,5.21,4.74,-0.8162,0.5048,74,LAX-JFK,235,2,0,1,0,0,0,6,2025-01-27 02:56:00,2025-01-27 06:43:00,-2,0
2025-06-22 23:00:00,2025-06-23 04:47:00,UA,JFK,LAX,3906,13.33,12.51,1.6,0.0,-1.1923,-0.7543,94,JFK-LAX,347,23,1,1,0,1,0,19,2025-06-22 23:19:00,2025-06-23 05:20:00,33,1
2025-08-13 05:10:00,2025-08-13 09:11:00,AA,BOS,LAX,2570,19.88,20.6,0.3,0.0,-2.1686,-0.6631,74,BOS-LAX,241,5,0,0,0,0,0,7,2025-08-13 05:17:00,2025-08-13 08:57:00,-14,0
2025-12-13 23:40:00,2025-12-14 00:47:00,UA,SFO,BOS,398,13.62,13.6,0.0,0.0,0.7572,-0.6078,96,SFO-BOS,67,23,0,1,0,0,0,-3,2025-12-13 23:37:00,2025-12-14 00:37:00,-10,0
2025-07-11 10:30:00,2025-07-11 16:11:00,DL,JFK,LAX,3829,0.2,0.21,4.33,4.23,-1.6858,0.1414,36,JFK-LAX,341,10,0,0,0,0,0,-4,2025-07-11 10:26:00,2025-07-11 16:15:00,4,0
2025-05-06 22:00:00,2025-05-07 02:49:00,UA,BOS,SFO,3170,13.24,16.32,0.62,0.0,-0.1351,-0.8294,85,BOS-SFO,289,22,0,1,0,0,1,21,2025-05-06 22:21:00,2025-05-07 03:21:00,32,1
2025-07-22 21:40:00,2025-07-23 00:21:00,AA,ATL,BOS,1573,3.76,8.04,0.26,0.0,0.218,0.5752,86,ATL-BOS,161,21,0,1,0,0,0,40,2025-07-22 22:20:00,2025-07-23 01:11:00,50,1
2025-03-06 18:00:00,2025-03-06 20:31:00,UA,JFK,ATL,1447,8.46,7.52,0.2,0.0,-1.0691,0.3536,86,JFK-ATL,151,18,0,0,0,0,0,-7,2025-03-06 17:53:00,2025-03-06 20:31:00,0,0
2025-02-03 21:50:00,2025-02-04 03:51:00,B6,LAX,ATL,4078,10.33,9.3,0.8,0.53,-0.1232,0.4227,1,LAX-ATL,361,21,0,1,0,0,0,-2,2025-02-03 21:48:00,2025-02-04 03:59:00,8,0
2025-09-05 14:10:00,2025-09-05 17:49:00,DL,SFO,JFK,2299,3.69,5.09,3.0,2.24,0.319,-0.4108,96,SFO-JFK,219,14,0,0,0,0,1,30,2025-09-05 14:40:00,2025-09-05 18:45:00,56,1
2025-12-26 20:20:00,2025-12-26 22:06:00,UA,BOS,SFO,893,4.45,7.78,13.42,13.12,-0.2733,0.1017,52,BOS-SFO,106,20,0,1,1,0,0,29,2025-12-26 20:49:00,2025-12-26 22:33:00,27,1
2025-11-05 04:45:00,2025-11-05 07:19:00,UA,ATL,JFK,1482,17.52,16.05,0.0,0.0,0.4604,-0.3893,28,ATL-JFK,154,4,0,1,0,0,0,-5,2025-11-05 04:40:00,2025-11-05 07:18:00,-1,0
2025-08-02 01:30:00,2025-08-02 03:58:00,B6,SFO,BOS,1410,19.16,15.64,0.0,0.0,-0.4446,-0.1374,75,SFO-BOS,148,1,0,1,0,0,0,8,2025-08-02 01:38:00,2025-08-02 03:55:00,-3,0
2025-01-15 13:40:00,2025-01-15 16:53:00,B6,JFK,ATL,1980,3.38,2.68,16.4,18.27,-0.2778,-0.8218,52,JFK-ATL,193,13,0,0,1,0,0,23,2025-01-15 14:03:00,2025-01-15 17:30:00,37,1
2025-12-27 19:40:00,2025-12-27 22:35:00,B6,ATL,SFO,1752,12.13,10.26,0.0,2.03,-0.8888,-0.6081,37,ATL-SFO,175,19,0,0,0,0,1,27,2025-12-27 20:07:00,2025-12-27 23:23:00,48,1
2025-06-14 18:50:00,2025-06-14 22:53:00,UA,ATL,LAX,2596,21.38,15.42,8.17,8.36,-0.1356,-0.8352,13,ATL-LAX,243,18,0,0,0,0,0,24,2025-06-14 19:14:00,2025-06-14 23:22:00,29,1
2025-04-16 12:20:00,2025-04-16 15:08:00,UA,JFK,SFO,1657,14.82,9.92,12.4,9.19,0.0061,0.2385,80,JFK-SFO,168,12,0,0,1,0,0,19,2025-04-16 12:39:00,2025-04-16 15:38:00,30,1
2025-11-22 12:50:00,2025-11-22 17:24:00,WN,LAX,JFK,2991,12.05,13.38,0.27,0.0,-0.9238,0.6081,45,LAX-JFK,274,12,0,0,0,0,0,8,2025-11-22 12:58:00,2025-11-22 17:19:00,-5,0
2025-09-30 14:30:00,2025-09-30 18:15:00,AA,BOS,JFK,2369,2.07,5.03,12.84,13.16,0.4289,0.9589,61,BOS-JFK,225,14,0,0,1,0,0,30,2025-09-30 15:00:00,2025-09-30 19:09:00,54,1
2025-10-01 20:50:00,2025-10-02 03:05:00,WN,BOS,SFO,4249,23.92,21.81,5.88,6.18,-2.4655,0.371,10,BOS-SFO,375,20,0,1,0,0,0,3,2025-10-01 20:53:00,2025-10-02 03:07:00,2,0
2025-04-12 20:40:00,2025-04-13 02:17:00,DL,LAX,BOS,3778,2.9,3.88,0.0,0.0,1.082,0.7177,27,LAX-BOS,337,20,0,1,0,0,0,-8,2025-04-12 20:32:00,2025-04-13 02:17:00,0,0
2025-12-29 02:10:00,2025-12-29 05:01:00,UA,SFO,LAX,1695,8.92,8.08,6.06,5.07,-1.4175,-0.3092,69,SFO-LAX,171,2,0,1,0,0,1,12,2025-12-29 02:22:00,2025-12-29 05:36:00,35,1
2025-06-15 14:40:00,2025-06-15 15:53:00,WN,JFK,SFO,477,18.97,17.73,5.09,5.17,1.0404,0.6045,29,JFK-SFO,73,14,1,0,0,0,0,-1,2025-06-15 14:39:00,2025-06-15 15:57:00,4,0
2025-07-13 09:50:00,2025-07-13 14:05:00,UA,JFK,LAX,2756,28.83,27.11,0.41,0.0,0.6205,-0.5475,7,JFK-LAX,255,9,1,0,0,0,0,-2,2025-07-13 09:48:00,2025-07-13 14:04:00,-1,0
2025-10-02 19:10:00,2025-10-02 22:03:00,DL,BOS,JFK,1720,7.57,8.89,2.3,0.22,1.0126,0.1086,28,BOS-JFK,173,19,0,0,0,0,0,2,2025-10-02 19:12:00,2025-10-02 22:10:00,7,0
2025-08-29 12:45:00,2025-08-29 18:47:00,AA,ATL,BOS,4087,37.48,36.47,0.0,1.15,-1.1262,-0.2453,85,ATL-BOS,362,12,0,0,0,0,0,-9,2025-08-29 12:36:00,2025-08-29 18:43:00,-4,0
2025-03-04 23:00:00,2025-03-05 02:15:00,UA,ATL,LAX,2003,9.02,10.3,0.59,0.42,-0.2036,0.375,95,ATL-LAX,195,23,0,1,0,0,0,-2,2025-03-04 22:58:00,2025-03-05 02:13:00,-2,0
2025-04-21 10:45:00,2025-04-21 13:21:00,AA,SFO,LAX,1518,12.61,10.34,0.84,0.0,0.2938,0.1725,85,SFO-LAX,156,10,0,0,0,0,0,7,2025-04-21 10:52:00,2025-04-21 13:35:00,14,0
2025-05-12 16:45:00,2025-05-12 19:38:00,B6,ATL,JFK,1725,5.85,5.17,0.2,0.87,0.428,0.5557,37,ATL-JFK,173,16,0,0,0,0,0,28,2025-05-12 17:13:00,2025-05-12 20:04:00,26,1
2025-12-12 02:10:00,2025-12-12 08:00:00,B6,SFO,ATL,3933,8.83,5.37,22.69,22.93,0.8401,-0.5376,96,SFO-ATL,350,2,0,1,1,0,1,25,2025-12-12 02:35:00,2025-12-12 08:33:00,33,1
2025-09-18 22:40:00,2025-09-19 00:17:00,WN,BOS,SFO,772,12.78,12.11,0.0,1.16,0.6513,0.7865,83,BOS-SFO,97,22,0,1,0,0,0,-3,2025-09-18 22:37:00,2025-09-19 00:32:00,15,1
2025-05-14 03:00:00,2025-05-14 09:21:00,DL,LAX,SFO,4321,12.24,13.04,0.0,0.73,0.4758,-0.3717,2,LAX-SFO,381,3,0,1,0,0,1,26,2025-05-14 03:26:00,2025-05-14 10:08:00,47,1
2025-09-26 09:30:00,2025-09-26 11:47:00,WN,SFO,BOS,1280,13.77,13.59,11.54,10.01,0.4914,-0.8636,35,SFO-BOS,137,9,0,0,0,0,0,6,2025-09-26 09:36:00,2025-09-26 11:50:00,3,0
2025-09-27 20:50:00,2025-09-28 02:34:00,UA,LAX,JFK,3859,6.98,8.65,6.67,7.86,0.6838,-0.2099,81,LAX-JFK,344,20,0,1,0,0,0,11,2025-09-27 21:01:00,2025-09-28 02:56:00,22,1
2025-05-24 23:10:00,2025-05-25 03:12:00,DL,LAX,ATL,2586,23.71,24.99,1.41,0.71,0.0198,-0.9336,18,LAX-ATL,242,23,0,1,0,0,0,-6,2025-05-24 23:04:00,2025-05-25 03:07:00,-5,0
2025-05-28 11:10:00,2025-05-28 15:20:00,UA,BOS,SFO,2693,8.74,13.78,0.66,1.06,1.1459,0.3135,29,BOS-SFO,250,11,0,0,0,0,0,-8,2025-05-28 11:02:00,2025-05-28 15:14:00,-6,0
2025-11-23 11:20:00,2025-11-23 13:28:00,AA,JFK,BOS,1159,9.16,10.31,0.24,1.0,-0.077,-0.6231,96,JFK-BOS,128,11,1,0,0,0,0,1,2025-11-23 11:21:00,2025-11-23 13:29:00,1,0
2025-07-25 01:15:00,2025-07-25 06:17:00,AA,LAX,BOS,3332,4.41,5.99,36.31,36.49,-1.6913,0.4797,19,LAX-BOS,302,1,0,1,1,0,0,44,2025-07-25 01:59:00,2025-07-25 07:05:00,48,1
2025-02-24 23:00:00,2025-02-25 03:37:00,DL,JFK,BOS,3023,16.36,17.65,9.1,9.16,1.2454,0.8176,73,JFK-BOS,277,23,0,1,0,0,0,-3,2025-02-24 22:57:00,2025-02-25 03:43:00,6,0
2025-09-20 00:20:00,2025-09-20 04:01:00,AA,ATL,BOS,2320,11.18,9.98,0.0,0.0,0.468,0.1794,75,ATL-BOS,221,0,0,1,0,0,0,8,2025-09-20 00:28:00,2025-09-20 03:59:00,-2,0
2025-08-04 00:15:00,2025-08-04 03:48:00,B6,SFO,LAX,2222,11.09,6.17,0.0,0.18,-0.149,0.3287,26,SFO-LAX,213,0,0,1,0,0,1,35,2025-08-04 00:50:00,2025-08-04 04:37:00,49,1
2025-07-05 11:00:00,2025-07-05 15:20:00,B6,ATL,SFO,2808,4.11,3.04,0.0,0.0,0.1141,-0.1447,12,ATL-SFO,260,11,0,0,0,0,1,34,2025-07-05 11:34:00,2025-07-05 16:19:00,59,1
2025-09-22 00:15:00,2025-09-22 03:52:00,DL,SFO,LAX,2281,3.12,2.44,0.0,1.21,1.507,-0.823,10,SFO-LAX,217,0,0,1,0,0,1,29,2025-09-22 00:44:00,2025-09-22 04:31:00,39,1
2025-11-28 03:00:00,2025-11-28 09:26:00,DL,SFO,JFK,4392,15.59,12.28,0.0,0.0,0.1001,-0.139,87,SFO-JFK,386,3,0,1,0,0,1,24,2025-11-28 03:24:00,2025-11-28 10:20:00,54,1
2025-05-01 15:50:00,2025-05-01 17:03:00,WN,ATL,SFO,473,25.47,27.79,1.39,4.4,1.5191,-0.1797,23,ATL-SFO,73,15,0,0,0,0,0,10,2025-05-01 16:00:00,2025-05-01 17:11:00,8,0
2025-06-03 16:50:00,2025-06-03 19:13:00,DL,LAX,SFO,1354,6.2,6.44,0.16,0.0,0.4717,-0.2279,87,LAX-SFO,143,16,0,0,0,0,0,-1,2025-06-03 16:49:00,2025-06-03 19:07:00,-6,0
2025-03-11 07:15:00,2025-03-11 13:00:00,WN,LAX,BOS,3874,7.7,7.37,0.62,0.0,-0.3628,0.2494,50,LAX-BOS,345,7,0,0,0,0,0,1,2025-03-11 07:16:00,2025-03-11 13:02:00,2,0
2025-08-25 19:50:00,2025-08-26 01:15:00,AA,BOS,SFO,3628,17.49,14.71,11.69,9.93,-1.3097,0.0249,55,BOS-SFO,325,19,0,0,0,0,1,21,2025-08-25 20:11:00,2025-08-26 01:47:00,32,1
2025-05-27 14:20:00,2025-05-27 17:16:00,UA,SFO,BOS,1761,22.7,22.05,0.05,0.0,0.0914,0.8188,66,SFO-BOS,176,14,0,0,0,0,0,6,2025-05-27 14:26:00,2025-05-27 17:11:00,-5,0
2025-05-05 05:50:00,2025-05-05 09:39:00,AA,ATL,JFK,2426,5.33,5.49,0.42,0.0,1.3141,0.5144,42,ATL-JFK,229,5,0,0,0,0,0,-6,2025-05-05 05:44:00,2025-05-05 09:36:00,-3,0
2025-09-12 17:10:00,2025-09-12 18:18:00,WN,BOS,JFK,413,3.46,3.22,0.0,0.23,-0.5685,0.4256,95,BOS-JFK,68,17,0,0,0,0,0,-10,2025-09-12 17:00:00,2025-09-12 18:20:00,2,0
2025-05-29 14:15:00,2025-05-29 16:13:00,WN,SFO,JFK,1042,8.19,10.03,9.26,8.68,0.3666,0.8097,88,SFO-JFK,118,14,0,0,0,0,0,-10,2025-05-29 14:05:00,2025-05-29 16:13:00,0,0
2025-06-19 19:40:00,2025-06-20 01:56:00,UA,LAX,ATL,4266,12.99,13.85,0.0,0.0,1.5351,-0.0409,66,LAX-ATL,376,19,0,0,0,0,0,-3,2025-06-19 19:37:00,2025-06-20 01:56:00,0,0
2025-06-10 03:10:00,2025-06-10 07:45:00,B6,ATL,JFK,3002,3.15,1.14,0.21,0.31,-1.7729,0.8381,71,ATL-JFK,275,3,0,1,0,0,0,16,2025-06-10 03:26:00,2025-06-10 07:46:00,1,0
2025-04-05 05:45:00,2025-04-05 06:57:00,WN,ATL,JFK,462,7.36,5.65,16.23,15.72,0.3976,-0.171,71,ATL-JFK,72,5,0,0,1,0,0,6,2025-04-05 05:51:00,2025-04-05 07:11:00,14,0
2025-02-15 07:20:00,2025-02-15 12:45:00,DL,BOS,SFO,3628,11.39,7.68,0.0,0.0,0.554,-0.4235,3,BOS-SFO,325,7,0,0,0,0,1,40,2025-02-15 08:00:00,2025-02-15 13:31:00,46,1
2025-10-29 08:20:00,2025-10-29 11:35:00,UA,ATL,JFK,1994,7.06,11.68,0.0,1.77,0.3561,0.5821,27,ATL-JFK,195,8,0,0,0,0,0,-5,2025-10-29 08:15:00,2025-10-29 11:28:00,-7,0
2025-02-03 21:20:00,2025-02-04 01:30:00,UA,ATL,SFO,2688,3.58,1.76,1.55,1.51,-1.7039,0.6017,41,ATL-SFO,250,21,0,1,0,0,1,16,2025-02-03 21:36:00,2025-02-04 01:47:00,17,1
2025-04-29 17:45:00,2025-04-29 23:32:00,WN,JFK,BOS,3898,7.86,3.99,10.94,11.3,-0.7593,-0.1781,13,JFK-BOS,347,17,0,0,0,0,0,-4,2025-04-29 17:41:00,2025-04-29 23:24:00,-8,0
2025-09-01 13:00:00,2025-09-01 18:40:00,WN,ATL,BOS,3817,10.34,9.78,0.0,0.0,-2.0858,0.2682,42,ATL-BOS,340,13,1,0,0,0,0,-10,2025-09-01 12:50:00,2025-09-01 18:37:00,-3,0
2025-02-17 12:45:00,2025-02-17 14:30:00,WN,BOS,ATL,873,5.37,3.83,0.83,0.0,-1.3177,0.7334,65,BOS-ATL,105,12,1,0,0,0,0,8,2025-02-17 12:53:00,2025-02-17 14:42:00,12,0
2025-08-28 21:45:00,2025-08-29 00:47:00,AA,BOS,LAX,1836,13.67,12.81,0.0,0.37,0.8437,-0.9426,85,BOS-LAX,182,21,0,1,0,0,0,2,2025-08-28 21:47:00,2025-08-29 00:48:00,1,0
2025-09-25 10:45:00,2025-09-25 13:16:00,AA,SFO,ATL,1444,18.81,17.93,70.51,70.45,-0.33,0.5286,74,SFO-ATL,151,10,0,0,1,0,0,41,2025-09-25 11:26:00,2025-09-25 14:16:00,60,1
2025-08-30 05:50:00,2025-08-30 11:56:00,DL,SFO,BOS,4137,17.1,19.46,1.71,0.12,0.8192,-0.3027,88,SFO-BOS,366,5,0,0,0,0,1,32,2025-08-30 06:22:00,2025-08-30 12:34:00,38,1
2025-04-22 03:45:00,2025-04-22 09:06:00,AA,SFO,LAX,3579,7.02,5.9,0.23,0.36,0.7645,0.8609,67,SFO-LAX,321,3,0,1,0,0,0,4,2025-04-22 03:49:00,2025-04-22 09:00:00,-6,0
2025-01-08 07:30:00,2025-01-08 12:07:00,UA,BOS,LAX,3022,14.28,14.03,13.41,12.46,-1.1236,-0.7221,54,BOS-LAX,277,7,0,0,1,0,0,23,2025-01-08 07:53:00,2025-01-08 12:28:00,21,1
2025-11-20 15:20:00,2025-11-20 16:39:00,DL,JFK,SFO,545,12.59,15.55,0.71,0.61,0.1693,0.2878,60,JFK-SFO,79,15,0,0,0,0,0,31,2025-11-20 15:51:00,2025-11-20 17:13:00,34,1
2025-04-30 11:20:00,2025-04-30 16:49:00,WN,JFK,SFO,3673,32.37,27.7,4.0,4.15,-1.5863,0.5181,11,JFK-SFO,329,11,0,0,0,0,1,19,2025-04-30 11:39:00,2025-04-30 17:19:00,30,1
2025-10-21 10:45:00,2025-10-21 14:52:00,WN,SFO,LAX,2655,15.67,12.21,0.56,1.37,0.2747,-0.7101,80,SFO-LAX,247,10,0,0,0,0,0,-10,2025-10-21 10:35:00,2025-10-21 14:51:00,-1,0
2025-03-14 11:20:00,2025-03-14 13:51:00,B6,LAX,SFO,1446,14.44,13.66,0.48,0.0,0.4237,0.7504,60,LAX-SFO,151,11,0,0,0,0,0,-3,2025-03-14 11:17:00,2025-03-14 13:49:00,-2,0
2025-03-01 23:30:00,2025-03-02 02:58:00,AA,SFO,LAX,2159,20.07,17.64,1.16,0.0,-0.2274,-0.1901,72,SFO-LAX,208,23,0,1,0,0,0,14,2025-03-01 23:44:00,2025-03-02 03:14:00,16,1
2025-10-12 23:00:00,2025-10-13 02:29:00,UA,JFK,BOS,2173,1.84,2.83,20.29,21.45,-1.6821,-0.9385,46,JFK-BOS,209,23,1,1,1,1,0,39,2025-10-12 23:39:00,2025-10-13 03:27:00,58,1
2025-12-10 03:15:00,2025-12-10 05:53:00,WN,SFO,ATL,1543,8.39,9.75,0.77,1.34,-1.4877,0.3136,79,SFO-ATL,158,3,0,1,0,0,0,12,2025-12-10 03:27:00,2025-12-10 05:53:00,0,0
2025-11-11 02:15:00,2025-11-11 08:20:00,DL,LAX,BOS,4120,28.32,30.29,11.81,11.75,2.5426,-0.9909,42,LAX-BOS,365,2,0,1,0,0,0,15,2025-11-11 02:30:00,2025-11-11 08:29:00,9,0
2025-10-02 05:20:00,2025-10-02 11:27:00,B6,LAX,ATL,4153,30.04,28.86,18.83,17.79,0.6214,0.8753,85,LAX-ATL,367,5,0,0,1,0,0,58,2025-10-02 06:18:00,2025-10-02 12:50:00,83,1
2025-04-01 20:30:00,2025-04-01 21:46:00,WN,LAX,BOS,513,6.82,7.2,0.0,0.44,-0.2788,0.0255,98,LAX-BOS,76,20,0,1,0,0,0,2,2025-04-01 20:32:00,2025-04-01 21:44:00,-2,0
2025-11-30 11:40:00,2025-11-30 17:53:00,UA,BOS,LAX,4230,29.99,27.49,0.0,0.0,0.9599,0.7551,17,BOS-LAX,373,11,1,0,0,0,0,-2,2025-11-30 11:38:00,2025-11-30 17:43:00,-10,0
2025-09-01 20:20:00,2025-09-01 23:35:00,AA,LAX,ATL,1996,8.17,6.65,0.61,2.55,1.4716,0.3355,99,LAX-ATL,195,20,1,1,0,1,0,38,2025-09-01 20:58:00,2025-09-02 00:26:00,51,1
2025-03-04 15:10:00,2025-03-04 20:38:00,UA,BOS,ATL,3659,12.44,14.22,20.41,19.38,1.2105,0.8765,79,BOS-ATL,328,15,0,0,1,0,0,20,2025-03-04 15:30:00,2025-03-04 21:09:00,31,1
2025-02-17 13:30:00,2025-02-17 18:51:00,AA,LAX,BOS,3577,2.13,4.56,0.0,0.36,-0.1935,0.0836,40,LAX-BOS,321,13,1,0,0,0,0,-8,2025-02-17 13:22:00,2025-02-17 18:42:00,-9,0
2025-11-14 06:00:00,2025-11-14 10:20:00,DL,BOS,JFK,2815,25.65,22.31,5.66,4.93,-0.3339,-0.3491,53,BOS-JFK,260,6,0,0,0,0,0,17,2025-11-14 06:17:00,2025-11-14 10:34:00,14,0
2025-04-11 08:45:00,2025-04-11 13:54:00,DL,LAX,SFO,3424,6.88,10.88,0.0,0.0,0.7959,-0.8393,93,LAX-SFO,309,8,0,0,0,0,1,40,2025-04-11 09:25:00,2025-04-11 15:17:00,83,1
2025-10-07 03:45:00,2025-10-07 08:33:00,AA,JFK,BOS,3161,2.86,1.89,26.77,26.4,-0.2354,-0.4927,51,JFK-BOS,288,3,0,1,1,0,0,14,2025-10-07 03:59:00,2025-10-07 09:02:00,29,1
2025-02-20 12:10:00,2025-02-20 17:55:00,AA,LAX,JFK,3876,8.65,8.08,0.0,1.13,1.1987,0.8111,24,LAX-JFK,345,12,0,0,0,0,0,2,2025-02-20 12:12:00,2025-02-20 18:03:00,8,0
2025-04-13 06:15:00,2025-04-13 09:36:00,B6,BOS,JFK,2079,0.07,1.6,0.84,0.37,0.1121,0.9667,61,BOS-JFK,201,6,1,0,0,0,0,-7,2025-04-13 06:08:00,2025-04-13 09:35:00,-1,0
2025-04-14 07:00:00,2025-04-14 12:07:00,UA,LAX,BOS,3405,16.0,16.91,5.93,5.54,0.7935,-0.9262,19,LAX-BOS,307,7,0,0,0,0,0,-6,2025-04-14 06:54:00,2025-04-14 12:08:00,1,0
2025-04-13 00:15:00,2025-04-13 06:43:00,AA,SFO,JFK,4412,21.38,21.4,0.06,0.0,1.0396,-0.4865,38,SFO-JFK,388,0,1,1,0,1,1,17,2025-04-13 00:32:00,2025-04-13 07:08:00,25,1
2025-09-04 19:00:00,2025-09-05 01:17:00,DL,ATL,LAX,4277,5.89,3.94,0.21,0.0,-1.2989,-0.5939,65,ATL-LAX,377,19,0,0,0,0,0,-3,2025-09-04 18:57:00,2025-09-05 01:17:00,0,0
2025-11-30 22:50:00,2025-12-01 00:39:00,UA,BOS,ATL,921,4.37,6.38,0.57,0.88,0.1457,0.0308,58,BOS-ATL,109,22,1,1,0,1,0,22,2025-11-30 23:12:00,2025-12-01 01:07:00,28,1
2025-11-29 11:10:00,2025-11-29 14:56:00,B6,LAX,BOS,2392,15.91,14.13,0.49,0.92,1.1483,-0.0825,50,LAX-BOS,226,11,0,0,0,0,0,2,2025-11-29 11:12:00,2025-11-29 14:58:00,2,0
2025-09-28 12:40:00,2025-09-28 16:30:00,UA,SFO,ATL,2442,16.67,16.33,13.28,13.24,-0.8067,0.963,14,SFO-ATL,230,12,1,0,1,0,1,21,2025-09-28 13:01:00,2025-09-28 17:01:00,31,1
2025-03-15 22:30:00,2025-03-16 02:59:00,AA,LAX,BOS,2922,8.12,9.18,10.28,10.72,-0.5479,-0.2921,74,LAX-BOS,269,22,0,1,0,0,0,4,2025-03-15 22:34:00,2025-03-16 02:54:00,-5,0
2025-12-17 12:10:00,2025-12-17 16:46:00,UA,JFK,LAX,3017,4.67,2.79,22.11,22.14,1.2014,0.1856,24,JFK-LAX,276,12,0,0,1,0,0,8,2025-12-17 12:18:00,2025-12-17 17:08:00,22,1
2025-07-17 14:45:00,2025-07-17 20:29:00,WN,BOS,SFO,3860,18.7,18.31,0.0,0.0,1.5279,0.5912,10,BOS-SFO,344,14,0,0,0,0,0,-10,2025-07-17 14:35:00,2025-07-17 20:18:00,-11,0
2025-07-19 10:00:00,2025-07-19 13:58:00,AA,SFO,JFK,2535,3.72,4.5,15.62,16.17,-3.5216,-0.9698,27,SFO-JFK,238,10,0,0,1,0,1,37,2025-07-19 10:37:00,2025-07-19 14:47:00,49,1
2025-09-14 12:50:00,2025-09-14 17:45:00,WN,SFO,ATL,3247,6.84,8.15,0.0,1.07,1.1987,0.5809,48,SFO-ATL,295,12,1,0,0,0,0,1,2025-09-14 12:51:00,2025-09-14 17:48:00,3,0
2025-10-08 12:40:00,2025-10-08 18:41:00,DL,SFO,ATL,4077,5.6,6.47,1.17,0.23,-2.3249,0.3857,6,SFO-ATL,361,12,0,0,0,0,1,39,2025-10-08 13:19:00,2025-10-08 19:36:00,55,1
2025-12-14 17:40:00,2025-12-14 19:13:00,B6,BOS,JFK,728,18.07,12.78,0.0,0.05,-0.0631,0.8179,68,BOS-JFK,93,17,1,0,0,0,0,-10,2025-12-14 17:30:00,2025-12-14 19:11:00,-2,0
2025-08-01 14:50:00,2025-08-01 19:25:00,UA,JFK,BOS,2999,4.01,5.83,6.21,4.59,-1.3858,0.9279,69,JFK-BOS,275,14,0,0,0,0,0,0,2025-08-01 14:50:00,2025-08-01 19:31:00,6,0
2025-08-11 12:20:00,2025-08-11 15:22:00,UA,BOS,JFK,1841,22.76,20.29,0.38,0.0,-0.5476,0.1331,50,BOS-JFK,182,12,0,0,0,0,0,3,2025-08-11 12:23:00,2025-08-11 15:29:00,7,0
2025-09-30 01:15:00,2025-09-30 07:18:00,WN,SFO,ATL,4104,6.4,10.9,9.47,8.81,0.105,0.4681,46,SFO-ATL,363,1,0,1,0,0,1,37,2025-09-30 01:52:00,2025-09-30 08:13:00,55,1
2025-04-04 21:10:00,2025-04-05 01:15:00,B6,SFO,BOS,2620,15.0,14.63,0.26,0.22,0.5308,0.9734,28,SFO-BOS,245,21,0,1,0,0,0,27,2025-04-04 21:37:00,2025-04-05 01:46:00,31,1
2025-04-23 21:50:00,2025-04-24 02:12:00,AA,ATL,JFK,2832,6.26,5.33,2.12,2.38,1.4294,0.6868,47,ATL-JFK,262,21,0,1,0,0,0,-2,2025-04-23 21:48:00,2025-04-24 02:16:00,4,0
2025-08-17 04:20:00,2025-08-17 09:33:00,DL,BOS,LAX,3469,12.36,12.06,6.72,3.77,-1.3453,0.1635,50,BOS-LAX,313,4,1,1,0,1,0,0,2025-08-17 04:20:00,2025-08-17 09:55:00,22,1
2025-01-24 07:45:00,2025-01-24 10:05:00,AA,JFK,BOS,1316,5.73,6.02,0.0,0.8,1.1562,-0.7066,59,JFK-BOS,140,7,0,0,0,0,0,-1,2025-01-24 07:44:00,2025-01-24 10:14:00,9,0
2025-04-27 23:15:00,2025-04-28 03:17:00,AA,JFK,BOS,2582,3.85,5.37,5.63,5.45,-0.2778,-0.2574,58,JFK-BOS,242,23,1,1,0,1,0,18,2025-04-27 23:33:00,2025-04-28 03:49:00,32,1
2025-09-20 07:50:00,2025-09-20 13:09:00,UA,JFK,ATL,3546,15.45,14.93,5.1,5.84,-0.2565,0.7534,25,JFK-ATL,319,7,0,0,0,0,0,3,2025-09-20 07:53:00,2025-09-20 12:54:00,-15,0
2025-12-23 19:45:00,2025-12-24 01:05:00,UA,BOS,SFO,3565,5.25,7.56,6.82,6.88,1.7004,-0.8334,55,BOS-SFO,320,19,0,0,0,0,0,2,2025-12-23 19:47:00,2025-12-24 00:54:00,-11,0
2025-07-09 18:15:00,2025-07-09 20:31:00,WN,LAX,BOS,1257,5.08,3.07,14.83,12.95,0.8424,0.7738,38,LAX-BOS,136,18,0,0,1,0,0,16,2025-07-09 18:31:00,2025-07-09 21:09:00,38,1
2025-05-26 20:20:00,2025-05-27 02:00:00,WN,SFO,LAX,3817,11.13,11.23,0.0,0.52,-1.6823,0.2617,56,SFO-LAX,340,20,1,1,0,1,1,25,2025-05-26 20:45:00,2025-05-27 02:27:00,27,1
2025-06-10 00:45:00,2025-06-10 02:39:00,B6,SFO,JFK,983,10.4,10.83,22.81,22.51,-0.0783,0.6194,66,SFO-JFK,114,0,0,1,1,0,0,8,2025-06-10 00:53:00,2025-06-10 03:08:00,29,1
2025-09-08 11:10:00,2025-09-08 13:38:00,DL,JFK,LAX,1413,4.07,4.12,7.14,8.56,-0.7477,-0.1957,44,JFK-LAX,148,11,0,0,0,0,0,32,2025-09-08 11:42:00,2025-09-08 14:01:00,23,1
2025-07-18 13:00:00,2025-07-18 18:47:00,UA,SFO,BOS,3897,15.87,15.91,0.0,1.3,-0.4346,-0.3866,34,SFO-BOS,347,13,0,0,0,0,0,31,2025-07-18 13:31:00,2025-07-18 19:37:00,50,1
2025-01-09 20:15:00,2025-01-10 00:41:00,AA,LAX,JFK,2887,6.83,2.69,8.5,7.23,-0.1314,0.9391,33,LAX-JFK,266,20,0,1,0,0,0,1,2025-01-09 20:16:00,2025-01-10 00:55:00,14,0
2025-07-16 05:30:00,2025-07-16 09:31:00,UA,ATL,LAX,2577,3.22,2.9,11.48,8.4,0.4632,0.1792,87,ATL-LAX,241,5,0,0,0,0,0,-1,2025-07-16 05:29:00,2025-07-16 09:34:00,3,0
2025-05-27 07:10:00,2025-05-27 11:16:00,AA,LAX,BOS,2639,11.36,5.58,5.82,5.97,-1.2553,0.3708,7,LAX-BOS,246,7,0,0,0,0,0,-5,2025-05-27 07:05:00,2025-05-27 11:19:00,3,0
2025-09-13 04:15:00,2025-09-13 10:40:00,B6,BOS,LAX,4370,7.18,7.46,0.0,0.13,-0.2218,0.8544,82,BOS-LAX,385,4,0,1,0,0,0,-5,2025-09-13 04:10:00,2025-09-13 10:42:00,2,0
2025-11-16 18:50:00,2025-11-16 21:05:00,UA,LAX,SFO,1254,13.32,10.99,0.61,0.06,-0.3947,-0.0505,4,LAX-SFO,135,18,1,0,0,0,0,27,2025-11-16 19:17:00,2025-11-16 21:38:00,33,1
2025-12-18 23:00:00,2025-12-19 01:39:00,AA,LAX,JFK,1556,30.33,32.49,0.0,0.4,0.3842,-0.8357,63,LAX-JFK,159,23,0,1,0,0,0,12,2025-12-18 23:12:00,2025-12-19 01:46:00,7,0
2025-08-11 03:00:00,2025-08-11 06:44:00,DL,SFO,ATL,2357,10.22,10.02,0.0,0.0,-0.053,-0.5033,53,SFO-ATL,224,3,0,1,0,0,1,29,2025-08-11 03:29:00,2025-08-11 07:33:00,49,1
2025-05-13 05:20:00,2025-05-13 11:03:00,WN,SFO,ATL,3850,17.03,15.98,1.0,1.03,0.9378,0.2467,71,SFO-ATL,343,5,0,0,0,0,1,36,2025-05-13 05:56:00,2025-05-13 12:01:00,58,1
2025-06-12 07:00:00,2025-06-12 11:03:00,WN,SFO,JFK,2603,1.96,4.53,0.0,0.0,0.2586,0.5259,85,SFO-JFK,243,7,0,0,0,0,1,12,2025-06-12 07:12:00,2025-06-12 11:35:00,32,1
2025-03-06 21:00:00,2025-03-07 02:03:00,WN,JFK,BOS,3348,19.42,21.43,0.0,0.0,0.6033,0.012,82,JFK-BOS,303,21,0,1,0,0,0,16,2025-03-06 21:16:00,2025-03-07 02:17:00,14,0
2025-12-08 10:10:00,2025-12-08 15:44:00,WN,JFK,BOS,3732,10.16,10.54,0.0,0.0,0.2329,0.2829,78,JFK-BOS,334,10,0,0,0,0,0,-4,2025-12-08 10:06:00,2025-12-08 15:40:00,-4,0
2025-11-06 06:00:00,2025-11-06 11:59:00,B6,JFK,LAX,4046,3.94,5.79,0.21,1.01,-1.1496,0.3631,59,JFK-LAX,359,6,0,0,0,0,0,7,2025-11-06 06:07:00,2025-11-06 11:48:00,-11,0
2025-11-08 07:45:00,2025-11-08 11:19:00,B6,SFO,BOS,2236,21.96,19.32,2.96,2.14,-0.3747,-0.9165,53,SFO-BOS,214,7,0,0,0,0,1,15,2025-11-08 08:00:00,2025-11-08 11:40:00,21,1
2025-04-30 14:00:00,2025-04-30 17:33:00,UA,BOS,JFK,2223,8.93,11.75,0.0,0.07,-0.6687,-0.049,69,BOS-JFK,213,14,0,0,0,0,0,-4,2025-04-30 13:56:00,2025-04-30 17:25:00,-8,0
2025-04-28 09:30:00,2025-04-28 10:56:00,B6,JFK,BOS,639,17.39,18.64,0.02,0.09,0.7589,0.7542,63,JFK-BOS,86,9,0,0,0,0,0,-8,2025-04-28 09:22:00,2025-04-28 10:53:00,-3,0
2025-11-09 03:40:00,2025-11-09 05:06:00,WN,LAX,SFO,637,34.2,32.78,8.07,8.22,0.8515,-0.8806,52,LAX-SFO,86,3,1,1,0,1,0,39,2025-11-09 04:19:00,2025-11-09 05:48:00,42,1
2025-07-18 19:40:00,2025-07-18 23:23:00,AA,ATL,SFO,2346,3.42,3.21,12.35,12.05,-0.0819,0.3494,97,ATL-SFO,223,19,0,0,1,0,1,48,2025-07-18 20:28:00,2025-07-19 00:31:00,68,1
2025-09-15 10:40:00,2025-09-15 15:51:00,WN,LAX,SFO,3446,5.32,5.29,10.2,10.85,0.1453,0.103,30,LAX-SFO,311,10,0,0,0,0,1,39,2025-09-15 11:19:00,2025-09-15 16:51:00,60,1
2025-06-28 06:15:00,2025-06-28 11:56:00,DL,BOS,JFK,3819,17.06,14.17,10.61,11.09,-1.5795,0.4385,96,BOS-JFK,341,6,0,0,0,0,0,7,2025-06-28 06:22:00,2025-06-28 11:42:00,-14,0
2025-06-11 17:50:00,2025-06-11 21:06:00,B6,BOS,ATL,2015,9.08,7.9,0.0,0.34,-0.3898,0.7826,72,BOS-ATL,196,17,0,0,0,0,0,1,2025-06-11 17:51:00,2025-06-11 21:04:00,-2,0
2025-08-19 17:00:00,2025-08-19 21:11:00,DL,LAX,BOS,2699,1.45,3.68,9.95,10.88,-2.5021,0.7767,99,LAX-BOS,251,17,0,0,0,0,0,-3,2025-08-19 16:57:00,2025-08-19 21:09:00,-2,0
2025-10-24 03:00:00,2025-10-24 08:32:00,UA,ATL,LAX,3713,7.37,7.85,0.84,0.12,0.8091,0.6454,24,ATL-LAX,332,3,0,1,0,0,0,-10,2025-10-24 02:50:00,2025-10-24 08:29:00,-3,0
2025-05-02 01:45:00,2025-05-02 04:31:00,B6,ATL,LAX,1639,7.38,10.82,7.22,7.45,2.2289,-0.1346,1,ATL-LAX,166,1,0,1,0,0,0,12,2025-05-02 01:57:00,2025-05-02 05:03:00,32,1
2025-10-23 01:00:00,2025-10-23 02:52:00,WN,JFK,ATL,965,9.5,8.61,0.85,1.96,-0.5332,-0.6438,37,JFK-ATL,112,1,0,1,0,0,0,6,2025-10-23 01:06:00,2025-10-23 02:45:00,-7,0
2025-03-31 18:10:00,2025-04-01 00:18:00,AA,JFK,LAX,4168,4.75,3.89,14.23,14.93,0.2288,0.4372,63,JFK-LAX,368,18,0,0,1,0,0,34,2025-03-31 18:44:00,2025-04-01 01:17:00,59,1
2025-05-28 15:10:00,2025-05-28 19:12:00,B6,ATL,SFO,2593,25.77,22.11,9.89,11.31,0.4172,0.5072,94,ATL-SFO,242,15,0,0,0,0,0,-7,2025-05-28 15:03:00,2025-05-28 19:10:00,-2,0
2025-11-30 19:00:00,2025-11-30 20:51:00,UA,BOS,LAX,953,3.58,4.09,0.0,0.0,-1.1366,-0.7025,74,BOS-LAX,111,19,1,0,0,0,0,5,2025-11-30 19:05:00,2025-11-30 20:46:00,-5,0
2025-12-15 15:00:00,2025-12-15 17:24:00,UA,BOS,LAX,1358,13.43,13.47,24.77,26.0,-0.1315,0.4816,24,BOS-LAX,144,15,0,0,1,0,0,5,2025-12-15 15:05:00,2025-12-15 17:36:00,12,0
2025-12-04 09:30:00,2025-12-04 12:19:00,AA,JFK,ATL,1672,4.23,5.66,18.96,16.25,0.4677,0.4821,10,JFK-ATL,169,9,0,0,1,0,0,19,2025-12-04 09:49:00,2025-12-04 12:54:00,35,1
2025-04-26 14:40:00,2025-04-26 16:47:00,AA,BOS,LAX,1144,4.74,4.65,0.0,1.55,0.169,0.0844,55,BOS-LAX,127,14,0,0,0,0,0,-10,2025-04-26 14:30:00,2025-04-26 16:39:00,-8,0
2025-11-04 17:00:00,2025-11-04 20:26:00,UA,ATL,LAX,2135,22.03,24.77,1.49,0.9,0.0596,0.7124,36,ATL-LAX,206,17,0,0,0,0,0,2,2025-11-04 17:02:00,2025-11-04 20:42:00,16,1
2025-12-08 09:50:00,2025-12-08 15:22:00,DL,JFK,ATL,3713,6.93,7.67,0.81,0.0,-0.2964,0.8045,36,JFK-ATL,332,9,0,0,0,0,0,0,2025-12-08 09:50:00,2025-12-08 15:20:00,-2,0
2025-12-24 21:00:00,2025-12-25 02:07:00,AA,SFO,BOS,3399,12.12,12.54,0.0,0.87,-0.8161,-0.6432,16,SFO-BOS,307,21,1,1,0,1,1,29,2025-12-24 21:29:00,2025-12-25 02:53:00,46,1
2025-01-08 21:40:00,2025-01-09 03:47:00,AA,JFK,SFO,4151,18.51,16.29,1.15,0.62,0.676,-0.6483,55,JFK-SFO,367,21,0,1,0,0,1,20,2025-01-08 22:00:00,2025-01-09 04:22:00,35,1
2025-09-29 19:45:00,2025-09-30 01:25:00,WN,BOS,SFO,3810,11.01,9.41,0.51,0.0,1.7604,-0.8148,38,BOS-SFO,340,19,0,0,0,0,0,20,2025-09-29 20:05:00,2025-09-30 01:39:00,14,0
2025-12-30 23:30:00,2025-12-31 02:14:00,UA,JFK,ATL,1607,22.51,24.0,0.0,0.18,-2.0054,0.8402,15,JFK-ATL,164,23,0,1,0,0,0,0,2025-12-30 23:30:00,2025-12-31 02:09:00,-5,0
2025-10-07 09:20:00,2025-10-07 10:39:00,UA,ATL,LAX,545,3.89,0.71,0.47,0.38,-2.1532,-0.6709,44,ATL-LAX,79,9,0,0,0,0,0,4,2025-10-07 09:24:00,2025-10-07 10:42:00,3,0
2025-03-27 02:00:00,2025-03-27 03:50:00,UA,BOS,JFK,936,13.8,13.51,0.65,0.0,-1.2145,0.0699,9,BOS-JFK,110,2,0,1,0,0,0,-7,2025-03-27 01:53:00,2025-03-27 03:53:00,3,0
2025-10-06 11:10:00,2025-10-06 16:35:00,B6,JFK,ATL,3626,32.4,34.06,0.0,0.0,-0.4412,-0.8144,17,JFK-ATL,325,11,0,0,0,0,0,2,2025-10-06 11:12:00,2025-10-06 16:40:00,5,0
2025-02-08 17:45:00,2025-02-08 20:38:00,UA,JFK,BOS,1729,14.1,12.46,10.76,11.07,-0.2623,0.1831,62,JFK-BOS,173,17,0,0,0,0,0,-2,2025-02-08 17:43:00,2025-02-08 20:37:00,-1,0
2025-06-25 18:15:00,2025-06-25 23:16:00,B6,JFK,SFO,3326,1.06,3.71,18.8,19.27,0.1272,-0.1538,49,JFK-SFO,301,18,0,0,1,0,1,71,2025-06-25 19:26:00,2025-06-26 01:11:00,115,1
2025-08-17 09:00:00,2025-08-17 12:33:00,DL,SFO,JFK,2222,13.77,15.98,0.57,1.88,0.0725,-0.5339,9,SFO-JFK,213,9,1,0,0,0,1,35,2025-08-17 09:35:00,2025-08-17 13:04:00,31,1
2025-06-16 07:40:00,2025-06-16 13:40:00,WN,LAX,JFK,4057,24.26,27.16,0.0,0.0,-0.1387,0.3611,18,LAX-JFK,360,7,0,0,0,0,0,1,2025-06-16 07:41:00,2025-06-16 13:44:00,4,0
2025-09-13 10:40:00,2025-09-13 14:30:00,WN,ATL,LAX,2434,6.14,6.53,0.0,0.41,1.2722,-0.0608,4,ATL-LAX,230,10,0,0,0,0,0,2,2025-09-13 10:42:00,2025-09-13 14:21:00,-9,0
2025-03-29 19:00:00,2025-03-30 01:01:00,DL,JFK,LAX,4081,5.61,7.32,6.64,5.27,-0.9258,-0.0218,92,JFK-LAX,361,19,0,0,0,0,0,4,2025-03-29 19:04:00,2025-03-30 01:00:00,-1,0
2025-08-10 01:00:00,2025-08-10 03:23:00,AA,JFK,SFO,1353,14.83,16.7,0.0,0.68,0.9073,0.9351,43,JFK-SFO,143,1,1,1,0,1,0,42,2025-08-10 01:42:00,2025-08-10 04:29:00,66,1
2025-08-24 07:00:00,2025-08-24 12:20:00,AA,ATL,BOS,3565,14.3,13.39,0.11,0.0,1.9851,-0.3704,16,ATL-BOS,320,7,1,0,0,0,0,0,2025-08-24 07:00:00,2025-08-24 12:21:00,1,0
2025-08-20 05:00:00,2025-08-20 08:55:00,WN,BOS,SFO,2500,9.98,9.52,13.45,13.45,-1.4706,0.9854,34,BOS-SFO,235,5,0,0,1,0,1,60,2025-08-20 06:00:00,2025-08-20 10:19:00,84,1
2025-04-16 19:30:00,2025-04-16 21:33:00,AA,SFO,LAX,1098,5.22,4.61,1.03,1.18,-1.9498,0.6773,51,SFO-LAX,123,19,0,0,0,0,0,-1,2025-04-16 19:29:00,2025-04-16 21:46:00,13,0
2025-04-22 11:10:00,2025-04-22 13:28:00,WN,BOS,SFO,1282,6.44,11.16,19.17,19.52,0.1856,-0.6785,5,BOS-SFO,138,11,0,0,1,0,0,35,2025-04-22 11:45:00,2025-04-22 14:06:00,38,1
2025-04-05 02:30:00,2025-04-05 05:14:00,WN,JFK,BOS,1618,6.6,3.84,0.0,0.0,0.6468,-0.2961,34,JFK-BOS,164,2,0,1,0,0,0,11,2025-04-05 02:41:00,2025-04-05 05:27:00,13,0
2025-06-18 06:10:00,2025-06-18 08:01:00,WN,BOS,JFK,950,0.23,3.52,15.96,15.75,0.0362,-0.3712,46,BOS-JFK,111,6,0,0,1,0,0,51,2025-06-18 07:01:00,2025-06-18 09:03:00,62,1
2025-08-02 01:50:00,2025-08-02 08:04:00,AA,ATL,JFK,4232,19.81,19.94,0.0,0.36,-2.1258,0.4617,42,ATL-JFK,374,1,0,1,0,0,0,4,2025-08-02 01:54:00,2025-08-02 08:00:00,-4,0
2025-05-13 11:40:00,2025-05-13 13:50:00,AA,BOS,SFO,1193,15.6,19.6,13.6,13.89,-1.6868,-0.4683,98,BOS-SFO,130,11,0,0,1,0,0,-3,2025-05-13 11:37:00,2025-05-13 14:05:00,15,1
2025-05-30 23:15:00,2025-05-31 03:35:00,DL,LAX,SFO,2812,15.51,14.96,8.22,7.0,-0.508,-0.4409,38,LAX-SFO,260,23,0,1,0,0,0,18,2025-05-30 23:33:00,2025-05-31 04:12:00,37,1
2025-04-15 13:20:00,2025-04-15 17:31:00,UA,SFO,BOS,2697,16.07,15.49,19.03,17.66,0.4157,0.4723,18,SFO-BOS,251,13,0,0,1,0,1,21,2025-04-15 13:41:00,2025-04-15 18:08:00,37,1
2025-03-21 20:00:00,2025-03-22 00:00:00,AA,LAX,ATL,2562,9.3,5.38,5.67,8.1,-0.3545,0.5511,97,LAX-ATL,240,20,0,1,0,0,0,-3,2025-03-21 19:57:00,2025-03-22 00:11:00,11,0
2025-08-28 17:00:00,2025-08-28 21:30:00,UA,SFO,LAX,2935,8.89,9.56,1.8,0.0,0.2134,0.4696,97,SFO-LAX,270,17,0,0,0,0,1,11,2025-08-28 17:11:00,2025-08-28 21:49:00,19,1
2025-10-25 21:30:00,2025-10-26 03:37:00,AA,LAX,SFO,4145,3.33,5.73,4.54,4.23,0.1853,-0.0078,66,LAX-SFO,367,21,0,1,0,0,1,36,2025-10-25 22:06:00,2025-10-26 04:45:00,68,1
2025-04-17 07:00:00,2025-04-17 13:24:00,AA,LAX,JFK,4365,17.13,15.63,5.05,6.37,0.9311,0.4875,81,LAX-JFK,384,7,0,0,0,0,0,-2,2025-04-17 06:58:00,2025-04-17 13:24:00,0,0
2025-11-11 22:40:00,2025-11-12 04:33:00,DL,JFK,ATL,3971,46.87,46.75,0.86,0.0,-1.1608,0.1821,4,JFK-ATL,353,22,0,1,0,0,0,-6,2025-11-11 22:34:00,2025-11-12 04:25:00,-8,0
2025-07-28 05:20:00,2025-07-28 08:53:00,UA,ATL,SFO,2230,9.68,11.02,5.17,5.93,0.0882,0.7149,59,ATL-SFO,213,5,0,0,0,0,1,22,2025-07-28 05:42:00,2025-07-28 09:29:00,36,1
2025-03-03 10:10:00,2025-03-03 15:13:00,UA,JFK,BOS,3355,19.44,20.43,0.22,1.35,1.4387,0.4144,83,JFK-BOS,303,10,0,0,0,0,0,8,2025-03-03 10:18:00,2025-03-03 15:00:00,-13,0
2025-05-14 16:30:00,2025-05-14 18:31:00,WN,SFO,LAX,1080,19.97,18.92,6.3,4.8,-0.79,0.2262,0,SFO-LAX,121,16,0,0,0,0,0,4,2025-05-14 16:34:00,2025-05-14 18:46:00,15,1
2025-01-03 06:30:00,2025-01-03 12:25:00,AA,JFK,SFO,4005,29.14,28.98,0.0,0.0,-0.6269,0.2378,54,JFK-SFO,355,6,0,0,0,0,1,10,2025-01-03 06:40:00,2025-01-03 12:38:00,13,0
2025-01-15 06:40:00,2025-01-15 08:45:00,AA,LAX,JFK,1121,2.83,5.41,0.8,0.43,0.0863,-0.4141,15,LAX-JFK,125,6,0,0,0,0,0,-7,2025-01-15 06:33:00,2025-01-15 08:42:00,-3,0
2025-05-03 03:10:00,2025-05-03 04:47:00,B6,ATL,BOS,778,1.94,4.07,13.45,12.63,-1.0572,0.1833,11,ATL-BOS,97,3,0,1,1,0,0,80,2025-05-03 04:30:00,2025-05-03 06:45:00,118,1
2025-06-15 00:30:00,2025-06-15 06:07:00,UA,BOS,SFO,3780,9.73,13.6,1.33,0.0,-1.1643,0.9502,65,BOS-SFO,337,0,1,1,0,1,1,47,2025-06-15 01:17:00,2025-06-15 07:27:00,80,1
2025-10-19 12:45:00,2025-10-19 17:58:00,WN,BOS,LAX,3481,6.75,8.59,22.96,23.4,-0.3471,0.8926,47,BOS-LAX,313,12,1,0,1,0,0,22,2025-10-19 13:07:00,2025-10-19 18:27:00,29,1
2025-02-19 23:15:00,2025-02-20 01:00:00,WN,BOS,SFO,881,42.08,42.29,3.2,4.07,-0.2441,-0.7585,42,BOS-SFO,105,23,0,1,0,0,0,-10,2025-02-19 23:05:00,2025-02-20 01:02:00,2,0
2025-11-03 05:45:00,2025-11-03 12:08:00,DL,SFO,LAX,4355,5.44,2.47,1.22,0.0,0.7515,-0.2125,13,SFO-LAX,383,5,0,0,0,0,1,18,2025-11-03 06:03:00,2025-11-03 12:50:00,42,1
2025-03-27 10:40:00,2025-03-27 12:16:00,AA,JFK,SFO,768,33.7,31.62,0.0,0.0,-0.8967,-0.5454,32,JFK-SFO,96,10,0,0,0,0,0,3,2025-03-27 10:43:00,2025-03-27 12:07:00,-9,0
2025-02-20 22:20:00,2025-02-20 23:35:00,B6,LAX,SFO,505,8.46,12.43,0.0,2.48,0.0305,0.5445,55,LAX-SFO,75,22,0,1,0,0,0,9,2025-02-20 22:29:00,2025-02-20 23:36:00,1,0
2025-09-13 18:50:00,2025-09-14 01:10:00,WN,LAX,BOS,4314,4.79,5.2,12.86,13.87,1.2343,0.1203,41,LAX-BOS,380,18,0,0,1,0,0,71,2025-09-13 20:01:00,2025-09-14 02:49:00,99,1
2025-10-10 00:50:00,2025-10-10 03:04:00,UA,JFK,ATL,1236,28.11,26.59,1.06,0.0,1.1748,0.7743,37,JFK-ATL,134,0,0,1,0,0,0,16,2025-10-10 01:06:00,2025-10-10 03:26:00,22,1
2025-08-09 12:10:00,2025-08-09 14:28:00,B6,SFO,ATL,1286,5.78,7.83,10.48,10.12,-0.1102,-0.7432,96,SFO-ATL,138,12,0,0,0,0,0,-5,2025-08-09 12:05:00,2025-08-09 14:18:00,-10,0
2025-02-12 03:50:00,2025-02-12 09:16:00,UA,BOS,LAX,3634,20.94,20.1,0.37,0.58,0.1889,0.2421,6,BOS-LAX,326,3,0,1,0,0,0,-4,2025-02-12 03:46:00,2025-02-12 09:23:00,7,0
2025-02-12 05:00:00,2025-02-12 09:23:00,AA,ATL,BOS,2850,11.48,13.14,0.48,2.03,-0.9052,-0.0308,41,ATL-BOS,263,5,0,0,0,0,0,0,2025-02-12 05:00:00,2025-02-12 09:25:00,2,0
2025-05-23 05:10:00,2025-05-23 09:04:00,WN,LAX,JFK,2484,33.46,32.89,0.33,1.39,0.2889,0.1719,65,LAX-JFK,234,5,0,0,0,0,0,-8,2025-05-23 05:02:00,2025-05-23 09:00:00,-4,0
2025-06-14 14:00:00,2025-06-14 20:31:00,B6,LAX,BOS,4449,20.68,22.97,0.38,0.56,1.5303,0.6327,58,LAX-BOS,391,14,0,0,0,0,0,-4,2025-06-14 13:56:00,2025-06-14 20:27:00,-4,0
2025-12-31 04:15:00,2025-12-31 05:43:00,DL,BOS,JFK,663,9.83,5.58,0.0,0.72,1.2993,0.6898,23,BOS-JFK,88,4,1,1,0,1,0,17,2025-12-31 04:32:00,2025-12-31 06:04:00,21,1
2025-04-15 06:50:00,2025-04-15 13:00:00,AA,SFO,ATL,4188,29.81,30.34,1.24,0.0,-0.0222,-0.9997,56,SFO-ATL,370,6,0,0,0,0,1,16,2025-04-15 07:06:00,2025-04-15 13:31:00,31,1
2025-03-12 05:30:00,2025-03-12 07:59:00,B6,ATL,BOS,1425,15.67,10.62,0.0,0.0,0.3459,0.7092,76,ATL-BOS,149,5,0,0,0,0,0,-3,2025-03-12 05:27:00,2025-03-12 07:58:00,-1,0
2025-12-12 08:30:00,2025-12-12 12:58:00,AA,BOS,ATL,2914,9.03,12.3,0.72,0.0,-0.7355,0.9608,51,BOS-ATL,268,8,0,0,0,0,0,-2,2025-12-12 08:28:00,2025-12-12 12:58:00,0,0
2025-02-26 15:00:00,2025-02-26 17:48:00,AA,ATL,BOS,1661,11.28,11.72,0.0,1.03,-0.9297,0.5325,90,ATL-BOS,168,15,0,0,0,0,0,3,2025-02-26 15:03:00,2025-02-26 17:48:00,0,0
2025-01-10 09:30:00,2025-01-10 12:07:00,B6,ATL,LAX,1530,20.34,21.37,0.48,0.38,-0.3643,-0.6072,68,ATL-LAX,157,9,0,0,0,0,0,16,2025-01-10 09:46:00,2025-01-10 12:35:00,28,1
2025-06-04 07:20:00,2025-06-04 10:07:00,DL,LAX,JFK,1648,9.21,8.91,12.31,11.67,0.2708,-0.4064,24,LAX-JFK,167,7,0,0,1,0,0,39,2025-06-04 07:59:00,2025-06-04 10:55:00,48,1
2025-05-27 12:20:00,2025-05-27 16:27:00,WN,LAX,ATL,2647,7.03,8.65,8.98,10.34,0.7219,-0.8027,64,LAX-ATL,247,12,0,0,0,0,0,5,2025-05-27 12:25:00,2025-05-27 16:27:00,0,0
2025-08-15 14:15:00,2025-08-15 20:09:00,UA,LAX,ATL,3986,7.52,5.69,0.75,0.54,-0.0793,0.9781,30,LAX-ATL,354,14,0,0,0,0,0,8,2025-08-15 14:23:00,2025-08-15 20:00:00,-9,0
2025-11-17 00:10:00,2025-11-17 01:47:00,B6,SFO,LAX,772,11.48,13.65,8.87,10.5,0.4402,-0.1712,25,SFO-LAX,97,0,0,1,0,0,0,2,2025-11-17 00:12:00,2025-11-17 01:40:00,-7,0
2025-12-07 21:50:00,2025-12-08 02:31:00,B6,ATL,JFK,3080,5.69,6.69,0.33,0.76,-2.5518,0.8051,4,ATL-JFK,281,21,1,1,0,1,0,25,2025-12-07 22:15:00,2025-12-08 02:53:00,22,1
2025-04-16 21:30:00,2025-04-17 03:18:00,UA,LAX,BOS,3912,17.95,23.34,5.39,7.31,0.1704,0.5397,75,LAX-BOS,348,21,0,1,0,0,0,1,2025-04-16 21:31:00,2025-04-17 03:14:00,-4,0
2025-12-24 14:20:00,2025-12-24 19:26:00,WN,ATL,LAX,3386,9.29,9.5,0.1,0.0,-0.6202,-0.291,48,ATL-LAX,306,14,1,0,0,0,0,3,2025-12-24 14:23:00,2025-12-24 19:18:00,-8,0
2025-08-19 13:00:00,2025-08-19 19:28:00,AA,SFO,ATL,4416,15.96,13.0,14.51,16.04,-1.2508,-0.4816,82,SFO-ATL,388,13,0,0,1,0,1,38,2025-08-19 13:38:00,2025-08-19 20:45:00,77,1
2025-01-26 16:45:00,2025-01-26 17:48:00,B6,LAX,JFK,356,27.44,22.13,0.0,0.47,0.454,-0.0892,84,LAX-JFK,63,16,1,0,0,0,0,6,2025-01-26 16:51:00,2025-01-26 17:53:00,5,0
2025-12-09 10:20:00,2025-12-09 13:21:00,B6,LAX,JFK,1822,28.55,28.24,0.97,0.0,1.4472,-0.3308,27,LAX-JFK,181,10,0,0,0,0,0,4,2025-12-09 10:24:00,2025-12-09 13:02:00,-19,0
2025-02-20 08:20:00,2025-02-20 11:43:00,DL,JFK,ATL,2095,12.66,14.37,8.78,8.24,-0.0137,0.1134,11,JFK-ATL,203,8,0,0,0,0,0,3,2025-02-20 08:23:00,2025-02-20 11:36:00,-7,0
2025-08-03 08:40:00,2025-08-03 12:39:00,UA,BOS,SFO,2549,1.8,0.24,0.0,1.29,0.8798,-0.9408,72,BOS-SFO,239,8,1,0,0,0,1,48,2025-08-03 09:28:00,2025-08-03 13:44:00,65,1
2025-10-16 03:10:00,2025-10-16 05:56:00,B6,LAX,BOS,1634,1.16,5.38,0.87,0.0,-0.4177,0.2463,16,LAX-BOS,166,3,0,1,0,0,0,16,2025-10-16 03:26:00,2025-10-16 06:18:00,22,1
2025-04-02 20:30:00,2025-04-02 22:54:00,DL,SFO,ATL,1363,19.96,20.09,0.98,0.0,2.0529,0.775,68,SFO-ATL,144,20,0,1,0,0,0,-1,2025-04-02 20:29:00,2025-04-02 22:46:00,-8,0
2025-04-09 07:45:00,2025-04-09 13:30:00,AA,ATL,JFK,3878,5.12,5.48,0.23,0.0,-1.5762,-0.5502,74,ATL-JFK,345,7,0,0,0,0,0,12,2025-04-09 07:57:00,2025-04-09 13:35:00,5,0
2025-06-23 06:20:00,2025-06-23 08:37:00,B6,SFO,LAX,1276,5.63,6.05,0.95,0.0,-0.1009,-0.3123,70,SFO-LAX,137,6,0,0,0,0,0,-7,2025-06-23 06:13:00,2025-06-23 08:38:00,1,0
2025-11-19 23:00:00,2025-11-20 05:19:00,AA,LAX,JFK,4306,22.01,23.65,3.76,3.88,0.7514,0.8243,63,LAX-JFK,379,23,0,1,0,0,0,5,2025-11-19 23:05:00,2025-11-20 05:16:00,-3,0
2025-03-23 12:10:00,2025-03-23 13:21:00,AA,ATL,LAX,455,7.08,6.19,0.0,0.59,-0.0309,0.3934,22,ATL-LAX,71,12,1,0,0,0,0,0,2025-03-23 12:10:00,2025-03-23 13:18:00,-3,0
2025-08-31 14:00:00,2025-08-31 17:21:00,UA,SFO,BOS,2078,5.76,2.21,8.53,10.62,1.3764,-0.9728,19,SFO-BOS,201,14,1,0,0,0,1,47,2025-08-31 14:47:00,2025-08-31 18:29:00,68,1
2025-06-15 05:30:00,2025-06-15 09:54:00,UA,ATL,SFO,2859,8.22,7.85,0.5,0.0,-2.0731,-0.1788,65,ATL-SFO,264,5,1,0,0,0,0,-4,2025-06-15 05:26:00,2025-06-15 09:48:00,-6,0
2025-02-10 06:15:00,2025-02-10 12:41:00,DL,LAX,JFK,4386,16.31,19.66,0.0,0.36,-0.1112,-0.7573,17,LAX-JFK,386,6,0,0,0,0,0,14,2025-02-10 06:29:00,2025-02-10 12:56:00,15,1
2025-09-17 17:10:00,2025-09-17 22:26:00,B6,ATL,BOS,3511,7.19,7.63,0.0,0.02,-0.2493,-0.5287,47,ATL-BOS,316,17,0,0,0,0,0,-7,2025-09-17 17:03:00,2025-09-17 22:18:00,-8,0
2025-10-31 10:40:00,2025-10-31 11:44:00,AA,ATL,LAX,360,15.82,14.21,0.0,0.0,-0.1103,0.5352,7,ATL-LAX,64,10,0,0,0,0,0,-3,2025-10-31 10:37:00,2025-10-31 11:43:00,-1,0
2025-07-30 03:10:00,2025-07-30 08:20:00,B6,LAX,SFO,3443,3.41,2.68,7.51,5.98,-1.5829,-0.8251,25,LAX-SFO,310,3,0,1,0,0,1,22,2025-07-30 03:32:00,2025-07-30 08:52:00,32,1
2025-03-06 20:15:00,2025-03-06 23:03:00,WN,LAX,ATL,1668,3.87,7.92,18.5,18.08,-0.2913,-0.3359,1,LAX-ATL,168,20,0,1,1,0,0,33,2025-03-06 20:48:00,2025-03-07 00:02:00,59,1
2025-02-26 09:50:00,2025-02-26 15:38:00,DL,LAX,ATL,3911,8.28,8.08,5.79,7.14,-0.3375,-0.6822,29,LAX-ATL,348,9,0,0,0,0,0,7,2025-02-26 09:57:00,2025-02-26 15:34:00,-4,0
2025-06-04 16:00:00,2025-06-04 21:19:00,UA,BOS,SFO,3554,22.91,24.61,4.38,4.56,0.2432,0.5374,42,BOS-SFO,319,16,0,0,0,0,1,53,2025-06-04 16:53:00,2025-06-04 22:29:00,70,1
2025-07-04 08:10:00,2025-07-04 10:13:00,AA,SFO,JFK,1106,7.26,8.91,1.66,1.26,1.0983,-0.2233,9,SFO-JFK,123,8,1,0,0,0,0,16,2025-07-04 08:26:00,2025-07-04 10:45:00,32,1
2025-07-21 13:15:00,2025-07-21 16:15:00,B6,ATL,BOS,1812,7.66,0.9,2.04,0.46,0.1115,-0.0358,10,ATL-BOS,180,13,0,0,0,0,0,5,2025-07-21 13:20:00,2025-07-21 16:13:00,-2,0
2025-03-30 18:30:00,2025-03-31 00:05:00,WN,SFO,ATL,3748,5.85,8.88,0.29,0.74,0.4178,-0.7285,75,SFO-ATL,335,18,1,0,0,0,1,25,2025-03-30 18:55:00,2025-03-31 00:49:00,44,1
2025-07-02 21:10:00,2025-07-03 03:18:00,B6,BOS,LAX,4168,15.43,14.26,1.19,0.0,1.2575,0.8153,29,BOS-LAX,368,21,0,1,0,0,0,10,2025-07-02 21:20:00,2025-07-03 03:08:00,-10,0
2025-04-18 04:50:00,2025-04-18 09:12:00,AA,LAX,ATL,2835,19.15,17.83,0.13,0.0,1.1892,0.7366,44,LAX-ATL,262,4,0,1,0,0,0,-10,2025-04-18 04:40:00,2025-04-18 09:12:00,0,0
2025-09-08 16:00:00,2025-09-08 18:12:00,B6,SFO,BOS,1217,22.63,25.59,11.07,10.65,-2.3844,0.5779,87,SFO-BOS,132,16,0,0,0,0,0,5,2025-09-08 16:05:00,2025-09-08 18:08:00,-4,0
2025-10-18 21:50:00,2025-10-19 01:00:00,B6,BOS,ATL,1936,38.72,37.79,0.08,0.17,0.7974,0.6632,5,BOS-ATL,190,21,0,1,0,0,0,7,2025-10-18 21:57:00,2025-10-19 01:02:00,2,0
2025-08-27 15:30:00,2025-08-27 20:56:00,UA,JFK,ATL,3641,13.55,14.07,2.79,1.52,0.7911,0.9912,4,JFK-ATL,326,15,0,0,0,0,0,-5,2025-08-27 15:25:00,2025-08-27 20:56:00,0,0
2025-01-01 03:00:00,2025-01-01 07:20:00,WN,SFO,JFK,2813,4.45,7.3,0.0,0.0,-0.2622,0.0782,36,SFO-JFK,260,3,1,1,0,1,1,44,2025-01-01 03:44:00,2025-01-01 08:23:00,63,1
2025-12-29 04:00:00,2025-12-29 06:07:00,DL,SFO,LAX,1147,8.3,11.05,0.0,0.51,-0.4585,0.7359,79,SFO-LAX,127,4,0,1,0,0,0,-4,2025-12-29 03:56:00,2025-12-29 06:08:00,1,0
2025-01-09 04:00:00,2025-01-09 06:35:00,UA,BOS,SFO,1499,3.75,7.4,14.9,15.23,-1.1291,0.7533,96,BOS-SFO,155,4,0,1,1,0,0,21,2025-01-09 04:21:00,2025-01-09 07:14:00,39,1
2025-12-31 02:15:00,2025-12-31 04:20:00,B6,JFK,BOS,1127,10.51,14.23,0.79,0.0,-1.9412,-0.0401,38,JFK-BOS,125,2,1,1,0,1,0,29,2025-12-31 02:44:00,2025-12-31 04:54:00,34,1
2025-01-12 18:15:00,2025-01-12 21:52:00,B6,BOS,JFK,2270,6.38,5.86,0.58,0.0,0.8498,-0.6467,29,BOS-JFK,217,18,1,0,0,0,0,10,2025-01-12 18:25:00,2025-01-12 21:47:00,-5,0
2025-07-08 23:40:00,2025-07-09 03:09:00,DL,JFK,BOS,2172,21.45,21.63,9.17,8.47,0.7651,0.1357,41,JFK-BOS,209,23,0,1,0,0,0,4,2025-07-08 23:44:00,2025-07-09 03:24:00,15,1
2025-02-08 12:15:00,2025-02-08 16:16:00,UA,BOS,JFK,2575,12.09,12.09,5.37,5.76,-0.1,0.5699,53,BOS-JFK,241,12,0,0,0,0,0,7,2025-02-08 12:22:00,2025-02-08 16:06:00,-10,0
2025-02-04 14:40:00,2025-02-04 20:56:00,DL,ATL,LAX,4268,29.2,27.93,6.14,4.79,0.7099,0.3424,97,ATL-LAX,376,14,0,0,0,0,0,6,2025-02-04 14:46:00,2025-02-04 20:52:00,-4,0
2025-09-07 18:15:00,2025-09-07 22:53:00,DL,SFO,BOS,3036,17.33,17.92,0.0,1.03,1.0236,0.4342,22,SFO-BOS,278,18,1,0,0,0,0,-10,2025-09-07 18:05:00,2025-09-07 22:51:00,-2,0
2025-09-23 09:15:00,2025-09-23 13:31:00,WN,LAX,SFO,2758,17.8,15.21,0.74,0.0,-1.7958,-0.6237,56,LAX-SFO,256,9,0,0,0,0,0,-1,2025-09-23 09:14:00,2025-09-23 13:37:00,6,0
2025-02-13 11:15:00,2025-02-13 14:17:00,UA,JFK,BOS,1838,1.27,4.2,0.0,0.34,0.2493,-0.7911,88,JFK-BOS,182,11,0,0,0,0,0,-6,2025-02-13 11:09:00,2025-02-13 14:18:00,1,0
2025-12-23 14:15:00,2025-12-23 18:47:00,WN,ATL,LAX,2967,15.21,13.03,9.37,10.44,-0.2427,-0.3854,3,ATL-LAX,272,14,0,0,0,0,0,1,2025-12-23 14:16:00,2025-12-23 18:48:00,1,0
2025-04-27 07:45:00,2025-04-27 14:05:00,B6,ATL,BOS,4312,33.7,34.99,5.15,4.81,0.4323,0.0841,63,ATL-BOS,380,7,1,0,0,0,0,-5,2025-04-27 07:40:00,2025-04-27 14:02:00,-3,0
2025-04-27 01:10:00,2025-04-27 02:12:00,AA,JFK,SFO,340,8.1,7.97,0.0,0.0,0.1863,-0.5707,79,JFK-SFO,62,1,1,1,0,1,0,19,2025-04-27 01:29:00,2025-04-27 02:42:00,30,1
2025-04-19 13:15:00,2025-04-19 16:12:00,UA,LAX,ATL,1769,19.3,20.85,8.59,9.8,0.7699,-0.6151,34,LAX-ATL,177,13,0,0,0,0,0,32,2025-04-19 13:47:00,2025-04-19 16:51:00,39,1
2025-06-18 19:50:00,2025-06-18 21:08:00,AA,BOS,SFO,537,5.29,4.05,0.71,0.0,-1.5828,0.9707,55,BOS-SFO,78,19,0,0,0,0,0,3,2025-06-18 19:53:00,2025-06-18 20:55:00,-13,0
2025-03-06 01:40:00,2025-03-06 03:47:00,AA,LAX,JFK,1155,2.24,5.6,4.22,3.69,1.314,0.511,83,LAX-JFK,127,1,0,1,0,0,0,-5,2025-03-06 01:35:00,2025-03-06 03:47:00,0,0
2025-06-05 05:10:00,2025-06-05 06:31:00,AA,BOS,SFO,581,11.35,13.66,1.07,2.43,-0.5237,-0.2802,77,BOS-SFO,81,5,0,0,0,0,0,6,2025-06-05 05:16:00,2025-06-05 06:30:00,-1,0
2025-03-18 06:45:00,2025-03-18 11:03:00,DL,ATL,BOS,2787,7.94,5.92,0.0,0.0,-0.1343,-0.7543,63,ATL-BOS,258,6,0,0,0,0,0,6,2025-03-18 06:51:00,2025-03-18 11:01:00,-2,0
2025-01-19 19:10:00,2025-01-20 00:44:00,AA,JFK,SFO,3742,6.02,6.09,21.65,20.03,-1.7596,-0.6989,15,JFK-SFO,334,19,1,0,1,0,0,40,2025-01-19 19:50:00,2025-01-20 01:35:00,51,1
2025-05-15 12:10:00,2025-05-15 18:25:00,WN,ATL,BOS,4249,6.89,7.19,0.04,0.0,-0.1036,-0.2064,20,ATL-BOS,375,12,0,0,0,0,0,6,2025-05-15 12:16:00,2025-05-15 18:19:00,-6,0
2025-09-03 12:20:00,2025-09-03 14:39:00,DL,ATL,SFO,1294,16.96,14.83,0.0,0.0,-0.0182,-0.5782,26,ATL-SFO,139,12,0,0,0,0,0,-8,2025-09-03 12:12:00,2025-09-03 14:36:00,-3,0
2025-10-06 15:40:00,2025-10-06 20:34:00,DL,ATL,LAX,3237,24.03,18.66,0.0,0.0,-0.0798,-0.9523,69,ATL-LAX,294,15,0,0,0,0,0,6,2025-10-06 15:46:00,2025-10-06 20:28:00,-6,0
2025-05-09 06:10:00,2025-05-09 08:59:00,B6,BOS,JFK,1681,15.12,13.38,0.0,0.0,-0.7359,0.6149,91,BOS-JFK,169,6,0,0,0,0,0,4,2025-05-09 06:14:00,2025-05-09 09:08:00,9,0
2025-04-29 17:45:00,2025-04-29 20:30:00,WN,JFK,ATL,1626,16.2,16.0,0.77,1.07,-1.2196,-0.4792,51,JFK-ATL,165,17,0,0,0,0,0,-1,2025-04-29 17:44:00,2025-04-29 20:32:00,2,0
2025-10-15 00:10:00,2025-10-15 04:34:00,WN,SFO,BOS,2861,9.47,7.51,0.0,0.0,0.6413,0.7213,42,SFO-BOS,264,0,0,1,0,0,0,0,2025-10-15 00:10:00,2025-10-15 04:32:00,-2,0
2025-09-06 02:45:00,2025-09-06 07:32:00,WN,BOS,SFO,3151,2.75,3.7,0.0,0.5,-1.7371,0.882,96,BOS-SFO,287,2,0,1,0,0,0,6,2025-09-06 02:51:00,2025-09-06 07:41:00,9,0
2025-10-31 19:00:00,2025-10-31 23:15:00,DL,ATL,LAX,2752,10.22,8.51,1.48,0.0,0.8046,-0.0323,51,ATL-LAX,255,19,0,0,0,0,0,-10,2025-10-31 18:50:00,2025-10-31 23:16:00,1,0
2025-11-27 15:20:00,2025-11-27 16:53:00,WN,ATL,LAX,719,12.12,11.29,1.7,2.78,1.6945,-0.495,68,ATL-LAX,93,15,1,0,0,0,0,3,2025-11-27 15:23:00,2025-11-27 16:42:00,-11,0
2025-10-27 04:40:00,2025-10-27 07:57:00,AA,BOS,ATL,2024,19.33,23.35,0.0,0.94,2.2168,0.2828,64,BOS-ATL,197,4,0,1,0,0,0,2,2025-10-27 04:42:00,2025-10-27 07:59:00,2,0
2025-12-08 10:15:00,2025-12-08 12:50:00,UA,BOS,LAX,1499,31.12,28.69,13.87,13.07,-1.0836,0.8978,85,BOS-LAX,155,10,0,0,1,0,0,12,2025-12-08 10:27:00,2025-12-08 13:07:00,17,1
2025-06-02 01:30:00,2025-06-02 02:30:00,B6,BOS,ATL,318,14.1,15.21,0.26,0.64,0.5908,0.5052,52,BOS-ATL,60,1,0,1,0,0,0,0,2025-06-02 01:30:00,2025-06-02 02:46:00,16,1
2025-05-25 16:40:00,2025-05-25 17:53:00,DL,SFO,JFK,470,19.22,19.03,6.61,7.89,-0.5625,-0.6925,36,SFO-JFK,73,16,1,0,0,0,0,-5,2025-05-25 16:35:00,2025-05-25 17:54:00,1,0
2025-04-28 18:40:00,2025-04-28 22:10:00,WN,BOS,LAX,2188,0.29,0.4,0.0,0.0,1.2245,0.6471,75,BOS-LAX,210,18,0,0,0,0,0,4,2025-04-28 18:44:00,2025-04-28 22:21:00,11,0
2025-03-27 06:20:00,2025-03-27 07:53:00,AA,LAX,JFK,721,8.93,9.17,0.49,0.0,0.393,0.1263,5,LAX-JFK,93,6,0,0,0,0,0,2,2025-03-27 06:22:00,2025-03-27 07:38:00,-15,0
2025-10-01 08:45:00,2025-10-01 13:52:00,UA,LAX,ATL,3403,12.25,9.69,4.47,4.18,-0.2923,-0.0849,22,LAX-ATL,307,8,0,0,0,0,0,6,2025-10-01 08:51:00,2025-10-01 13:53:00,1,0
2025-09-18 05:40:00,2025-09-18 06:58:00,AA,ATL,LAX,536,15.64,13.61,0.0,0.0,-0.9104,-0.6358,11,ATL-LAX,78,5,0,0,0,0,0,-5,2025-09-18 05:35:00,2025-09-18 06:42:00,-16,0
2025-10-20 09:15:00,2025-10-20 11:33:00,B6,BOS,ATL,1288,32.0,30.36,0.0,0.0,-0.3696,0.0794,92,BOS-ATL,138,9,0,0,0,0,0,6,2025-10-20 09:21:00,2025-10-20 11:29:00,-4,0
2025-03-03 06:40:00,2025-03-03 13:10:00,UA,JFK,BOS,4439,12.09,10.15,0.67,0.0,-0.6743,0.4775,87,JFK-BOS,390,6,0,0,0,0,0,20,2025-03-03 07:00:00,2025-03-03 13:47:00,37,1
2025-06-29 05:50:00,2025-06-29 10:47:00,B6,JFK,ATL,3275,1.74,2.93,0.44,0.15,-0.0243,-0.2436,5,JFK-ATL,297,5,1,0,0,0,0,-3,2025-06-29 05:47:00,2025-06-29 10:44:00,-3,0
2025-03-23 10:45:00,2025-03-23 14:51:00,B6,ATL,JFK,2641,16.91,10.85,2.99,0.36,0.0272,0.9059,24,ATL-JFK,246,10,1,0,0,0,0,-1,2025-03-23 10:44:00,2025-03-23 14:46:00,-5,0
2025-11-22 20:40:00,2025-11-22 21:44:00,AA,LAX,BOS,363,6.15,9.43,0.03,0.0,-0.5545,-0.661,49,LAX-BOS,64,20,0,1,0,0,0,3,2025-11-22 20:43:00,2025-11-22 21:54:00,10,0
2025-04-08 18:45:00,2025-04-08 19:59:00,UA,BOS,LAX,483,15.35,16.13,0.67,0.0,-0.6441,-0.9568,96,BOS-LAX,74,18,0,0,0,0,0,2,2025-04-08 18:47:00,2025-04-08 19:59:00,0,0
2025-02-22 07:45:00,2025-02-22 13:49:00,WN,BOS,ATL,4113,17.65,19.73,0.0,0.44,0.6274,0.0143,99,BOS-ATL,364,7,0,0,0,0,0,-5,2025-02-22 07:40:00,2025-02-22 13:47:00,-2,0
2025-07-28 22:15:00,2025-07-29 03:43:00,UA,LAX,BOS,3657,2.07,5.83,0.0,0.5,0.7005,-0.6582,59,LAX-BOS,328,22,0,1,0,0,0,17,2025-07-28 22:32:00,2025-07-29 04:04:00,21,1
2025-11-17 05:40:00,2025-11-17 11:58:00,WN,SFO,ATL,4290,10.18,11.36,3.97,4.49,-0.8128,0.284,65,SFO-ATL,378,5,0,0,0,0,0,4,2025-11-17 05:44:00,2025-11-17 12:03:00,5,0
2025-12-01 21:10:00,2025-12-02 02:41:00,UA,SFO,BOS,3694,10.11,8.97,0.81,1.18,-0.0545,-0.1331,32,SFO-BOS,331,21,0,1,0,0,1,34,2025-12-01 21:44:00,2025-12-02 03:47:00,66,1
2025-02-05 07:15:00,2025-02-05 08:15:00,B6,SFO,BOS,310,12.25,16.75,7.14,7.97,-0.8642,-0.1779,48,SFO-BOS,60,7,0,0,0,0,0,6,2025-02-05 07:21:00,2025-02-05 08:15:00,0,0
2025-04-29 12:50:00,2025-04-29 18:20:00,WN,JFK,LAX,3683,4.44,3.94,7.55,6.6,2.6079,-0.0903,93,JFK-LAX,330,12,0,0,0,0,0,26,2025-04-29 13:16:00,2025-04-29 18:56:00,36,1
2025-02-26 04:15:00,2025-02-26 07:48:00,UA,ATL,LAX,2222,4.57,1.45,0.3,0.0,-0.9406,-0.7578,95,ATL-LAX,213,4,0,1,0,0,0,2,2025-02-26 04:17:00,2025-02-26 07:46:00,-2,0
2025-04-23 18:45:00,2025-04-23 23:37:00,B6,BOS,SFO,3207,32.36,33.82,0.0,0.88,0.2533,-0.4506,54,BOS-SFO,292,18,0,0,0,0,0,-4,2025-04-23 18:41:00,2025-04-23 23:32:00,-5,0
2025-07-14 07:20:00,2025-07-14 10:38:00,WN,BOS,ATL,2038,13.49,13.18,0.58,0.68,0.4451,-0.1046,7,BOS-ATL,198,7,0,0,0,0,0,-10,2025-07-14 07:10:00,2025-07-14 10:38:00,0,0
2025-04-13 20:10:00,2025-04-14 01:11:00,DL,BOS,ATL,3328,4.66,1.92,1.16,0.0,-0.6653,0.5285,32,BOS-ATL,301,20,1,1,0,1,0,21,2025-04-13 20:31:00,2025-04-14 01:39:00,28,1
2025-01-25 01:00:00,2025-01-25 06:42:00,DL,BOS,ATL,3835,6.47,4.64,3.73,1.29,-0.8603,0.7693,42,BOS-ATL,342,1,0,1,0,0,0,19,2025-01-25 01:19:00,2025-01-25 06:36:00,-6,0
2025-07-06 12:30:00,2025-07-06 18:56:00,AA,ATL,SFO,4392,31.0,32.51,0.0,0.93,-0.2795,-0.4573,30,ATL-SFO,386,12,1,0,0,0,1,-6,2025-07-06 12:24:00,2025-07-06 19:14:00,18,1
2025-01-20 03:20:00,2025-01-20 07:21:00,UA,ATL,SFO,2571,23.55,22.65,0.08,0.07,-0.865,-0.6856,90,ATL-SFO,241,3,1,1,0,1,0,41,2025-01-20 04:01:00,2025-01-20 08:14:00,53,1
2025-03-24 21:30:00,2025-03-25 00:03:00,UA,LAX,BOS,1471,6.74,5.13,0.11,0.0,0.1884,-0.269,52,LAX-BOS,153,21,0,1,0,0,0,-6,2025-03-24 21:24:00,2025-03-25 00:06:00,3,0
2025-01-01 10:00:00,2025-01-01 14:24:00,UA,JFK,SFO,2867,5.7,7.67,9.9,6.19,-0.8497,-0.2631,68,JFK-SFO,264,10,1,0,0,0,0,6,2025-01-01 10:06:00,2025-01-01 14:27:00,3,0
2025-02-01 16:15:00,2025-02-01 20:02:00,WN,ATL,JFK,2399,7.54,8.25,20.33,21.24,0.1466,-0.0932,79,ATL-JFK,227,16,0,0,1,0,0,32,2025-02-01 16:47:00,2025-02-01 21:03:00,61,1
2025-06-09 21:00:00,2025-06-09 23:07:00,DL,JFK,ATL,1150,21.4,22.73,10.08,10.75,-2.0644,0.2242,36,JFK-ATL,127,21,0,1,0,0,0,6,2025-06-09 21:06:00,2025-06-09 23:10:00,3,0
2025-11-07 12:15:00,2025-11-07 17:17:00,DL,SFO,BOS,3343,8.37,7.26,0.58,0.0,-0.8069,-0.1542,82,SFO-BOS,302,12,0,0,0,0,1,18,2025-11-07 12:33:00,2025-11-07 17:32:00,15,1
2025-10-10 01:50:00,2025-10-10 03:15:00,WN,JFK,BOS,623,3.61,4.43,0.0,0.0,-0.42,-0.492,97,JFK-BOS,85,1,0,1,0,0,0,8,2025-10-10 01:58:00,2025-10-10 03:27:00,12,0
2025-02-06 05:10:00,2025-02-06 08:24:00,WN,BOS,LAX,1993,6.69,6.16,0.0,0.11,1.0007,-0.8378,34,BOS-LAX,194,5,0,0,0,0,0,5,2025-02-06 05:15:00,2025-02-06 08:26:00,2,0
2025-01-13 05:40:00,2025-01-13 10:32:00,UA,BOS,ATL,3207,11.63,9.17,6.53,7.18,-1.8478,0.6072,75,BOS-ATL,292,5,0,0,0,0,0,2,2025-01-13 05:42:00,2025-01-13 10:29:00,-3,0
2025-05-04 21:00:00,2025-05-05 03:08:00,WN,BOS,ATL,4168,10.0,4.95,0.0,0.0,1.0153,0.4778,56,BOS-ATL,368,21,1,1,0,1,0,24,2025-05-04 21:24:00,2025-05-05 03:53:00,45,1
2025-08-27 21:30:00,2025-08-28 01:57:00,B6,BOS,LAX,2906,27.15,24.27,0.12,0.56,0.6597,0.7109,97,BOS-LAX,267,21,0,1,0,0,0,-1,2025-08-27 21:29:00,2025-08-28 01:51:00,-6,0
2025-09-30 11:50:00,2025-09-30 18:18:00,UA,SFO,BOS,4412,13.42,14.57,0.0,0.0,-1.7855,-0.6216,68,SFO-BOS,388,11,0,0,0,0,1,37,2025-09-30 12:27:00,2025-09-30 19:10:00,52,1
2025-10-28 21:15:00,2025-10-29 02:54:00,WN,SFO,BOS,3795,13.31,14.36,6.89,5.86,0.5381,0.7001,58,SFO-BOS,339,21,0,1,0,0,1,44,2025-10-28 21:59:00,2025-10-29 03:48:00,54,1
2025-05-05 05:10:00,2025-05-05 07:28:00,DL,BOS,SFO,1291,19.01,20.59,0.0,0.69,-0.9301,0.8069,82,BOS-SFO,138,5,0,0,0,0,0,-4,2025-05-05 05:06:00,2025-05-05 07:16:00,-12,0
2025-03-03 16:30:00,2025-03-03 22:13:00,UA,SFO,JFK,3847,17.07,20.1,0.02,0.0,0.5712,0.6908,0,SFO-JFK,343,16,0,0,0,0,1,13,2025-03-03 16:43:00,2025-03-03 22:28:00,15,1
2025-01-10 09:15:00,2025-01-10 12:07:00,DL,SFO,JFK,1711,7.11,9.44,0.0,1.72,0.6306,-0.9234,88,SFO-JFK,172,9,0,0,0,0,1,22,2025-01-10 09:37:00,2025-01-10 12:44:00,37,1
2025-02-23 05:50:00,2025-02-23 10:21:00,WN,ATL,SFO,2950,5.28,4.71,0.0,0.28,0.7932,-0.3075,97,ATL-SFO,271,5,1,0,0,0,0,24,2025-02-23 06:14:00,2025-02-23 10:51:00,30,1
2025-01-24 06:45:00,2025-01-24 08:51:00,DL,JFK,SFO,1143,11.46,12.83,0.65,0.28,-0.5715,0.9351,79,JFK-SFO,126,6,0,0,0,0,0,5,2025-01-24 06:50:00,2025-01-24 08:38:00,-13,0
2025-11-11 10:40:00,2025-11-11 14:40:00,B6,LAX,JFK,2561,6.96,11.13,7.57,5.27,0.6821,0.0773,82,LAX-JFK,240,10,0,0,0,0,0,-1,2025-11-11 10:39:00,2025-11-11 14:31:00,-9,0
2025-04-08 08:40:00,2025-04-08 13:27:00,B6,JFK,SFO,3153,13.5,12.7,35.5,36.31,1.54,0.5391,35,JFK-SFO,287,8,0,0,1,0,0,51,2025-04-08 09:31:00,2025-04-08 14:41:00,74,1
2025-10-28 05:30:00,2025-10-28 11:36:00,DL,JFK,ATL,4138,13.26,11.24,9.14,9.92,-0.2913,-0.382,55,JFK-ATL,366,5,0,0,0,0,0,-6,2025-10-28 05:24:00,2025-10-28 11:42:00,6,0
2025-07-21 08:40:00,2025-07-21 14:56:00,AA,JFK,ATL,4262,28.22,31.19,13.59,15.61,-0.1643,-0.1056,15,JFK-ATL,376,8,0,0,1,0,0,11,2025-07-21 08:51:00,2025-07-21 15:07:00,11,0
2025-07-16 03:20:00,2025-07-16 08:48:00,WN,LAX,SFO,3665,7.62,7.95,0.73,0.0,0.7104,-0.2334,16,LAX-SFO,328,3,0,1,0,0,1,16,2025-07-16 03:36:00,2025-07-16 09:08:00,20,1
2025-06-15 23:50:00,2025-06-16 03:57:00,B6,BOS,ATL,2646,14.82,13.55,23.27,23.55,-2.8466,0.5927,46,BOS-ATL,247,23,1,1,1,1,0,31,2025-06-16 00:21:00,2025-06-16 04:33:00,36,1
2025-10-27 09:15:00,2025-10-27 15:10:00,B6,JFK,LAX,4006,3.84,3.45,0.0,0.0,-0.9815,-0.7013,88,JFK-LAX,355,9,0,0,0,0,0,-10,2025-10-27 09:05:00,2025-10-27 15:12:00,2,0
2025-01-16 02:00:00,2025-01-16 03:35:00,DL,BOS,JFK,745,6.81,3.33,1.59,1.85,1.0072,-0.0799,58,BOS-JFK,95,2,0,1,0,0,0,-1,2025-01-16 01:59:00,2025-01-16 03:31:00,-4,0
2025-02-03 13:40:00,2025-02-03 20:14:00,AA,SFO,LAX,4482,11.93,10.55,16.82,17.21,0.1538,0.7742,63,SFO-LAX,394,13,0,0,1,0,0,26,2025-02-03 14:06:00,2025-02-03 21:07:00,53,1
2025-06-04 21:40:00,2025-06-04 23:47:00,AA,ATL,LAX,1156,4.61,5.84,7.86,6.81,-0.2155,0.7286,96,ATL-LAX,127,21,0,1,0,0,0,-8,2025-06-04 21:32:00,2025-06-04 23:45:00,-2,0
2025-05-24 08:50:00,2025-05-24 12:05:00,UA,ATL,BOS,1994,15.65,15.13,7.39,7.74,-0.9416,0.6293,0,ATL-BOS,195,8,0,0,0,0,0,-10,2025-05-24 08:40:00,2025-05-24 12:08:00,3,0
2025-07-19 20:20:00,2025-07-20 02:24:00,DL,ATL,BOS,4111,14.88,16.48,0.22,0.0,0.0266,-0.7885,4,ATL-BOS,364,20,0,1,0,0,0,2,2025-07-19 20:22:00,2025-07-20 02:18:00,-6,0
2025-09-27 14:20:00,2025-09-27 19:20:00,AA,BOS,LAX,3311,6.24,5.81,0.0,0.42,-0.5309,0.1606,49,BOS-LAX,300,14,0,0,0,0,0,21,2025-09-27 14:41:00,2025-09-27 19:58:00,38,1
2025-08-03 17:30:00,2025-08-03 23:15:00,AA,LAX,SFO,3869,6.8,6.47,0.0,0.02,-1.7469,-0.3551,17,LAX-SFO,345,17,1,0,0,0,1,30,2025-08-03 18:00:00,2025-08-04 00:00:00,45,1
2025-04-04 07:20:00,2025-04-04 12:10:00,DL,SFO,LAX,3189,25.12,24.97,0.33,0.0,1.3026,0.9424,98,SFO-LAX,290,7,0,0,0,0,1,26,2025-04-04 07:46:00,2025-04-04 12:49:00,39,1
2025-04-30 00:45:00,2025-04-30 05:06:00,AA,JFK,SFO,2824,13.18,12.59,17.02,14.24,-0.6949,0.1552,31,JFK-SFO,261,0,0,1,1,0,0,51,2025-04-30 01:36:00,2025-04-30 06:20:00,74,1
2025-10-02 08:20:00,2025-10-02 10:17:00,B6,ATL,SFO,1031,39.58,41.65,0.77,0.0,-0.2718,0.8024,58,ATL-SFO,117,8,0,0,0,0,0,6,2025-10-02 08:26:00,2025-10-02 10:19:00,2,0
2025-03-15 22:45:00,2025-03-16 05:19:00,B6,BOS,SFO,4484,6.59,10.59,4.18,3.21,-1.7831,-0.6398,0,BOS-SFO,394,22,0,1,0,0,1,46,2025-03-15 23:31:00,2025-03-16 06:16:00,57,1
2025-07-04 18:20:00,2025-07-04 22:53:00,AA,ATL,JFK,2973,9.64,8.26,2.11,3.27,-0.5351,0.6538,71,ATL-JFK,273,18,1,0,0,0,0,0,2025-07-04 18:20:00,2025-07-04 22:48:00,-5,0
2025-07-16 18:10:00,2025-07-16 22:53:00,UA,JFK,BOS,3106,9.93,9.81,4.22,5.06,1.0059,-0.1706,98,JFK-BOS,283,18,0,0,0,0,0,3,2025-07-16 18:13:00,2025-07-16 23:02:00,9,0
2025-10-01 21:50:00,2025-10-02 01:13:00,AA,LAX,JFK,2097,2.48,4.32,0.47,0.0,0.9309,-0.0292,65,LAX-JFK,203,21,0,1,0,0,0,-7,2025-10-01 21:43:00,2025-10-02 01:14:00,1,0
2025-09-18 08:30:00,2025-09-18 14:49:00,AA,ATL,LAX,4298,6.73,12.66,0.0,0.0,0.0253,0.6453,46,ATL-LAX,379,8,0,0,0,0,0,3,2025-09-18 08:33:00,2025-09-18 14:43:00,-6,0
2025-06-19 07:40:00,2025-06-19 11:10:00,DL,LAX,JFK,2192,8.69,9.41,4.24,2.2,-0.6248,-0.6016,51,LAX-JFK,210,7,0,0,0,0,0,8,2025-06-19 07:48:00,2025-06-19 11:31:00,21,1
2025-04-23 22:30:00,2025-04-24 00:33:00,B6,BOS,SFO,1099,16.8,16.27,10.05,8.08,0.0258,-0.6741,43,BOS-SFO,123,22,0,1,0,0,0,1,2025-04-23 22:31:00,2025-04-24 00:24:00,-9,0
2025-05-15 13:15:00,2025-05-15 15:14:00,WN,LAX,BOS,1056,22.98,26.09,1.4,0.12,0.5057,-0.8966,69,LAX-BOS,119,13,0,0,0,0,0,18,2025-05-15 13:33:00,2025-05-15 15:21:00,7,0
2025-05-31 07:50:00,2025-05-31 12:44:00,WN,SFO,BOS,3233,8.2,7.45,0.04,1.91,-1.497,0.0797,13,SFO-BOS,294,7,0,0,0,0,0,-9,2025-05-31 07:41:00,2025-05-31 12:46:00,2,0
2025-03-22 06:15:00,2025-03-22 11:24:00,AA,LAX,SFO,3427,1.53,2.02,1.14,0.0,0.2506,0.397,19,LAX-SFO,309,6,0,0,0,0,1,3,2025-03-22 06:18:00,2025-03-22 11:41:00,17,1
2025-08-17 21:50:00,2025-08-17 23:58:00,DL,LAX,SFO,1165,13.86,11.16,0.0,0.0,0.7665,0.8568,56,LAX-SFO,128,21,1,1,0,1,0,18,2025-08-17 22:08:00,2025-08-18 00:25:00,27,1
2025-03-18 01:20:00,2025-03-18 06:13:00,UA,LAX,JFK,3231,4.24,5.37,7.59,7.27,-0.0603,0.5369,33,LAX-JFK,293,1,0,1,0,0,0,-7,2025-03-18 01:13:00,2025-03-18 06:15:00,2,0
2025-08-25 01:00:00,2025-08-25 07:34:00,DL,ATL,BOS,4489,11.44,11.02,0.02,0.0,-0.0195,0.237,87,ATL-BOS,394,1,0,1,0,0,0,8,2025-08-25 01:08:00,2025-08-25 07:28:00,-6,0
2025-10-02 17:00:00,2025-10-02 20:58:00,WN,ATL,BOS,2535,10.16,11.76,3.64,3.37,-0.7264,0.0167,88,ATL-BOS,238,17,0,0,0,0,0,-7,2025-10-02 16:53:00,2025-10-02 20:55:00,-3,0
2025-12-18 00:50:00,2025-12-18 07:15:00,UA,BOS,SFO,4375,5.39,4.99,0.0,0.25,0.2972,-0.0866,94,BOS-SFO,385,0,0,1,0,0,1,16,2025-12-18 01:06:00,2025-12-18 07:41:00,26,1
2025-02-13 04:30:00,2025-02-13 06:22:00,UA,LAX,ATL,958,10.13,13.08,4.32,5.08,1.6083,-0.1257,26,LAX-ATL,112,4,0,1,0,0,0,3,2025-02-13 04:33:00,2025-02-13 06:12:00,-10,0
2025-10-05 23:20:00,2025-10-06 02:34:00,UA,LAX,JFK,1992,4.24,3.27,0.0,0.0,1.4063,0.6117,30,LAX-JFK,194,23,1,1,0,1,0,10,2025-10-05 23:30:00,2025-10-06 03:04:00,30,1
2025-02-01 10:45:00,2025-02-01 14:51:00,B6,LAX,ATL,2638,13.05,14.67,0.21,1.99,-0.5756,-0.2871,41,LAX-ATL,246,10,0,0,0,0,0,31,2025-02-01 11:16:00,2025-02-01 15:39:00,48,1
2025-05-04 17:30:00,2025-05-04 20:29:00,UA,BOS,LAX,1803,19.64,17.02,5.65,5.63,-0.3745,-0.3713,78,BOS-LAX,179,17,1,0,0,0,0,9,2025-05-04 17:39:00,2025-05-04 20:16:00,-13,0
2025-03-06 11:40:00,2025-03-06 13:13:00,WN,SFO,ATL,720,17.07,14.81,0.25,1.82,1.3655,0.7854,10,SFO-ATL,93,11,0,0,0,0,0,5,2025-03-06 11:45:00,2025-03-06 13:16:00,3,0
2025-03-01 02:40:00,2025-03-01 06:13:00,UA,JFK,SFO,2224,6.09,8.27,26.86,25.93,0.595,0.7431,70,JFK-SFO,213,2,0,1,1,0,1,49,2025-03-01 03:29:00,2025-03-01 07:32:00,79,1
2025-03-06 04:10:00,2025-03-06 07:03:00,AA,BOS,ATL,1725,17.07,18.98,1.65,0.0,0.5749,0.4732,93,BOS-ATL,173,4,0,1,0,0,0,5,2025-03-06 04:15:00,2025-03-06 07:02:00,-1,0
2025-01-17 18:00:00,2025-01-17 20:07:00,UA,LAX,BOS,1156,17.95,13.76,0.18,0.0,-1.8082,0.3092,88,LAX-BOS,127,18,0,0,0,0,0,-10,2025-01-17 17:50:00,2025-01-17 20:02:00,-5,0
2025-10-28 02:40:00,2025-10-28 05:44:00,B6,ATL,BOS,1863,16.96,17.25,15.11,16.2,0.9148,-0.2722,26,ATL-BOS,184,2,0,1,1,0,0,15,2025-10-28 02:55:00,2025-10-28 06:13:00,29,1
2025-01-23 14:00:00,2025-01-23 17:19:00,WN,JFK,BOS,2055,25.72,23.66,18.29,17.23,-0.2805,0.5326,40,JFK-BOS,199,14,0,0,1,0,0,22,2025-01-23 14:22:00,2025-01-23 18:09:00,50,1
2025-05-26 08:40:00,2025-05-26 14:36:00,UA,LAX,SFO,4010,15.38,15.58,0.0,0.0,0.2335,0.571,58,LAX-SFO,356,8,1,0,0,0,1,9,2025-05-26 08:49:00,2025-05-26 14:47:00,11,0
2025-09-13 08:10:00,2025-09-13 11:54:00,B6,LAX,BOS,2364,5.67,7.66,0.0,0.34,-0.7054,0.0103,30,LAX-BOS,224,8,0,0,0,0,0,0,2025-09-13 08:10:00,2025-09-13 11:45:00,-9,0
2025-12-28 22:15:00,2025-12-29 01:34:00,B6,BOS,JFK,2045,5.7,0.73,0.48,0.0,1.6496,-0.2242,39,BOS-JFK,199,22,1,1,0,1,0,24,2025-12-28 22:39:00,2025-12-29 02:20:00,46,1
2025-11-08 14:40:00,2025-11-08 17:50:00,B6,ATL,JFK,1934,15.86,12.93,4.66,4.33,-0.9749,-0.763,35,ATL-JFK,190,14,0,0,0,0,0,7,2025-11-08 14:47:00,2025-11-08 17:36:00,-14,0
2025-02-20 14:30:00,2025-02-20 18:50:00,B6,ATL,BOS,2813,2.1,2.64,11.17,9.41,1.9525,0.1578,34,ATL-BOS,260,14,0,0,0,0,0,-5,2025-02-20 14:25:00,2025-02-20 19:04:00,14,0
2025-12-27 08:45:00,2025-12-27 11:17:00,DL,ATL,JFK,1457,10.11,9.43,0.48,0.0,0.0287,0.0417,35,ATL-JFK,152,8,0,0,0,0,0,11,2025-12-27 08:56:00,2025-12-27 11:12:00,-5,0
2025-08-27 09:30:00,2025-08-27 15:23:00,AA,SFO,BOS,3974,7.95,9.77,0.0,1.66,-0.1674,0.2744,16,SFO-BOS,353,9,0,0,0,0,1,37,2025-08-27 10:07:00,2025-08-27 16:10:00,47,1
2025-03-07 16:00:00,2025-03-07 19:20:00,UA,LAX,ATL,2058,17.23,16.04,19.36,18.34,-0.8831,-0.9731,46,LAX-ATL,200,16,0,0,1,0,0,31,2025-03-07 16:31:00,2025-03-07 20:06:00,46,1
2025-06-13 00:45:00,2025-06-13 04:07:00,DL,JFK,SFO,2088,2.9,2.91,1.25,0.0,-0.5227,0.2491,99,JFK-SFO,202,0,0,1,0,0,1,42,2025-06-13 01:27:00,2025-06-13 05:17:00,70,1
2025-12-02 05:10:00,2025-12-02 06:30:00,AA,JFK,ATL,568,13.93,14.38,0.0,0.46,-0.2033,0.6449,25,JFK-ATL,80,5,0,0,0,0,0,-2,2025-12-02 05:08:00,2025-12-02 06:16:00,-14,0
2025-05-24 14:10:00,2025-05-24 20:06:00,WN,BOS,ATL,4011,9.88,7.01,11.86,9.91,0.1348,0.1778,28,BOS-ATL,356,14,0,0,0,0,0,5,2025-05-24 14:15:00,2025-05-24 20:11:00,5,0
2025-03-09 14:50:00,2025-03-09 18:27:00,AA,ATL,LAX,2278,12.09,12.16,1.55,0.73,0.5395,-0.0962,23,ATL-LAX,217,14,1,0,0,0,0,-5,2025-03-09 14:45:00,2025-03-09 18:27:00,0,0
2025-11-16 02:10:00,2025-11-16 03:55:00,AA,ATL,LAX,873,2.66,3.15,0.0,1.79,-0.2086,0.9914,39,ATL-LAX,105,2,1,1,0,1,0,1,2025-11-16 02:11:00,2025-11-16 03:59:00,4,0
2025-12-14 18:30:00,2025-12-14 20:27:00,AA,LAX,BOS,1019,18.18,17.19,12.37,14.33,0.5387,0.2278,6,LAX-BOS,117,18,1,0,1,0,0,29,2025-12-14 18:59:00,2025-12-14 21:09:00,42,1
2025-12-23 13:20:00,2025-12-23 16:22:00,UA,ATL,JFK,1832,21.83,20.31,4.2,2.93,1.1828,0.596,19,ATL-JFK,182,13,0,0,0,0,0,4,2025-12-23 13:24:00,2025-12-23 16:17:00,-5,0
2025-12-15 05:45:00,2025-12-15 11:06:00,WN,ATL,BOS,3578,44.55,43.89,0.29,0.0,1.0587,-0.5558,28,ATL-BOS,321,5,0,0,0,0,0,9,2025-12-15 05:54:00,2025-12-15 11:03:00,-3,0
2025-11-15 18:00:00,2025-11-15 19:31:00,B6,LAX,ATL,697,8.86,11.11,0.32,0.06,0.6267,-0.612,62,LAX-ATL,91,18,0,0,0,0,0,10,2025-11-15 18:10:00,2025-11-15 19:28:00,-3,0
2025-06-15 23:00:00,2025-06-16 00:39:00,WN,JFK,ATL,806,20.79,18.9,15.08,14.83,0.5003,0.8471,34,JFK-ATL,99,23,1,1,1,1,0,29,2025-06-15 23:29:00,2025-06-16 01:24:00,45,1
2025-03-12 10:20:00,2025-03-12 14:27:00,UA,JFK,LAX,2655,5.81,3.99,0.0,1.61,-1.0603,0.8547,8,JFK-LAX,247,10,0,0,0,0,0,-10,2025-03-12 10:10:00,2025-03-12 14:22:00,-5,0
2025-08-14 06:20:00,2025-08-14 10:07:00,DL,BOS,ATL,2395,24.86,22.91,0.0,1.57,0.2089,-0.7434,53,BOS-ATL,227,6,0,0,0,0,0,2,2025-08-14 06:22:00,2025-08-14 10:10:00,3,0
2025-03-22 07:45:00,2025-03-22 14:06:00,DL,ATL,SFO,4320,3.81,4.34,0.0,0.0,-1.0847,0.9272,66,ATL-SFO,381,7,0,0,0,0,1,32,2025-03-22 08:17:00,2025-03-22 14:41:00,35,1
2025-06-22 14:30:00,2025-06-22 19:42:00,WN,JFK,BOS,3458,30.16,32.72,0.1,0.0,1.017,0.4582,63,JFK-BOS,312,14,1,0,0,0,0,-1,2025-06-22 14:29:00,2025-06-22 19:33:00,-9,0
2025-08-28 01:10:00,2025-08-28 05:50:00,AA,BOS,ATL,3059,11.42,9.96,18.86,17.7,0.2886,-0.4018,50,BOS-ATL,280,1,0,1,1,0,0,31,2025-08-28 01:41:00,2025-08-28 06:20:00,30,1
2025-12-12 11:50:00,2025-12-12 14:42:00,AA,JFK,ATL,1710,2.04,5.38,0.63,0.64,1.1297,-0.5641,21,JFK-ATL,172,11,0,0,0,0,0,-8,2025-12-12 11:42:00,2025-12-12 14:43:00,1,0
2025-04-16 00:20:00,2025-04-16 04:49:00,WN,ATL,JFK,2929,7.44,9.53,8.33,10.04,1.1753,0.3029,64,ATL-JFK,269,0,0,1,0,0,0,3,2025-04-16 00:23:00,2025-04-16 04:47:00,-2,0
2025-04-02 00:50:00,2025-04-02 05:05:00,B6,BOS,SFO,2754,20.38,20.27,8.05,8.99,0.4412,-0.8051,84,BOS-SFO,255,0,0,1,0,0,1,10,2025-04-02 01:00:00,2025-04-02 05:16:00,11,0
2025-09-26 10:50:00,2025-09-26 13:22:00,B6,ATL,BOS,1468,10.0,12.16,7.99,7.37,-0.6763,0.4212,0,ATL-BOS,152,10,0,0,0,0,0,12,2025-09-26 11:02:00,2025-09-26 13:19:00,-3,0
2025-01-03 17:00:00,2025-01-03 20:04:00,WN,JFK,SFO,1857,10.5,9.18,0.0,2.11,-2.2425,0.6443,72,JFK-SFO,184,17,0,0,0,0,1,23,2025-01-03 17:23:00,2025-01-03 20:39:00,35,1
2025-07-26 21:30:00,2025-07-27 03:42:00,B6,BOS,LAX,4210,16.95,19.46,8.42,9.79,0.5428,0.018,67,BOS-LAX,372,21,0,1,0,0,0,3,2025-07-26 21:33:00,2025-07-27 03:36:00,-6,0
2025-09-30 02:20:00,2025-09-30 06:20:00,WN,BOS,LAX,2559,7.99,10.35,2.4,1.64,-0.1681,0.6512,29,BOS-LAX,240,2,0,1,0,0,0,5,2025-09-30 02:25:00,2025-09-30 06:12:00,-8,0
2025-07-21 05:20:00,2025-07-21 08:57:00,AA,JFK,ATL,2280,22.72,23.3,5.76,4.74,0.8003,0.3492,4,JFK-ATL,217,5,0,0,0,0,0,-8,2025-07-21 05:12:00,2025-07-21 08:54:00,-3,0
2025-05-21 10:15:00,2025-05-21 15:42:00,DL,JFK,SFO,3645,5.71,7.82,0.19,0.2,0.6983,0.1571,52,JFK-SFO,327,10,0,0,0,0,1,17,2025-05-21 10:32:00,2025-05-21 16:15:00,33,1
2025-10-30 13:30:00,2025-10-30 15:59:00,AA,BOS,LAX,1421,2.6,2.44,23.16,22.51,0.5984,-0.1466,91,BOS-LAX,149,13,0,0,1,0,0,21,2025-10-30 13:51:00,2025-10-30 16:28:00,29,1
2025-05-16 23:20:00,2025-05-17 01:33:00,DL,LAX,SFO,1222,8.87,11.36,8.15,9.11,0.2471,0.3048,76,LAX-SFO,133,23,0,1,0,0,0,1,2025-05-16 23:21:00,2025-05-17 01:19:00,-14,0
2025-09-17 16:10:00,2025-09-17 22:41:00,B6,BOS,ATL,4448,13.01,10.33,0.15,0.0,-1.6587,0.9487,79,BOS-ATL,391,16,0,0,0,0,0,0,2025-09-17 16:10:00,2025-09-17 22:44:00,3,0
2025-06-19 12:15:00,2025-06-19 17:44:00,B6,BOS,SFO,3673,5.77,5.75,0.0,0.0,1.2638,-0.7644,40,BOS-SFO,329,12,0,0,0,0,1,36,2025-06-19 12:51:00,2025-06-19 18:35:00,51,1
2025-01-10 01:10:00,2025-01-10 04:31:00,B6,JFK,ATL,2077,15.24,12.02,0.0,0.0,-1.257,-0.6626,12,JFK-ATL,201,1,0,1,0,0,0,1,2025-01-10 01:11:00,2025-01-10 04:20:00,-11,0
2025-07-13 01:45:00,2025-07-13 08:02:00,UA,ATL,JFK,4274,3.43,2.13,0.0,0.67,-0.6473,0.326,55,ATL-JFK,377,1,1,1,0,1,0,15,2025-07-13 02:00:00,2025-07-13 08:15:00,13,0
2025-01-19 03:40:00,2025-01-19 06:44:00,DL,JFK,ATL,1860,12.05,15.15,8.36,8.24,-0.3305,0.9691,55,JFK-ATL,184,3,1,1,0,1,0,22,2025-01-19 04:02:00,2025-01-19 07:23:00,39,1
2025-12-06 15:20:00,2025-12-06 20:06:00,DL,JFK,ATL,3135,7.04,3.53,5.37,3.3,0.0184,-0.0008,56,JFK-ATL,286,15,0,0,0,0,0,2,2025-12-06 15:22:00,2025-12-06 20:02:00,-4,0
2025-08-08 07:20:00,2025-08-08 08:31:00,AA,ATL,JFK,446,3.81,4.58,2.84,3.66,-0.3191,-0.2079,95,ATL-JFK,71,7,0,0,0,0,0,-1,2025-08-08 07:19:00,2025-08-08 08:34:00,3,0
2025-05-16 05:00:00,2025-05-16 09:53:00,B6,JFK,SFO,3229,11.47,11.7,0.0,0.0,-0.5558,0.9208,76,JFK-SFO,293,5,0,0,0,0,0,-2,2025-05-16 04:58:00,2025-05-16 09:56:00,3,0
2025-06-27 16:15:00,2025-06-27 18:14:00,UA,ATL,LAX,1048,3.14,2.48,0.0,0.0,0.8026,-0.4423,24,ATL-LAX,119,16,0,0,0,0,0,10,2025-06-27 16:25:00,2025-06-27 18:15:00,1,0
2025-08-15 19:50:00,2025-08-15 22:10:00,AA,LAX,JFK,1313,2.26,3.88,0.73,0.0,-1.3316,-0.3423,77,LAX-JFK,140,19,0,0,0,0,0,7,2025-08-15 19:57:00,2025-08-15 21:56:00,-14,0
2025-04-05 10:00:00,2025-04-05 15:31:00,DL,ATL,SFO,3698,15.33,15.9,0.1,0.0,-0.4144,-0.1561,7,ATL-SFO,331,10,0,0,0,0,1,18,2025-04-05 10:18:00,2025-04-05 15:57:00,26,1
2025-04-16 21:10:00,2025-04-16 23:18:00,UA,ATL,SFO,1163,3.61,4.74,0.0,0.0,-2.0966,0.0387,38,ATL-SFO,128,21,0,1,0,0,0,-4,2025-04-16 21:06:00,2025-04-16 23:14:00,-4,0
2025-06-02 17:45:00,2025-06-02 21:26:00,WN,BOS,ATL,2327,15.39,15.53,0.0,0.0,-1.0309,-0.8919,42,BOS-ATL,221,17,0,0,0,0,0,9,2025-06-02 17:54:00,2025-06-02 21:17:00,-9,0
2025-04-05 17:30:00,2025-04-05 23:38:00,B6,LAX,BOS,4166,8.92,8.93,18.01,16.88,-1.5631,-0.1948,39,LAX-BOS,368,17,0,0,1,0,0,39,2025-04-05 18:09:00,2025-04-06 00:18:00,40,1
2025-10-04 20:00:00,2025-10-05 02:20:00,DL,LAX,SFO,4310,12.0,8.64,0.0,0.0,0.734,0.1654,13,LAX-SFO,380,20,0,1,0,0,1,24,2025-10-04 20:24:00,2025-10-05 03:12:00,52,1
2025-02-07 04:20:00,2025-02-07 07:48:00,WN,JFK,SFO,2164,20.94,18.76,5.0,5.41,0.1868,-0.7527,27,JFK-SFO,208,4,0,1,0,0,1,41,2025-02-07 05:01:00,2025-02-07 08:57:00,69,1
2025-10-29 18:40:00,2025-10-29 20:07:00,B6,ATL,LAX,652,14.33,14.9,8.44,7.29,-0.8089,-0.0777,77,ATL-LAX,87,18,0,0,0,0,0,1,2025-10-29 18:41:00,2025-10-29 20:15:00,8,0
2025-05-08 22:15:00,2025-05-09 00:50:00,WN,BOS,LAX,1505,15.18,13.2,28.3,30.73,-3.1988,-0.3854,1,BOS-LAX,155,22,0,1,1,0,0,32,2025-05-08 22:47:00,2025-05-09 01:42:00,52,1
2025-07-24 23:20:00,2025-07-25 03:46:00,DL,LAX,BOS,2886,14.73,14.24,0.0,0.0,-1.5258,-0.777,91,LAX-BOS,266,23,0,1,0,0,0,-3,2025-07-24 23:17:00,2025-07-25 03:46:00,0,0
2025-02-27 13:40:00,2025-02-27 16:32:00,DL,ATL,BOS,1715,4.8,5.69,0.0,0.0,-1.099,0.832,82,ATL-BOS,172,13,0,0,0,0,0,-1,2025-02-27 13:39:00,2025-02-27 16:28:00,-4,0
2025-05-21 18:30:00,2025-05-21 23:31:00,AA,LAX,ATL,3323,14.46,18.63,0.0,0.15,-0.3605,-0.2841,44,LAX-ATL,301,18,0,0,0,0,0,5,2025-05-21 18:35:00,2025-05-21 23:23:00,-8,0
2025-10-03 21:50:00,2025-10-04 04:22:00,UA,BOS,LAX,4468,4.44,6.39,0.0,0.0,0.7578,-0.0142,19,BOS-LAX,392,21,0,1,0,0,0,-2,2025-10-03 21:48:00,2025-10-04 04:10:00,-12,0
2025-04-09 20:10:00,2025-04-10 00:38:00,DL,ATL,BOS,2908,13.46,15.58,11.19,10.39,-1.4387,0.0495,99,ATL-BOS,268,20,0,1,0,0,0,-3,2025-04-09 20:07:00,2025-04-10 00:36:00,-2,0
2025-02-18 21:15:00,2025-02-19 01:44:00,UA,LAX,SFO,2924,8.78,7.11,5.12,4.14,-1.3508,-0.6681,95,LAX-SFO,269,21,0,1,0,0,1,36,2025-02-18 21:51:00,2025-02-19 02:41:00,57,1
2025-07-10 19:10:00,2025-07-10 23:07:00,AA,ATL,SFO,2525,9.78,10.39,3.74,3.94,-1.6759,0.133,19,ATL-SFO,237,19,0,0,0,0,1,11,2025-07-10 19:21:00,2025-07-10 23:21:00,14,0
2025-03-01 09:40:00,2025-03-01 11:42:00,B6,BOS,JFK,1083,28.24,25.26,14.38,15.2,0.0028,-0.5083,80,BOS-JFK,122,9,0,0,1,0,0,31,2025-03-01 10:11:00,2025-03-01 12:29:00,47,1
2025-04-25 17:30:00,2025-04-25 21:43:00,WN,ATL,SFO,2728,13.9,14.52,0.96,1.9,-2.1692,0.2101,91,ATL-SFO,253,17,0,0,0,0,1,31,2025-04-25 18:01:00,2025-04-25 22:28:00,45,1
2025-06-14 09:15:00,2025-06-14 15:27:00,DL,JFK,SFO,4213,7.08,7.59,11.11,13.16,-1.7652,-0.7654,83,JFK-SFO,372,9,0,0,0,0,0,6,2025-06-14 09:21:00,2025-06-14 15:37:00,10,0
2025-07-25 19:40:00,2025-07-26 00:31:00,AA,ATL,BOS,3196,2.33,0.32,0.0,0.13,0.4714,0.584,32,ATL-BOS,291,19,0,0,0,0,0,-4,2025-07-25 19:36:00,2025-07-26 00:27:00,-4,0
2025-08-22 19:20:00,2025-08-23 00:32:00,DL,ATL,JFK,3459,11.38,12.16,0.21,0.48,1.524,0.7269,61,ATL-JFK,312,19,0,0,0,0,0,3,2025-08-22 19:23:00,2025-08-23 00:34:00,2,0
2025-09-04 22:10:00,2025-09-05 03:59:00,AA,JFK,ATL,3925,4.58,3.88,1.47,2.27,0.0637,0.9608,90,JFK-ATL,349,22,0,1,0,0,0,-1,2025-09-04 22:09:00,2025-09-05 04:14:00,15,1
2025-11-05 14:30:00,2025-11-05 17:39:00,AA,SFO,BOS,1927,31.19,29.51,0.0,0.0,-0.314,0.791,61,SFO-BOS,189,14,0,0,0,0,1,53,2025-11-05 15:23:00,2025-11-05 18:55:00,76,1
2025-01-25 11:20:00,2025-01-25 14:12:00,WN,ATL,LAX,1712,9.23,8.55,0.0,0.0,2.178,0.3284,90,ATL-LAX,172,11,0,0,0,0,0,6,2025-01-25 11:26:00,2025-01-25 14:04:00,-8,0
2025-05-13 03:20:00,2025-05-13 09:45:00,AA,JFK,BOS,4373,18.69,17.67,0.0,0.25,-0.5216,-0.7108,18,JFK-BOS,385,3,0,1,0,0,0,-7,2025-05-13 03:13:00,2025-05-13 09:46:00,1,0
2025-01-01 15:20:00,2025-01-01 18:53:00,UA,SFO,BOS,2230,5.74,3.07,24.49,23.52,-0.5183,-0.8254,34,SFO-BOS,213,15,1,0,1,0,0,63,2025-01-01 16:23:00,2025-01-01 20:20:00,87,1
2025-01-04 13:50:00,2025-01-04 18:55:00,WN,BOS,LAX,3381,14.43,14.29,0.57,0.84,-0.5364,-0.8419,96,BOS-LAX,305,13,0,0,0,0,0,10,2025-01-04 14:00:00,2025-01-04 18:45:00,-10,0
2025-03-19 12:10:00,2025-03-19 16:43:00,UA,JFK,LAX,2970,21.51,22.32,0.0,0.0,1.5007,0.6799,2,JFK-LAX,273,12,0,0,0,0,0,-6,2025-03-19 12:04:00,2025-03-19 16:26:00,-17,0
2025-08-07 16:15:00,2025-08-07 17:56:00,AA,SFO,LAX,819,16.5,14.73,0.0,0.0,0.539,0.5297,83,SFO-LAX,101,16,0,0,0,0,0,2,2025-08-07 16:17:00,2025-08-07 17:56:00,0,0
2025-11-23 20:30:00,2025-11-23 23:15:00,DL,LAX,ATL,1619,18.25,20.69,9.22,10.58,0.5284,-0.5549,30,LAX-ATL,165,20,1,1,0,1,0,32,2025-11-23 21:02:00,2025-11-24 00:09:00,54,1
2025-10-10 03:00:00,2025-10-10 05:49:00,AA,BOS,LAX,1670,13.45,16.65,0.0,0.58,0.3266,-0.527,14,BOS-LAX,169,3,0,1,0,0,0,-1,2025-10-10 02:59:00,2025-10-10 05:47:00,-2,0
2025-08-24 10:10:00,2025-08-24 12:09:00,B6,LAX,JFK,1050,6.95,8.32,2.2,1.35,-0.4567,-0.8068,43,LAX-JFK,119,10,1,0,0,0,0,-4,2025-08-24 10:06:00,2025-08-24 12:03:00,-6,0
2025-10-12 17:30:00,2025-10-12 22:51:00,WN,LAX,ATL,3572,5.4,4.83,0.0,0.0,-0.3232,0.9437,40,LAX-ATL,321,17,1,0,0,0,0,1,2025-10-12 17:31:00,2025-10-12 23:06:00,15,1
2025-03-04 19:30:00,2025-03-05 01:54:00,B6,JFK,ATL,4357,6.97,5.21,3.19,3.46,-0.9646,-0.4977,98,JFK-ATL,384,19,0,0,0,0,0,10,2025-03-04 19:40:00,2025-03-05 01:48:00,-6,0
2025-11-03 18:40:00,2025-11-04 01:04:00,AA,JFK,BOS,4358,32.71,31.53,0.0,0.79,-0.3961,0.6954,36,JFK-BOS,384,18,0,0,0,0,0,22,2025-11-03 19:02:00,2025-11-04 01:38:00,34,1
2025-11-21 19:00:00,2025-11-21 21:04:00,DL,SFO,BOS,1117,10.43,13.17,13.45,13.59,0.2826,0.5303,68,SFO-BOS,124,19,0,0,1,0,0,35,2025-11-21 19:35:00,2025-11-21 21:57:00,53,1
2025-02-04 20:45:00,2025-02-05 00:15:00,DL,SFO,ATL,2187,25.05,22.41,0.0,0.12,-0.1955,0.6043,31,SFO-ATL,210,20,0,1,0,0,1,34,2025-02-04 21:19:00,2025-02-05 01:00:00,45,1
2025-06-21 23:20:00,2025-06-22 01:37:00,WN,SFO,BOS,1277,6.66,6.37,0.67,0.64,0.8092,0.2572,63,SFO-BOS,137,23,0,1,0,0,0,4,2025-06-21 23:24:00,2025-06-22 01:35:00,-2,0
2025-10-30 14:10:00,2025-10-30 15:30:00,AA,LAX,SFO,562,18.48,17.88,7.89,7.35,0.2625,-0.5737,78,LAX-SFO,80,14,0,0,0,0,0,5,2025-10-30 14:15:00,2025-10-30 15:43:00,13,0
2025-06-23 05:15:00,2025-06-23 09:42:00,B6,BOS,LAX,2898,4.15,5.23,5.84,4.9,0.1898,-0.5594,64,BOS-LAX,267,5,0,0,0,0,0,26,2025-06-23 05:41:00,2025-06-23 10:27:00,45,1
2025-11-03 13:10:00,2025-11-03 18:58:00,UA,ATL,BOS,3910,6.85,7.97,0.21,0.94,-0.8679,0.8672,63,ATL-BOS,348,13,0,0,0,0,0,-2,2025-11-03 13:08:00,2025-11-03 18:58:00,0,0
2025-12-08 17:20:00,2025-12-08 18:45:00,B6,ATL,LAX,624,5.94,7.84,1.03,0.0,-1.2265,0.1069,39,ATL-LAX,85,17,0,0,0,0,0,7,2025-12-08 17:27:00,2025-12-08 18:44:00,-1,0
2025-06-23 02:20:00,2025-06-23 06:55:00,DL,SFO,JFK,2995,28.36,27.76,0.68,0.0,-1.1263,0.3414,72,SFO-JFK,275,2,0,1,0,0,1,22,2025-06-23 02:42:00,2025-06-23 07:33:00,38,1
2025-01-22 18:20:00,2025-01-22 19:30:00,B6,BOS,LAX,443,6.51,4.55,8.2,8.8,1.0879,0.0609,68,BOS-LAX,70,18,0,0,0,0,0,-4,2025-01-22 18:16:00,2025-01-22 19:24:00,-6,0
2025-05-05 13:20:00,2025-05-05 19:02:00,B6,ATL,BOS,3840,16.08,16.03,1.85,2.19,-1.7271,-0.3151,31,ATL-BOS,342,13,0,0,0,0,0,-4,2025-05-05 13:16:00,2025-05-05 18:58:00,-4,0
2025-03-20 22:50:00,2025-03-21 00:10:00,UA,BOS,ATL,568,13.85,13.2,0.63,0.0,0.1899,0.409,27,BOS-ATL,80,22,0,1,0,0,0,18,2025-03-20 23:08:00,2025-03-21 00:38:00,28,1
2025-06-23 05:50:00,2025-06-23 09:15:00,B6,ATL,BOS,2129,5.41,2.71,0.17,1.43,0.1904,0.719,5,ATL-BOS,205,5,0,0,0,0,0,20,2025-06-23 06:10:00,2025-06-23 09:42:00,27,1
2025-08-02 21:20:00,2025-08-02 23:00:00,DL,JFK,SFO,817,22.91,24.69,2.53,1.53,-0.6843,-0.5325,75,JFK-SFO,100,21,0,1,0,0,0,19,2025-08-02 21:39:00,2025-08-02 22:48:00,-12,0
2025-06-19 10:50:00,2025-06-19 14:07:00,WN,JFK,ATL,2031,24.98,23.95,1.54,1.23,-0.0359,-0.6749,1,JFK-ATL,197,10,0,0,0,0,0,-8,2025-06-19 10:42:00,2025-06-19 13:54:00,-13,0
2025-03-13 13:45:00,2025-03-13 17:08:00,B6,BOS,ATL,2102,16.41,15.5,0.74,0.0,0.1712,-0.8682,65,BOS-ATL,203,13,0,0,0,0,0,10,2025-03-13 13:55:00,2025-03-13 17:36:00,28,1
2025-04-20 15:45:00,2025-04-20 19:45:00,AA,LAX,SFO,2567,10.98,12.06,0.0,0.84,-1.1551,0.8063,41,LAX-SFO,240,15,1,0,0,0,1,38,2025-04-20 16:23:00,2025-04-20 20:26:00,41,1
2025-09-06 13:10:00,2025-09-06 18:48:00,UA,JFK,SFO,3782,1.41,0.92,0.17,0.0,-0.7894,0.3746,74,JFK-SFO,338,13,0,0,0,0,1,-6,2025-09-06 13:04:00,2025-09-06 19:03:00,15,1
2025-01-10 21:20:00,2025-01-11 03:54:00,AA,SFO,JFK,4485,4.1,5.44,0.0,0.0,-0.1341,0.4213,9,SFO-JFK,394,21,0,1,0,0,0,7,2025-01-10 21:27:00,2025-01-11 03:48:00,-6,0
2025-03-20 04:15:00,2025-03-20 07:09:00,UA,LAX,SFO,1736,9.73,7.55,0.39,0.28,-0.1033,-0.8913,15,LAX-SFO,174,4,0,1,0,0,1,18,2025-03-20 04:33:00,2025-03-20 07:45:00,36,1
2025-11-22 17:00:00,2025-11-22 23:09:00,DL,ATL,SFO,4177,5.64,8.6,2.45,2.15,-1.4219,-0.2028,77,ATL-SFO,369,17,0,0,0,0,1,20,2025-11-22 17:20:00,2025-11-22 23:41:00,32,1
2025-02-06 23:00:00,2025-02-07 02:23:00,AA,BOS,JFK,2095,19.1,19.28,0.97,0.0,0.0033,-0.8854,55,BOS-JFK,203,23,0,1,0,0,0,5,2025-02-06 23:05:00,2025-02-07 02:33:00,10,0
2025-06-01 05:30:00,2025-06-01 07:09:00,B6,LAX,SFO,796,5.28,4.28,0.0,0.59,0.0412,0.3779,91,LAX-SFO,99,5,1,0,0,0,0,10,2025-06-01 05:40:00,2025-06-01 07:04:00,-5,0
2025-03-17 06:20:00,2025-03-17 10:41:00,DL,JFK,SFO,2821,4.85,3.14,6.66,7.51,0.9158,-0.3152,19,JFK-SFO,261,6,0,0,0,0,1,16,2025-03-17 06:36:00,2025-03-17 11:10:00,29,1
2025-02-08 11:45:00,2025-02-08 16:47:00,WN,LAX,ATL,3335,14.96,15.56,6.57,6.3,-0.1052,0.9614,2,LAX-ATL,302,11,0,0,0,0,0,6,2025-02-08 11:51:00,2025-02-08 16:40:00,-7,0
2025-06-04 17:40:00,2025-06-04 20:21:00,AA,BOS,LAX,1569,12.7,13.15,4.12,2.61,-0.487,0.4417,31,BOS-LAX,161,17,0,0,0,0,0,5,2025-06-04 17:45:00,2025-06-04 20:33:00,12,0
2025-07-10 23:00:00,2025-07-11 03:17:00,DL,ATL,LAX,2776,12.33,10.2,3.22,5.17,0.6837,-0.7146,19,ATL-LAX,257,23,0,1,0,0,0,9,2025-07-10 23:09:00,2025-07-11 03:39:00,22,1
2025-03-06 19:45:00,2025-03-06 23:09:00,AA,LAX,SFO,2116,16.48,17.9,0.0,0.27,1.0301,-0.6357,79,LAX-SFO,204,19,0,0,0,0,1,0,2025-03-06 19:45:00,2025-03-06 23:16:00,7,0
2025-01-29 19:20:00,2025-01-29 21:08:00,WN,LAX,BOS,909,7.75,8.34,2.07,2.39,-1.4687,-0.7562,57,LAX-BOS,108,19,0,0,0,0,0,-3,2025-01-29 19:17:00,2025-01-29 21:09:00,1,0
2025-02-19 10:30:00,2025-02-19 13:39:00,DL,LAX,ATL,1922,8.46,5.89,0.0,0.0,-0.6092,-0.501,41,LAX-ATL,189,10,0,0,0,0,0,8,2025-02-19 10:38:00,2025-02-19 14:06:00,27,1
2025-08-26 15:50:00,2025-08-26 19:13:00,B6,JFK,ATL,2095,16.72,15.87,11.92,9.38,-2.2005,0.9424,96,JFK-ATL,203,15,0,0,0,0,0,4,2025-08-26 15:54:00,2025-08-26 19:22:00,9,0
2025-11-11 05:40:00,2025-11-11 08:34:00,UA,ATL,LAX,1735,14.23,13.34,0.0,0.81,-1.0485,0.9707,4,ATL-LAX,174,5,0,0,0,0,0,27,2025-11-11 06:07:00,2025-11-11 09:01:00,27,1
2025-03-07 11:00:00,2025-03-07 17:06:00,AA,LAX,SFO,4143,4.2,4.86,0.71,0.0,1.3969,-0.4262,79,LAX-SFO,366,11,0,0,0,0,1,29,2025-03-07 11:29:00,2025-03-07 17:43:00,37,1
2025-04-27 04:10:00,2025-04-27 07:19:00,WN,LAX,ATL,1931,20.22,20.12,5.86,7.28,-1.1627,-0.5116,89,LAX-ATL,189,4,1,1,0,1,0,27,2025-04-27 04:37:00,2025-04-27 08:01:00,42,1
2025-05-06 00:20:00,2025-05-06 04:49:00,B6,LAX,JFK,2930,1.57,7.23,0.0,1.8,0.3758,-0.4868,0,LAX-JFK,269,0,0,1,0,0,0,3,2025-05-06 00:23:00,2025-05-06 04:42:00,-7,0
2025-05-12 20:00:00,2025-05-12 21:03:00,WN,ATL,JFK,346,5.61,9.98,1.17,0.0,0.3197,0.0117,10,ATL-JFK,63,20,0,1,0,0,0,-2,2025-05-12 19:58:00,2025-05-12 20:58:00,-5,0
2025-03-31 19:10:00,2025-03-31 21:54:00,WN,LAX,BOS,1615,4.46,6.25,0.95,0.0,-0.6745,-0.0366,18,LAX-BOS,164,19,0,0,0,0,0,17,2025-03-31 19:27:00,2025-03-31 22:20:00,26,1
2025-01-21 12:45:00,2025-01-21 18:42:00,B6,LAX,ATL,4022,37.75,38.88,0.87,0.0,-0.5452,-0.1031,49,LAX-ATL,357,12,0,0,0,0,0,22,2025-01-21 13:07:00,2025-01-21 19:12:00,30,1
2025-07-11 00:10:00,2025-07-11 06:09:00,AA,SFO,JFK,4048,13.34,12.15,0.07,0.0,1.3013,-0.8408,41,SFO-JFK,359,0,0,1,0,0,1,13,2025-07-11 00:23:00,2025-07-11 06:44:00,35,1
2025-05-11 02:10:00,2025-05-11 08:37:00,DL,JFK,SFO,4404,6.49,5.58,0.0,0.63,0.8524,-0.4833,47,JFK-SFO,387,2,1,1,0,1,1,71,2025-05-11 03:21:00,2025-05-11 10:21:00,104,1
2025-05-05 02:30:00,2025-05-05 03:48:00,WN,LAX,ATL,538,7.34,7.4,0.05,1.25,2.1462,-0.0916,77,LAX-ATL,78,2,0,1,0,0,0,7,2025-05-05 02:37:00,2025-05-05 03:54:00,6,0
2025-04-07 17:00:00,2025-04-07 22:49:00,WN,JFK,LAX,3922,12.7,13.31,11.79,10.63,-2.646,-0.5687,39,JFK-LAX,349,17,0,0,0,0,0,-5,2025-04-07 16:55:00,2025-04-07 22:41:00,-8,0
2025-12-06 04:15:00,2025-12-06 06:44:00,AA,LAX,SFO,1424,20.74,20.7,0.0,0.0,0.4429,0.2491,99,LAX-SFO,149,4,0,1,0,0,0,-1,2025-12-06 04:14:00,2025-12-06 06:48:00,4,0
2025-08-11 06:50:00,2025-08-11 07:51:00,AA,LAX,BOS,324,7.61,8.11,0.0,0.0,-2.4759,-0.692,0,LAX-BOS,61,6,0,0,0,0,0,7,2025-08-11 06:57:00,2025-08-11 07:51:00,0,0
2025-06-02 20:40:00,2025-06-02 22:10:00,UA,LAX,SFO,688,24.21,24.99,0.35,0.0,-0.1329,-0.2817,17,LAX-SFO,90,20,0,1,0,0,0,10,2025-06-02 20:50:00,2025-06-02 22:13:00,3,0
2025-03-16 21:50:00,2025-03-17 03:01:00,DL,SFO,JFK,3453,9.53,8.67,0.14,1.33,-0.3168,0.5179,25,SFO-JFK,311,21,1,1,0,1,1,41,2025-03-16 22:31:00,2025-03-17 04:09:00,68,1
2025-10-20 18:15:00,2025-10-20 22:33:00,AA,ATL,JFK,2785,14.81,17.99,8.69,8.35,-1.2423,0.1833,10,ATL-JFK,258,18,0,0,0,0,0,4,2025-10-20 18:19:00,2025-10-20 22:29:00,-4,0
2025-11-21 07:30:00,2025-11-21 11:42:00,UA,LAX,BOS,2707,7.82,10.08,1.07,0.0,-0.7016,0.8248,15,LAX-BOS,252,7,0,0,0,0,0,10,2025-11-21 07:40:00,2025-11-21 11:35:00,-7,0
2025-01-12 13:10:00,2025-01-12 19:05:00,DL,LAX,SFO,4004,13.12,14.47,0.6,0.57,-0.3966,-0.4233,10,LAX-SFO,355,13,1,0,0,0,1,31,2025-01-12 13:41:00,2025-01-12 19:51:00,46,1
2025-12-06 04:20:00,2025-12-06 05:51:00,B6,JFK,BOS,695,7.45,9.91,0.0,2.37,0.3398,-0.9794,16,JFK-BOS,91,4,0,1,0,0,0,7,2025-12-06 04:27:00,2025-12-06 06:15:00,24,1
2025-09-13 20:10:00,2025-09-13 21:37:00,B6,JFK,LAX,647,10.55,8.57,0.0,0.0,-1.2441,0.0125,40,JFK-LAX,87,20,0,1,0,0,0,-2,2025-09-13 20:08:00,2025-09-13 21:39:00,2,0
2025-02-06 02:45:00,2025-02-06 08:57:00,AA,LAX,JFK,4218,17.44,17.73,0.27,0.0,-0.8353,-0.5575,12,LAX-JFK,372,2,0,1,0,0,0,3,2025-02-06 02:48:00,2025-02-06 09:17:00,20,1
2025-10-02 17:10:00,2025-10-02 21:33:00,B6,JFK,ATL,2846,14.07,12.42,6.51,6.52,0.4217,-0.7535,48,JFK-ATL,263,17,0,0,0,0,0,11,2025-10-02 17:21:00,2025-10-02 21:37:00,4,0
2025-02-09 12:10:00,2025-02-09 17:30:00,DL,JFK,LAX,3560,6.81,6.36,0.6,1.01,0.6211,-0.9644,82,JFK-LAX,320,12,1,0,0,0,0,15,2025-02-09 12:25:00,2025-02-09 17:31:00,1,0
2025-01-19 18:20:00,2025-01-19 22:15:00,AA,SFO,BOS,2504,17.51,18.6,0.0,0.82,2.5316,0.1732,49,SFO-BOS,235,18,1,0,0,0,0,3,2025-01-19 18:23:00,2025-01-19 22:14:00,-1,0
2025-02-12 10:20:00,2025-02-12 12:08:00,AA,LAX,BOS,910,12.45,12.04,29.93,29.96,0.0692,-0.2275,10,LAX-BOS,108,10,0,0,1,0,0,18,2025-02-12 10:38:00,2025-02-12 12:45:00,37,1
2025-06-17 03:15:00,2025-06-17 07:10:00,DL,BOS,LAX,2495,1.0,0.97,37.78,36.65,0.5343,-0.3534,52,BOS-LAX,235,3,0,1,1,0,0,24,2025-06-17 03:39:00,2025-06-17 07:38:00,28,1
2025-08-15 18:15:00,2025-08-16 00:38:00,UA,SFO,ATL,4348,10.48,9.63,0.26,0.0,-0.3234,-0.2371,33,SFO-ATL,383,18,0,0,0,0,0,-6,2025-08-15 18:09:00,2025-08-16 00:34:00,-4,0
2025-05-29 15:15:00,2025-05-29 16:54:00,B6,BOS,LAX,794,19.19,20.46,0.2,0.0,1.3033,0.5263,83,BOS-LAX,99,15,0,0,0,0,0,33,2025-05-29 15:48:00,2025-05-29 17:24:00,30,1
2025-02-14 11:50:00,2025-02-14 13:31:00,DL,ATL,JFK,830,30.78,29.47,10.2,11.05,-1.0319,-0.5357,57,ATL-JFK,101,11,0,0,0,0,0,7,2025-02-14 11:57:00,2025-02-14 13:50:00,19,1
2025-03-14 08:30:00,2025-03-14 11:25:00,WN,SFO,LAX,1755,4.2,3.38,1.47,0.0,-0.1663,0.0194,25,SFO-LAX,175,8,0,0,0,0,0,1,2025-03-14 08:31:00,2025-03-14 11:18:00,-7,0
2025-11-08 08:50:00,2025-11-08 12:22:00,AA,BOS,ATL,2209,17.92,17.38,11.65,11.72,0.1517,0.988,4,BOS-ATL,212,8,0,0,0,0,0,25,2025-11-08 09:15:00,2025-11-08 12:50:00,28,1
2025-12-18 11:50:00,2025-12-18 16:20:00,B6,BOS,LAX,2940,10.4,12.42,0.0,0.0,0.3891,-0.9002,43,BOS-LAX,270,11,0,0,0,0,0,13,2025-12-18 12:03:00,2025-12-18 16:38:00,18,1
2025-10-03 06:40:00,2025-10-03 08:32:00,UA,BOS,LAX,967,3.63,3.84,8.62,8.51,0.8367,0.3153,52,BOS-LAX,112,6,0,0,0,0,0,-10,2025-10-03 06:30:00,2025-10-03 08:13:00,-19,0
2025-02-07 06:45:00,2025-02-07 12:58:00,UA,JFK,SFO,4222,4.8,4.73,7.76,7.87,-0.303,0.3656,6,JFK-SFO,373,6,0,0,0,0,1,17,2025-02-07 07:02:00,2025-02-07 13:19:00,21,1
2025-10-27 06:00:00,2025-10-27 07:49:00,UA,ATL,BOS,930,2.24,7.38,7.04,8.68,0.7931,-0.1545,46,ATL-BOS,109,6,0,0,0,0,0,-6,2025-10-27 05:54:00,2025-10-27 07:33:00,-16,0
2025-09-10 00:50:00,2025-09-10 02:56:00,WN,ATL,SFO,1140,3.33,7.79,0.21,0.85,-1.5141,0.6144,74,ATL-SFO,126,0,0,1,0,0,0,2,2025-09-10 00:52:00,2025-09-10 02:56:00,0,0
2025-07-12 22:20:00,2025-07-13 04:44:00,WN,BOS,JFK,4364,2.53,4.74,13.46,14.46,0.1524,0.3428,85,BOS-JFK,384,22,0,1,1,0,0,23,2025-07-12 22:43:00,2025-07-13 05:33:00,49,1
2025-02-22 05:40:00,2025-02-22 08:45:00,DL,BOS,ATL,1881,10.71,12.07,0.07,0.0,-1.9873,0.4246,72,BOS-ATL,185,5,0,0,0,0,0,2,2025-02-22 05:42:00,2025-02-22 08:43:00,-2,0
2025-12-30 03:10:00,2025-12-30 07:21:00,B6,ATL,BOS,2702,0.0,0.0,0.0,0.0,-0.3258,-0.7412,11,ATL-BOS,251,3,0,1,0,0,0,4,2025-12-30 03:14:00,2025-12-30 07:20:00,-1,0
2025-06-11 03:00:00,2025-06-11 06:25:00,AA,SFO,LAX,2126,4.99,6.08,0.0,0.0,2.4008,0.0947,27,SFO-LAX,205,3,0,1,0,0,1,46,2025-06-11 03:46:00,2025-06-11 07:25:00,60,1
2025-01-17 23:50:00,2025-01-18 02:16:00,B6,JFK,SFO,1388,8.43,8.18,0.43,1.09,0.1664,-0.6653,5,JFK-SFO,146,23,0,1,0,0,0,8,2025-01-17 23:58:00,2025-01-18 02:19:00,3,0
2025-03-18 11:20:00,2025-03-18 15:09:00,WN,ATL,LAX,2428,6.07,7.0,0.0,0.0,-0.5769,-0.8406,55,ATL-LAX,229,11,0,0,0,0,0,48,2025-03-18 12:08:00,2025-03-18 16:06:00,57,1
2025-05-27 07:10:00,2025-05-27 12:30:00,AA,ATL,SFO,3560,1.76,2.63,17.2,16.74,0.4149,-0.151,14,ATL-SFO,320,7,0,0,1,0,0,6,2025-05-27 07:16:00,2025-05-27 12:33:00,3,0
2025-01-23 09:40:00,2025-01-23 10:43:00,UA,SFO,JFK,348,11.14,10.95,6.36,6.42,-0.1473,-0.8026,8,SFO-JFK,63,9,0,0,0,0,0,-2,2025-01-23 09:38:00,2025-01-23 10:37:00,-6,0
2025-04-29 02:00:00,2025-04-29 07:53:00,DL,BOS,JFK,3976,6.87,6.42,0.1,0.31,-1.2248,-0.9992,47,BOS-JFK,353,2,0,1,0,0,0,19,2025-04-29 02:19:00,2025-04-29 08:21:00,28,1
2025-06-20 07:20:00,2025-06-20 09:21:00,AA,ATL,SFO,1074,5.1,8.97,0.0,0.27,-1.9446,0.9422,68,ATL-SFO,121,7,0,0,0,0,0,5,2025-06-20 07:25:00,2025-06-20 09:15:00,-6,0
2025-12-13 05:40:00,2025-12-13 11:47:00,B6,LAX,BOS,4153,9.48,12.14,0.0,0.0,-0.1124,0.7538,10,LAX-BOS,367,5,0,0,0,0,0,-10,2025-12-13 05:30:00,2025-12-13 11:49:00,2,0
2025-02-01 19:40:00,2025-02-02 02:02:00,B6,SFO,LAX,4341,13.28,18.12,3.85,5.95,-0.2945,-0.6282,19,SFO-LAX,382,19,0,0,0,0,1,1,2025-02-01 19:41:00,2025-02-02 02:25:00,23,1
2025-07-30 01:20:00,2025-07-30 07:32:00,UA,BOS,ATL,4218,5.3,7.7,7.71,7.12,-0.3538,-0.7002,61,BOS-ATL,372,1,0,1,0,0,0,2,2025-07-30 01:22:00,2025-07-30 07:28:00,-4,0
2025-12-01 10:15:00,2025-12-01 14:53:00,AA,LAX,BOS,3033,7.08,5.99,0.0,0.0,0.7439,-0.3139,54,LAX-BOS,278,10,0,0,0,0,0,31,2025-12-01 10:46:00,2025-12-01 15:17:00,24,1
2025-10-22 18:45:00,2025-10-23 00:48:00,DL,JFK,ATL,4103,5.07,5.06,0.0,1.8,1.2921,-0.7747,79,JFK-ATL,363,18,0,0,0,0,0,8,2025-10-22 18:53:00,2025-10-23 00:44:00,-4,0
2025-12-04 20:10:00,2025-12-05 01:58:00,WN,ATL,SFO,3910,18.08,17.55,0.52,0.0,0.6448,-0.3221,6,ATL-SFO,348,20,0,1,0,0,0,-2,2025-12-04 20:08:00,2025-12-05 01:47:00,-11,0
2025-03-04 12:00:00,2025-03-04 16:34:00,UA,LAX,JFK,2983,14.21,10.39,0.0,1.79,-0.4156,0.4107,55,LAX-JFK,274,12,0,0,0,0,0,23,2025-03-04 12:23:00,2025-03-04 16:58:00,24,1
2025-10-20 05:10:00,2025-10-20 11:09:00,UA,SFO,LAX,4046,18.5,21.11,0.0,0.0,0.0542,-0.5211,47,SFO-LAX,359,5,0,0,0,0,1,36,2025-10-20 05:46:00,2025-10-20 12:07:00,58,1
2025-12-24 08:45:00,2025-12-24 11:39:00,B6,SFO,LAX,1738,18.35,20.92,0.0,0.0,1.033,0.5572,35,SFO-LAX,174,8,1,0,0,0,1,41,2025-12-24 09:26:00,2025-12-24 12:51:00,72,1
2025-04-30 05:20:00,2025-04-30 10:59:00,AA,ATL,BOS,3805,8.07,6.78,0.74,0.0,0.8114,0.8458,65,ATL-BOS,339,5,0,0,0,0,0,-6,2025-04-30 05:14:00,2025-04-30 11:04:00,5,0
2025-07-02 15:00:00,2025-07-02 21:10:00,B6,JFK,ATL,4187,32.7,34.93,0.06,0.0,0.5093,-0.9239,44,JFK-ATL,370,15,0,0,0,0,0,-1,2025-07-02 14:59:00,2025-07-02 21:04:00,-6,0
2025-07-13 07:10:00,2025-07-13 11:42:00,B6,LAX,BOS,2967,17.64,17.05,15.48,15.73,-0.5512,0.0812,94,LAX-BOS,272,7,1,0,1,0,0,20,2025-07-13 07:30:00,2025-07-13 12:21:00,39,1
2025-06-30 15:00:00,2025-06-30 16:40:00,DL,ATL,SFO,814,10.28,7.82,3.44,3.52,1.037,-0.8471,24,ATL-SFO,100,15,0,0,0,0,0,6,2025-06-30 15:06:00,2025-06-30 16:29:00,-11,0
2025-04-16 15:45:00,2025-04-16 17:56:00,B6,SFO,BOS,1199,5.08,4.7,1.25,0.0,1.3453,0.1023,78,SFO-BOS,131,15,0,0,0,0,0,-10,2025-04-16 15:35:00,2025-04-16 17:55:00,-1,0
2025-12-21 22:20:00,2025-12-22 00:16:00,DL,ATL,BOS,1008,7.29,7.09,0.0,1.63,0.82,-0.9256,85,ATL-BOS,116,22,1,1,0,1,0,24,2025-12-21 22:44:00,2025-12-22 00:45:00,29,1
2025-12-16 08:00:00,2025-12-16 11:58:00,WN,BOS,LAX,2539,10.19,8.96,10.48,11.7,2.9432,-0.0055,93,BOS-LAX,238,8,0,0,0,0,0,9,2025-12-16 08:09:00,2025-12-16 12:21:00,23,1
2025-05-19 23:10:00,2025-05-20 02:35:00,WN,SFO,BOS,2122,14.57,12.15,0.02,0.0,0.7489,-0.146,32,SFO-BOS,205,23,0,1,0,0,0,4,2025-05-19 23:14:00,2025-05-20 02:39:00,4,0
2025-10-21 09:30:00,2025-10-21 15:07:00,B6,JFK,ATL,3774,0.12,0.0,0.0,0.0,1.1474,0.9153,38,JFK-ATL,337,9,0,0,0,0,0,-2,2025-10-21 09:28:00,2025-10-21 15:11:00,4,0
2025-05-26 16:30:00,2025-05-26 19:04:00,AA,LAX,SFO,1491,5.58,6.39,11.73,12.13,0.6407,-0.6366,85,LAX-SFO,154,16,1,0,0,0,0,7,2025-05-26 16:37:00,2025-05-26 18:59:00,-5,0
2025-10-18 15:45:00,2025-10-18 17:40:00,UA,JFK,ATL,995,11.35,11.96,0.58,0.0,-0.1296,-0.7831,70,JFK-ATL,115,15,0,0,0,0,0,-2,2025-10-18 15:43:00,2025-10-18 17:34:00,-6,0
2025-08-02 19:00:00,2025-08-02 23:26:00,B6,LAX,BOS,2886,17.71,15.52,8.46,8.9,-1.1761,-0.8539,96,LAX-BOS,266,19,0,0,0,0,0,5,2025-08-02 19:05:00,2025-08-02 23:24:00,-2,0
2025-06-21 11:00:00,2025-06-21 12:46:00,AA,ATL,BOS,883,10.51,11.34,7.1,9.09,-0.7693,-0.7207,33,ATL-BOS,106,11,0,0,0,0,0,2,2025-06-21 11:02:00,2025-06-21 12:45:00,-1,0
2025-02-16 19:00:00,2025-02-17 01:03:00,AA,LAX,ATL,4102,14.39,12.42,9.08,6.92,-0.7589,0.1725,25,LAX-ATL,363,19,1,0,0,0,0,9,2025-02-16 19:09:00,2025-02-17 01:07:00,4,0
2025-08-27 08:20:00,2025-08-27 09:46:00,AA,ATL,SFO,640,6.81,6.57,0.0,1.28,-1.2089,0.9467,67,ATL-SFO,86,8,0,0,0,0,0,11,2025-08-27 08:31:00,2025-08-27 10:09:00,23,1
2025-04-28 11:40:00,2025-04-28 15:24:00,UA,ATL,BOS,2362,12.8,11.01,0.06,0.0,-0.2866,0.1915,85,ATL-BOS,224,11,0,0,0,0,0,20,2025-04-28 12:00:00,2025-04-28 15:40:00,16,1
2025-03-21 11:40:00,2025-03-21 17:58:00,UA,JFK,LAX,4284,15.78,12.32,0.88,0.54,0.0032,0.3039,92,JFK-LAX,378,11,0,0,0,0,0,-2,2025-03-21 11:38:00,2025-03-21 18:01:00,3,0
2025-03-12 16:10:00,2025-03-12 20:15:00,WN,JFK,ATL,2626,20.4,21.42,0.0,0.76,1.1914,0.2308,83,JFK-ATL,245,16,0,0,0,0,0,9,2025-03-12 16:19:00,2025-03-12 20:27:00,12,0
2025-12-25 14:40:00,2025-12-25 20:11:00,UA,ATL,JFK,3694,26.73,26.14,2.51,2.52,-1.2052,-0.6493,97,ATL-JFK,331,14,1,0,0,0,0,14,2025-12-25 14:54:00,2025-12-25 20:33:00,22,1
2025-02-07 01:40:00,2025-02-07 05:01:00,B6,LAX,ATL,2077,21.39,22.35,7.69,9.64,0.8919,0.8892,61,LAX-ATL,201,1,0,1,0,0,0,5,2025-02-07 01:45:00,2025-02-07 04:55:00,-6,0
2025-10-19 19:10:00,2025-10-20 00:23:00,AA,BOS,ATL,3470,6.95,10.03,1.28,0.0,0.2682,0.9837,0,BOS-ATL,313,19,1,0,0,0,0,10,2025-10-19 19:20:00,2025-10-20 00:23:00,0,0
2025-11-13 18:40:00,2025-11-13 23:37:00,WN,SFO,JFK,3271,2.88,4.43,0.32,0.0,0.3765,-0.6877,83,SFO-JFK,297,18,0,0,0,0,1,40,2025-11-13 19:20:00,2025-11-14 00:39:00,62,1
2025-01-12 02:20:00,2025-01-12 06:12:00,UA,ATL,SFO,2457,5.13,5.03,0.0,0.0,-0.0962,-0.5023,28,ATL-SFO,232,2,1,1,0,1,0,30,2025-01-12 02:50:00,2025-01-12 06:48:00,36,1
2025-08-04 23:00:00,2025-08-05 00:33:00,UA,BOS,ATL,722,27.09,24.89,1.53,3.04,2.0919,0.1406,42,BOS-ATL,93,23,0,1,0,0,0,-6,2025-08-04 22:54:00,2025-08-05 00:35:00,2,0
2025-07-30 15:20:00,2025-07-30 21:45:00,UA,BOS,LAX,4378,9.23,8.44,2.9,3.83,-0.7862,0.8381,72,BOS-LAX,385,15,0,0,0,0,0,2,2025-07-30 15:22:00,2025-07-30 21:38:00,-7,0
2025-05-11 02:45:00,2025-05-11 04:00:00,WN,JFK,ATL,504,12.47,10.36,0.0,0.0,-0.5583,0.162,60,JFK-ATL,75,2,1,1,0,1,0,16,2025-05-11 03:01:00,2025-05-11 04:07:00,7,0
2025-09-01 11:40:00,2025-09-01 14:39:00,WN,JFK,BOS,1799,17.8,19.77,0.0,0.0,0.1177,-0.2455,65,JFK-BOS,179,11,1,0,0,0,0,3,2025-09-01 11:43:00,2025-09-01 14:42:00,3,0
2025-05-30 20:15:00,2025-05-31 00:49:00,B6,ATL,LAX,2993,8.41,13.03,0.49,0.0,0.3956,-0.2401,40,ATL-LAX,274,20,0,1,0,0,0,4,2025-05-30 20:19:00,2025-05-31 00:51:00,2,0
2025-06-10 06:45:00,2025-06-10 12:02:00,DL,JFK,LAX,3530,21.42,20.25,18.27,17.58,0.2249,-0.1998,26,JFK-LAX,317,6,0,0,1,0,0,45,2025-06-10 07:30:00,2025-06-10 12:59:00,57,1
2025-06-07 22:20:00,2025-06-08 02:19:00,AA,SFO,JFK,2546,4.32,3.73,19.29,19.66,-0.0499,0.8614,99,SFO-JFK,239,22,0,1,1,0,0,44,2025-06-07 23:04:00,2025-06-08 03:33:00,74,1
2025-10-20 10:20:00,2025-10-20 13:34:00,AA,ATL,LAX,1985,12.46,11.71,0.23,0.68,0.5264,0.5421,68,ATL-LAX,194,10,0,0,0,0,0,15,2025-10-20 10:35:00,2025-10-20 13:30:00,-4,0
2025-08-20 05:00:00,2025-08-20 08:16:00,WN,BOS,ATL,2010,32.76,29.27,1.09,1.2,0.6016,0.6012,53,BOS-ATL,196,5,0,0,0,0,0,-2,2025-08-20 04:58:00,2025-08-20 08:13:00,-3,0
2025-05-19 08:50:00,2025-05-19 15:17:00,AA,JFK,LAX,4397,23.83,23.67,0.42,2.0,-0.0386,-0.9137,31,JFK-LAX,387,8,0,0,0,0,0,19,2025-05-19 09:09:00,2025-05-19 15:42:00,25,1
2025-12-05 12:45:00,2025-12-05 15:36:00,WN,LAX,SFO,1702,24.54,23.21,6.01,6.34,1.8367,-0.381,23,LAX-SFO,171,12,0,0,0,0,1,36,2025-12-05 13:21:00,2025-12-05 16:49:00,73,1
2025-10-20 16:10:00,2025-10-20 21:56:00,AA,ATL,LAX,3889,3.31,0.05,0.0,0.0,0.4416,0.5671,64,ATL-LAX,346,16,0,0,0,0,0,16,2025-10-20 16:26:00,2025-10-20 22:08:00,12,0
2025-12-07 22:30:00,2025-12-07 23:46:00,B6,BOS,JFK,517,10.67,15.01,14.55,13.8,-0.2755,-0.7629,67,BOS-JFK,76,22,1,1,1,1,0,61,2025-12-07 23:31:00,2025-12-08 01:17:00,91,1
2025-09-24 04:45:00,2025-09-24 09:26:00,B6,BOS,SFO,3069,8.72,9.49,0.35,0.0,1.2435,-0.477,78,BOS-SFO,281,4,0,1,0,0,1,58,2025-09-24 05:43:00,2025-09-24 10:56:00,90,1
2025-05-23 23:30:00,2025-05-24 04:18:00,DL,LAX,SFO,3158,5.89,3.55,9.85,9.45,-2.0293,0.6457,75,LAX-SFO,288,23,0,1,0,0,1,12,2025-05-23 23:42:00,2025-05-24 04:47:00,29,1
2025-10-10 12:10:00,2025-10-10 16:56:00,B6,ATL,LAX,3137,11.38,12.44,0.26,0.64,-1.1252,0.117,52,ATL-LAX,286,12,0,0,0,0,0,38,2025-10-10 12:48:00,2025-10-10 17:33:00,37,1
2025-05-01 03:50:00,2025-05-01 07:11:00,B6,LAX,SFO,2070,4.3,3.91,20.83,22.08,-0.2039,0.0882,86,LAX-SFO,201,3,0,1,1,0,1,71,2025-05-01 05:01:00,2025-05-01 08:54:00,103,1
2025-04-09 22:15:00,2025-04-10 03:06:00,B6,JFK,SFO,3201,12.48,14.36,0.24,0.0,-1.1779,-0.4097,60,JFK-SFO,291,22,0,1,0,0,1,41,2025-04-09 22:56:00,2025-04-10 03:50:00,44,1
2025-06-14 08:15:00,2025-06-14 11:44:00,WN,BOS,JFK,2170,5.69,4.53,4.48,4.17,0.8033,-0.8146,1,BOS-JFK,209,8,0,0,0,0,0,2,2025-06-14 08:17:00,2025-06-14 11:43:00,-1,0
2025-12-20 14:15:00,2025-12-20 18:33:00,DL,SFO,ATL,2793,13.87,13.72,9.5,8.13,0.7693,0.7301,11,SFO-ATL,258,14,0,0,0,0,1,35,2025-12-20 14:50:00,2025-12-20 19:23:00,50,1
2025-07-27 16:50:00,2025-07-27 22:49:00,DL,SFO,BOS,4052,3.51,7.23,0.0,0.4,1.6311,-0.6368,74,SFO-BOS,359,16,1,0,0,0,0,2,2025-07-27 16:52:00,2025-07-27 22:34:00,-15,0
2025-05-21 00:30:00,2025-05-21 05:15:00,DL,SFO,BOS,3124,8.34,6.01,13.11,15.92,-0.5776,0.0533,88,SFO-BOS,285,0,0,1,1,0,0,7,2025-05-21 00:37:00,2025-05-21 05:32:00,17,1
2025-06-18 05:40:00,2025-06-18 10:47:00,B6,SFO,LAX,3397,5.72,6.52,0.23,0.0,0.5675,0.1849,53,SFO-LAX,307,5,0,0,0,0,0,-3,2025-06-18 05:37:00,2025-06-18 10:45:00,-2,0
2025-04-17 16:50:00,2025-04-17 23:15:00,WN,BOS,SFO,4369,7.01,10.86,3.67,6.05,1.2797,-0.046,95,BOS-SFO,385,16,0,0,0,0,1,70,2025-04-17 18:00:00,2025-04-18 01:02:00,107,1
2025-08-29 07:50:00,2025-08-29 10:03:00,AA,SFO,BOS,1221,9.35,9.18,0.92,0.0,0.1625,0.627,72,SFO-BOS,133,7,0,0,0,0,0,13,2025-08-29 08:03:00,2025-08-29 09:50:00,-13,0
2025-05-08 00:45:00,2025-05-08 05:02:00,AA,ATL,SFO,2769,11.36,7.58,0.15,0.0,0.9859,-0.99,80,ATL-SFO,257,0,0,1,0,0,0,-10,2025-05-08 00:35:00,2025-05-08 05:05:00,3,0
2025-07-22 00:50:00,2025-07-22 05:30:00,B6,BOS,ATL,3060,5.69,3.88,0.0,0.0,-0.1001,-0.2749,52,BOS-ATL,280,0,0,1,0,0,0,9,2025-07-22 00:59:00,2025-07-22 05:24:00,-6,0
2025-05-15 19:50:00,2025-05-16 00:43:00,UA,JFK,LAX,3220,22.47,19.97,8.42,9.42,1.3147,0.4004,68,JFK-LAX,293,19,0,0,0,0,0,-7,2025-05-15 19:43:00,2025-05-16 00:37:00,-6,0
2025-04-28 03:50:00,2025-04-28 05:33:00,UA,LAX,JFK,855,11.21,9.59,0.0,0.0,-0.761,-0.9035,32,LAX-JFK,103,3,0,1,0,0,0,23,2025-04-28 04:13:00,2025-04-28 06:10:00,37,1
2025-12-21 02:40:00,2025-12-21 07:54:00,B6,JFK,SFO,3492,12.68,10.27,15.71,15.97,-1.5515,0.8419,91,JFK-SFO,314,2,1,1,1,1,0,19,2025-12-21 02:59:00,2025-12-21 08:29:00,35,1
2025-05-07 13:10:00,2025-05-07 15:14:00,UA,JFK,ATL,1115,8.89,8.51,0.0,0.0,-0.3789,-0.2422,3,JFK-ATL,124,13,0,0,0,0,0,18,2025-05-07 13:28:00,2025-05-07 15:34:00,20,1
2025-01-26 02:00:00,2025-01-26 05:16:00,UA,BOS,JFK,2017,39.22,41.85,0.46,0.0,-0.0879,0.1903,2,BOS-JFK,196,2,1,1,0,1,0,49,2025-01-26 02:49:00,2025-01-26 06:16:00,60,1
2025-05-19 15:45:00,2025-05-19 20:44:00,B6,JFK,SFO,3299,11.67,10.76,13.92,16.35,0.4376,-0.9811,32,JFK-SFO,299,15,0,0,1,0,0,23,2025-05-19 16:08:00,2025-05-19 21:11:00,27,1
2025-07-14 13:15:00,2025-07-14 15:42:00,DL,JFK,SFO,1404,22.87,22.95,3.99,2.47,0.451,0.0787,20,JFK-SFO,147,13,0,0,0,0,0,-6,2025-07-14 13:09:00,2025-07-14 15:42:00,0,0
2025-02-04 15:45:00,2025-02-04 17:26:00,B6,JFK,LAX,828,9.26,7.52,0.29,0.0,-0.7094,-0.587,65,JFK-LAX,101,15,0,0,0,0,0,2,2025-02-04 15:47:00,2025-02-04 17:15:00,-11,0
2025-04-22 11:50:00,2025-04-22 16:36:00,AA,JFK,LAX,3136,16.39,13.84,0.0,0.61,-0.9985,-0.3284,72,JFK-LAX,286,11,0,0,0,0,0,6,2025-04-22 11:56:00,2025-04-22 16:36:00,0,0
2025-03-02 18:40:00,2025-03-02 21:13:00,B6,LAX,SFO,1476,9.4,9.86,9.18,8.86,1.6264,0.8758,0,LAX-SFO,153,18,1,0,0,0,0,12,2025-03-02 18:52:00,2025-03-02 21:28:00,15,1
2025-07-02 15:45:00,2025-07-02 21:22:00,AA,BOS,SFO,3770,21.37,19.9,1.13,0.0,-0.1377,0.4358,21,BOS-SFO,337,15,0,0,0,0,0,40,2025-07-02 16:25:00,2025-07-02 22:15:00,53,1
2025-09-21 09:15:00,2025-09-21 15:16:00,UA,ATL,LAX,4071,6.86,6.94,9.11,9.69,-0.4757,0.2921,92,ATL-LAX,361,9,1,0,0,0,0,10,2025-09-21 09:25:00,2025-09-21 15:20:00,4,0
2025-12-20 00:20:00,2025-12-20 03:17:00,DL,BOS,LAX,1769,6.99,5.39,0.05,0.84,0.3189,0.9775,64,BOS-LAX,177,0,0,1,0,0,0,26,2025-12-20 00:46:00,2025-12-20 04:02:00,45,1
2025-05-23 06:50:00,2025-05-23 11:57:00,WN,JFK,LAX,3400,13.13,10.2,22.95,22.18,-0.9698,-0.6424,39,JFK-LAX,307,6,0,0,1,0,0,12,2025-05-23 07:02:00,2025-05-23 12:15:00,18,1
2025-11-12 03:45:00,2025-11-12 05:59:00,UA,ATL,BOS,1241,19.51,19.49,0.06,0.41,-0.7149,-0.8782,38,ATL-BOS,134,3,0,1,0,0,0,3,2025-11-12 03:48:00,2025-11-12 05:54:00,-5,0
2025-03-20 00:10:00,2025-03-20 06:21:00,WN,ATL,JFK,4203,7.82,11.0,0.02,0.86,0.7919,0.5371,6,ATL-JFK,371,0,0,1,0,0,0,13,2025-03-20 00:23:00,2025-03-20 06:32:00,11,0
2025-10-12 06:50:00,2025-10-12 09:12:00,UA,SFO,JFK,1332,5.94,8.62,18.72,19.84,-1.0145,-0.9539,43,SFO-JFK,142,6,1,0,1,0,0,12,2025-10-12 07:02:00,2025-10-12 09:29:00,17,1
2025-07-25 04:20:00,2025-07-25 10:15:00,DL,BOS,SFO,4003,2.37,5.03,0.0,0.37,-1.3292,0.5584,88,BOS-SFO,355,4,0,1,0,0,1,21,2025-07-25 04:41:00,2025-07-25 11:04:00,49,1
2025-10-04 01:45:00,2025-10-04 07:08:00,WN,LAX,JFK,3603,20.07,21.92,22.25,23.64,-0.3556,0.0122,54,LAX-JFK,323,1,0,1,1,0,0,14,2025-10-04 01:59:00,2025-10-04 07:29:00,21,1
2025-10-03 07:30:00,2025-10-03 10:14:00,DL,ATL,SFO,1612,3.62,4.64,0.0,0.05,0.259,-0.5462,18,ATL-SFO,164,7,0,0,0,0,1,19,2025-10-03 07:49:00,2025-10-03 10:45:00,31,1
2025-07-14 12:30:00,2025-07-14 18:06:00,DL,SFO,LAX,3762,9.33,4.75,0.26,0.0,1.3747,0.2807,97,SFO-LAX,336,12,0,0,0,0,1,10,2025-07-14 12:40:00,2025-07-14 18:27:00,21,1
2025-04-04 04:10:00,2025-04-04 08:41:00,B6,BOS,SFO,2955,7.67,7.08,12.58,11.87,0.3405,-0.0118,5,BOS-SFO,271,4,0,1,1,0,0,43,2025-04-04 04:53:00,2025-04-04 09:58:00,77,1
2025-07-12 06:15:00,2025-07-12 10:59:00,B6,BOS,ATL,3112,9.98,10.97,0.28,1.21,0.5161,-0.6213,1,BOS-ATL,284,6,0,0,0,0,0,3,2025-07-12 06:18:00,2025-07-12 11:15:00,16,1
2025-10-29 00:40:00,2025-10-29 03:46:00,UA,LAX,SFO,1890,13.18,16.05,0.24,0.0,-1.0227,0.6118,7,LAX-SFO,186,0,0,1,0,0,1,26,2025-10-29 01:06:00,2025-10-29 04:31:00,45,1
2025-12-21 01:45:00,2025-12-21 04:03:00,B6,BOS,SFO,1283,31.92,32.02,0.22,0.0,0.1868,-0.4215,10,BOS-SFO,138,1,1,1,0,1,0,-1,2025-12-21 01:44:00,2025-12-21 04:09:00,6,0
2025-12-05 03:00:00,2025-12-05 07:53:00,DL,JFK,LAX,3227,9.86,11.1,0.0,0.46,-1.1193,-0.51,52,JFK-LAX,293,3,0,1,0,0,0,-2,2025-12-05 02:58:00,2025-12-05 07:45:00,-8,0
2025-03-08 10:00:00,2025-03-08 11:17:00,AA,LAX,JFK,519,5.73,2.15,0.0,0.0,0.9154,0.3913,82,LAX-JFK,77,10,0,0,0,0,0,-2,2025-03-08 09:58:00,2025-03-08 11:10:00,-7,0
2025-08-07 15:40:00,2025-08-07 18:36:00,B6,ATL,BOS,1763,7.7,8.62,1.44,2.25,0.1136,-0.1608,28,ATL-BOS,176,15,0,0,0,0,0,-8,2025-08-07 15:32:00,2025-08-07 18:23:00,-13,0
2025-02-08 18:20:00,2025-02-08 20:07:00,B6,ATL,SFO,894,11.13,9.65,0.0,0.27,-0.0518,-0.3127,66,ATL-SFO,107,18,0,0,0,0,0,-10,2025-02-08 18:10:00,2025-02-08 20:05:00,-2,0
2025-09-02 15:45:00,2025-09-02 16:44:00,UA,LAX,SFO,305,24.15,21.42,0.35,1.24,0.5057,0.1201,84,LAX-SFO,59,15,0,0,0,0,0,14,2025-09-02 15:59:00,2025-09-02 16:51:00,7,0
2025-12-29 14:00:00,2025-12-29 15:01:00,B6,BOS,JFK,331,21.19,20.77,1.07,0.0,-0.4906,0.319,61,BOS-JFK,61,14,0,0,0,0,0,7,2025-12-29 14:07:00,2025-12-29 15:09:00,8,0
2025-01-20 22:15:00,2025-01-20 23:46:00,B6,SFO,ATL,694,9.44,9.12,10.44,10.77,-0.485,-0.7512,54,SFO-ATL,91,22,1,1,0,1,0,2,2025-01-20 22:17:00,2025-01-20 23:57:00,11,0
2025-08-28 06:00:00,2025-08-28 12:15:00,DL,SFO,ATL,4246,11.29,10.29,0.0,0.37,-0.9509,0.7906,5,SFO-ATL,375,6,0,0,0,0,0,0,2025-08-28 06:00:00,2025-08-28 12:14:00,-1,0
2025-12-12 19:40:00,2025-12-13 00:58:00,AA,SFO,BOS,3538,13.17,10.76,0.0,1.38,1.7811,-0.2553,27,SFO-BOS,318,19,0,0,0,0,1,27,2025-12-12 20:07:00,2025-12-13 01:23:00,25,1
2025-11-06 22:45:00,2025-11-07 05:16:00,WN,SFO,JFK,4455,11.01,9.91,0.0,0.19,-0.2279,-0.6093,90,SFO-JFK,391,22,0,1,0,0,1,51,2025-11-06 23:36:00,2025-11-07 06:19:00,63,1
2025-05-24 13:10:00,2025-05-24 14:37:00,B6,SFO,JFK,652,7.53,8.59,0.07,0.0,-0.316,-0.7412,58,SFO-JFK,87,13,0,0,0,0,0,-10,2025-05-24 13:00:00,2025-05-24 14:31:00,-6,0
2025-02-07 20:15:00,2025-02-08 02:49:00,UA,BOS,ATL,4489,27.66,27.9,2.04,2.99,0.6937,0.7983,45,BOS-ATL,394,20,0,1,0,0,0,-1,2025-02-07 20:14:00,2025-02-08 02:49:00,0,0
2025-12-04 03:45:00,2025-12-04 08:05:00,UA,SFO,JFK,2817,6.66,6.1,6.41,5.87,0.0117,-0.8728,94,SFO-JFK,260,3,0,1,0,0,1,68,2025-12-04 04:53:00,2025-12-04 09:46:00,101,1
2025-12-03 21:00:00,2025-12-04 02:26:00,DL,BOS,SFO,3635,19.94,23.8,1.0,0.0,-2.3217,0.4173,66,BOS-SFO,326,21,0,1,0,0,0,12,2025-12-03 21:12:00,2025-12-04 02:30:00,4,0
2025-07-31 13:50:00,2025-07-31 19:37:00,DL,JFK,ATL,3902,14.65,15.71,31.1,31.08,2.0228,-0.9592,86,JFK-ATL,347,13,0,0,1,0,0,30,2025-07-31 14:20:00,2025-07-31 20:34:00,57,1
2025-12-24 05:50:00,2025-12-24 08:17:00,WN,ATL,JFK,1400,8.33,10.02,0.0,0.0,-0.4797,0.7575,12,ATL-JFK,147,5,1,0,0,0,0,19,2025-12-24 06:09:00,2025-12-24 08:47:00,30,1
2025-01-02 01:10:00,2025-01-02 06:18:00,DL,SFO,ATL,3412,6.32,5.28,14.76,13.72,-0.8397,0.8208,13,SFO-ATL,308,1,0,1,1,0,1,43,2025-01-02 01:53:00,2025-01-02 07:34:00,76,1
2025-08-14 17:10:00,2025-08-14 21:47:00,UA,JFK,SFO,3019,9.17,9.83,0.0,0.0,-0.1627,-0.4654,88,JFK-SFO,277,17,0,0,0,0,0,3,2025-08-14 17:13:00,2025-08-14 21:56:00,9,0
2025-01-15 10:40:00,2025-01-15 13:58:00,WN,SFO,ATL,2036,12.05,17.76,0.38,1.12,-0.5161,-0.8757,87,SFO-ATL,198,10,0,0,0,0,1,55,2025-01-15 11:35:00,2025-01-15 15:22:00,84,1
2025-12-08 07:00:00,2025-12-08 10:44:00,DL,BOS,SFO,2365,0.86,2.3,11.59,12.22,-0.4969,-0.9216,31,BOS-SFO,224,7,0,0,0,0,1,3,2025-12-08 07:03:00,2025-12-08 10:57:00,13,0
2025-09-06 09:30:00,2025-09-06 11:39:00,DL,BOS,SFO,1176,5.19,1.04,0.0,0.83,0.1163,0.9161,36,BOS-SFO,129,9,0,0,0,0,0,-1,2025-09-06 09:29:00,2025-09-06 11:42:00,3,0
2025-11-30 23:00:00,2025-12-01 01:01:00,WN,JFK,ATL,1077,0.93,0.0,11.02,11.07,-1.8601,0.2827,24,JFK-ATL,121,23,1,1,0,1,0,15,2025-11-30 23:15:00,2025-12-01 01:23:00,22,1
2025-07-25 10:30:00,2025-07-25 16:39:00,WN,SFO,BOS,4174,13.21,12.27,20.59,18.65,0.7348,0.9051,38,SFO-BOS,369,10,0,0,1,0,1,43,2025-07-25 11:13:00,2025-07-25 17:36:00,57,1
2025-01-31 01:15:00,2025-01-31 06:20:00,WN,JFK,ATL,3372,12.64,11.24,0.0,0.12,0.9541,-0.0393,2,JFK-ATL,305,1,0,1,0,0,0,-6,2025-01-31 01:09:00,2025-01-31 06:15:00,-5,0
2025-01-10 06:40:00,2025-01-10 10:49:00,UA,LAX,ATL,2678,4.43,1.85,2.33,4.62,-1.6895,0.6043,50,LAX-ATL,249,6,0,0,0,0,0,3,2025-01-10 06:43:00,2025-01-10 10:45:00,-4,0
2025-05-03 03:50:00,2025-05-03 08:42:00,AA,BOS,ATL,3216,5.64,5.66,12.89,15.42,0.4556,0.8972,75,BOS-ATL,292,3,0,1,1,0,0,13,2025-05-03 04:03:00,2025-05-03 09:03:00,21,1
2025-09-29 16:20:00,2025-09-29 19:35:00,WN,LAX,BOS,2002,13.42,8.47,4.99,2.83,-0.856,-0.4978,76,LAX-BOS,195,16,0,0,0,0,0,5,2025-09-29 16:25:00,2025-09-29 19:35:00,0,0
2025-02-25 19:40:00,2025-02-25 22:03:00,AA,LAX,SFO,1349,1.42,2.89,7.92,8.67,-0.4378,-0.8206,51,LAX-SFO,143,19,0,0,0,0,0,-10,2025-02-25 19:30:00,2025-02-25 22:03:00,0,0
2025-11-08 20:30:00,2025-11-09 02:45:00,DL,SFO,BOS,4256,16.72,16.95,6.3,5.7,0.3517,-0.4385,42,SFO-BOS,375,20,0,1,0,0,1,11,2025-11-08 20:41:00,2025-11-09 03:12:00,27,1
2025-03-29 15:50:00,2025-03-29 22:21:00,WN,ATL,LAX,4456,7.01,10.03,1.79,0.0,0.8664,0.096,12,ATL-LAX,391,15,0,0,0,0,0,-3,2025-03-29 15:47:00,2025-03-29 22:24:00,3,0
2025-07-01 18:10:00,2025-07-01 20:21:00,DL,BOS,SFO,1203,8.88,9.67,0.0,0.0,0.3311,0.3909,66,BOS-SFO,131,18,0,0,0,0,0,-5,2025-07-01 18:05:00,2025-07-01 20:28:00,7,0
2025-03-16 10:10:00,2025-03-16 15:38:00,B6,ATL,JFK,3668,12.07,13.08,10.99,10.21,-1.3892,0.9513,45,ATL-JFK,328,10,1,0,0,0,0,15,2025-03-16 10:25:00,2025-03-16 16:00:00,22,1
2025-06-20 15:20:00,2025-06-20 18:48:00,WN,JFK,BOS,2157,2.12,4.25,5.72,6.22,0.0641,0.5695,17,JFK-BOS,208,15,0,0,0,0,0,4,2025-06-20 15:24:00,2025-06-20 18:55:00,7,0
2025-06-15 02:40:00,2025-06-15 07:37:00,B6,LAX,SFO,3273,10.24,11.99,4.66,5.88,0.4894,-0.825,49,LAX-SFO,297,2,1,1,0,1,0,37,2025-06-15 03:17:00,2025-06-15 08:31:00,54,1
2025-01-02 12:45:00,2025-01-02 14:20:00,UA,LAX,JFK,756,17.58,13.25,15.64,16.13,-0.7727,0.8411,29,LAX-JFK,95,12,0,0,1,0,0,44,2025-01-02 13:29:00,2025-01-02 15:27:00,67,1
2025-07-27 13:15:00,2025-07-27 16:55:00,UA,LAX,JFK,2313,7.23,8.48,12.06,11.78,-0.8458,0.6899,8,LAX-JFK,220,13,1,0,1,0,0,47,2025-07-27 14:02:00,2025-07-27 17:46:00,51,1
2025-10-15 00:00:00,2025-10-15 01:41:00,AA,LAX,SFO,824,4.43,5.38,0.77,0.0,-0.0714,-0.5696,94,LAX-SFO,101,0,0,1,0,0,0,5,2025-10-15 00:05:00,2025-10-15 01:34:00,-7,0
2025-12-08 13:30:00,2025-12-08 19:03:00,B6,SFO,LAX,3720,30.91,34.33,0.54,0.44,0.5736,0.7846,85,SFO-LAX,333,13,0,0,0,0,1,38,2025-12-08 14:08:00,2025-12-08 19:56:00,53,1
2025-05-01 17:30:00,2025-05-01 20:43:00,WN,SFO,ATL,1974,4.74,7.27,0.68,0.0,-0.5667,-0.5457,42,SFO-ATL,193,17,0,0,0,0,0,-1,2025-05-01 17:29:00,2025-05-01 20:39:00,-4,0
2025-11-18 08:15:00,2025-11-18 10:43:00,B6,JFK,ATL,1407,9.06,7.79,0.0,0.7,0.2404,0.049,90,JFK-ATL,148,8,0,0,0,0,0,13,2025-11-18 08:28:00,2025-11-18 10:46:00,3,0
2025-11-17 13:10:00,2025-11-17 18:04:00,DL,SFO,BOS,3238,22.45,24.45,0.05,0.0,-1.2605,0.5381,72,SFO-BOS,294,13,0,0,0,0,1,23,2025-11-17 13:33:00,2025-11-17 18:43:00,39,1
2025-12-27 06:45:00,2025-12-27 13:05:00,DL,ATL,JFK,4309,1.13,2.2,9.64,8.99,0.2705,-0.8084,40,ATL-JFK,380,6,0,0,0,0,0,13,2025-12-27 06:58:00,2025-12-27 13:19:00,14,0
2025-05-17 06:45:00,2025-05-17 09:38:00,DL,LAX,ATL,1723,10.03,7.71,12.33,9.87,-1.8214,0.4147,7,LAX-ATL,173,6,0,0,1,0,0,53,2025-05-17 07:38:00,2025-05-17 11:03:00,85,1
2025-11-07 03:40:00,2025-11-07 08:40:00,UA,JFK,LAX,3314,12.12,15.31,0.12,0.0,0.3098,0.0355,98,JFK-LAX,300,3,0,1,0,0,0,2,2025-11-07 03:42:00,2025-11-07 08:33:00,-7,0
2025-07-26 07:30:00,2025-07-26 12:21:00,B6,SFO,ATL,3196,8.32,10.43,0.0,2.18,0.8814,0.0192,3,SFO-ATL,291,7,0,0,0,0,0,4,2025-07-26 07:34:00,2025-07-26 12:16:00,-5,0
2025-01-22 19:15:00,2025-01-22 22:59:00,DL,JFK,BOS,2357,2.05,0.0,0.79,0.0,-0.1669,0.2375,92,JFK-BOS,224,19,0,0,0,0,0,13,2025-01-22 19:28:00,2025-01-22 23:09:00,10,0
2025-04-09 22:20:00,2025-04-10 03:49:00,DL,ATL,SFO,3681,3.98,3.88,0.0,0.0,0.5574,-0.8486,5,ATL-SFO,329,22,0,1,0,0,0,-7,2025-04-09 22:13:00,2025-04-10 03:48:00,-1,0
2025-09-03 15:00:00,2025-09-03 16:42:00,AA,LAX,SFO,837,0.07,3.32,0.36,0.0,0.2453,-0.7454,82,LAX-SFO,102,15,0,0,0,0,0,6,2025-09-03 15:06:00,2025-09-03 16:49:00,7,0
2025-02-28 14:10:00,2025-02-28 20:04:00,UA,SFO,JFK,3985,9.13,11.16,0.34,0.0,-1.3771,-0.6468,70,SFO-JFK,354,14,0,0,0,0,1,27,2025-02-28 14:37:00,2025-02-28 20:56:00,52,1
2025-06-08 14:20:00,2025-06-08 17:35:00,AA,ATL,SFO,1997,13.62,14.14,0.0,0.0,-1.1811,-0.6967,76,ATL-SFO,195,14,1,0,0,0,1,9,2025-06-08 14:29:00,2025-06-08 17:52:00,17,1
2025-10-10 11:20:00,2025-10-10 12:34:00,AA,ATL,LAX,487,5.0,3.28,0.0,1.22,-0.362,-0.1016,5,ATL-LAX,74,11,0,0,0,0,0,1,2025-10-10 11:21:00,2025-10-10 12:30:00,-4,0
2025-02-24 10:00:00,2025-02-24 16:31:00,DL,LAX,SFO,4455,9.91,5.96,0.0,0.0,-0.1486,0.2004,91,LAX-SFO,391,10,0,0,0,0,0,4,2025-02-24 10:04:00,2025-02-24 16:34:00,3,0
2025-07-01 14:50:00,2025-07-01 20:09:00,UA,JFK,SFO,3549,8.17,7.14,7.25,7.67,-0.7825,-0.7324,60,JFK-SFO,319,14,0,0,0,0,1,24,2025-07-01 15:14:00,2025-07-01 20:47:00,38,1
2025-03-20 18:15:00,2025-03-20 23:48:00,UA,JFK,LAX,3728,20.02,23.7,5.92,5.09,-1.2202,0.4898,85,JFK-LAX,333,18,0,0,0,0,0,-7,2025-03-20 18:08:00,2025-03-20 23:36:00,-12,0
2025-07-15 09:30:00,2025-07-15 11:18:00,B6,ATL,JFK,917,13.65,10.51,13.01,11.64,-2.8563,0.6973,25,ATL-JFK,108,9,0,0,1,0,0,21,2025-07-15 09:51:00,2025-07-15 11:42:00,24,1
2025-03-29 13:20:00,2025-03-29 18:31:00,B6,JFK,SFO,3452,9.84,12.32,0.4,1.09,1.6736,-0.8067,48,JFK-SFO,311,13,0,0,0,0,1,57,2025-03-29 14:17:00,2025-03-29 20:17:00,106,1
2025-12-19 11:20:00,2025-12-19 16:14:00,UA,JFK,ATL,3232,19.41,18.11,0.0,0.0,1.7047,-0.6634,14,JFK-ATL,294,11,0,0,0,0,0,2,2025-12-19 11:22:00,2025-12-19 16:14:00,0,0
2025-01-28 06:45:00,2025-01-28 12:47:00,B6,SFO,ATL,4091,2.47,4.01,7.15,8.51,-0.845,-0.2614,68,SFO-ATL,362,6,0,0,0,0,1,37,2025-01-28 07:22:00,2025-01-28 13:42:00,55,1
2025-12-18 06:40:00,2025-12-18 09:44:00,B6,BOS,ATL,1860,12.25,9.84,30.65,29.38,-1.4404,0.3141,69,BOS-ATL,184,6,0,0,1,0,0,23,2025-12-18 07:03:00,2025-12-18 10:18:00,34,1
2025-10-17 01:45:00,2025-10-17 07:56:00,AA,BOS,JFK,4195,6.0,6.29,1.23,0.0,1.455,-0.8291,11,BOS-JFK,371,1,0,1,0,0,0,17,2025-10-17 02:02:00,2025-10-17 08:08:00,12,0
2025-11-09 10:20:00,2025-11-09 15:17:00,UA,ATL,JFK,3272,22.66,21.28,0.71,1.71,-2.1197,-0.3054,54,ATL-JFK,297,10,1,0,0,0,0,1,2025-11-09 10:21:00,2025-11-09 15:06:00,-11,0
2025-11-07 17:15:00,2025-11-07 19:39:00,DL,JFK,ATL,1365,19.07,21.73,0.84,0.75,1.0279,0.9817,60,JFK-ATL,144,17,0,0,0,0,0,24,2025-11-07 17:39:00,2025-11-07 19:57:00,18,1
2025-03-10 16:20:00,2025-03-10 18:31:00,AA,LAX,BOS,1198,5.97,5.44,6.78,5.04,0.6368,0.0404,89,LAX-BOS,131,16,0,0,0,0,0,10,2025-03-10 16:30:00,2025-03-10 18:19:00,-12,0
2025-12-06 23:30:00,2025-12-07 05:32:00,WN,BOS,JFK,4093,9.5,5.47,11.27,14.2,-0.3496,-0.6534,10,BOS-JFK,362,23,0,1,0,0,0,5,2025-12-06 23:35:00,2025-12-07 05:46:00,14,0
2025-08-05 00:15:00,2025-08-05 04:51:00,UA,LAX,JFK,3008,3.08,1.95,1.32,0.37,1.393,0.2232,72,LAX-JFK,276,0,0,1,0,0,0,0,2025-08-05 00:15:00,2025-08-05 04:51:00,0,0
2025-12-18 18:20:00,2025-12-18 19:59:00,WN,SFO,JFK,796,17.29,17.19,16.32,18.69,-0.6598,-0.2871,61,SFO-JFK,99,18,0,0,1,0,0,25,2025-12-18 18:45:00,2025-12-18 20:42:00,43,1
2025-11-17 19:10:00,2025-11-17 20:51:00,DL,ATL,JFK,827,15.05,14.16,4.58,3.99,0.8405,0.7794,32,ATL-JFK,101,19,0,0,0,0,0,9,2025-11-17 19:19:00,2025-11-17 20:42:00,-9,0
2025-07-31 10:30:00,2025-07-31 16:07:00,B6,JFK,SFO,3775,8.27,9.53,2.33,1.71,-0.2497,0.9012,19,JFK-SFO,337,10,0,0,0,0,1,36,2025-07-31 11:06:00,2025-07-31 16:57:00,50,1
2025-05-17 06:40:00,2025-05-17 08:36:00,UA,LAX,BOS,1012,9.62,7.97,0.0,0.0,-1.2166,-0.5295,12,LAX-BOS,116,6,0,0,0,0,0,-7,2025-05-17 06:33:00,2025-05-17 08:37:00,1,0
2025-02-12 08:30:00,2025-02-12 10:43:00,DL,ATL,JFK,1219,5.08,9.02,0.0,0.0,2.0429,0.8377,10,ATL-JFK,133,8,0,0,0,0,0,6,2025-02-12 08:36:00,2025-02-12 10:41:00,-2,0
2025-02-06 16:45:00,2025-02-06 21:10:00,DL,ATL,LAX,2880,23.03,21.64,3.28,2.97,-0.7085,0.5516,63,ATL-LAX,265,16,0,0,0,0,0,27,2025-02-06 17:12:00,2025-02-06 21:51:00,41,1
2025-05-23 20:50:00,2025-05-24 02:39:00,DL,BOS,SFO,3926,7.36,10.72,0.0,0.06,-0.4293,-0.6888,71,BOS-SFO,349,20,0,1,0,0,0,6,2025-05-23 20:56:00,2025-05-24 02:35:00,-4,0
2025-10-24 15:50:00,2025-10-24 18:42:00,AA,ATL,BOS,1714,6.58,5.62,3.9,5.83,0.8134,0.6524,34,ATL-BOS,172,15,0,0,0,0,0,-9,2025-10-24 15:41:00,2025-10-24 18:29:00,-13,0
2025-07-04 12:00:00,2025-07-04 16:43:00,B6,BOS,ATL,3095,14.48,13.68,0.0,1.42,1.2403,-0.6444,92,BOS-ATL,283,12,1,0,0,0,0,14,2025-07-04 12:14:00,2025-07-04 17:05:00,22,1
2025-06-25 15:50:00,2025-06-25 20:45:00,DL,ATL,BOS,3255,0.56,0.0,14.46,13.58,-1.3187,-0.9806,16,ATL-BOS,295,15,0,0,1,0,0,29,2025-06-25 16:19:00,2025-06-25 21:25:00,40,1
2025-03-31 01:15:00,2025-03-31 05:36:00,WN,SFO,BOS,2821,7.25,6.08,0.0,0.08,1.4408,0.5558,14,SFO-BOS,261,1,0,1,0,0,1,17,2025-03-31 01:32:00,2025-03-31 06:08:00,32,1
2025-07-26 14:20:00,2025-07-26 19:09:00,UA,JFK,ATL,3177,19.84,15.6,5.44,4.33,-0.0063,-0.3077,57,JFK-ATL,289,14,0,0,0,0,0,23,2025-07-26 14:43:00,2025-07-26 19:39:00,30,1
2025-08-21 01:20:00,2025-08-21 03:35:00,AA,BOS,LAX,1255,25.86,26.25,0.29,0.0,-0.0879,0.8433,73,BOS-LAX,135,1,0,1,0,0,0,13,2025-08-21 01:33:00,2025-08-21 04:00:00,25,1
2025-12-25 23:15:00,2025-12-26 03:43:00,B6,LAX,ATL,2910,6.63,5.6,0.0,0.0,-0.1674,-0.1142,66,LAX-ATL,268,23,1,1,0,1,0,46,2025-12-26 00:01:00,2025-12-26 04:51:00,68,1
2025-09-24 21:50:00,2025-09-24 22:50:00,B6,ATL,SFO,314,12.37,14.05,13.61,12.85,-0.0167,0.2209,98,ATL-SFO,60,21,0,1,1,0,0,19,2025-09-24 22:09:00,2025-09-24 23:11:00,21,1
2025-08-10 12:40:00,2025-08-10 17:44:00,WN,JFK,BOS,3368,6.99,6.92,0.0,2.55,-1.5593,0.4917,28,JFK-BOS,304,12,1,0,0,0,0,4,2025-08-10 12:44:00,2025-08-10 17:46:00,2,0
2025-11-29 08:50:00,2025-11-29 14:15:00,DL,LAX,ATL,3627,35.48,30.48,1.37,0.24,0.4066,0.6888,37,LAX-ATL,325,8,0,0,0,0,0,16,2025-11-29 09:06:00,2025-11-29 14:55:00,40,1
2025-06-05 17:50:00,2025-06-05 23:16:00,AA,SFO,LAX,3634,12.11,11.94,8.1,8.73,0.2042,-0.6451,72,SFO-LAX,326,17,0,0,0,0,1,23,2025-06-05 18:13:00,2025-06-05 23:36:00,20,1
2025-12-08 15:20:00,2025-12-08 16:29:00,WN,BOS,ATL,423,13.16,12.82,10.23,10.24,-0.3673,-0.5918,25,BOS-ATL,69,15,0,0,0,0,0,6,2025-12-08 15:26:00,2025-12-08 16:21:00,-8,0
2025-05-16 16:40:00,2025-05-16 22:45:00,WN,JFK,ATL,4127,0.66,0.28,0.0,0.0,0.2057,0.7757,6,JFK-ATL,365,16,0,0,0,0,0,2,2025-05-16 16:42:00,2025-05-16 22:37:00,-8,0
2025-02-16 12:30:00,2025-02-16 15:55:00,B6,LAX,JFK,2124,7.12,3.76,0.0,2.24,-0.2051,-0.4161,72,LAX-JFK,205,12,1,0,0,0,0,26,2025-02-16 12:56:00,2025-02-16 16:15:00,20,1
2025-06-02 05:20:00,2025-06-02 06:46:00,AA,LAX,JFK,638,15.54,17.4,3.34,2.43,-0.0741,0.2745,72,LAX-JFK,86,5,0,0,0,0,0,0,2025-06-02 05:20:00,2025-06-02 06:42:00,-4,0
2025-02-16 01:40:00,2025-02-16 05:39:00,B6,ATL,BOS,2544,6.38,0.21,0.0,0.0,0.4176,-0.8582,20,ATL-BOS,239,1,1,1,0,1,0,19,2025-02-16 01:59:00,2025-02-16 06:00:00,21,1
2025-02-13 06:40:00,2025-02-13 10:51:00,AA,SFO,LAX,2700,10.33,8.92,0.0,0.0,-0.2259,0.3355,10,SFO-LAX,251,6,0,0,0,0,1,5,2025-02-13 06:45:00,2025-02-13 11:18:00,27,1
2025-11-18 12:50:00,2025-11-18 16:04:00,AA,BOS,ATL,1988,26.22,24.36,0.0,0.98,-0.7773,-0.6276,8,BOS-ATL,194,12,0,0,0,0,0,11,2025-11-18 13:01:00,2025-11-18 15:53:00,-11,0
2025-10-18 10:45:00,2025-10-18 15:56:00,WN,BOS,ATL,3444,16.1,16.66,0.0,2.14,0.7588,0.5956,69,BOS-ATL,311,10,0,0,0,0,0,5,2025-10-18 10:50:00,2025-10-18 15:54:00,-2,0
2025-03-22 12:30:00,2025-03-22 16:32:00,WN,ATL,JFK,2583,14.44,13.87,9.21,10.59,-1.0751,0.4839,6,ATL-JFK,242,12,0,0,0,0,0,11,2025-03-22 12:41:00,2025-03-22 16:28:00,-4,0
2025-11-02 06:50:00,2025-11-02 09:02:00,DL,ATL,JFK,1211,9.09,8.67,0.16,0.0,1.0515,0.176,43,ATL-JFK,132,6,1,0,0,0,0,-4,2025-11-02 06:46:00,2025-11-02 08:54:00,-8,0
2025-01-26 22:00:00,2025-01-27 02:27:00,WN,BOS,SFO,2904,3.99,3.66,0.51,0.0,-0.3437,-0.699,1,BOS-SFO,267,22,1,1,0,1,1,53,2025-01-26 22:53:00,2025-01-27 03:25:00,58,1
2025-04-14 08:45:00,2025-04-14 11:13:00,DL,ATL,BOS,1407,9.17,11.1,0.0,0.0,0.8758,-0.4696,15,ATL-BOS,148,8,0,0,0,0,0,7,2025-04-14 08:52:00,2025-04-14 11:15:00,2,0
2025-09-15 20:20:00,2025-09-15 21:59:00,AA,LAX,JFK,798,13.87,15.92,11.89,10.73,1.4378,-0.9156,87,LAX-JFK,99,20,0,1,0,0,0,7,2025-09-15 20:27:00,2025-09-15 22:00:00,1,0
2025-04-21 09:20:00,2025-04-21 11:49:00,DL,JFK,ATL,1421,6.29,3.11,0.3,0.0,-0.0593,-0.3699,2,JFK-ATL,149,9,0,0,0,0,0,-6,2025-04-21 09:14:00,2025-04-21 11:44:00,-5,0
2025-09-24 10:45:00,2025-09-24 16:48:00,B6,BOS,ATL,4103,16.6,15.65,9.28,9.78,0.8721,-0.2387,90,BOS-ATL,363,10,0,0,0,0,0,6,2025-09-24 10:51:00,2025-09-24 16:51:00,3,0
2025-11-16 14:15:00,2025-11-16 18:26:00,UA,JFK,LAX,2703,11.13,13.94,9.63,8.25,0.6303,-0.0695,84,JFK-LAX,251,14,1,0,0,0,0,15,2025-11-16 14:30:00,2025-11-16 18:46:00,20,1
2025-01-25 06:50:00,2025-01-25 09:36:00,WN,LAX,BOS,1634,2.36,7.49,17.48,17.65,0.1828,0.9935,65,LAX-BOS,166,6,0,0,1,0,0,24,2025-01-25 07:14:00,2025-01-25 10:11:00,35,1
2025-01-09 05:20:00,2025-01-09 08:22:00,WN,ATL,LAX,1837,2.25,3.82,18.55,19.6,0.6027,0.4506,87,ATL-LAX,182,5,0,0,1,0,0,43,2025-01-09 06:03:00,2025-01-09 09:23:00,61,1
2025-12-10 09:15:00,2025-12-10 15:03:00,WN,BOS,SFO,3911,2.51,4.66,1.08,0.68,-0.2799,-0.2141,79,BOS-SFO,348,9,0,0,0,0,1,5,2025-12-10 09:20:00,2025-12-10 15:27:00,24,1
2025-07-09 19:15:00,2025-07-09 23:58:00,WN,SFO,JFK,3097,6.83,9.99,29.2,28.78,1.6419,0.6914,37,SFO-JFK,283,19,0,0,1,0,0,60,2025-07-09 20:15:00,2025-07-10 01:20:00,82,1
2025-07-04 03:20:00,2025-07-04 08:39:00,AA,ATL,JFK,3549,21.71,20.99,1.25,1.64,0.0843,-0.267,45,ATL-JFK,319,3,1,1,0,1,0,5,2025-07-04 03:25:00,2025-07-04 08:55:00,16,1
2025-06-19 10:50:00,2025-06-19 15:14:00,AA,SFO,JFK,2863,4.77,5.55,0.0,0.0,-0.7303,-0.2751,65,SFO-JFK,264,10,0,0,0,0,1,36,2025-06-19 11:26:00,2025-06-19 16:09:00,55,1
2025-06-08 16:00:00,2025-06-08 22:32:00,AA,SFO,BOS,4467,24.63,25.06,0.0,0.0,-0.434,-0.8726,81,SFO-BOS,392,16,1,0,0,0,1,39,2025-06-08 16:39:00,2025-06-08 23:35:00,63,1
2025-09-09 16:30:00,2025-09-09 21:10:00,AA,BOS,JFK,3059,3.99,1.36,3.39,3.36,0.8875,0.4704,86,BOS-JFK,280,16,0,0,0,0,0,0,2025-09-09 16:30:00,2025-09-09 21:07:00,-3,0
2025-07-31 10:45:00,2025-07-31 13:58:00,WN,BOS,LAX,1981,9.4,10.74,0.0,0.54,-0.9204,-0.5953,28,BOS-LAX,193,10,0,0,0,0,0,-9,2025-07-31 10:36:00,2025-07-31 13:49:00,-9,0
2025-03-01 01:20:00,2025-03-01 03:44:00,UA,BOS,ATL,1359,11.4,6.71,3.96,4.52,1.892,-0.5297,8,BOS-ATL,144,1,0,1,0,0,0,-10,2025-03-01 01:10:00,2025-03-01 03:35:00,-9,0
2025-08-17 00:30:00,2025-08-17 01:45:00,DL,JFK,SFO,494,15.07,10.54,0.0,0.0,1.3056,-0.3074,50,JFK-SFO,75,0,1,1,0,1,0,20,2025-08-17 00:50:00,2025-08-17 02:19:00,34,1
2025-09-01 11:15:00,2025-09-01 16:32:00,B6,BOS,SFO,3522,10.52,14.33,0.0,0.7,-1.2312,0.6439,50,BOS-SFO,317,11,1,0,0,0,1,18,2025-09-01 11:33:00,2025-09-01 17:18:00,46,1
2025-02-11 19:10:00,2025-02-12 01:22:00,UA,LAX,SFO,4218,5.88,8.27,0.0,1.3,0.7733,0.7213,87,LAX-SFO,372,19,0,0,0,0,1,14,2025-02-11 19:24:00,2025-02-12 01:55:00,33,1
2025-05-18 00:40:00,2025-05-18 05:22:00,WN,BOS,JFK,3088,4.46,6.9,5.58,3.3,-0.9678,0.1018,42,BOS-JFK,282,0,1,1,0,1,0,21,2025-05-18 01:01:00,2025-05-18 05:48:00,26,1
2025-10-16 21:50:00,2025-10-17 01:33:00,WN,SFO,LAX,2346,18.54,18.18,0.64,2.75,-0.8335,0.8512,31,SFO-LAX,223,21,0,1,0,0,1,18,2025-10-16 22:08:00,2025-10-17 02:04:00,31,1
2025-08-14 16:30:00,2025-08-14 18:13:00,AA,SFO,JFK,848,9.45,8.41,0.0,0.0,-0.4689,-0.1456,21,SFO-JFK,103,16,0,0,0,0,0,-2,2025-08-14 16:28:00,2025-08-14 18:12:00,-1,0
2025-02-19 00:20:00,2025-02-19 04:55:00,DL,JFK,ATL,3004,1.72,0.46,0.0,0.0,-0.7423,0.2097,7,JFK-ATL,275,0,0,1,0,0,0,12,2025-02-19 00:32:00,2025-02-19 04:58:00,3,0
2025-01-15 08:10:00,2025-01-15 10:16:00,DL,JFK,BOS,1140,7.03,5.28,0.6,0.37,0.7254,0.8585,25,JFK-BOS,126,8,0,0,0,0,0,-10,2025-01-15 08:00:00,2025-01-15 10:10:00,-6,0
2025-08-01 05:50:00,2025-08-01 10:18:00,WN,ATL,JFK,2912,7.26,7.77,0.0,0.53,0.2536,0.0426,37,ATL-JFK,268,5,0,0,0,0,0,-3,2025-08-01 05:47:00,2025-08-01 10:11:00,-7,0
2025-06-18 22:45:00,2025-06-19 01:25:00,DL,ATL,LAX,1564,7.51,9.4,0.42,0.0,0.4227,-0.0781,91,ATL-LAX,160,22,0,1,0,0,0,18,2025-06-18 23:03:00,2025-06-19 01:51:00,26,1
2025-12-17 13:50:00,2025-12-17 19:40:00,UA,JFK,LAX,3936,14.68,17.14,18.51,20.13,0.003,-0.9421,76,JFK-LAX,350,13,0,0,1,0,0,28,2025-12-17 14:18:00,2025-12-17 20:19:00,39,1
2025-07-10 07:15:00,2025-07-10 13:28:00,B6,JFK,SFO,4231,5.71,9.14,1.15,0.0,-0.5279,0.7611,69,JFK-SFO,373,7,0,0,0,0,0,-6,2025-07-10 07:09:00,2025-07-10 13:33:00,5,0
2025-12-06 06:40:00,2025-12-06 08:58:00,DL,BOS,JFK,1283,10.94,12.4,5.76,4.7,-0.5206,-0.622,2,BOS-JFK,138,6,0,0,0,0,0,3,2025-12-06 06:43:00,2025-12-06 08:59:00,1,0
2025-03-20 13:20:00,2025-03-20 16:09:00,B6,ATL,JFK,1670,26.55,22.36,1.15,0.84,1.1056,-0.0859,62,ATL-JFK,169,13,0,0,0,0,0,-3,2025-03-20 13:17:00,2025-03-20 15:59:00,-10,0
2025-06-13 00:10:00,2025-06-13 06:19:00,DL,SFO,ATL,4172,20.65,23.83,0.0,0.14,-0.3488,0.5881,7,SFO-ATL,369,0,0,1,0,0,0,18,2025-06-13 00:28:00,2025-06-13 06:32:00,13,0
2025-02-20 06:10:00,2025-02-20 07:16:00,AA,JFK,SFO,383,4.61,4.58,0.22,0.0,1.3957,0.0253,64,JFK-SFO,66,6,0,0,0,0,0,6,2025-02-20 06:16:00,2025-02-20 07:16:00,0,0
2025-07-29 03:20:00,2025-07-29 07:13:00,AA,JFK,SFO,2469,12.36,11.21,7.26,6.64,-0.6355,0.562,40,JFK-SFO,233,3,0,1,0,0,0,13,2025-07-29 03:33:00,2025-07-29 07:36:00,23,1
2025-03-10 14:30:00,2025-03-10 16:17:00,UA,JFK,LAX,894,0.39,0.77,0.0,0.0,0.046,0.6735,41,JFK-LAX,107,14,0,0,0,0,0,0,2025-03-10 14:30:00,2025-03-10 16:17:00,0,0
2025-06-29 16:00:00,2025-06-29 19:24:00,AA,JFK,SFO,2118,16.66,15.12,0.34,0.0,0.3094,0.7106,37,JFK-SFO,204,16,1,0,0,0,1,10,2025-06-29 16:10:00,2025-06-29 19:37:00,13,0
2025-05-06 11:40:00,2025-05-06 12:50:00,DL,LAX,SFO,435,3.92,3.69,0.0,0.86,1.1819,-0.8409,78,LAX-SFO,70,11,0,0,0,0,0,5,2025-05-06 11:45:00,2025-05-06 12:56:00,6,0
2025-03-09 03:20:00,2025-03-09 05:06:00,DL,LAX,BOS,889,9.99,10.01,16.1,14.29,0.9694,-0.5869,3,LAX-BOS,106,3,1,1,1,1,0,41,2025-03-09 04:01:00,2025-03-09 06:09:00,63,1
2025-02-05 08:50:00,2025-02-05 12:04:00,DL,JFK,ATL,1991,8.34,6.73,0.0,0.0,0.3074,0.8189,74,JFK-ATL,194,8,0,0,0,0,0,0,2025-02-05 08:50:00,2025-02-05 12:06:00,2,0
2025-07-06 20:15:00,2025-07-06 21:34:00,AA,ATL,LAX,552,20.64,24.24,0.64,0.0,0.0747,-0.4745,28,ATL-LAX,79,20,1,1,0,1,0,49,2025-07-06 21:04:00,2025-07-06 22:28:00,54,1
2025-12-12 04:00:00,2025-12-12 09:27:00,UA,SFO,JFK,3648,12.01,13.07,0.0,0.73,-0.9087,0.4133,43,SFO-JFK,327,4,0,1,0,0,0,24,2025-12-12 04:24:00,2025-12-12 09:55:00,28,1
2025-03-14 03:15:00,2025-03-14 07:28:00,DL,BOS,SFO,2727,10.04,9.02,0.0,0.0,-0.1924,0.0581,67,BOS-SFO,253,3,0,1,0,0,1,46,2025-03-14 04:01:00,2025-03-14 08:36:00,68,1
2025-05-28 02:50:00,2025-05-28 06:20:00,WN,ATL,JFK,2191,17.46,18.51,12.83,14.16,2.2627,0.874,14,ATL-JFK,210,2,0,1,1,0,0,9,2025-05-28 02:59:00,2025-05-28 06:27:00,7,0
2025-03-23 19:15:00,2025-03-23 22:53:00,UA,ATL,BOS,2283,20.98,20.1,10.31,10.17,-0.9585,-0.4892,15,ATL-BOS,218,19,1,0,0,0,0,0,2025-03-23 19:15:00,2025-03-23 23:00:00,7,0
2025-10-23 02:40:00,2025-10-23 08:21:00,UA,LAX,SFO,3823,1.65,2.33,0.0,0.0,-0.5625,0.6125,9,LAX-SFO,341,2,0,1,0,0,1,15,2025-10-23 02:55:00,2025-10-23 08:46:00,25,1
2025-06-01 13:45:00,2025-06-01 19:28:00,WN,BOS,SFO,3850,7.04,5.33,0.74,0.0,-1.3821,-0.1807,22,BOS-SFO,343,13,1,0,0,0,1,25,2025-06-01 14:10:00,2025-06-01 20:18:00,50,1
2025-12-22 23:15:00,2025-12-23 00:30:00,UA,ATL,SFO,499,27.65,27.74,0.0,0.0,-0.7473,-0.5192,79,ATL-SFO,75,23,0,1,0,0,0,1,2025-12-22 23:16:00,2025-12-23 00:32:00,2,0
2025-03-31 15:40:00,2025-03-31 20:29:00,AA,SFO,LAX,3177,34.86,36.14,0.0,1.12,-1.1831,-0.0183,12,SFO-LAX,289,15,0,0,0,0,1,16,2025-03-31 15:56:00,2025-03-31 21:05:00,36,1
2025-01-30 09:10:00,2025-01-30 12:47:00,WN,BOS,ATL,2272,4.84,1.4,0.4,2.54,-1.2258,0.0819,70,BOS-ATL,217,9,0,0,0,0,0,-2,2025-01-30 09:08:00,2025-01-30 12:45:00,-2,0
2025-08-01 04:15:00,2025-08-01 09:37:00,B6,SFO,ATL,3588,17.08,15.41,0.0,0.64,0.3228,-0.7796,51,SFO-ATL,322,4,0,1,0,0,1,33,2025-08-01 04:48:00,2025-08-01 10:31:00,54,1
2025-08-26 00:15:00,2025-08-26 05:38:00,UA,SFO,ATL,3605,4.58,8.06,6.99,6.11,0.7304,-0.6156,44,SFO-ATL,323,0,0,1,0,0,1,31,2025-08-26 00:46:00,2025-08-26 06:32:00,54,1
2025-12-28 03:40:00,2025-12-28 08:37:00,WN,ATL,JFK,3274,3.13,3.79,0.41,0.02,0.3527,0.8185,81,ATL-JFK,297,3,1,1,0,1,0,16,2025-12-28 03:56:00,2025-12-28 08:52:00,15,1
2025-11-15 22:50:00,2025-11-16 03:36:00,WN,LAX,BOS,3133,9.05,12.59,0.53,0.29,-1.0217,0.3314,13,LAX-BOS,286,22,0,1,0,0,0,20,2025-11-15 23:10:00,2025-11-16 03:41:00,5,0
2025-11-19 03:15:00,2025-11-19 05:25:00,AA,LAX,ATL,1190,18.23,21.44,0.0,1.08,-1.6841,0.4083,4,LAX-ATL,130,3,0,1,0,0,0,-10,2025-11-19 03:05:00,2025-11-19 05:25:00,0,0
2025-08-20 00:15:00,2025-08-20 06:00:00,AA,ATL,JFK,3881,8.93,7.99,2.67,2.97,-2.045,-0.2921,77,ATL-JFK,345,0,0,1,0,0,0,24,2025-08-20 00:39:00,2025-08-20 06:28:00,28,1
2025-05-12 19:45:00,2025-05-13 00:39:00,WN,BOS,ATL,3243,19.12,18.53,0.0,0.41,-1.219,0.0795,12,BOS-ATL,294,19,0,0,0,0,0,-1,2025-05-12 19:44:00,2025-05-13 00:39:00,0,0
2025-06-06 10:20:00,2025-06-06 12:51:00,DL,JFK,BOS,1450,20.43,23.01,1.53,0.0,-1.026,-0.9229,35,JFK-BOS,151,10,0,0,0,0,0,-8,2025-06-06 10:12:00,2025-06-06 12:47:00,-4,0
2025-02-18 08:30:00,2025-02-18 10:47:00,DL,ATL,BOS,1277,6.67,10.6,0.0,0.24,-0.4588,-0.7135,70,ATL-BOS,137,8,0,0,0,0,0,-4,2025-02-18 08:26:00,2025-02-18 10:49:00,2,0
2025-06-07 17:40:00,2025-06-07 21:27:00,UA,LAX,JFK,2403,6.96,6.38,1.13,0.0,0.2623,0.951,77,LAX-JFK,227,17,0,0,0,0,0,1,2025-06-07 17:41:00,2025-06-07 21:22:00,-5,0
2025-05-14 12:10:00,2025-05-14 15:04:00,UA,BOS,JFK,1739,8.21,11.15,0.0,0.04,-0.3868,-0.5809,69,BOS-JFK,174,12,0,0,0,0,0,3,2025-05-14 12:13:00,2025-05-14 15:08:00,4,0
2025-01-14 21:45:00,2025-01-15 02:31:00,B6,SFO,ATL,3142,11.17,11.91,0.0,0.0,1.5844,-0.0182,69,SFO-ATL,286,21,0,1,0,0,1,11,2025-01-14 21:56:00,2025-01-15 02:45:00,14,0
2025-03-16 11:15:00,2025-03-16 14:31:00,B6,SFO,JFK,2007,8.74,11.36,6.97,7.91,2.3067,0.8608,37,SFO-JFK,196,11,1,0,0,0,1,35,2025-03-16 11:50:00,2025-03-16 15:34:00,63,1
2025-07-15 17:40:00,2025-07-15 19:36:00,AA,LAX,JFK,1007,11.32,11.01,0.0,0.64,-0.1064,0.3067,93,LAX-JFK,116,17,0,0,0,0,0,-5,2025-07-15 17:35:00,2025-07-15 19:48:00,12,0
2025-05-15 21:20:00,2025-05-16 00:32:00,UA,ATL,BOS,1959,5.72,6.27,14.5,15.16,-1.9141,-0.6677,22,ATL-BOS,192,21,0,1,1,0,0,31,2025-05-15 21:51:00,2025-05-16 01:18:00,46,1
2025-12-29 11:45:00,2025-12-29 17:18:00,WN,ATL,JFK,3726,4.82,2.1,0.0,0.0,-0.5369,-0.1014,6,ATL-JFK,333,11,0,0,0,0,0,7,2025-12-29 11:52:00,2025-12-29 17:11:00,-7,0
2025-06-24 06:30:00,2025-06-24 12:08:00,DL,ATL,BOS,3788,30.34,28.85,5.65,4.92,-0.2668,-0.0746,84,ATL-BOS,338,6,0,0,0,0,0,-6,2025-06-24 06:24:00,2025-06-24 12:12:00,4,0
2025-12-16 23:10:00,2025-12-17 01:54:00,UA,JFK,BOS,1608,5.09,9.52,0.38,1.56,0.686,-0.0489,64,JFK-BOS,164,23,0,1,0,0,0,5,2025-12-16 23:15:00,2025-12-17 01:39:00,-15,0
2025-08-30 05:10:00,2025-08-30 10:36:00,WN,LAX,ATL,3642,0.86,2.36,17.33,19.49,-1.3361,0.6828,52,LAX-ATL,326,5,0,0,1,0,0,39,2025-08-30 05:49:00,2025-08-30 11:34:00,58,1
2025-01-15 00:50:00,2025-01-15 02:20:00,WN,ATL,BOS,691,14.59,14.23,2.27,3.13,-1.6231,0.1114,79,ATL-BOS,90,0,0,1,0,0,0,10,2025-01-15 01:00:00,2025-01-15 02:12:00,-8,0
2025-03-16 13:30:00,2025-03-16 20:00:00,B6,LAX,BOS,4432,3.9,6.23,23.51,22.92,0.262,0.5316,72,LAX-BOS,390,13,1,0,1,0,0,28,2025-03-16 13:58:00,2025-03-16 20:38:00,38,1
2025-09-15 23:15:00,2025-09-16 04:31:00,AA,ATL,LAX,3515,17.07,14.31,0.0,0.0,-0.5468,-0.2696,29,ATL-LAX,316,23,0,1,0,0,0,13,2025-09-15 23:28:00,2025-09-16 04:22:00,-9,0
2025-07-18 02:10:00,2025-07-18 03:23:00,UA,BOS,LAX,471,5.22,4.95,10.52,13.03,-0.5626,0.3918,3,BOS-LAX,73,2,0,1,0,0,0,8,2025-07-18 02:18:00,2025-07-18 03:14:00,-9,0
2025-04-21 20:10:00,2025-04-22 01:06:00,UA,JFK,LAX,3261,31.96,38.34,0.33,0.0,-0.8797,-0.1435,73,JFK-LAX,296,20,0,1,0,0,0,-10,2025-04-21 20:00:00,2025-04-22 01:08:00,2,0
2025-07-10 19:50:00,2025-07-10 23:35:00,B6,SFO,LAX,2374,24.62,21.88,0.0,1.19,-0.4038,0.5348,71,SFO-LAX,225,19,0,0,0,0,1,19,2025-07-10 20:09:00,2025-07-11 00:11:00,36,1
2025-11-26 22:50:00,2025-11-27 04:46:00,UA,LAX,ATL,4011,7.36,9.21,0.0,0.03,0.1991,0.4709,29,LAX-ATL,356,22,0,1,0,0,0,-3,2025-11-26 22:47:00,2025-11-27 05:00:00,14,0
2025-05-22 10:20:00,2025-05-22 12:40:00,AA,JFK,ATL,1307,15.22,13.16,15.18,13.51,-2.4031,-0.3193,33,JFK-ATL,140,10,0,0,1,0,0,12,2025-05-22 10:32:00,2025-05-22 12:44:00,4,0
2025-01-17 06:10:00,2025-01-17 12:09:00,DL,ATL,BOS,4046,11.76,11.03,0.29,0.34,0.0164,-0.2871,63,ATL-BOS,359,6,0,0,0,0,0,5,2025-01-17 06:15:00,2025-01-17 12:19:00,10,0
2025-04-24 12:20:00,2025-04-24 18:11:00,B6,BOS,LAX,3956,5.53,3.4,0.0,0.0,0.6876,0.6459,6,BOS-LAX,351,12,0,0,0,0,0,24,2025-04-24 12:44:00,2025-04-24 18:44:00,33,1
2025-12-08 03:10:00,2025-12-08 05:43:00,AA,LAX,BOS,1469,17.35,15.9,0.0,0.0,0.4472,0.1951,68,LAX-BOS,153,3,0,1,0,0,0,-9,2025-12-08 03:01:00,2025-12-08 05:48:00,5,0
2025-10-06 20:30:00,2025-10-06 23:54:00,B6,ATL,JFK,2115,11.57,9.29,4.18,3.58,2.1072,0.2317,16,ATL-JFK,204,20,0,1,0,0,0,-5,2025-10-06 20:25:00,2025-10-07 00:05:00,11,0
2025-11-02 15:40:00,2025-11-02 20:14:00,UA,LAX,JFK,2993,10.22,12.85,15.3,15.86,-0.4375,0.9171,89,LAX-JFK,274,15,1,0,1,0,0,14,2025-11-02 15:54:00,2025-11-02 20:40:00,26,1
2025-11-29 11:50:00,2025-11-29 14:10:00,DL,LAX,JFK,1309,13.52,14.87,13.17,14.29,-0.0929,-0.5533,14,LAX-JFK,140,11,0,0,1,0,0,11,2025-11-29 12:01:00,2025-11-29 14:28:00,18,1
2025-02-12 12:15:00,2025-02-12 18:50:00,DL,LAX,BOS,4496,7.17,8.96,0.0,0.0,1.2736,0.0439,95,LAX-BOS,395,12,0,0,0,0,0,-6,2025-02-12 12:09:00,2025-02-12 18:41:00,-9,0
2025-04-14 17:10:00,2025-04-14 19:13:00,DL,BOS,SFO,1101,8.7,3.84,0.02,0.4,0.054,-0.6086,44,BOS-SFO,123,17,0,0,0,0,0,0,2025-04-14 17:10:00,2025-04-14 19:15:00,2,0
2025-01-22 12:10:00,2025-01-22 14:31:00,B6,BOS,JFK,1323,13.04,16.59,9.64,9.81,1.5055,-0.5208,99,BOS-JFK,141,12,0,0,0,0,0,1,2025-01-22 12:11:00,2025-01-22 14:30:00,-1,0
2025-01-02 20:20:00,2025-01-03 00:07:00,B6,ATL,SFO,2402,18.24,17.97,0.07,1.59,0.8168,0.218,78,ATL-SFO,227,20,0,1,0,0,1,9,2025-01-02 20:29:00,2025-01-03 00:16:00,9,0
2025-11-01 22:30:00,2025-11-02 02:08:00,WN,BOS,SFO,2286,16.08,15.61,11.97,12.05,0.1438,-0.7697,69,BOS-SFO,218,22,0,1,0,0,0,-2,2025-11-01 22:28:00,2025-11-02 02:05:00,-3,0
2025-12-08 22:00:00,2025-12-08 23:16:00,AA,JFK,BOS,510,15.6,14.7,11.52,12.93,-0.0115,-0.7019,19,JFK-BOS,76,22,0,1,0,0,0,6,2025-12-08 22:06:00,2025-12-08 23:14:00,-2,0
2025-02-26 14:45:00,2025-02-26 20:50:00,AA,ATL,LAX,4122,13.02,9.78,1.87,1.86,-0.2347,-0.5131,57,ATL-LAX,365,14,0,0,0,0,0,9,2025-02-26 14:54:00,2025-02-26 20:55:00,5,0
2025-09-21 17:20:00,2025-09-21 19:40:00,B6,JFK,SFO,1308,2.05,4.41,0.19,0.74,-0.0347,0.0161,20,JFK-SFO,140,17,1,0,0,0,0,16,2025-09-21 17:36:00,2025-09-21 19:48:00,8,0
2025-07-15 07:45:00,2025-07-15 09:19:00,DL,BOS,SFO,732,36.86,37.36,0.0,0.0,-0.8455,0.9182,68,BOS-SFO,94,7,0,0,0,0,0,11,2025-07-15 07:56:00,2025-07-15 09:10:00,-9,0
2025-01-26 00:20:00,2025-01-26 04:13:00,AA,JFK,BOS,2480,17.69,18.41,0.0,0.0,0.6774,0.3618,37,JFK-BOS,233,0,1,1,0,1,0,39,2025-01-26 00:59:00,2025-01-26 05:17:00,64,1
2025-12-01 09:10:00,2025-12-01 15:21:00,DL,BOS,LAX,4198,6.97,7.53,0.0,0.24,1.9143,0.3066,74,BOS-LAX,371,9,0,0,0,0,0,-8,2025-12-01 09:02:00,2025-12-01 15:01:00,-20,0
2025-11-15 20:00:00,2025-11-15 21:00:00,WN,SFO,JFK,309,16.39,19.63,0.0,1.73,-1.8118,-0.2603,31,SFO-JFK,60,20,0,1,0,0,0,-1,2025-11-15 19:59:00,2025-11-15 21:01:00,1,0
2025-07-27 03:30:00,2025-07-27 07:13:00,WN,BOS,ATL,2350,2.56,5.86,0.53,0.89,1.1788,-0.8213,81,BOS-ATL,223,3,1,1,0,1,0,43,2025-07-27 04:13:00,2025-07-27 08:15:00,62,1
2025-09-16 13:30:00,2025-09-16 19:35:00,DL,SFO,BOS,4125,12.22,15.07,21.14,21.05,0.242,0.5911,48,SFO-BOS,365,13,0,0,1,0,1,39,2025-09-16 14:09:00,2025-09-16 20:37:00,62,1
2025-05-25 04:45:00,2025-05-25 10:44:00,UA,ATL,SFO,4050,7.98,7.73,3.72,3.48,1.0444,-0.9222,29,ATL-SFO,359,4,1,1,0,1,1,63,2025-05-25 05:48:00,2025-05-25 12:23:00,99,1
2025-10-17 10:50:00,2025-10-17 12:46:00,B6,ATL,SFO,1017,4.29,2.65,5.81,5.23,-0.587,0.478,99,ATL-SFO,116,10,0,0,0,0,0,1,2025-10-17 10:51:00,2025-10-17 12:39:00,-7,0
2025-06-12 03:10:00,2025-06-12 07:38:00,DL,ATL,LAX,2909,2.76,4.97,0.68,0.31,-0.1814,-0.2738,70,ATL-LAX,268,3,0,1,0,0,0,-3,2025-06-12 03:07:00,2025-06-12 07:28:00,-10,0
2025-12-28 17:15:00,2025-12-28 22:55:00,AA,JFK,SFO,3811,12.01,14.6,0.74,0.0,1.2655,-0.0474,22,JFK-SFO,340,17,1,0,0,0,1,4,2025-12-28 17:19:00,2025-12-28 23:08:00,13,0
2025-01-24 19:10:00,2025-01-24 23:55:00,DL,SFO,JFK,3120,14.74,14.07,0.23,1.44,-0.0493,0.0401,19,SFO-JFK,285,19,0,0,0,0,1,13,2025-01-24 19:23:00,2025-01-25 00:26:00,31,1
2025-03-04 18:00:00,2025-03-04 22:40:00,B6,ATL,LAX,3060,4.22,4.55,2.84,2.42,0.825,-0.5087,81,ATL-LAX,280,18,0,0,0,0,0,7,2025-03-04 18:07:00,2025-03-04 22:27:00,-13,0
2025-12-20 16:00:00,2025-12-20 21:19:00,UA,LAX,ATL,3546,8.15,8.05,0.79,0.26,-0.5884,0.3362,10,LAX-ATL,319,16,0,0,0,0,0,1,2025-12-20 16:01:00,2025-12-20 21:22:00,3,0
2025-04-16 05:00:00,2025-04-16 08:31:00,WN,LAX,BOS,2203,12.28,14.1,14.55,13.35,-0.1983,-0.4418,11,LAX-BOS,211,5,0,0,1,0,0,40,2025-04-16 05:40:00,2025-04-16 09:26:00,55,1
2025-04-24 12:30:00,2025-04-24 13:51:00,DL,BOS,ATL,581,7.24,4.58,0.19,0.0,0.5093,-0.7082,79,BOS-ATL,81,12,0,0,0,0,0,12,2025-04-24 12:42:00,2025-04-24 14:10:00,19,1
2025-10-16 02:10:00,2025-10-16 06:44:00,B6,BOS,SFO,2985,31.38,30.23,11.78,10.34,0.4047,-0.28,13,BOS-SFO,274,2,0,1,0,0,1,4,2025-10-16 02:14:00,2025-10-16 06:57:00,13,0
2025-03-11 08:10:00,2025-03-11 12:40:00,AA,SFO,LAX,2936,13.13,11.92,1.13,1.42,0.8269,0.6698,58,SFO-LAX,270,8,0,0,0,0,1,12,2025-03-11 08:22:00,2025-03-11 13:03:00,23,1
2025-07-07 12:00:00,2025-07-07 17:45:00,AA,LAX,SFO,3876,7.06,9.26,20.92,20.33,-0.341,-0.1675,90,LAX-SFO,345,12,0,0,1,0,1,52,2025-07-07 12:52:00,2025-07-07 19:22:00,97,1
2025-04-15 16:40:00,2025-04-15 22:49:00,B6,BOS,JFK,4180,20.0,20.6,17.81,17.46,-0.0,0.9269,47,BOS-JFK,369,16,0,0,1,0,0,16,2025-04-15 16:56:00,2025-04-15 23:11:00,22,1
2025-03-14 02:40:00,2025-03-14 05:32:00,WN,SFO,JFK,1718,14.66,12.73,0.0,0.0,0.9692,-0.9256,97,SFO-JFK,172,2,0,1,0,0,0,12,2025-03-14 02:52:00,2025-03-14 05:28:00,-4,0
2025-12-18 19:50:00,2025-12-19 02:10:00,B6,JFK,LAX,4315,12.6,14.38,1.05,0.0,1.4426,-0.9633,39,JFK-LAX,380,19,0,0,0,0,0,2,2025-12-18 19:52:00,2025-12-19 01:50:00,-20,0
2025-03-14 11:00:00,2025-03-14 12:02:00,UA,ATL,JFK,341,16.42,16.43,5.22,4.66,-0.839,0.7926,74,ATL-JFK,62,11,0,0,0,0,0,6,2025-03-14 11:06:00,2025-03-14 11:58:00,-4,0
2025-02-04 21:10:00,2025-02-05 03:34:00,WN,SFO,BOS,4366,17.12,17.61,0.0,0.0,1.188,-0.6158,25,SFO-BOS,384,21,0,1,0,0,0,-9,2025-02-04 21:01:00,2025-02-05 03:31:00,-3,0
2025-09-03 12:20:00,2025-09-03 14:05:00,UA,SFO,BOS,876,6.23,8.35,2.37,2.66,-0.7687,-0.5671,36,SFO-BOS,105,12,0,0,0,0,0,-10,2025-09-03 12:10:00,2025-09-03 14:10:00,5,0
2025-11-13 13:40:00,2025-11-13 18:16:00,AA,JFK,LAX,3012,2.56,0.36,0.0,2.01,0.2078,0.5637,58,JFK-LAX,276,13,0,0,0,0,0,15,2025-11-13 13:55:00,2025-11-13 18:43:00,27,1
2025-02-16 16:10:00,2025-02-16 20:59:00,DL,LAX,ATL,3169,23.89,19.63,0.0,0.0,0.2822,-0.6385,36,LAX-ATL,289,16,1,0,0,0,0,18,2025-02-16 16:28:00,2025-02-16 20:53:00,-6,0
2025-09-16 19:10:00,2025-09-16 23:42:00,B6,BOS,ATL,2959,11.13,11.67,0.15,0.98,-0.4873,0.2286,8,BOS-ATL,272,19,0,0,0,0,0,-2,2025-09-16 19:08:00,2025-09-16 23:57:00,15,1
2025-07-17 03:20:00,2025-07-17 09:52:00,B6,SFO,ATL,4461,4.49,7.31,0.0,0.5,-0.1776,-0.9105,36,SFO-ATL,392,3,0,1,0,0,0,23,2025-07-17 03:43:00,2025-07-17 10:16:00,24,1
2025-10-30 12:00:00,2025-10-30 16:05:00,UA,BOS,ATL,2620,5.86,3.78,0.0,0.0,-1.7692,0.7518,69,BOS-ATL,245,12,0,0,0,0,0,2,2025-10-30 12:02:00,2025-10-30 16:05:00,0,0
2025-02-16 00:20:00,2025-02-16 02:03:00,B6,BOS,ATL,852,3.61,7.18,13.48,11.8,0.7248,0.1416,46,BOS-ATL,103,0,1,1,1,1,0,31,2025-02-16 00:51:00,2025-02-16 02:45:00,42,1
2025-12-23 11:45:00,2025-12-23 16:08:00,DL,JFK,ATL,2851,9.11,12.12,0.19,1.12,-0.2776,-0.102,48,JFK-ATL,263,11,0,0,0,0,0,3,2025-12-23 11:48:00,2025-12-23 16:11:00,3,0
2025-08-14 19:30:00,2025-08-14 22:07:00,DL,BOS,ATL,1521,12.3,11.29,0.19,0.0,-0.0419,-0.2739,18,BOS-ATL,157,19,0,0,0,0,0,-1,2025-08-14 19:29:00,2025-08-14 22:12:00,5,0
2025-11-04 20:20:00,2025-11-05 00:45:00,WN,LAX,SFO,2870,22.16,19.09,0.0,0.0,-0.5724,-0.3748,63,LAX-SFO,265,20,0,1,0,0,1,19,2025-11-04 20:39:00,2025-11-05 01:19:00,34,1
2025-05-13 06:20:00,2025-05-13 09:27:00,AA,LAX,ATL,1898,13.82,17.85,9.08,7.39,0.728,-0.4718,47,LAX-ATL,187,6,0,0,0,0,0,5,2025-05-13 06:25:00,2025-05-13 09:27:00,0,0
2025-12-11 09:50:00,2025-12-11 11:03:00,AA,JFK,BOS,478,15.55,16.45,6.59,5.72,0.1853,0.9503,3,JFK-BOS,73,9,0,0,0,0,0,6,2025-12-11 09:56:00,2025-12-11 10:56:00,-7,0
2025-08-17 13:30:00,2025-08-17 18:03:00,DL,LAX,ATL,2977,19.77,21.3,0.0,0.0,-1.1492,-0.3897,66,LAX-ATL,273,13,1,0,0,0,0,-7,2025-08-17 13:23:00,2025-08-17 18:09:00,6,0
2025-02-16 09:30:00,2025-02-16 10:59:00,AA,JFK,SFO,673,10.88,11.04,2.93,3.99,-0.1124,-0.5247,37,JFK-SFO,89,9,1,0,0,0,0,0,2025-02-16 09:30:00,2025-02-16 10:51:00,-8,0
2025-12-03 04:50:00,2025-12-03 07:39:00,UA,SFO,BOS,1677,26.01,26.47,13.78,12.12,-1.0351,-0.0843,9,SFO-BOS,169,4,0,1,1,0,0,8,2025-12-03 04:58:00,2025-12-03 07:54:00,15,1
2025-10-18 07:10:00,2025-10-18 11:37:00,WN,BOS,LAX,2901,5.25,7.13,0.14,0.0,0.0204,-0.4852,39,BOS-LAX,267,7,0,0,0,0,0,-9,2025-10-18 07:01:00,2025-10-18 11:30:00,-7,0
2025-04-20 09:00:00,2025-04-20 14:55:00,WN,LAX,ATL,4000,18.79,22.7,0.0,0.17,0.6828,-0.4569,50,LAX-ATL,355,9,1,0,0,0,0,9,2025-04-20 09:09:00,2025-04-20 14:54:00,-1,0
2025-07-19 12:20:00,2025-07-19 15:05:00,AA,JFK,LAX,1619,0.06,1.14,0.0,0.0,0.1927,-0.4692,57,JFK-LAX,165,12,0,0,0,0,0,3,2025-07-19 12:23:00,2025-07-19 15:14:00,9,0
2025-05-22 22:15:00,2025-05-23 00:54:00,B6,SFO,LAX,1553,3.06,2.33,1.14,2.91,0.4344,-0.7243,56,SFO-LAX,159,22,0,1,0,0,1,31,2025-05-22 22:46:00,2025-05-23 01:41:00,47,1
2025-07-18 13:10:00,2025-07-18 15:50:00,UA,BOS,JFK,1565,5.59,5.03,0.76,0.04,1.0571,0.7738,90,BOS-JFK,160,13,0,0,0,0,0,36,2025-07-18 13:46:00,2025-07-18 16:33:00,43,1
2025-12-19 09:00:00,2025-12-19 13:12:00,DL,ATL,LAX,2715,9.41,7.14,0.0,0.21,-0.8187,-0.6316,48,ATL-LAX,252,9,0,0,0,0,0,6,2025-12-19 09:06:00,2025-12-19 13:01:00,-11,0
2025-11-25 15:50:00,2025-11-25 17:54:00,UA,SFO,JFK,1112,1.64,0.0,4.23,3.97,-0.4386,-0.9562,71,SFO-JFK,124,15,0,0,0,0,0,19,2025-11-25 16:09:00,2025-11-25 18:09:00,15,1
2025-03-20 18:30:00,2025-03-20 22:26:00,AA,SFO,BOS,2513,10.14,7.63,11.97,12.04,-1.7998,0.5552,68,SFO-BOS,236,18,0,0,0,0,1,-6,2025-03-20 18:24:00,2025-03-20 22:28:00,2,0
2025-12-21 10:40:00,2025-12-21 16:08:00,B6,LAX,SFO,3664,7.7,9.34,0.15,0.71,-0.3795,-0.0969,80,LAX-SFO,328,10,1,0,0,0,1,63,2025-12-21 11:43:00,2025-12-21 17:28:00,80,1
2025-06-09 11:00:00,2025-06-09 12:26:00,UA,JFK,SFO,639,36.12,36.79,0.0,0.03,-0.6133,-0.2917,89,JFK-SFO,86,11,0,0,0,0,0,-4,2025-06-09 10:56:00,2025-06-09 12:19:00,-7,0
2025-09-15 05:15:00,2025-09-15 11:38:00,DL,JFK,LAX,4350,1.46,1.6,0.0,0.0,0.654,0.0661,75,JFK-LAX,383,5,0,0,0,0,0,-6,2025-09-15 05:09:00,2025-09-15 11:29:00,-9,0
2025-10-06 20:30:00,2025-10-07 00:28:00,WN,LAX,SFO,2533,12.38,9.19,0.46,0.0,0.4613,0.1135,98,LAX-SFO,238,20,0,1,0,0,1,19,2025-10-06 20:49:00,2025-10-07 00:52:00,24,1
2025-06-26 20:30:00,2025-06-27 01:00:00,DL,LAX,ATL,2936,14.62,17.38,0.0,0.06,1.5009,-0.2302,19,LAX-ATL,270,20,0,1,0,0,0,-2,2025-06-26 20:28:00,2025-06-27 01:01:00,1,0
2025-06-16 04:40:00,2025-06-16 09:06:00,WN,BOS,JFK,2892,0.59,1.09,0.12,0.0,-0.5014,0.703,73,BOS-JFK,266,4,0,1,0,0,0,22,2025-06-16 05:02:00,2025-06-16 09:32:00,26,1
2025-06-16 08:40:00,2025-06-16 14:57:00,UA,ATL,LAX,4270,28.0,24.45,12.34,10.2,0.3966,0.6856,51,ATL-LAX,377,8,0,0,1,0,0,26,2025-06-16 09:06:00,2025-06-16 15:45:00,48,1
2025-11-11 06:20:00,2025-11-11 11:02:00,B6,ATL,SFO,3091,19.57,18.95,0.54,0.0,0.7403,-0.2693,30,ATL-SFO,282,6,0,0,0,0,1,39,2025-11-11 06:59:00,2025-11-11 12:01:00,59,1
2025-05-22 22:45:00,2025-05-23 04:41:00,UA,BOS,ATL,4012,21.04,23.51,0.0,0.0,2.2913,-0.5558,73,BOS-ATL,356,22,0,1,0,0,0,12,2025-05-22 22:57:00,2025-05-23 04:33:00,-8,0
2025-04-13 01:15:00,2025-04-13 03:50:00,WN,LAX,SFO,1501,12.94,13.95,0.0,0.0,0.4356,-0.0271,97,LAX-SFO,155,1,1,1,0,1,1,33,2025-04-13 01:48:00,2025-04-13 04:35:00,45,1
2025-05-12 04:00:00,2025-05-12 06:12:00,UA,JFK,ATL,1215,5.08,2.78,3.67,2.52,-0.0481,-0.6876,53,JFK-ATL,132,4,0,1,0,0,0,-1,2025-05-12 03:59:00,2025-05-12 06:08:00,-4,0
2025-03-13 07:50:00,2025-03-13 12:25:00,B6,LAX,BOS,3003,2.47,0.74,0.0,0.09,0.1256,-0.4354,77,LAX-BOS,275,7,0,0,0,0,0,4,2025-03-13 07:54:00,2025-03-13 12:28:00,3,0
2025-05-23 13:00:00,2025-05-23 14:51:00,B6,JFK,LAX,944,15.98,19.36,0.0,0.71,0.4653,-0.2337,94,JFK-LAX,111,13,0,0,0,0,0,-3,2025-05-23 12:57:00,2025-05-23 15:12:00,21,1
2025-02-11 05:15:00,2025-02-11 06:51:00,UA,BOS,JFK,766,5.76,7.96,3.16,3.45,1.3734,-0.2343,2,BOS-JFK,96,5,0,0,0,0,0,-2,2025-02-11 05:13:00,2025-02-11 06:45:00,-6,0
2025-02-02 12:00:00,2025-02-02 14:10:00,WN,LAX,SFO,1188,3.82,0.1,1.27,0.43,-0.4255,-0.6412,51,LAX-SFO,130,12,1,0,0,0,0,-9,2025-02-02 11:51:00,2025-02-02 13:57:00,-13,0
2025-09-22 17:10:00,2025-09-22 19:40:00,DL,LAX,SFO,1438,7.93,7.39,0.38,0.95,-0.7109,0.019,98,LAX-SFO,150,17,0,0,0,0,0,-1,2025-09-22 17:09:00,2025-09-22 19:41:00,1,0
2025-01-29 19:20:00,2025-01-29 20:51:00,B6,SFO,ATL,704,10.11,11.94,0.0,0.0,2.6219,0.2276,54,SFO-ATL,91,19,0,0,0,0,0,-8,2025-01-29 19:12:00,2025-01-29 20:40:00,-11,0
2025-07-27 02:10:00,2025-07-27 07:14:00,WN,SFO,BOS,3360,22.28,25.93,0.33,0.0,-1.1268,0.2233,15,SFO-BOS,304,2,1,1,0,1,1,24,2025-07-27 02:34:00,2025-07-27 07:48:00,34,1
2025-10-12 03:20:00,2025-10-12 07:35:00,DL,BOS,ATL,2748,8.74,8.48,7.08,4.65,0.8556,0.6045,11,BOS-ATL,255,3,1,1,0,1,0,17,2025-10-12 03:37:00,2025-10-12 08:22:00,47,1
2025-09-22 02:50:00,2025-09-22 04:56:00,B6,LAX,ATL,1141,8.15,8.94,6.96,8.67,0.4162,-0.8457,30,LAX-ATL,126,2,0,1,0,0,0,5,2025-09-22 02:55:00,2025-09-22 05:05:00,9,0
2025-06-12 21:10:00,2025-06-12 23:44:00,WN,BOS,SFO,1487,9.21,9.75,0.0,0.2,0.322,-0.6862,7,BOS-SFO,154,21,0,1,0,0,0,16,2025-06-12 21:26:00,2025-06-12 23:55:00,11,0
2025-03-12 15:50:00,2025-03-12 22:01:00,AA,SFO,LAX,4205,17.46,21.3,0.91,0.7,-1.2276,-0.1261,16,SFO-LAX,371,15,0,0,0,0,1,42,2025-03-12 16:32:00,2025-03-12 22:56:00,55,1
2025-12-06 12:20:00,2025-12-06 18:26:00,B6,LAX,ATL,4134,7.5,8.07,0.0,2.84,2.7091,-0.0344,5,LAX-ATL,366,12,0,0,0,0,0,-1,2025-12-06 12:19:00,2025-12-06 18:21:00,-5,0
2025-11-01 18:30:00,2025-11-01 20:10:00,DL,SFO,ATL,817,11.32,13.8,0.0,0.22,0.1765,-0.5891,39,SFO-ATL,100,18,0,0,0,0,0,7,2025-11-01 18:37:00,2025-11-01 20:00:00,-10,0
2025-08-12 14:20:00,2025-08-12 18:45:00,AA,BOS,ATL,2876,5.39,6.02,6.93,6.98,-0.5151,-0.4013,14,BOS-ATL,265,14,0,0,0,0,0,-1,2025-08-12 14:19:00,2025-08-12 18:41:00,-4,0
2025-02-01 05:15:00,2025-02-01 08:02:00,DL,ATL,JFK,1656,20.33,24.83,0.0,0.35,-1.3297,-0.6812,16,ATL-JFK,167,5,0,0,0,0,0,0,2025-02-01 05:15:00,2025-02-01 07:57:00,-5,0
2025-01-13 12:00:00,2025-01-13 15:00:00,UA,ATL,LAX,1810,25.24,29.16,0.96,0.0,-2.0108,0.0855,67,ATL-LAX,180,12,0,0,0,0,0,-6,2025-01-13 11:54:00,2025-01-13 14:58:00,-2,0
2025-04-26 16:30:00,2025-04-26 20:51:00,AA,JFK,ATL,2819,10.7,8.83,0.86,0.75,0.7041,-0.0457,11,JFK-ATL,261,16,0,0,0,0,0,-1,2025-04-26 16:29:00,2025-04-26 20:49:00,-2,0
2025-02-27 00:50:00,2025-02-27 07:20:00,UA,SFO,BOS,4435,14.1,12.44,4.71,4.75,-0.8376,0.3759,17,SFO-BOS,390,0,0,1,0,0,1,52,2025-02-27 01:42:00,2025-02-27 08:29:00,69,1
2025-11-11 14:30:00,2025-11-11 18:45:00,UA,LAX,BOS,2747,8.35,10.6,10.92,13.31,-0.2681,0.261,47,LAX-BOS,255,14,0,0,0,0,0,22,2025-11-11 14:52:00,2025-11-11 19:12:00,27,1
2025-03-17 11:30:00,2025-03-17 17:49:00,UA,SFO,JFK,4303,1.45,2.1,0.89,0.0,-0.6024,-0.4582,10,SFO-JFK,379,11,0,0,0,0,0,12,2025-03-17 11:42:00,2025-03-17 17:40:00,-9,0
2025-04-14 01:40:00,2025-04-14 07:15:00,UA,JFK,LAX,3745,10.67,9.45,0.54,0.0,0.5378,0.5205,1,JFK-LAX,335,1,0,1,0,0,0,6,2025-04-14 01:46:00,2025-04-14 07:13:00,-2,0
2025-12-23 06:20:00,2025-12-23 11:41:00,UA,SFO,JFK,3570,9.04,9.93,0.0,0.0,0.3895,-0.6963,61,SFO-JFK,321,6,0,0,0,0,0,-1,2025-12-23 06:19:00,2025-12-23 11:50:00,9,0
2025-10-26 10:00:00,2025-10-26 15:25:00,AA,SFO,JFK,3619,10.97,8.46,0.46,0.0,0.7521,0.2608,77,SFO-JFK,325,10,1,0,0,0,0,-10,2025-10-26 09:50:00,2025-10-26 15:16:00,-9,0
2025-03-21 08:30:00,2025-03-21 13:55:00,B6,BOS,LAX,3625,7.75,6.6,0.45,0.62,0.7902,0.2401,85,BOS-LAX,325,8,0,0,0,0,0,4,2025-03-21 08:34:00,2025-03-21 13:53:00,-2,0
2025-05-20 06:45:00,2025-05-20 09:10:00,WN,SFO,JFK,1372,14.13,13.75,3.18,3.48,-0.716,-0.5292,1,SFO-JFK,145,6,0,0,0,0,0,5,2025-05-20 06:50:00,2025-05-20 09:04:00,-6,0
2025-07-08 15:15:00,2025-07-08 21:42:00,DL,ATL,BOS,4404,13.93,13.48,20.84,22.58,-1.3467,-0.6092,3,ATL-BOS,387,15,0,0,1,0,0,5,2025-07-08 15:20:00,2025-07-08 21:50:00,8,0
2025-08-31 09:45:00,2025-08-31 15:52:00,AA,JFK,BOS,4156,7.88,7.85,0.0,0.0,-0.1485,-0.7865,7,JFK-BOS,367,9,1,0,0,0,0,11,2025-08-31 09:56:00,2025-08-31 15:50:00,-2,0
2025-12-08 11:45:00,2025-12-08 16:06:00,B6,JFK,LAX,2821,24.54,23.0,0.0,0.0,0.5173,0.2407,50,JFK-LAX,261,11,0,0,0,0,0,1,2025-12-08 11:46:00,2025-12-08 15:58:00,-8,0
2025-11-14 19:10:00,2025-11-15 00:08:00,UA,BOS,SFO,3286,1.03,0.76,3.94,6.2,0.1083,-0.2721,77,BOS-SFO,298,19,0,0,0,0,1,69,2025-11-14 20:19:00,2025-11-15 01:43:00,95,1
2025-12-23 02:30:00,2025-12-23 08:25:00,B6,SFO,LAX,3996,6.4,4.4,0.0,0.0,-1.8693,0.9974,19,SFO-LAX,355,2,0,1,0,0,0,3,2025-12-23 02:33:00,2025-12-23 08:26:00,1,0
2025-01-15 08:40:00,2025-01-15 10:30:00,UA,LAX,BOS,941,17.57,18.88,7.39,6.49,0.0575,0.2699,88,LAX-BOS,110,8,0,0,0,0,0,7,2025-01-15 08:47:00,2025-01-15 10:38:00,8,0
2025-03-28 01:20:00,2025-03-28 02:41:00,DL,ATL,BOS,572,2.13,0.64,3.8,1.5,-1.0006,-0.9802,91,ATL-BOS,81,1,0,1,0,0,0,10,2025-03-28 01:30:00,2025-03-28 02:43:00,2,0
2025-07-25 22:40:00,2025-07-26 05:13:00,DL,ATL,BOS,4481,0.14,1.97,0.3,0.0,0.0221,-0.2524,83,ATL-BOS,393,22,0,1,0,0,0,25,2025-07-25 23:05:00,2025-07-26 05:28:00,15,1
2025-01-18 04:50:00,2025-01-18 08:55:00,AA,ATL,BOS,2627,8.41,5.35,0.16,0.69,0.9645,-0.9716,41,ATL-BOS,245,4,0,1,0,0,0,26,2025-01-18 05:16:00,2025-01-18 09:35:00,40,1
2025-05-10 19:40:00,2025-05-11 00:42:00,UA,BOS,JFK,3332,10.47,8.51,17.21,17.69,-2.4933,0.2531,31,BOS-JFK,302,19,0,0,1,0,0,35,2025-05-10 20:15:00,2025-05-11 01:29:00,47,1
2025-02-26 04:45:00,2025-02-26 08:33:00,WN,ATL,BOS,2410,5.05,9.45,14.28,14.09,1.5071,0.8352,64,ATL-BOS,228,4,0,1,1,0,0,55,2025-02-26 05:40:00,2025-02-26 09:53:00,80,1
2025-12-07 07:45:00,2025-12-07 11:38:00,AA,BOS,LAX,2472,11.05,11.37,0.41,0.0,-1.046,0.4899,92,BOS-LAX,233,7,1,0,0,0,0,-2,2025-12-07 07:43:00,2025-12-07 11:30:00,-8,0
2025-01-24 14:45:00,2025-01-24 15:57:00,AA,LAX,ATL,458,0.0,0.66,0.0,0.0,0.9959,-0.4693,43,LAX-ATL,72,14,0,0,0,0,0,0,2025-01-24 14:45:00,2025-01-24 16:05:00,8,0
2025-02-24 19:45:00,2025-02-24 22:21:00,AA,SFO,JFK,1515,6.51,4.22,6.26,5.84,0.841,-0.6426,48,SFO-JFK,156,19,0,0,0,0,0,10,2025-02-24 19:55:00,2025-02-24 22:24:00,3,0
2025-03-13 04:10:00,2025-03-13 05:38:00,UA,LAX,BOS,665,15.65,16.25,0.0,0.0,-0.3012,0.7548,81,LAX-BOS,88,4,0,1,0,0,0,20,2025-03-13 04:30:00,2025-03-13 05:53:00,15,1
2025-02-24 05:00:00,2025-02-24 08:24:00,UA,JFK,ATL,2115,13.52,14.92,0.0,0.17,0.4545,-0.7613,88,JFK-ATL,204,5,0,0,0,0,0,2,2025-02-24 05:02:00,2025-02-24 08:26:00,2,0
2025-07-27 21:10:00,2025-07-27 22:16:00,UA,LAX,ATL,391,5.29,8.54,10.62,9.17,-0.7015,0.4197,49,LAX-ATL,66,21,1,1,0,1,0,22,2025-07-27 21:32:00,2025-07-27 22:54:00,38,1
2025-05-13 07:10:00,2025-05-13 12:39:00,B6,SFO,JFK,3670,10.63,10.75,0.0,0.02,-1.7259,-0.5113,96,SFO-JFK,329,7,0,0,0,0,1,31,2025-05-13 07:41:00,2025-05-13 13:15:00,36,1
2025-11-30 05:40:00,2025-11-30 08:18:00,B6,ATL,LAX,1534,10.59,9.18,9.27,9.18,1.1377,-0.3968,94,ATL-LAX,158,5,1,0,0,0,0,-6,2025-11-30 05:34:00,2025-11-30 08:14:00,-4,0
2025-04-06 17:30:00,2025-04-06 22:38:00,B6,SFO,BOS,3412,11.14,9.99,1.04,0.42,-0.6832,-0.9065,61,SFO-BOS,308,17,1,0,0,0,1,30,2025-04-06 18:00:00,2025-04-06 23:20:00,42,1
2025-07-16 02:20:00,2025-07-16 03:37:00,DL,LAX,BOS,524,13.34,12.53,0.26,0.08,1.8008,-0.6602,35,LAX-BOS,77,2,0,1,0,0,0,3,2025-07-16 02:23:00,2025-07-16 03:35:00,-2,0
2025-08-29 20:00:00,2025-08-29 21:10:00,UA,BOS,JFK,439,25.39,26.09,3.84,2.95,0.883,-0.9214,88,BOS-JFK,70,20,0,1,0,0,0,1,2025-08-29 20:01:00,2025-08-29 21:08:00,-2,0
2025-08-17 21:40:00,2025-08-18 01:01:00,WN,JFK,LAX,2077,27.55,30.28,0.0,0.18,-0.8446,0.041,72,JFK-LAX,201,21,1,1,0,1,0,41,2025-08-17 22:21:00,2025-08-18 01:52:00,51,1
2025-10-18 20:15:00,2025-10-19 01:39:00,DL,JFK,ATL,3609,2.69,2.4,4.04,2.27,0.5886,-0.1002,35,JFK-ATL,324,20,0,1,0,0,0,3,2025-10-18 20:18:00,2025-10-19 01:37:00,-2,0
2025-03-15 07:45:00,2025-03-15 13:17:00,B6,ATL,JFK,3713,7.38,9.24,0.0,0.0,0.5279,0.0648,8,ATL-JFK,332,7,0,0,0,0,0,2,2025-03-15 07:47:00,2025-03-15 13:19:00,2,0
2025-07-05 02:00:00,2025-07-05 06:02:00,AA,BOS,LAX,2587,1.69,4.57,0.13,0.47,1.7225,-0.8693,60,BOS-LAX,242,2,0,1,0,0,0,21,2025-07-05 02:21:00,2025-07-05 06:39:00,37,1
2025-10-20 10:15:00,2025-10-20 14:40:00,UA,BOS,SFO,2878,11.28,13.64,0.0,0.0,-0.4889,0.6122,16,BOS-SFO,265,10,0,0,0,0,0,-1,2025-10-20 10:14:00,2025-10-20 14:31:00,-9,0
2025-11-12 08:00:00,2025-11-12 12:50:00,WN,ATL,LAX,3192,10.63,6.97,0.0,1.03,-0.2323,-0.7517,32,ATL-LAX,290,8,0,0,0,0,0,-1,2025-11-12 07:59:00,2025-11-12 12:53:00,3,0
2025-08-14 23:15:00,2025-08-15 04:00:00,AA,JFK,SFO,3129,17.96,19.5,0.0,1.79,0.4333,0.6638,52,JFK-SFO,285,23,0,1,0,0,0,2,2025-08-14 23:17:00,2025-08-15 04:06:00,6,0
2025-08-26 15:50:00,2025-08-26 20:58:00,B6,JFK,LAX,3413,10.13,13.94,0.0,0.0,0.0182,-0.3558,84,JFK-LAX,308,15,0,0,0,0,0,5,2025-08-26 15:55:00,2025-08-26 20:56:00,-2,0
2025-11-12 22:20:00,2025-11-12 23:30:00,AA,BOS,ATL,432,24.79,27.69,0.0,0.0,-1.3903,-0.1121,25,BOS-ATL,70,22,0,1,0,0,0,9,2025-11-12 22:29:00,2025-11-12 23:51:00,21,1
2025-08-17 18:20:00,2025-08-17 21:43:00,DL,ATL,BOS,2101,28.29,28.76,10.21,9.6,1.0148,0.3053,80,ATL-BOS,203,18,1,0,0,0,0,6,2025-08-17 18:26:00,2025-08-17 21:42:00,-1,0
2025-12-13 17:15:00,2025-12-13 22:56:00,DL,SFO,ATL,3826,23.99,23.79,12.42,10.25,1.5982,0.2108,5,SFO-ATL,341,17,0,0,1,0,0,20,2025-12-13 17:35:00,2025-12-13 23:17:00,21,1
2025-02-16 02:15:00,2025-02-16 05:42:00,WN,LAX,SFO,2147,2.24,0.0,0.4,0.03,0.1533,0.1316,67,LAX-SFO,207,2,1,1,0,1,1,51,2025-02-16 03:06:00,2025-02-16 06:44:00,62,1
2025-05-07 01:40:00,2025-05-07 03:28:00,DL,JFK,LAX,913,12.19,11.3,0.0,0.0,-1.2727,-0.1997,24,JFK-LAX,108,1,0,1,0,0,0,4,2025-05-07 01:44:00,2025-05-07 03:24:00,-4,0
2025-02-10 01:50:00,2025-02-10 06:33:00,UA,LAX,BOS,3094,6.97,7.65,11.61,13.34,-0.1131,-0.0403,64,LAX-BOS,283,1,0,1,0,0,0,3,2025-02-10 01:53:00,2025-02-10 06:24:00,-9,0
2025-02-03 14:40:00,2025-02-03 17:21:00,DL,BOS,ATL,1571,8.76,8.15,0.0,0.0,-0.9093,-0.8689,27,BOS-ATL,161,14,0,0,0,0,0,6,2025-02-03 14:46:00,2025-02-03 17:16:00,-5,0
2025-06-22 04:40:00,2025-06-22 08:31:00,DL,BOS,SFO,2447,15.78,17.02,0.0,0.45,-0.2591,-0.6758,45,BOS-SFO,231,4,1,1,0,1,0,10,2025-06-22 04:50:00,2025-06-22 08:39:00,8,0
2025-03-24 23:20:00,2025-03-25 03:13:00,UA,LAX,BOS,2470,8.81,9.25,0.0,0.0,0.1854,0.4655,62,LAX-BOS,233,23,0,1,0,0,0,6,2025-03-24 23:26:00,2025-03-25 03:06:00,-7,0
2025-05-29 03:00:00,2025-05-29 07:53:00,DL,LAX,JFK,3224,9.63,8.81,1.25,0.95,0.656,0.3445,6,LAX-JFK,293,3,0,1,0,0,0,-9,2025-05-29 02:51:00,2025-05-29 07:47:00,-6,0
2025-06-09 22:40:00,2025-06-10 04:51:00,UA,LAX,ATL,4205,10.12,11.4,6.44,5.38,1.4052,-0.3264,16,LAX-ATL,371,22,0,1,0,0,0,-6,2025-06-09 22:34:00,2025-06-10 04:41:00,-10,0
2025-08-15 16:45:00,2025-08-15 21:37:00,UA,JFK,ATL,3213,2.34,1.49,0.0,0.87,0.6271,0.5848,86,JFK-ATL,292,16,0,0,0,0,0,-5,2025-08-15 16:40:00,2025-08-15 21:32:00,-5,0
2025-12-12 02:30:00,2025-12-12 09:04:00,DL,ATL,SFO,4492,6.77,5.8,0.09,0.08,-1.058,0.6123,92,ATL-SFO,394,2,0,1,0,0,0,28,2025-12-12 02:58:00,2025-12-12 09:30:00,26,1
2025-11-07 01:00:00,2025-11-07 02:05:00,UA,LAX,BOS,379,19.94,23.24,0.0,0.0,0.6819,0.055,53,LAX-BOS,65,1,0,1,0,0,0,-10,2025-11-07 00:50:00,2025-11-07 02:10:00,5,0
2025-05-19 09:40:00,2025-05-19 15:02:00,UA,LAX,ATL,3587,2.93,2.68,0.0,0.06,-0.2857,0.9597,28,LAX-ATL,322,9,0,0,0,0,0,16,2025-05-19 09:56:00,2025-05-19 15:14:00,12,0
2025-04-29 08:50:00,2025-04-29 12:09:00,UA,JFK,ATL,2051,13.35,13.28,14.55,14.08,-0.1729,-0.4669,27,JFK-ATL,199,8,0,0,1,0,0,27,2025-04-29 09:17:00,2025-04-29 12:52:00,43,1
2025-10-09 07:10:00,2025-10-09 12:14:00,WN,BOS,JFK,3363,5.71,5.94,0.0,0.0,-0.014,-0.4105,96,BOS-JFK,304,7,0,0,0,0,0,7,2025-10-09 07:17:00,2025-10-09 12:24:00,10,0
2025-02-15 12:10:00,2025-02-15 13:38:00,DL,SFO,LAX,657,8.89,5.29,0.0,0.0,0.1351,-0.9813,75,SFO-LAX,88,12,0,0,0,0,0,2,2025-02-15 12:12:00,2025-02-15 13:32:00,-6,0
2025-07-17 03:40:00,2025-07-17 07:36:00,UA,BOS,JFK,2516,18.06,15.42,0.07,0.09,1.0126,-0.7003,42,BOS-JFK,236,3,0,1,0,0,0,-10,2025-07-17 03:30:00,2025-07-17 07:23:00,-13,0
2025-06-04 03:15:00,2025-06-04 04:24:00,UA,BOS,SFO,425,6.95,6.37,7.01,6.62,0.4968,0.6359,45,BOS-SFO,69,3,0,1,0,0,0,-4,2025-06-04 03:11:00,2025-06-04 04:13:00,-11,0
2025-03-08 16:40:00,2025-03-08 21:23:00,WN,LAX,BOS,3095,7.32,8.75,9.28,9.99,-1.1855,0.2585,73,LAX-BOS,283,16,0,0,0,0,0,12,2025-03-08 16:52:00,2025-03-08 21:36:00,13,0
2025-08-14 23:40:00,2025-08-15 01:52:00,WN,JFK,LAX,1209,1.24,2.83,1.59,0.0,-1.5021,-0.6197,43,JFK-LAX,132,23,0,1,0,0,0,6,2025-08-14 23:46:00,2025-08-15 01:47:00,-5,0
2025-04-28 06:15:00,2025-04-28 08:02:00,DL,JFK,BOS,906,14.37,14.99,0.0,0.0,0.6502,0.3546,67,JFK-BOS,107,6,0,0,0,0,0,6,2025-04-28 06:21:00,2025-04-28 07:58:00,-4,0
2025-03-09 22:00:00,2025-03-09 23:26:00,DL,LAX,ATL,632,6.78,6.6,0.22,3.17,0.5387,-0.6729,76,LAX-ATL,86,22,1,1,0,1,0,27,2025-03-09 22:27:00,2025-03-10 00:06:00,40,1
2025-08-27 08:30:00,2025-08-27 10:59:00,DL,BOS,SFO,1430,1.97,2.55,0.34,0.0,1.2611,-0.1866,28,BOS-SFO,149,8,0,0,0,0,0,10,2025-08-27 08:40:00,2025-08-27 10:57:00,-2,0
2025-03-05 08:20:00,2025-03-05 14:41:00,DL,ATL,BOS,4331,10.7,11.66,0.0,0.12,-0.0985,0.9961,75,ATL-BOS,381,8,0,0,0,0,0,0,2025-03-05 08:20:00,2025-03-05 14:27:00,-14,0
2025-09-03 02:45:00,2025-09-03 09:15:00,UA,ATL,LAX,4435,5.8,0.0,10.78,11.84,0.28,-0.3674,44,ATL-LAX,390,2,0,1,0,0,0,3,2025-09-03 02:48:00,2025-09-03 09:08:00,-7,0
2025-03-01 10:15:00,2025-03-01 11:41:00,DL,SFO,JFK,637,7.62,6.35,0.0,0.86,0.4774,0.3585,97,SFO-JFK,86,10,0,0,0,0,0,4,2025-03-01 10:19:00,2025-03-01 11:40:00,-1,0
2025-06-08 11:10:00,2025-06-08 17:38:00,B6,JFK,LAX,4414,6.36,5.0,0.09,0.55,-1.5544,-0.9879,22,JFK-LAX,388,11,1,0,0,0,0,-4,2025-06-08 11:06:00,2025-06-08 17:36:00,-2,0
2025-10-22 15:45:00,2025-10-22 20:01:00,B6,JFK,LAX,2767,13.71,12.59,0.21,1.06,-1.6123,-0.401,39,JFK-LAX,256,15,0,0,0,0,0,3,2025-10-22 15:48:00,2025-10-22 19:52:00,-9,0
2025-03-25 03:40:00,2025-03-25 06:27:00,WN,BOS,LAX,1656,15.09,11.28,5.8,6.59,0.7359,-0.3888,88,BOS-LAX,167,3,0,1,0,0,0,12,2025-03-25 03:52:00,2025-03-25 06:48:00,21,1
2025-10-08 04:30:00,2025-10-08 10:46:00,WN,LAX,ATL,4257,6.23,2.88,7.41,7.32,0.3692,0.6759,56,LAX-ATL,376,4,0,1,0,0,0,-1,2025-10-08 04:29:00,2025-10-08 10:40:00,-6,0
2025-09-21 10:50:00,2025-09-21 13:10:00,DL,SFO,JFK,1312,26.24,21.34,0.45,0.57,1.3467,-0.6591,88,SFO-JFK,140,10,1,0,0,0,0,5,2025-09-21 10:55:00,2025-09-21 13:13:00,3,0
2025-11-26 01:45:00,2025-11-26 03:45:00,UA,LAX,BOS,1063,18.72,19.63,33.56,33.03,1.8437,-0.3558,11,LAX-BOS,120,1,0,1,1,0,0,67,2025-11-26 02:52:00,2025-11-26 05:21:00,96,1
2025-03-03 03:45:00,2025-03-03 06:01:00,AA,JFK,LAX,1263,4.6,3.76,0.0,1.07,-0.3004,-0.6739,35,JFK-LAX,136,3,0,1,0,0,0,24,2025-03-03 04:09:00,2025-03-03 06:37:00,36,1
2025-09-19 15:45:00,2025-09-19 17:33:00,AA,JFK,BOS,912,37.78,36.81,0.0,0.67,-0.3525,-0.0472,91,JFK-BOS,108,15,0,0,0,0,0,0,2025-09-19 15:45:00,2025-09-19 17:23:00,-10,0
2025-12-08 22:20:00,2025-12-09 02:02:00,UA,SFO,BOS,2336,13.58,14.2,0.0,0.0,-1.3566,-0.4561,40,SFO-BOS,222,22,0,1,0,0,0,3,2025-12-08 22:23:00,2025-12-09 01:58:00,-4,0
2025-10-06 13:00:00,2025-10-06 14:46:00,AA,SFO,LAX,890,10.46,12.78,1.22,0.85,0.5181,-0.6437,30,SFO-LAX,106,13,0,0,0,0,0,7,2025-10-06 13:07:00,2025-10-06 14:55:00,9,0
2025-03-10 03:30:00,2025-03-10 05:44:00,B6,BOS,ATL,1239,13.68,15.34,0.0,0.0,-2.0583,-0.1369,30,BOS-ATL,134,3,0,1,0,0,0,-5,2025-03-10 03:25:00,2025-03-10 05:45:00,1,0
2025-10-28 23:45:00,2025-10-29 02:49:00,WN,SFO,BOS,1859,4.18,3.82,0.0,0.24,-0.9703,-0.0542,91,SFO-BOS,184,23,0,1,0,0,1,18,2025-10-29 00:03:00,2025-10-29 03:06:00,17,1
2025-02-09 12:50:00,2025-02-09 17:27:00,WN,SFO,ATL,3023,20.48,24.07,0.76,0.0,0.3087,-0.3819,29,SFO-ATL,277,12,1,0,0,0,0,-5,2025-02-09 12:45:00,2025-02-09 17:19:00,-8,0
2025-08-03 17:40:00,2025-08-03 23:27:00,B6,SFO,ATL,3903,3.72,1.06,4.16,4.24,-0.6589,0.9337,11,SFO-ATL,347,17,1,0,0,0,0,14,2025-08-03 17:54:00,2025-08-03 23:37:00,10,0
2025-07-01 04:30:00,2025-07-01 05:54:00,UA,ATL,LAX,614,11.63,13.83,0.0,0.0,-0.0473,-0.7088,8,ATL-LAX,84,4,0,1,0,0,0,12,2025-07-01 04:42:00,2025-07-01 06:06:00,12,0
2025-07-13 13:30:00,2025-07-13 18:01:00,B6,ATL,BOS,2948,20.25,22.21,1.17,0.54,-0.207,0.4278,97,ATL-BOS,271,13,1,0,0,0,0,4,2025-07-13 13:34:00,2025-07-13 17:54:00,-7,0
2025-07-09 01:00:00,2025-07-09 02:34:00,AA,BOS,ATL,735,4.35,4.62,3.93,3.08,-1.112,0.0547,63,BOS-ATL,94,1,0,1,0,0,0,11,2025-07-09 01:11:00,2025-07-09 02:38:00,4,0
2025-01-12 15:00:00,2025-01-12 21:32:00,B6,LAX,BOS,4461,16.93,16.84,3.47,0.7,-2.0659,-0.2306,95,LAX-BOS,392,15,1,0,0,0,0,11,2025-01-12 15:11:00,2025-01-12 21:44:00,12,0
2025-07-05 04:00:00,2025-07-05 06:32:00,AA,ATL,LAX,1463,11.93,10.12,0.51,0.0,0.7001,0.3483,76,ATL-LAX,152,4,0,1,0,0,0,16,2025-07-05 04:16:00,2025-07-05 06:27:00,-5,0
2025-12-08 21:50:00,2025-12-09 03:37:00,AA,ATL,LAX,3898,18.48,18.5,9.75,9.29,-0.1778,-0.6926,47,ATL-LAX,347,21,0,1,0,0,0,0,2025-12-08 21:50:00,2025-12-09 03:32:00,-5,0
2025-06-09 01:45:00,2025-06-09 07:05:00,WN,ATL,JFK,3565,20.25,20.86,0.06,0.63,0.3396,0.8602,34,ATL-JFK,320,1,0,1,0,0,0,3,2025-06-09 01:48:00,2025-06-09 07:31:00,26,1
2025-04-12 15:15:00,2025-04-12 18:03:00,WN,ATL,SFO,1662,26.79,26.64,14.39,13.92,-0.0585,0.6663,22,ATL-SFO,168,15,0,0,1,0,1,18,2025-04-12 15:33:00,2025-04-12 18:34:00,31,1
2025-12-30 03:20:00,2025-12-30 06:08:00,DL,SFO,JFK,1657,20.82,22.08,0.0,0.0,-0.0763,0.4879,50,SFO-JFK,168,3,0,1,0,0,1,38,2025-12-30 03:58:00,2025-12-30 06:50:00,42,1
2025-02-06 16:20:00,2025-02-06 19:05:00,AA,LAX,JFK,1631,3.42,0.0,11.97,11.03,0.1635,0.9166,5,LAX-JFK,165,16,0,0,0,0,0,18,2025-02-06 16:38:00,2025-02-06 19:08:00,3,0
2025-06-27 11:10:00,2025-06-27 14:47:00,DL,LAX,SFO,2277,3.28,4.58,0.0,1.83,-0.1924,0.8815,2,LAX-SFO,217,11,0,0,0,0,1,61,2025-06-27 12:11:00,2025-06-27 15:57:00,70,1
2025-07-07 23:20:00,2025-07-08 02:47:00,UA,BOS,LAX,2156,13.88,13.69,0.72,1.17,-0.3385,-0.5961,83,BOS-LAX,207,23,0,1,0,0,0,11,2025-07-07 23:31:00,2025-07-08 02:43:00,-4,0
2025-06-24 15:15:00,2025-06-24 19:55:00,DL,LAX,SFO,3057,19.04,19.9,16.34,14.08,-1.005,0.7731,62,LAX-SFO,280,15,0,0,1,0,1,24,2025-06-24 15:39:00,2025-06-24 20:30:00,35,1
2025-12-03 08:40:00,2025-12-03 12:15:00,B6,LAX,JFK,2250,4.59,4.34,19.85,22.71,2.4825,0.5825,72,LAX-JFK,215,8,0,0,1,0,0,9,2025-12-03 08:49:00,2025-12-03 12:30:00,15,1
2025-06-03 02:45:00,2025-06-03 08:09:00,B6,JFK,LAX,3611,15.19,18.49,3.77,4.61,1.007,-0.1325,32,JFK-LAX,324,2,0,1,0,0,0,19,2025-06-03 03:04:00,2025-06-03 08:16:00,7,0
2025-12-22 14:00:00,2025-12-22 17:36:00,UA,SFO,JFK,2259,23.31,22.33,6.95,8.44,1.491,0.0626,56,SFO-JFK,216,14,0,0,0,0,1,40,2025-12-22 14:40:00,2025-12-22 18:30:00,54,1
2025-01-25 10:20:00,2025-01-25 13:02:00,DL,JFK,LAX,1589,21.12,16.34,0.0,0.0,1.269,0.1242,14,JFK-LAX,162,10,0,0,0,0,0,-2,2025-01-25 10:18:00,2025-01-25 12:59:00,-3,0
2025-09-25 01:50:00,2025-09-25 04:39:00,AA,BOS,JFK,1672,13.97,13.71,4.18,3.82,-0.2792,0.036,50,BOS-JFK,169,1,0,1,0,0,0,7,2025-09-25 01:57:00,2025-09-25 04:32:00,-7,0
2025-08-05 13:45:00,2025-08-05 18:50:00,AA,LAX,ATL,3370,9.57,8.5,0.0,0.59,-0.1817,-0.151,1,LAX-ATL,305,13,0,0,0,0,0,-8,2025-08-05 13:37:00,2025-08-05 18:49:00,-1,0
2025-03-29 05:45:00,2025-03-29 07:31:00,AA,SFO,JFK,890,7.79,11.08,0.36,0.0,0.0029,0.2449,53,SFO-JFK,106,5,0,0,0,0,0,-6,2025-03-29 05:39:00,2025-03-29 07:31:00,0,0
2025-03-25 05:40:00,2025-03-25 08:15:00,DL,SFO,LAX,1501,35.37,32.29,0.0,0.53,-0.3642,0.6471,42,SFO-LAX,155,5,0,0,0,0,1,-5,2025-03-25 05:35:00,2025-03-25 08:22:00,7,0
2025-09-20 00:00:00,2025-09-20 02:44:00,B6,JFK,LAX,1609,0.0,0.0,4.3,5.32,0.8779,0.9066,37,JFK-LAX,164,0,0,1,0,0,0,2,2025-09-20 00:02:00,2025-09-20 02:44:00,0,0
2025-08-21 08:50:00,2025-08-21 13:25:00,WN,JFK,BOS,3006,6.86,7.52,0.0,0.0,-0.8135,0.332,66,JFK-BOS,275,8,0,0,0,0,0,7,2025-08-21 08:57:00,2025-08-21 13:15:00,-10,0
2025-08-12 05:40:00,2025-08-12 07:22:00,AA,SFO,LAX,842,2.94,6.11,0.0,1.7,-1.0669,0.8932,60,SFO-LAX,102,5,0,0,0,0,0,6,2025-08-12 05:46:00,2025-08-12 07:26:00,4,0
2025-01-19 01:50:00,2025-01-19 05:20:00,UA,LAX,JFK,2193,4.66,0.35,0.0,0.7,-1.2964,0.9251,23,LAX-JFK,210,1,1,1,0,1,0,16,2025-01-19 02:06:00,2025-01-19 05:58:00,38,1
2025-08-07 10:50:00,2025-08-07 15:36:00,DL,JFK,ATL,3133,15.12,12.01,1.41,0.0,-0.324,0.3007,0,JFK-ATL,286,10,0,0,0,0,0,16,2025-08-07 11:06:00,2025-08-07 15:57:00,21,1
2025-12-25 05:15:00,2025-12-25 11:25:00,WN,BOS,SFO,4191,13.84,12.32,2.12,0.0,-0.4719,-0.4337,16,BOS-SFO,370,5,1,0,0,0,0,1,2025-12-25 05:16:00,2025-12-25 11:32:00,7,0
2025-01-07 03:00:00,2025-01-07 06:26:00,UA,SFO,BOS,2138,11.29,11.33,7.03,6.73,-0.6188,0.0372,87,SFO-BOS,206,3,0,1,0,0,1,48,2025-01-07 03:48:00,2025-01-07 07:52:00,86,1
2025-06-21 11:40:00,2025-06-21 18:09:00,WN,SFO,JFK,4424,12.03,13.9,0.0,0.0,0.0837,0.8083,61,SFO-JFK,389,11,0,0,0,0,1,9,2025-06-21 11:49:00,2025-06-21 18:35:00,26,1
2025-06-30 01:20:00,2025-06-30 05:43:00,AA,ATL,JFK,2852,16.68,16.21,0.0,1.08,-1.1659,-0.7459,66,ATL-JFK,263,1,0,1,0,0,0,29,2025-06-30 01:49:00,2025-06-30 06:15:00,32,1
2025-11-24 23:00:00,2025-11-25 04:19:00,DL,ATL,BOS,3551,8.82,9.86,15.02,16.37,0.7423,0.4849,59,ATL-BOS,319,23,0,1,1,0,0,27,2025-11-24 23:27:00,2025-11-25 04:56:00,37,1
2025-04-14 11:15:00,2025-04-14 13:36:00,DL,ATL,LAX,1320,12.02,14.53,1.76,1.53,-1.097,0.8923,81,ATL-LAX,141,11,0,0,0,0,0,8,2025-04-14 11:23:00,2025-04-14 13:37:00,1,0
2025-06-23 23:50:00,2025-06-24 05:57:00,B6,BOS,LAX,4144,5.88,7.85,7.01,4.96,-1.1727,0.4355,30,BOS-LAX,367,23,0,1,0,0,0,15,2025-06-24 00:05:00,2025-06-24 05:50:00,-7,0
2025-09-19 21:15:00,2025-09-19 23:41:00,WN,ATL,SFO,1388,13.57,11.9,0.63,0.3,-0.6437,0.8963,43,ATL-SFO,146,21,0,1,0,0,0,20,2025-09-19 21:35:00,2025-09-20 00:09:00,28,1
2025-01-23 23:15:00,2025-01-24 01:00:00,AA,SFO,ATL,873,22.13,22.3,0.13,1.68,-0.1381,0.4446,85,SFO-ATL,105,23,0,1,0,0,0,16,2025-01-23 23:31:00,2025-01-24 01:10:00,10,0
2025-10-20 13:40:00,2025-10-20 15:05:00,AA,SFO,LAX,631,18.2,21.98,14.25,14.51,0.8605,0.9727,11,SFO-LAX,85,13,0,0,1,0,0,2,2025-10-20 13:42:00,2025-10-20 15:11:00,6,0
2025-10-28 10:40:00,2025-10-28 15:19:00,WN,ATL,SFO,3048,29.67,28.42,0.0,0.61,-0.0746,0.9219,59,ATL-SFO,279,10,0,0,0,0,1,16,2025-10-28 10:56:00,2025-10-28 15:45:00,26,1
2025-09-20 17:15:00,2025-09-20 21:45:00,DL,SFO,LAX,2938,7.82,5.21,0.06,2.01,-1.6047,0.255,83,SFO-LAX,270,17,0,0,0,0,1,24,2025-09-20 17:39:00,2025-09-20 22:18:00,33,1
2025-08-25 01:45:00,2025-08-25 03:51:00,UA,ATL,LAX,1133,8.03,5.03,6.75,6.39,0.4875,0.2002,81,ATL-LAX,126,1,0,1,0,0,0,1,2025-08-25 01:46:00,2025-08-25 03:47:00,-4,0
2025-09-30 20:30:00,2025-10-01 02:24:00,DL,LAX,SFO,3990,13.42,13.65,0.0,0.0,0.4683,0.7937,35,LAX-SFO,354,20,0,1,0,0,1,34,2025-09-30 21:04:00,2025-10-01 03:11:00,47,1
2025-10-13 07:10:00,2025-10-13 09:42:00,DL,BOS,ATL,1463,7.21,8.51,0.28,0.0,-0.5804,0.5407,92,BOS-ATL,152,7,0,0,0,0,0,-7,2025-10-13 07:03:00,2025-10-13 09:45:00,3,0
2025-11-26 00:15:00,2025-11-26 04:39:00,AA,ATL,JFK,2861,15.04,16.13,8.92,6.64,0.1708,0.1957,26,ATL-JFK,264,0,0,1,0,0,0,8,2025-11-26 00:23:00,2025-11-26 04:35:00,-4,0
2025-06-06 05:45:00,2025-06-06 09:40:00,UA,JFK,LAX,2495,12.07,10.5,0.07,0.0,1.4346,0.4279,67,JFK-LAX,235,5,0,0,0,0,0,-4,2025-06-06 05:41:00,2025-06-06 09:35:00,-5,0
2025-06-16 05:00:00,2025-06-16 09:18:00,WN,SFO,LAX,2787,5.24,6.89,3.46,4.08,-0.8642,-0.8589,20,SFO-LAX,258,5,0,0,0,0,1,20,2025-06-16 05:20:00,2025-06-16 09:48:00,30,1
2025-08-21 00:00:00,2025-08-21 05:08:00,UA,SFO,BOS,3416,15.06,15.25,0.08,0.97,0.9605,0.9104,29,SFO-BOS,308,0,0,1,0,0,1,18,2025-08-21 00:18:00,2025-08-21 05:32:00,24,1
2025-03-12 16:40:00,2025-03-12 22:51:00,AA,ATL,SFO,4194,6.2,4.24,16.53,16.17,1.2656,-0.1499,51,ATL-SFO,371,16,0,0,1,0,0,27,2025-03-12 17:07:00,2025-03-12 23:18:00,27,1
2025-11-09 02:20:00,2025-11-09 07:21:00,DL,SFO,ATL,3330,25.38,24.48,0.0,0.96,0.1758,-0.8207,67,SFO-ATL,301,2,1,1,0,1,1,42,2025-11-09 03:02:00,2025-11-09 08:16:00,55,1
2025-10-09 20:15:00,2025-10-10 02:19:00,WN,BOS,JFK,4110,10.7,9.76,0.62,0.89,-1.229,-0.2423,27,BOS-JFK,364,20,0,1,0,0,0,6,2025-10-09 20:21:00,2025-10-10 02:32:00,13,0
2025-08-19 10:20:00,2025-08-19 16:11:00,WN,JFK,SFO,3951,5.67,7.46,1.1,0.0,1.3069,0.0279,42,JFK-SFO,351,10,0,0,0,0,0,-10,2025-08-19 10:10:00,2025-08-19 16:17:00,6,0
2025-04-21 17:10:00,2025-04-21 20:10:00,B6,ATL,BOS,1807,11.1,9.32,0.12,0.0,0.916,0.9934,38,ATL-BOS,180,17,0,0,0,0,0,19,2025-04-21 17:29:00,2025-04-21 20:31:00,21,1
2025-05-07 08:15:00,2025-05-07 12:22:00,UA,SFO,JFK,2648,12.23,12.93,0.0,0.0,0.5484,0.2001,18,SFO-JFK,247,8,0,0,0,0,0,21,2025-05-07 08:36:00,2025-05-07 12:40:00,18,1
2025-06-08 03:10:00,2025-06-08 05:15:00,B6,LAX,JFK,1131,6.53,6.61,16.51,16.73,-0.0524,-0.9094,57,LAX-JFK,125,3,1,1,1,1,0,46,2025-06-08 03:56:00,2025-06-08 06:34:00,79,1
2025-08-30 04:30:00,2025-08-30 10:40:00,WN,LAX,BOS,4190,5.02,5.45,0.13,0.0,1.1574,-0.8555,17,LAX-BOS,370,4,0,1,0,0,0,4,2025-08-30 04:34:00,2025-08-30 10:32:00,-8,0
2025-10-11 15:40:00,2025-10-11 22:04:00,B6,LAX,JFK,4361,1.44,1.26,0.8,0.89,-0.8501,-0.1842,50,LAX-JFK,384,15,0,0,0,0,0,4,2025-10-11 15:44:00,2025-10-11 21:59:00,-5,0
2025-09-03 17:50:00,2025-09-03 23:47:00,AA,SFO,JFK,4029,16.52,19.8,0.07,0.0,0.8571,0.7286,15,SFO-JFK,357,17,0,0,0,0,1,51,2025-09-03 18:41:00,2025-09-04 00:52:00,65,1
2025-12-06 06:00:00,2025-12-06 11:08:00,DL,ATL,LAX,3418,24.71,25.17,0.41,0.0,-0.3217,-0.2796,55,ATL-LAX,308,6,0,0,0,0,0,-3,2025-12-06 05:57:00,2025-12-06 10:48:00,-20,0
2025-12-17 08:15:00,2025-12-17 13:59:00,DL,BOS,JFK,3866,20.31,23.43,7.49,7.05,-1.6764,0.9688,46,BOS-JFK,344,8,0,0,0,0,0,13,2025-12-17 08:28:00,2025-12-17 14:09:00,10,0
2025-09-15 22:15:00,2025-09-16 03:41:00,AA,ATL,SFO,3635,3.19,4.52,4.49,1.62,-1.0046,-0.9714,98,ATL-SFO,326,22,0,1,0,0,1,30,2025-09-15 22:45:00,2025-09-16 04:30:00,49,1
2025-05-16 20:30:00,2025-05-16 22:46:00,UA,JFK,ATL,1263,12.77,13.85,3.09,2.86,0.4039,0.0946,59,JFK-ATL,136,20,0,1,0,0,0,-4,2025-05-16 20:26:00,2025-05-16 22:49:00,3,0
2025-08-07 09:30:00,2025-08-07 11:58:00,AA,JFK,LAX,1408,14.4,12.56,5.57,4.04,0.2222,0.9534,61,JFK-LAX,148,9,0,0,0,0,0,-5,2025-08-07 09:25:00,2025-08-07 11:52:00,-6,0
2025-06-05 05:50:00,2025-06-05 09:48:00,WN,ATL,LAX,2532,3.68,4.38,0.0,1.53,0.4433,-0.0332,97,ATL-LAX,238,5,0,0,0,0,0,13,2025-06-05 06:03:00,2025-06-05 10:07:00,19,1
2025-08-18 07:50:00,2025-08-18 11:10:00,DL,LAX,SFO,2066,7.22,8.94,0.0,1.75,-0.3671,0.0156,29,LAX-SFO,200,7,0,0,0,0,1,29,2025-08-18 08:19:00,2025-08-18 11:48:00,38,1
2025-10-24 12:45:00,2025-10-24 17:51:00,DL,ATL,SFO,3392,12.11,13.13,0.58,0.42,0.211,-0.3612,67,ATL-SFO,306,12,0,0,0,0,1,31,2025-10-24 13:16:00,2025-10-24 18:35:00,44,1
2025-05-15 13:10:00,2025-05-15 18:16:00,DL,LAX,BOS,3391,1.78,0.0,23.22,21.57,0.6255,0.6005,27,LAX-BOS,306,13,0,0,1,0,0,16,2025-05-15 13:26:00,2025-05-15 18:44:00,28,1
2025-07-04 04:00:00,2025-07-04 10:27:00,DL,LAX,BOS,4399,4.08,2.89,0.0,1.72,2.3599,0.8605,23,LAX-BOS,387,4,1,1,0,1,0,0,2025-07-04 04:00:00,2025-07-04 10:30:00,3,0
2025-01-17 01:50:00,2025-01-17 07:14:00,UA,SFO,BOS,3611,15.6,16.88,20.93,20.25,-0.3921,-0.1458,4,SFO-BOS,324,1,0,1,1,0,1,42,2025-01-17 02:32:00,2025-01-17 08:32:00,78,1
2025-09-26 11:50:00,2025-09-26 12:53:00,B6,ATL,JFK,348,4.7,7.25,17.02,15.63,1.0247,0.8256,83,ATL-JFK,63,11,0,0,1,0,0,-2,2025-09-26 11:48:00,2025-09-26 13:10:00,17,1
2025-06-28 19:15:00,2025-06-28 22:08:00,AA,SFO,JFK,1730,2.28,0.43,0.0,0.0,0.6466,-0.7208,50,SFO-JFK,173,19,0,0,0,0,1,10,2025-06-28 19:25:00,2025-06-28 22:35:00,27,1
2025-06-17 03:00:00,2025-06-17 05:49:00,AA,JFK,ATL,1673,17.24,17.19,0.0,0.1,0.1226,0.3498,98,JFK-ATL,169,3,0,1,0,0,0,-9,2025-06-17 02:51:00,2025-06-17 05:44:00,-5,0
2025-07-14 09:40:00,2025-07-14 14:12:00,DL,SFO,BOS,2960,3.62,6.63,4.47,2.4,-1.3013,-0.385,8,SFO-BOS,272,9,0,0,0,0,1,39,2025-07-14 10:19:00,2025-07-14 14:54:00,42,1
2025-03-20 03:30:00,2025-03-20 06:24:00,WN,LAX,SFO,1737,16.46,14.52,6.53,8.84,1.3899,-0.7881,41,LAX-SFO,174,3,0,1,0,0,1,38,2025-03-20 04:08:00,2025-03-20 07:17:00,53,1
2025-08-07 05:50:00,2025-08-07 12:18:00,WN,LAX,BOS,4409,27.46,26.65,0.8,0.0,0.2488,0.2341,98,LAX-BOS,388,5,0,0,0,0,0,6,2025-08-07 05:56:00,2025-08-07 12:11:00,-7,0
2025-09-29 14:30:00,2025-09-29 17:06:00,B6,ATL,BOS,1511,3.6,5.92,0.94,0.0,-0.5909,0.0868,88,ATL-BOS,156,14,0,0,0,0,0,4,2025-09-29 14:34:00,2025-09-29 17:09:00,3,0
2025-05-08 06:45:00,2025-05-08 10:11:00,WN,LAX,SFO,2137,6.88,8.59,4.78,6.34,-0.8844,0.1346,76,LAX-SFO,206,6,0,0,0,0,1,19,2025-05-08 07:04:00,2025-05-08 10:46:00,35,1
2025-02-17 06:45:00,2025-02-17 12:19:00,DL,JFK,BOS,3733,13.15,11.61,0.0,0.88,0.261,0.4751,74,JFK-BOS,334,6,1,0,0,0,0,5,2025-02-17 06:50:00,2025-02-17 12:30:00,11,0
2025-05-22 23:00:00,2025-05-23 02:02:00,WN,SFO,BOS,1842,21.66,21.28,10.66,12.34,-0.9379,-0.0486,19,SFO-BOS,182,23,0,1,0,0,0,-10,2025-05-22 22:50:00,2025-05-23 01:49:00,-13,0
2025-03-14 04:10:00,2025-03-14 05:24:00,UA,LAX,SFO,489,7.94,4.8,0.0,0.0,-0.5687,-0.2381,31,LAX-SFO,74,4,0,1,0,0,0,-4,2025-03-14 04:06:00,2025-03-14 05:08:00,-16,0
2025-05-17 04:45:00,2025-05-17 07:36:00,WN,ATL,SFO,1695,2.13,0.0,0.0,0.0,-0.5914,0.4824,69,ATL-SFO,171,4,0,1,0,0,0,-4,2025-05-17 04:41:00,2025-05-17 07:38:00,2,0
2025-08-17 22:10:00,2025-08-18 01:10:00,UA,SFO,JFK,1809,4.8,6.76,0.06,1.56,0.0462,0.4469,0,SFO-JFK,180,22,1,1,0,1,1,46,2025-08-17 22:56:00,2025-08-18 02:40:00,90,1
2025-02-11 13:10:00,2025-02-11 17:35:00,B6,ATL,LAX,2870,8.01,8.06,3.35,1.2,0.6005,0.0539,95,ATL-LAX,265,13,0,0,0,0,0,5,2025-02-11 13:15:00,2025-02-11 17:36:00,1,0
2025-09-30 01:45:00,2025-09-30 06:43:00,WN,BOS,ATL,3289,16.81,17.85,15.96,13.59,-0.3177,0.2398,69,BOS-ATL,298,1,0,1,1,0,0,41,2025-09-30 02:26:00,2025-09-30 07:48:00,65,1
2025-03-23 10:10:00,2025-03-23 14:13:00,B6,BOS,SFO,2604,7.85,8.51,0.95,1.45,-0.2126,0.0172,86,BOS-SFO,243,10,1,0,0,0,1,25,2025-03-23 10:35:00,2025-03-23 14:38:00,25,1
2025-11-23 13:10:00,2025-11-23 16:26:00,B6,SFO,BOS,2008,16.87,15.79,12.91,10.92,0.1083,0.2521,96,SFO-BOS,196,13,1,0,1,0,1,59,2025-11-23 14:09:00,2025-11-23 17:44:00,78,1
2025-09-25 06:00:00,2025-09-25 09:48:00,UA,ATL,LAX,2411,8.27,6.26,24.12,24.95,-0.7485,-0.2009,63,ATL-LAX,228,6,0,0,1,0,0,25,2025-09-25 06:25:00,2025-09-25 10:06:00,18,1
2025-04-10 13:20:00,2025-04-10 15:07:00,DL,SFO,BOS,905,10.72,11.87,11.33,10.14,-0.5872,0.6277,13,SFO-BOS,107,13,0,0,0,0,0,11,2025-04-10 13:31:00,2025-04-10 15:11:00,4,0
2025-07-25 15:40:00,2025-07-25 17:40:00,DL,BOS,JFK,1060,18.22,18.95,0.32,1.29,-0.4673,0.4138,14,BOS-JFK,120,15,0,0,0,0,0,2,2025-07-25 15:42:00,2025-07-25 17:32:00,-8,0
2025-02-10 06:40:00,2025-02-10 11:04:00,DL,LAX,SFO,2865,19.76,20.99,0.09,0.72,0.288,0.4259,91,LAX-SFO,264,6,0,0,0,0,1,33,2025-02-10 07:13:00,2025-02-10 11:56:00,52,1
2025-02-06 19:50:00,2025-02-07 01:40:00,AA,ATL,JFK,3934,31.83,34.45,0.0,0.28,1.6088,0.962,46,ATL-JFK,350,19,0,0,0,0,0,-4,2025-02-06 19:46:00,2025-02-07 01:34:00,-6,0
2025-12-15 10:40:00,2025-12-15 14:35:00,DL,BOS,JFK,2494,13.43,13.55,10.82,10.81,-1.2457,0.0089,20,BOS-JFK,235,10,0,0,0,0,0,9,2025-12-15 10:49:00,2025-12-15 14:30:00,-5,0
2025-10-20 23:45:00,2025-10-21 01:04:00,B6,LAX,JFK,553,2.33,0.0,0.0,0.0,0.2391,0.901,13,LAX-JFK,79,23,0,1,0,0,0,-7,2025-10-20 23:38:00,2025-10-21 00:56:00,-8,0
2025-02-26 02:10:00,2025-02-26 08:39:00,AA,LAX,BOS,4423,13.64,13.7,0.0,0.0,-0.2295,-0.2072,54,LAX-BOS,389,2,0,1,0,0,0,0,2025-02-26 02:10:00,2025-02-26 08:34:00,-5,0
2025-04-14 07:15:00,2025-04-14 10:03:00,B6,SFO,JFK,1661,1.19,0.88,0.23,0.0,-0.1698,0.8198,56,SFO-JFK,168,7,0,0,0,0,1,22,2025-04-14 07:37:00,2025-04-14 10:36:00,33,1
2025-03-14 17:15:00,2025-03-14 22:25:00,AA,SFO,JFK,3443,15.32,16.37,5.01,5.64,-0.488,0.1319,55,SFO-JFK,310,17,0,0,0,0,1,19,2025-03-14 17:34:00,2025-03-14 22:54:00,29,1
2025-05-25 21:00:00,2025-05-26 03:01:00,AA,JFK,ATL,4070,8.66,11.83,0.25,0.32,1.1412,0.1402,39,JFK-ATL,361,21,1,1,0,1,0,-6,2025-05-25 20:54:00,2025-05-26 03:09:00,8,0
2025-04-17 05:50:00,2025-04-17 12:20:00,B6,BOS,JFK,4441,18.95,20.16,22.91,21.62,-2.4259,0.749,22,BOS-JFK,390,5,0,0,1,0,0,2,2025-04-17 05:52:00,2025-04-17 12:24:00,4,0
2025-04-30 23:10:00,2025-05-01 00:48:00,UA,BOS,LAX,789,5.77,9.14,4.12,4.93,-1.1356,0.9089,12,BOS-LAX,98,23,0,1,0,0,0,10,2025-04-30 23:20:00,2025-05-01 01:06:00,18,1
2025-07-13 04:20:00,2025-07-13 06:22:00,DL,SFO,ATL,1082,11.44,8.25,3.05,3.32,1.09,-0.6009,2,SFO-ATL,122,4,1,1,0,1,0,10,2025-07-13 04:30:00,2025-07-13 06:25:00,3,0
2025-03-11 09:15:00,2025-03-11 13:51:00,AA,LAX,SFO,3010,15.52,13.08,13.45,16.11,1.1648,-0.7403,19,LAX-SFO,276,9,0,0,1,0,0,38,2025-03-11 09:53:00,2025-03-11 14:37:00,46,1
2025-11-19 07:00:00,2025-11-19 12:15:00,AA,SFO,LAX,3498,1.49,0.0,0.0,1.37,1.76,0.5542,17,SFO-LAX,315,7,0,0,0,0,1,18,2025-11-19 07:18:00,2025-11-19 12:51:00,36,1
2025-09-23 10:50:00,2025-09-23 16:29:00,DL,JFK,LAX,3806,13.0,14.09,0.6,0.44,0.3066,-0.2836,16,JFK-LAX,339,10,0,0,0,0,0,27,2025-09-23 11:17:00,2025-09-23 16:59:00,30,1
2025-10-05 21:10:00,2025-10-06 01:14:00,AA,JFK,ATL,2616,0.05,1.91,1.41,0.0,0.4822,-0.7237,39,JFK-ATL,244,21,1,1,0,1,0,24,2025-10-05 21:34:00,2025-10-06 01:59:00,45,1
2025-03-03 17:00:00,2025-03-03 18:52:00,WN,SFO,JFK,965,4.67,5.64,0.0,0.0,-1.8631,-0.5383,53,SFO-JFK,112,17,0,0,0,0,0,-4,2025-03-03 16:56:00,2025-03-03 18:47:00,-5,0
2025-09-16 19:15:00,2025-09-17 00:13:00,B6,LAX,SFO,3292,15.31,10.47,0.77,3.59,0.0029,-0.303,18,LAX-SFO,298,19,0,0,0,0,1,27,2025-09-16 19:42:00,2025-09-17 00:53:00,40,1
2025-11-02 06:10:00,2025-11-02 10:54:00,DL,BOS,ATL,3107,1.41,2.01,0.18,0.0,0.5596,0.546,55,BOS-ATL,284,6,1,0,0,0,0,9,2025-11-02 06:19:00,2025-11-02 11:01:00,7,0
2025-03-05 22:50:00,2025-03-06 02:26:00,AA,JFK,LAX,2263,15.83,15.78,0.0,0.0,-0.4879,-0.8526,67,JFK-LAX,216,22,0,1,0,0,0,-8,2025-03-05 22:42:00,2025-03-06 02:21:00,-5,0
2025-10-02 10:10:00,2025-10-02 14:43:00,B6,BOS,SFO,2977,11.96,12.21,8.75,9.01,-0.0922,0.0133,40,BOS-SFO,273,10,0,0,0,0,0,4,2025-10-02 10:14:00,2025-10-02 14:36:00,-7,0
2025-05-11 15:15:00,2025-05-11 17:25:00,WN,LAX,ATL,1192,17.84,18.87,6.33,5.8,1.2322,-0.9649,48,LAX-ATL,130,15,1,0,0,0,0,12,2025-05-11 15:27:00,2025-05-11 17:46:00,21,1
2025-10-15 16:15:00,2025-10-15 21:46:00,DL,ATL,BOS,3705,2.18,2.87,0.4,0.7,1.4568,0.3973,59,ATL-BOS,331,16,0,0,0,0,0,3,2025-10-15 16:18:00,2025-10-15 21:57:00,11,0
2025-06-24 15:00:00,2025-06-24 16:14:00,WN,SFO,LAX,492,31.41,34.87,0.86,0.0,0.2503,0.9267,35,SFO-LAX,74,15,0,0,0,0,0,-5,2025-06-24 14:55:00,2025-06-24 16:19:00,5,0
2025-10-20 14:00:00,2025-10-20 19:41:00,WN,SFO,ATL,3823,3.54,1.52,0.0,0.0,-0.0509,-0.2863,34,SFO-ATL,341,14,0,0,0,0,0,2,2025-10-20 14:02:00,2025-10-20 19:33:00,-8,0
2025-02-23 11:30:00,2025-02-23 17:11:00,WN,ATL,LAX,3820,11.52,12.71,5.17,5.12,0.7289,0.846,23,ATL-LAX,341,11,1,0,0,0,0,6,2025-02-23 11:36:00,2025-02-23 17:04:00,-7,0
2025-05-23 15:10:00,2025-05-23 20:00:00,AA,LAX,JFK,3187,8.56,5.95,0.0,0.0,-0.3694,0.7695,64,LAX-JFK,290,15,0,0,0,0,0,-10,2025-05-23 15:00:00,2025-05-23 19:58:00,-2,0
2025-04-10 21:00:00,2025-04-11 02:33:00,DL,ATL,LAX,3722,6.78,7.05,0.0,0.16,1.0441,-0.3035,66,ATL-LAX,333,21,0,1,0,0,0,-8,2025-04-10 20:52:00,2025-04-11 02:30:00,-3,0
2025-04-01 09:15:00,2025-04-01 15:21:00,UA,BOS,JFK,4134,27.69,27.06,7.5,7.18,-0.5249,-0.5835,56,BOS-JFK,366,9,0,0,0,0,0,-7,2025-04-01 09:08:00,2025-04-01 15:14:00,-7,0
2025-04-23 12:15:00,2025-04-23 14:09:00,WN,BOS,JFK,982,3.72,4.87,1.34,0.0,0.75,-0.3397,89,BOS-JFK,114,12,0,0,0,0,0,3,2025-04-23 12:18:00,2025-04-23 14:06:00,-3,0
2025-05-20 04:20:00,2025-05-20 08:22:00,UA,JFK,LAX,2587,25.44,26.5,0.0,1.46,-0.0197,0.831,20,JFK-LAX,242,4,0,1,0,0,0,5,2025-05-20 04:25:00,2025-05-20 08:24:00,2,0
2025-02-16 08:50:00,2025-02-16 13:26:00,DL,SFO,ATL,3009,16.68,16.55,3.91,5.12,-0.6191,-0.1488,65,SFO-ATL,276,8,1,0,0,0,1,32,2025-02-16 09:22:00,2025-02-16 14:14:00,48,1
2025-09-16 18:15:00,2025-09-17 00:31:00,DL,JFK,BOS,4259,10.12,10.76,6.69,6.83,0.3592,-0.0033,26,JFK-BOS,376,18,0,0,0,0,0,-10,2025-09-16 18:05:00,2025-09-17 00:31:00,0,0
2025-07-20 15:40:00,2025-07-20 20:47:00,UA,BOS,ATL,3398,8.94,9.98,0.31,0.48,-0.3923,-0.7072,40,BOS-ATL,307,15,1,0,0,0,0,-1,2025-07-20 15:39:00,2025-07-20 20:46:00,-1,0
2025-10-30 05:45:00,2025-10-30 10:04:00,AA,ATL,LAX,2796,14.99,14.93,0.0,0.0,0.9943,-0.5436,28,ATL-LAX,259,5,0,0,0,0,0,-10,2025-10-30 05:35:00,2025-10-30 10:05:00,1,0
2025-09-15 13:00:00,2025-09-15 17:06:00,B6,SFO,LAX,2642,8.06,6.83,2.58,2.56,-0.9943,0.8525,2,SFO-LAX,246,13,0,0,0,0,1,14,2025-09-15 13:14:00,2025-09-15 17:26:00,20,1
2025-02-24 19:30:00,2025-02-24 21:17:00,WN,BOS,ATL,903,8.57,6.74,0.25,0.86,0.2247,0.8287,50,BOS-ATL,107,19,0,0,0,0,0,6,2025-02-24 19:36:00,2025-02-24 21:18:00,1,0
2025-01-26 02:20:00,2025-01-26 05:06:00,WN,JFK,ATL,1632,12.26,14.19,7.5,8.95,-0.7321,-0.4073,79,JFK-ATL,166,2,1,1,0,1,0,9,2025-01-26 02:29:00,2025-01-26 05:43:00,37,1
2025-06-04 01:30:00,2025-06-04 04:55:00,WN,ATL,BOS,2119,21.56,26.77,0.59,0.0,1.2011,0.4004,98,ATL-BOS,205,1,0,1,0,0,0,0,2025-06-04 01:30:00,2025-06-04 05:12:00,17,1
2025-06-25 09:10:00,2025-06-25 15:05:00,UA,BOS,ATL,3999,8.35,11.82,0.26,0.0,0.7147,0.3734,52,BOS-ATL,355,9,0,0,0,0,0,-5,2025-06-25 09:05:00,2025-06-25 15:03:00,-2,0
2025-03-29 15:20:00,2025-03-29 21:09:00,UA,JFK,LAX,3919,3.13,1.05,0.48,0.0,-0.0448,-0.1565,71,JFK-LAX,349,15,0,0,0,0,0,-4,2025-03-29 15:16:00,2025-03-29 21:09:00,0,0
2025-10-13 07:00:00,2025-10-13 11:35:00,WN,SFO,JFK,2998,10.53,10.5,0.0,2.68,-0.0153,0.4276,6,SFO-JFK,275,7,0,0,0,0,1,20,2025-10-13 07:20:00,2025-10-13 12:06:00,31,1
2025-08-01 19:50:00,2025-08-01 21:25:00,WN,BOS,SFO,745,8.23,8.82,6.81,7.82,1.6844,0.7905,2,BOS-SFO,95,19,0,0,0,0,0,13,2025-08-01 20:03:00,2025-08-01 21:28:00,3,0
2025-10-01 20:30:00,2025-10-02 01:31:00,WN,JFK,ATL,3324,5.91,7.9,4.42,5.66,0.7591,0.549,72,JFK-ATL,301,20,0,1,0,0,0,13,2025-10-01 20:43:00,2025-10-02 01:50:00,19,1
2025-02-09 12:00:00,2025-02-09 15:33:00,AA,SFO,LAX,2227,12.93,12.96,1.61,0.02,-0.7558,0.1012,49,SFO-LAX,213,12,1,0,0,0,1,35,2025-02-09 12:35:00,2025-02-09 16:38:00,65,1
2025-10-25 09:30:00,2025-10-25 14:08:00,B6,BOS,LAX,3038,5.55,5.32,0.91,0.64,0.9347,0.2705,23,BOS-LAX,278,9,0,0,0,0,0,-10,2025-10-25 09:20:00,2025-10-25 14:09:00,1,0
2025-03-17 01:50:00,2025-03-17 05:15:00,UA,BOS,LAX,2119,11.35,9.57,15.57,14.85,-0.5627,0.6755,47,BOS-LAX,205,1,0,1,1,0,0,61,2025-03-17 02:51:00,2025-03-17 06:36:00,81,1
2025-06-13 19:40:00,2025-06-14 00:41:00,WN,ATL,SFO,3329,11.73,10.1,23.15,22.94,0.153,0.4995,29,ATL-SFO,301,19,0,0,1,0,1,51,2025-06-13 20:31:00,2025-06-14 02:03:00,82,1
2025-06-10 21:15:00,2025-06-10 23:27:00,AA,SFO,ATL,1213,10.99,9.85,0.26,0.02,-2.0982,0.878,24,SFO-ATL,132,21,0,1,0,0,0,6,2025-06-10 21:21:00,2025-06-10 23:23:00,-4,0
2025-10-27 10:50:00,2025-10-27 12:38:00,UA,ATL,SFO,909,11.82,13.91,0.0,0.0,0.8149,0.6793,65,ATL-SFO,108,10,0,0,0,0,0,9,2025-10-27 10:59:00,2025-10-27 12:50:00,12,0
2025-04-12 12:10:00,2025-04-12 14:23:00,UA,BOS,LAX,1223,15.55,14.15,0.56,0.0,-0.6697,-0.8854,66,BOS-LAX,133,12,0,0,0,0,0,0,2025-04-12 12:10:00,2025-04-12 14:26:00,3,0
2025-03-29 18:10:00,2025-03-30 00:19:00,DL,ATL,SFO,4174,9.98,11.16,5.29,6.74,-0.2076,0.4331,18,ATL-SFO,369,18,0,0,0,0,0,-4,2025-03-29 18:06:00,2025-03-30 00:11:00,-8,0
2025-05-04 16:10:00,2025-05-04 17:34:00,B6,LAX,BOS,616,5.27,0.0,15.51,16.26,-1.3931,-0.7322,88,LAX-BOS,84,16,1,0,1,0,0,23,2025-05-04 16:33:00,2025-05-04 18:04:00,30,1
2025-05-12 03:50:00,2025-05-12 06:25:00,UA,BOS,JFK,1500,13.03,10.95,0.0,1.35,0.1804,0.6675,32,BOS-JFK,155,3,0,1,0,0,0,6,2025-05-12 03:56:00,2025-05-12 06:19:00,-6,0
2025-03-08 16:40:00,2025-03-08 19:34:00,B6,LAX,ATL,1738,19.76,18.95,0.0,0.0,0.0705,-0.7999,62,LAX-ATL,174,16,0,0,0,0,0,7,2025-03-08 16:47:00,2025-03-08 19:33:00,-1,0
2025-03-06 22:30:00,2025-03-07 04:10:00,UA,LAX,SFO,3813,2.23,0.0,0.0,0.37,-1.2744,-0.4248,69,LAX-SFO,340,22,0,1,0,0,1,23,2025-03-06 22:53:00,2025-03-07 04:41:00,31,1
2025-03-26 18:40:00,2025-03-26 21:40:00,UA,ATL,LAX,1808,3.96,0.0,0.12,0.55,0.0326,-0.3706,50,ATL-LAX,180,18,0,0,0,0,0,0,2025-03-26 18:40:00,2025-03-26 21:31:00,-9,0
2025-06-20 11:15:00,2025-06-20 17:14:00,UA,BOS,SFO,4052,2.33,5.51,0.42,0.46,-0.2652,0.8657,31,BOS-SFO,359,11,0,0,0,0,1,32,2025-06-20 11:47:00,2025-06-20 17:55:00,41,1
2025-05-06 12:00:00,2025-05-06 18:31:00,WN,ATL,LAX,4449,16.69,19.45,0.0,0.23,1.2239,0.9763,92,ATL-LAX,391,12,0,0,0,0,0,-5,2025-05-06 11:55:00,2025-05-06 18:18:00,-13,0
2025-05-24 06:45:00,2025-05-24 11:23:00,WN,ATL,LAX,3035,6.53,3.67,7.21,10.35,-0.7085,0.0775,9,ATL-LAX,278,6,0,0,0,0,0,7,2025-05-24 06:52:00,2025-05-24 11:14:00,-9,0
2025-09-20 15:50:00,2025-09-20 18:44:00,B6,JFK,LAX,1740,20.38,17.98,9.1,10.5,0.479,0.0441,35,JFK-LAX,174,15,0,0,0,0,0,-7,2025-09-20 15:43:00,2025-09-20 18:45:00,1,0
2025-03-29 05:00:00,2025-03-29 09:20:00,DL,BOS,JFK,2812,10.34,11.54,13.14,10.74,-1.4704,0.0806,10,BOS-JFK,260,5,0,0,1,0,0,40,2025-03-29 05:40:00,2025-03-29 10:13:00,53,1
2025-11-29 08:00:00,2025-11-29 12:44:00,WN,ATL,LAX,3110,4.1,3.81,1.22,0.0,0.08,0.2802,59,ATL-LAX,284,8,0,0,0,0,0,6,2025-11-29 08:06:00,2025-11-29 12:30:00,-14,0
2025-10-02 06:30:00,2025-10-02 08:06:00,B6,JFK,BOS,758,45.22,47.01,25.63,26.72,0.3576,-0.8623,54,JFK-BOS,96,6,0,0,1,0,0,40,2025-10-02 07:10:00,2025-10-02 09:05:00,59,1
2025-03-05 08:00:00,2025-03-05 13:39:00,B6,JFK,BOS,3798,4.06,3.11,9.12,9.46,0.4074,-0.4071,45,JFK-BOS,339,8,0,0,0,0,0,2,2025-03-05 08:02:00,2025-03-05 13:22:00,-17,0
2025-04-25 08:40:00,2025-04-25 12:06:00,UA,SFO,BOS,2132,10.5,10.01,0.0,0.0,-0.1188,0.2237,99,SFO-BOS,206,8,0,0,0,0,0,2,2025-04-25 08:42:00,2025-04-25 12:02:00,-4,0
2025-03-08 01:50:00,2025-03-08 07:33:00,UA,LAX,BOS,3852,4.59,5.3,0.49,0.08,1.7318,-0.5305,77,LAX-BOS,343,1,0,1,0,0,0,-2,2025-03-08 01:48:00,2025-03-08 07:26:00,-7,0
2025-04-10 17:15:00,2025-04-10 21:39:00,WN,BOS,LAX,2868,10.47,10.22,0.01,1.59,-0.3606,0.2186,52,BOS-LAX,264,17,0,0,0,0,0,-5,2025-04-10 17:10:00,2025-04-10 21:36:00,-3,0
2025-05-14 10:15:00,2025-05-14 16:03:00,UA,JFK,BOS,3915,4.37,6.42,0.0,0.0,0.4817,0.8014,77,JFK-BOS,348,10,0,0,0,0,0,6,2025-05-14 10:21:00,2025-05-14 16:08:00,5,0
2025-02-17 22:45:00,2025-02-18 00:11:00,AA,ATL,LAX,643,6.91,8.99,27.32,25.84,-0.3148,0.5369,97,ATL-LAX,86,22,1,1,1,1,0,79,2025-02-18 00:04:00,2025-02-18 02:12:00,121,1
2025-01-06 04:15:00,2025-01-06 05:28:00,WN,BOS,ATL,478,4.95,5.9,0.25,0.51,-0.8379,0.0673,65,BOS-ATL,73,4,0,1,0,0,0,2,2025-01-06 04:17:00,2025-01-06 05:23:00,-5,0
2025-06-10 16:10:00,2025-06-10 17:46:00,WN,JFK,SFO,768,5.81,9.09,0.0,0.34,-1.1876,-0.4422,90,JFK-SFO,96,16,0,0,0,0,0,5,2025-06-10 16:15:00,2025-06-10 17:47:00,1,0
2025-09-13 04:00:00,2025-09-13 09:53:00,UA,ATL,JFK,3972,19.67,18.36,0.0,0.52,-0.9144,-0.1768,50,ATL-JFK,353,4,0,1,0,0,0,7,2025-09-13 04:07:00,2025-09-13 09:50:00,-3,0
2025-04-21 13:45:00,2025-04-21 20:18:00,UA,SFO,JFK,4472,4.1,4.44,0.71,0.32,0.6043,-0.8281,87,SFO-JFK,393,13,0,0,0,0,0,7,2025-04-21 13:52:00,2025-04-21 20:32:00,14,0
2025-11-11 11:50:00,2025-11-11 18:25:00,UA,JFK,SFO,4494,4.23,3.86,0.0,0.0,1.3271,-0.7099,30,JFK-SFO,395,11,0,0,0,0,0,-5,2025-11-11 11:45:00,2025-11-11 18:21:00,-4,0
2025-05-15 10:00:00,2025-05-15 12:51:00,UA,LAX,ATL,1695,7.21,7.4,0.0,0.56,0.6013,0.9972,44,LAX-ATL,171,10,0,0,0,0,0,20,2025-05-15 10:20:00,2025-05-15 13:22:00,31,1
2025-11-25 15:45:00,2025-11-25 18:13:00,WN,BOS,SFO,1409,7.92,8.61,0.0,0.21,-0.335,0.8336,73,BOS-SFO,148,15,0,0,0,0,0,14,2025-11-25 15:59:00,2025-11-25 18:37:00,24,1
2025-03-28 19:10:00,2025-03-28 22:06:00,AA,SFO,LAX,1768,22.71,23.28,0.21,0.0,-0.6283,0.2351,56,SFO-LAX,176,19,0,0,0,0,0,-7,2025-03-28 19:03:00,2025-03-28 22:11:00,5,0
2025-07-16 07:10:00,2025-07-16 12:44:00,DL,BOS,LAX,3732,6.11,7.29,0.0,0.0,0.1642,0.2583,35,BOS-LAX,334,7,0,0,0,0,0,-2,2025-07-16 07:08:00,2025-07-16 12:45:00,1,0
2025-10-06 20:20:00,2025-10-06 22:43:00,B6,SFO,JFK,1356,19.04,22.09,0.0,0.0,-1.0413,-0.4388,63,SFO-JFK,143,20,0,1,0,0,0,-5,2025-10-06 20:15:00,2025-10-06 22:29:00,-14,0
2025-01-22 04:20:00,2025-01-22 08:23:00,B6,JFK,LAX,2598,26.68,25.1,0.0,0.0,0.8838,-0.217,13,JFK-LAX,243,4,0,1,0,0,0,-2,2025-01-22 04:18:00,2025-01-22 08:21:00,-2,0
2025-12-06 07:45:00,2025-12-06 12:21:00,AA,LAX,BOS,3013,10.35,9.77,0.24,0.56,0.3695,-0.5898,0,LAX-BOS,276,7,0,0,0,0,0,5,2025-12-06 07:50:00,2025-12-06 12:26:00,5,0
2025-05-14 07:40:00,2025-05-14 10:40:00,AA,BOS,LAX,1817,4.18,3.04,0.0,0.0,-0.9678,0.9007,54,BOS-LAX,180,7,0,0,0,0,0,9,2025-05-14 07:49:00,2025-05-14 11:18:00,38,1
2025-07-01 22:10:00,2025-07-02 01:48:00,AA,SFO,BOS,2286,25.13,23.19,6.3,7.18,1.4914,0.6303,4,SFO-BOS,218,22,0,1,0,0,0,4,2025-07-01 22:14:00,2025-07-02 01:52:00,4,0
2025-08-18 02:30:00,2025-08-18 07:12:00,B6,ATL,BOS,3093,19.35,16.46,1.15,1.38,-1.2062,-0.4126,2,ATL-BOS,282,2,0,1,0,0,0,5,2025-08-18 02:35:00,2025-08-18 07:12:00,0,0
2025-08-23 09:50:00,2025-08-23 15:15:00,B6,ATL,LAX,3619,3.18,9.38,0.76,0.0,0.0518,-0.2749,95,ATL-LAX,325,9,0,0,0,0,0,5,2025-08-23 09:55:00,2025-08-23 15:18:00,3,0
2025-01-09 10:40:00,2025-01-09 12:43:00,UA,JFK,SFO,1096,28.01,25.0,0.46,0.0,0.8338,-0.9779,37,JFK-SFO,123,10,0,0,0,0,0,-6,2025-01-09 10:34:00,2025-01-09 12:30:00,-13,0
2025-11-13 19:10:00,2025-11-13 23:01:00,WN,SFO,JFK,2452,3.31,9.54,6.72,6.79,0.7343,-0.4642,43,SFO-JFK,231,19,0,0,0,0,1,39,2025-11-13 19:49:00,2025-11-13 23:42:00,41,1
2025-08-16 11:10:00,2025-08-16 13:01:00,WN,SFO,BOS,948,8.91,10.56,0.0,1.48,-0.625,-0.4694,38,SFO-BOS,111,11,0,0,0,0,0,13,2025-08-16 11:23:00,2025-08-16 13:33:00,32,1
2025-12-31 23:20:00,2026-01-01 00:24:00,B6,SFO,ATL,364,17.64,13.56,21.82,23.99,-0.4123,-0.6926,83,SFO-ATL,64,23,1,1,1,1,0,37,2025-12-31 23:57:00,2026-01-01 01:19:00,55,1
2025-06-22 17:20:00,2025-06-22 21:56:00,B6,JFK,SFO,3009,29.32,29.65,0.33,1.05,-0.9557,0.8308,41,JFK-SFO,276,17,1,0,0,0,0,12,2025-06-22 17:32:00,2025-06-22 21:54:00,-2,0
2025-08-12 16:15:00,2025-08-12 19:56:00,B6,SFO,JFK,2327,12.21,10.79,28.94,29.43,0.2188,-0.9537,12,SFO-JFK,221,16,0,0,1,0,0,23,2025-08-12 16:38:00,2025-08-12 20:36:00,40,1
2025-06-10 18:00:00,2025-06-10 20:26:00,DL,JFK,ATL,1389,8.63,7.66,0.0,0.8,0.8201,0.1213,76,JFK-ATL,146,18,0,0,0,0,0,-1,2025-06-10 17:59:00,2025-06-10 20:27:00,1,0
2025-11-21 03:00:00,2025-11-21 04:17:00,DL,JFK,ATL,531,8.11,5.12,0.2,0.0,-1.9094,-0.1654,25,JFK-ATL,77,3,0,1,0,0,0,12,2025-11-21 03:12:00,2025-11-21 04:34:00,17,1
2025-10-31 10:30:00,2025-10-31 16:47:00,AA,ATL,JFK,4272,10.77,7.94,0.0,0.61,0.5559,-0.1994,31,ATL-JFK,377,10,0,0,0,0,0,4,2025-10-31 10:34:00,2025-10-31 16:39:00,-8,0
2025-11-28 14:50:00,2025-11-28 20:27:00,B6,LAX,ATL,3772,36.64,37.83,17.47,18.01,-0.4919,-0.6989,5,LAX-ATL,337,14,0,0,1,0,0,43,2025-11-28 15:33:00,2025-11-28 21:05:00,38,1
2025-07-04 05:30:00,2025-07-04 11:43:00,UA,BOS,JFK,4228,17.02,14.98,0.62,0.0,-0.093,0.5863,88,BOS-JFK,373,5,1,0,0,0,0,2,2025-07-04 05:32:00,2025-07-04 11:39:00,-4,0
2025-10-16 02:20:00,2025-10-16 03:57:00,AA,ATL,JFK,777,10.8,15.36,0.1,0.0,-1.0648,-0.3518,76,ATL-JFK,97,2,0,1,0,0,0,3,2025-10-16 02:23:00,2025-10-16 04:02:00,5,0
2025-05-11 03:50:00,2025-05-11 04:54:00,B6,BOS,LAX,359,15.93,16.58,22.14,23.15,-0.6188,0.3687,7,BOS-LAX,64,3,1,1,1,1,0,56,2025-05-11 04:46:00,2025-05-11 06:15:00,81,1
2025-06-18 18:40:00,2025-06-18 20:52:00,B6,LAX,JFK,1211,8.22,3.95,19.09,19.14,1.9923,-0.3683,25,LAX-JFK,132,18,0,0,1,0,0,24,2025-06-18 19:04:00,2025-06-18 21:49:00,57,1
2025-10-05 15:40:00,2025-10-05 17:13:00,B6,BOS,LAX,722,23.79,25.95,0.0,0.96,-0.3383,0.817,94,BOS-LAX,93,15,1,0,0,0,0,13,2025-10-05 15:53:00,2025-10-05 17:20:00,7,0
2025-01-30 06:30:00,2025-01-30 10:03:00,WN,BOS,JFK,2231,14.9,13.42,4.52,5.59,-0.0109,-0.5452,79,BOS-JFK,213,6,0,0,0,0,0,16,2025-01-30 06:46:00,2025-01-30 09:58:00,-5,0
2025-09-17 17:45:00,2025-09-17 22:21:00,B6,BOS,LAX,3010,5.9,11.14,19.66,19.16,-0.9149,0.6645,36,BOS-LAX,276,17,0,0,1,0,0,47,2025-09-17 18:32:00,2025-09-17 23:08:00,47,1
2025-01-06 16:30:00,2025-01-06 18:35:00,B6,JFK,LAX,1119,7.03,6.79,0.0,0.0,2.5828,0.487,77,JFK-LAX,125,16,0,0,0,0,0,9,2025-01-06 16:39:00,2025-01-06 18:44:00,9,0
2025-07-31 19:30:00,2025-07-31 22:42:00,UA,LAX,ATL,1966,3.04,0.89,0.0,0.82,0.4659,0.7402,35,LAX-ATL,192,19,0,0,0,0,0,-6,2025-07-31 19:24:00,2025-07-31 22:37:00,-5,0
2025-06-24 21:30:00,2025-06-25 01:30:00,UA,LAX,JFK,2564,20.81,17.16,0.0,1.29,-0.0215,0.9735,10,LAX-JFK,240,21,0,1,0,0,0,1,2025-06-24 21:31:00,2025-06-25 01:38:00,8,0
2025-06-21 21:45:00,2025-06-22 00:31:00,DL,ATL,LAX,1632,3.83,4.0,1.81,1.27,0.9204,0.1555,52,ATL-LAX,166,21,0,1,0,0,0,26,2025-06-21 22:11:00,2025-06-22 01:12:00,41,1
2025-06-30 04:50:00,2025-06-30 08:24:00,WN,BOS,JFK,2234,25.78,23.46,0.0,0.47,0.355,0.4599,28,BOS-JFK,214,4,0,1,0,0,0,4,2025-06-30 04:54:00,2025-06-30 08:33:00,9,0
2025-06-29 18:15:00,2025-06-29 22:32:00,B6,LAX,BOS,2779,4.36,7.64,12.04,15.27,-0.1721,0.1411,98,LAX-BOS,257,18,1,0,1,0,0,23,2025-06-29 18:38:00,2025-06-29 23:14:00,42,1
2025-05-29 09:40:00,2025-05-29 15:59:00,B6,BOS,SFO,4300,6.2,5.33,5.9,4.86,-0.1283,0.7886,53,BOS-SFO,379,9,0,0,0,0,1,19,2025-05-29 09:59:00,2025-05-29 16:35:00,36,1
2025-06-14 09:00:00,2025-06-14 11:43:00,B6,ATL,JFK,1602,29.18,34.48,1.35,2.33,-1.5392,0.2339,26,ATL-JFK,163,9,0,0,0,0,0,-5,2025-06-14 08:55:00,2025-06-14 11:42:00,-1,0
2025-07-27 15:30:00,2025-07-27 16:59:00,DL,BOS,SFO,671,17.8,15.6,0.25,0.0,-0.3656,0.6923,80,BOS-SFO,89,15,1,0,0,0,0,-9,2025-07-27 15:21:00,2025-07-27 16:55:00,-4,0
2025-10-06 14:50:00,2025-10-06 20:41:00,WN,LAX,BOS,3947,11.51,8.06,0.0,0.0,-0.5053,-0.4708,86,LAX-BOS,351,14,0,0,0,0,0,13,2025-10-06 15:03:00,2025-10-06 20:57:00,16,1
2025-07-21 10:40:00,2025-07-21 14:53:00,DL,LAX,BOS,2722,30.78,31.57,0.38,0.0,0.3211,-0.91,79,LAX-BOS,253,10,0,0,0,0,0,9,2025-07-21 10:49:00,2025-07-21 14:51:00,-2,0
2025-08-23 23:15:00,2025-08-24 02:53:00,AA,ATL,LAX,2282,7.54,8.8,0.0,0.0,-0.2117,-0.8023,98,ATL-LAX,218,23,0,1,0,0,0,45,2025-08-24 00:00:00,2025-08-24 03:57:00,64,1
2025-11-02 04:30:00,2025-11-02 09:31:00,B6,LAX,SFO,3325,6.61,6.67,2.52,2.59,0.6858,0.3052,53,LAX-SFO,301,4,1,1,0,1,1,43,2025-11-02 05:13:00,2025-11-02 10:19:00,48,1
2025-12-28 02:15:00,2025-12-28 08:44:00,DL,ATL,JFK,4421,11.42,10.03,0.28,0.0,0.0997,0.6707,36,ATL-JFK,389,2,1,1,0,1,0,42,2025-12-28 02:57:00,2025-12-28 09:38:00,54,1
2025-02-09 00:20:00,2025-02-09 02:02:00,B6,LAX,SFO,836,19.18,17.9,4.49,4.27,-0.8412,-0.5156,69,LAX-SFO,102,0,1,1,0,1,0,14,2025-02-09 00:34:00,2025-02-09 02:14:00,12,0
2025-09-18 19:10:00,2025-09-19 00:58:00,UA,JFK,SFO,3914,4.54,4.67,4.4,5.5,1.4887,0.1805,10,JFK-SFO,348,19,0,0,0,0,0,7,2025-09-18 19:17:00,2025-09-19 01:22:00,24,1
2025-03-24 09:30:00,2025-03-24 14:03:00,WN,ATL,BOS,2973,5.3,5.55,5.57,5.03,-0.3866,0.0506,93,ATL-BOS,273,9,0,0,0,0,0,-6,2025-03-24 09:24:00,2025-03-24 13:56:00,-7,0
2025-03-13 10:10:00,2025-03-13 14:26:00,UA,BOS,LAX,2758,4.62,2.69,8.2,7.5,0.5542,0.3178,81,BOS-LAX,256,10,0,0,0,0,0,7,2025-03-13 10:17:00,2025-03-13 14:42:00,16,1
2025-10-17 15:20:00,2025-10-17 21:09:00,UA,SFO,BOS,3929,3.24,5.22,14.19,16.07,-1.3111,-0.539,41,SFO-BOS,349,15,0,0,1,0,1,26,2025-10-17 15:46:00,2025-10-17 21:52:00,43,1
2025-01-26 10:50:00,2025-01-26 13:31:00,B6,JFK,SFO,1577,10.25,10.87,0.0,0.0,0.7701,-0.5558,35,JFK-SFO,161,10,1,0,0,0,0,-7,2025-01-26 10:43:00,2025-01-26 13:32:00,1,0
2025-11-06 13:45:00,2025-11-06 19:09:00,AA,LAX,BOS,3607,5.29,3.62,0.0,0.0,-1.6359,0.5591,13,LAX-BOS,324,13,0,0,0,0,0,26,2025-11-06 14:11:00,2025-11-06 19:33:00,24,1
2025-10-09 01:20:00,2025-10-09 05:31:00,AA,LAX,ATL,2696,1.5,3.61,0.0,0.0,1.9371,-0.903,45,LAX-ATL,251,1,0,1,0,0,0,10,2025-10-09 01:30:00,2025-10-09 05:29:00,-2,0
2025-12-30 03:50:00,2025-12-30 10:03:00,WN,ATL,LAX,4227,9.25,3.84,6.51,6.72,0.6847,0.388,13,ATL-LAX,373,3,0,1,0,0,0,-1,2025-12-30 03:49:00,2025-12-30 10:11:00,8,0
2025-09-01 22:00:00,2025-09-02 01:36:00,B6,SFO,JFK,2264,4.26,6.24,0.0,0.0,-0.2175,-0.8569,14,SFO-JFK,216,22,1,1,0,1,1,25,2025-09-01 22:25:00,2025-09-02 02:17:00,41,1
2025-11-15 10:50:00,2025-11-15 15:51:00,B6,BOS,JFK,3326,15.11,14.08,0.0,0.4,0.5714,-0.7937,37,BOS-JFK,301,10,0,0,0,0,0,-6,2025-11-15 10:44:00,2025-11-15 15:37:00,-14,0
2025-02-13 04:15:00,2025-02-13 08:01:00,WN,LAX,BOS,2388,17.38,17.27,0.0,0.82,-1.2674,-0.5143,69,LAX-BOS,226,4,0,1,0,0,0,16,2025-02-13 04:31:00,2025-02-13 08:34:00,33,1
2025-11-21 08:45:00,2025-11-21 11:56:00,AA,JFK,SFO,1954,7.25,9.74,0.95,0.0,-0.2023,-0.3171,11,JFK-SFO,191,8,0,0,0,0,0,10,2025-11-21 08:55:00,2025-11-21 12:00:00,4,0
2025-02-28 08:50:00,2025-02-28 11:55:00,AA,JFK,SFO,1876,6.54,6.03,0.17,0.0,0.745,0.9736,16,JFK-SFO,185,8,0,0,0,0,1,20,2025-02-28 09:10:00,2025-02-28 12:36:00,41,1
2025-04-25 06:30:00,2025-04-25 12:38:00,DL,BOS,LAX,4165,29.63,29.94,1.1,0.0,0.573,-0.0872,88,BOS-LAX,368,6,0,0,0,0,0,1,2025-04-25 06:31:00,2025-04-25 12:33:00,-5,0
2025-02-16 07:30:00,2025-02-16 13:10:00,WN,SFO,ATL,3818,18.0,18.21,0.0,0.0,-0.0077,-0.142,90,SFO-ATL,340,7,1,0,0,0,1,-6,2025-02-16 07:24:00,2025-02-16 13:31:00,21,1
2025-05-27 17:40:00,2025-05-27 19:55:00,AA,ATL,BOS,1246,15.2,11.29,14.91,14.86,0.3156,0.5417,54,ATL-BOS,135,17,0,0,1,0,0,34,2025-05-27 18:14:00,2025-05-27 20:28:00,33,1
2025-10-01 02:10:00,2025-10-01 08:00:00,DL,SFO,LAX,3935,6.8,5.89,15.16,13.87,1.0807,-0.4606,22,SFO-LAX,350,2,0,1,1,0,0,29,2025-10-01 02:39:00,2025-10-01 08:43:00,43,1
2025-04-08 07:10:00,2025-04-08 11:25:00,DL,BOS,JFK,2751,18.43,17.14,0.0,0.0,0.723,0.194,76,BOS-JFK,255,7,0,0,0,0,0,13,2025-04-08 07:23:00,2025-04-08 11:35:00,10,0
2025-10-28 11:15:00,2025-10-28 12:49:00,AA,SFO,ATL,737,4.61,3.52,0.0,0.8,-1.8786,0.3997,14,SFO-ATL,94,11,0,0,0,0,0,7,2025-10-28 11:22:00,2025-10-28 12:56:00,7,0
2025-08-10 12:20:00,2025-08-10 17:36:00,UA,ATL,SFO,3515,18.39,17.08,0.0,0.0,-0.0078,0.7123,99,ATL-SFO,316,12,1,0,0,0,1,57,2025-08-10 13:17:00,2025-08-10 19:01:00,85,1
2025-08-18 21:40:00,2025-08-18 23:33:00,DL,ATL,LAX,981,12.01,16.39,0.0,1.16,0.0187,-0.7552,6,ATL-LAX,113,21,0,1,0,0,0,-6,2025-08-18 21:34:00,2025-08-18 23:27:00,-6,0
2025-12-09 22:15:00,2025-12-10 04:07:00,AA,ATL,SFO,3963,17.2,14.82,11.29,11.17,-1.2505,0.3097,40,ATL-SFO,352,22,0,1,0,0,1,13,2025-12-09 22:28:00,2025-12-10 04:38:00,31,1
2025-06-07 07:30:00,2025-06-07 11:02:00,UA,JFK,LAX,2208,11.12,9.52,0.02,0.49,-1.0558,-0.9905,36,JFK-LAX,212,7,0,0,0,0,0,-10,2025-06-07 07:20:00,2025-06-07 10:53:00,-9,0
2025-05-06 12:00:00,2025-05-06 18:07:00,UA,BOS,LAX,4149,4.61,1.16,0.0,0.0,1.4973,-0.0064,80,BOS-LAX,367,12,0,0,0,0,0,13,2025-05-06 12:13:00,2025-05-06 17:59:00,-8,0
2025-12-30 00:00:00,2025-12-30 03:41:00,DL,JFK,ATL,2329,4.58,2.09,7.3,7.73,-0.726,-0.2787,99,JFK-ATL,221,0,0,1,0,0,0,9,2025-12-30 00:09:00,2025-12-30 03:33:00,-8,0
2025-07-23 14:50:00,2025-07-23 16:17:00,AA,SFO,BOS,656,14.87,16.53,0.0,0.0,-0.4234,0.6295,73,SFO-BOS,87,14,0,0,0,0,0,9,2025-07-23 14:59:00,2025-07-23 16:05:00,-12,0
2025-08-13 03:45:00,2025-08-13 09:02:00,AA,ATL,SFO,3520,14.25,14.21,0.0,0.21,-0.7997,0.4544,17,ATL-SFO,317,3,0,1,0,0,1,18,2025-08-13 04:03:00,2025-08-13 09:34:00,32,1
2025-04-19 01:45:00,2025-04-19 06:48:00,B6,JFK,ATL,3349,5.49,7.95,0.65,1.23,0.4133,0.383,25,JFK-ATL,303,1,0,1,0,0,0,5,2025-04-19 01:50:00,2025-04-19 06:48:00,0,0
2025-03-20 16:15:00,2025-03-20 18:56:00,B6,LAX,SFO,1569,8.69,8.4,0.0,0.47,0.2794,-0.6609,0,LAX-SFO,161,16,0,0,0,0,0,-5,2025-03-20 16:10:00,2025-03-20 18:54:00,-2,0
2025-03-03 04:30:00,2025-03-03 06:38:00,WN,JFK,BOS,1157,21.28,21.2,11.88,10.6,1.9384,-0.3798,11,JFK-BOS,128,4,0,1,0,0,0,10,2025-03-03 04:40:00,2025-03-03 06:40:00,2,0
2025-03-23 11:40:00,2025-03-23 17:29:00,DL,SFO,LAX,3927,9.63,12.61,4.47,2.7,-0.5365,-0.4247,23,SFO-LAX,349,11,1,0,0,0,1,45,2025-03-23 12:25:00,2025-03-23 18:39:00,70,1
2025-03-13 02:15:00,2025-03-13 07:36:00,WN,LAX,JFK,3572,6.99,4.24,11.94,11.7,0.5236,-0.612,0,LAX-JFK,321,2,0,1,0,0,0,-3,2025-03-13 02:12:00,2025-03-13 07:24:00,-12,0
2025-09-30 17:40:00,2025-09-30 20:19:00,B6,ATL,BOS,1551,24.37,22.18,12.27,12.33,-1.8868,-0.1574,24,ATL-BOS,159,17,0,0,1,0,0,12,2025-09-30 17:52:00,2025-09-30 20:47:00,28,1
2025-01-22 18:40:00,2025-01-22 23:34:00,B6,JFK,BOS,3242,22.32,23.26,0.0,0.15,-1.4182,-0.1496,82,JFK-BOS,294,18,0,0,0,0,0,7,2025-01-22 18:47:00,2025-01-22 23:46:00,12,0
2025-08-18 13:20:00,2025-08-18 15:40:00,WN,BOS,JFK,1311,10.63,10.34,0.0,0.0,1.3315,-0.3002,20,BOS-JFK,140,13,0,0,0,0,0,-3,2025-08-18 13:17:00,2025-08-18 15:47:00,7,0
2025-12-13 20:20:00,2025-12-13 22:20:00,AA,ATL,SFO,1061,12.42,11.85,15.28,15.91,1.1051,0.5882,97,ATL-SFO,120,20,0,1,1,0,0,47,2025-12-13 21:07:00,2025-12-13 23:49:00,89,1
2025-10-07 10:15:00,2025-10-07 14:57:00,UA,SFO,LAX,3088,18.06,19.94,0.0,0.66,0.4439,0.3812,22,SFO-LAX,282,10,0,0,0,0,0,-3,2025-10-07 10:12:00,2025-10-07 14:52:00,-5,0
2025-05-28 04:45:00,2025-05-28 10:24:00,B6,BOS,LAX,3797,16.7,15.68,0.4,1.39,1.1265,0.5899,38,BOS-LAX,339,4,0,1,0,0,0,3,2025-05-28 04:48:00,2025-05-28 10:25:00,1,0
2025-01-22 03:50:00,2025-01-22 09:58:00,WN,ATL,LAX,4158,1.42,3.61,2.46,2.51,-1.0757,0.6165,63,ATL-LAX,368,3,0,1,0,0,0,-2,2025-01-22 03:48:00,2025-01-22 09:53:00,-5,0
2025-11-01 05:50:00,2025-11-01 09:24:00,AA,BOS,JFK,2239,24.89,26.86,0.81,2.46,1.6527,-0.5586,53,BOS-JFK,214,5,0,0,0,0,0,-6,2025-11-01 05:44:00,2025-11-01 09:17:00,-7,0
2025-01-02 04:45:00,2025-01-02 06:32:00,B6,SFO,LAX,902,3.58,2.99,14.14,14.37,-1.0349,0.8925,17,SFO-LAX,107,4,0,1,1,0,0,56,2025-01-02 05:41:00,2025-01-02 07:24:00,52,1
2025-09-06 07:15:00,2025-09-06 11:17:00,UA,JFK,BOS,2584,14.49,14.52,0.0,0.17,0.3242,0.301,19,JFK-BOS,242,7,0,0,0,0,0,12,2025-09-06 07:27:00,2025-09-06 11:40:00,23,1
2025-09-02 05:45:00,2025-09-02 10:33:00,AA,SFO,ATL,3159,0.79,1.3,0.83,0.26,2.7719,0.5966,24,SFO-ATL,288,5,0,0,0,0,0,10,2025-09-02 05:55:00,2025-09-02 10:34:00,1,0
2025-03-12 14:10:00,2025-03-12 20:35:00,AA,JFK,BOS,4379,15.31,21.8,15.73,17.13,-0.882,0.8567,77,JFK-BOS,385,14,0,0,1,0,0,39,2025-03-12 14:49:00,2025-03-12 21:57:00,82,1
2025-09-28 03:50:00,2025-09-28 05:27:00,UA,ATL,BOS,771,4.22,3.09,0.27,0.0,1.3485,0.6305,68,ATL-BOS,97,3,1,1,0,1,0,-1,2025-09-28 03:49:00,2025-09-28 05:55:00,28,1
2025-03-06 14:15:00,2025-03-06 18:55:00,B6,BOS,JFK,3057,7.79,5.2,0.0,0.0,0.9664,0.1192,2,BOS-JFK,280,14,0,0,0,0,0,10,2025-03-06 14:25:00,2025-03-06 18:53:00,-2,0
2025-03-24 08:20:00,2025-03-24 12:11:00,WN,ATL,LAX,2451,17.03,16.57,0.85,0.0,-0.5336,-0.0402,26,ATL-LAX,231,8,0,0,0,0,0,11,2025-03-24 08:31:00,2025-03-24 12:25:00,14,0
2025-10-24 16:00:00,2025-10-24 20:17:00,UA,JFK,LAX,2771,5.23,7.29,0.24,0.0,2.09,0.0959,13,JFK-LAX,257,16,0,0,0,0,0,37,2025-10-24 16:37:00,2025-10-24 21:04:00,47,1
2025-12-24 12:00:00,2025-12-24 13:30:00,UA,BOS,LAX,689,5.18,5.75,0.0,0.0,-0.9117,0.749,74,BOS-LAX,90,12,1,0,0,0,0,4,2025-12-24 12:04:00,2025-12-24 13:20:00,-10,0
2025-04-07 21:20:00,2025-04-07 22:25:00,DL,SFO,ATL,370,4.34,4.58,0.0,0.0,-0.0366,-0.8677,93,SFO-ATL,65,21,0,1,0,0,0,8,2025-04-07 21:28:00,2025-04-07 22:54:00,29,1
2025-12-03 10:30:00,2025-12-03 14:53:00,AA,BOS,ATL,2847,11.03,10.06,0.0,0.0,0.6415,-0.2261,4,BOS-ATL,263,10,0,0,0,0,0,2,2025-12-03 10:32:00,2025-12-03 14:46:00,-7,0
2025-11-30 07:00:00,2025-11-30 09:06:00,UA,BOS,SFO,1136,7.36,2.0,11.06,10.09,-0.0956,-0.4314,30,BOS-SFO,126,7,1,0,0,0,0,12,2025-11-30 07:12:00,2025-11-30 09:12:00,6,0
2025-10-08 14:45:00,2025-10-08 19:10:00,AA,SFO,BOS,2878,14.43,13.87,35.24,35.75,3.1085,-0.107,94,SFO-BOS,265,14,0,0,1,0,1,38,2025-10-08 15:23:00,2025-10-08 20:28:00,78,1
2025-02-21 15:00:00,2025-02-21 16:08:00,B6,JFK,ATL,411,23.88,21.21,0.76,1.19,-1.2581,0.2043,54,JFK-ATL,68,15,0,0,0,0,0,-2,2025-02-21 14:58:00,2025-02-21 16:10:00,2,0
2025-04-20 10:50:00,2025-04-20 16:18:00,DL,ATL,SFO,3665,4.09,1.81,0.0,0.0,1.6179,0.5449,46,ATL-SFO,328,10,1,0,0,0,1,17,2025-04-20 11:07:00,2025-04-20 16:38:00,20,1
2025-09-05 13:15:00,2025-09-05 16:06:00,DL,JFK,BOS,1699,6.19,6.88,0.0,1.48,-2.2623,-0.983,44,JFK-BOS,171,13,0,0,0,0,0,18,2025-09-05 13:33:00,2025-09-05 16:46:00,40,1
2025-12-31 11:20:00,2025-12-31 14:51:00,UA,BOS,SFO,2194,4.02,7.39,0.67,0.39,-2.8911,-0.1368,18,BOS-SFO,211,11,1,0,0,0,0,12,2025-12-31 11:32:00,2025-12-31 14:58:00,7,0
2025-10-25 07:10:00,2025-10-25 10:05:00,DL,LAX,SFO,1746,2.85,0.98,0.3,1.1,0.0529,-0.4194,17,LAX-SFO,175,7,0,0,0,0,0,-6,2025-10-25 07:04:00,2025-10-25 10:02:00,-3,0
2025-06-03 07:45:00,2025-06-03 11:05:00,WN,JFK,LAX,2057,13.09,12.4,5.89,5.92,0.7371,0.4724,38,JFK-LAX,200,7,0,0,0,0,0,-1,2025-06-03 07:44:00,2025-06-03 11:26:00,21,1
2025-03-27 21:40:00,2025-03-28 01:37:00,AA,LAX,ATL,2527,8.06,11.47,2.02,0.0,1.4901,-0.4511,70,LAX-ATL,237,21,0,1,0,0,0,3,2025-03-27 21:43:00,2025-03-28 01:31:00,-6,0
2025-12-17 16:00:00,2025-12-17 20:36:00,B6,SFO,LAX,3011,24.46,24.46,0.01,0.63,1.6084,-0.5317,72,SFO-LAX,276,16,0,0,0,0,0,9,2025-12-17 16:09:00,2025-12-17 20:38:00,2,0
2025-04-11 02:00:00,2025-04-11 06:51:00,DL,LAX,ATL,3197,16.61,20.68,1.19,0.0,0.2,-0.6543,90,LAX-ATL,291,2,0,1,0,0,0,10,2025-04-11 02:10:00,2025-04-11 06:49:00,-2,0
2025-05-05 23:30:00,2025-05-06 06:02:00,WN,BOS,ATL,4458,10.28,10.19,0.12,0.0,0.4984,0.0064,57,BOS-ATL,392,23,0,1,0,0,0,12,2025-05-05 23:42:00,2025-05-06 05:58:00,-4,0
2025-12-19 17:45:00,2025-12-19 19:44:00,B6,BOS,LAX,1053,10.28,7.99,5.63,6.25,0.243,-0.8958,56,BOS-LAX,119,17,0,0,0,0,0,-8,2025-12-19 17:37:00,2025-12-19 19:49:00,5,0
2025-07-25 01:00:00,2025-07-25 06:52:00,AA,JFK,ATL,3960,6.56,6.42,0.14,0.37,1.5259,0.3955,30,JFK-ATL,352,1,0,1,0,0,0,0,2025-07-25 01:00:00,2025-07-25 06:50:00,-2,0
2025-04-07 17:10:00,2025-04-07 21:31:00,UA,JFK,BOS,2826,10.56,12.35,0.0,0.11,-1.2354,0.7685,26,JFK-BOS,261,17,0,0,0,0,0,13,2025-04-07 17:23:00,2025-04-07 21:38:00,7,0
2025-01-02 14:30:00,2025-01-02 17:13:00,UA,BOS,LAX,1600,4.87,2.16,0.0,1.56,-0.6648,-0.6082,68,BOS-LAX,163,14,0,0,0,0,0,5,2025-01-02 14:35:00,2025-01-02 17:08:00,-5,0
2025-06-06 21:00:00,2025-06-07 03:07:00,AA,SFO,ATL,4151,8.76,7.88,0.0,0.0,0.8562,-0.0099,84,SFO-ATL,367,21,0,1,0,0,0,13,2025-06-06 21:13:00,2025-06-07 03:31:00,24,1
2025-12-26 11:15:00,2025-12-26 16:11:00,WN,SFO,BOS,3268,11.28,11.71,2.67,2.91,1.0528,0.7605,81,SFO-BOS,296,11,0,0,0,0,0,19,2025-12-26 11:34:00,2025-12-26 16:23:00,12,0
2025-06-07 12:00:00,2025-06-07 14:01:00,B6,BOS,ATL,1077,8.48,12.42,29.37,29.9,1.3458,0.705,29,BOS-ATL,121,12,0,0,1,0,0,34,2025-06-07 12:34:00,2025-06-07 14:46:00,45,1
2025-09-13 07:20:00,2025-09-13 09:18:00,AA,LAX,SFO,1034,7.16,6.54,6.03,4.58,-0.0705,0.5639,49,LAX-SFO,118,7,0,0,0,0,0,9,2025-09-13 07:29:00,2025-09-13 09:17:00,-1,0
2025-04-03 07:40:00,2025-04-03 12:20:00,B6,SFO,ATL,3068,11.05,10.49,0.0,0.0,-0.4981,-0.6268,81,SFO-ATL,280,7,0,0,0,0,0,-9,2025-04-03 07:31:00,2025-04-03 12:18:00,-2,0
2025-10-11 14:20:00,2025-10-11 19:24:00,UA,ATL,BOS,3364,4.11,8.91,0.0,0.17,0.7038,-0.126,24,ATL-BOS,304,14,0,0,0,0,0,-3,2025-10-11 14:17:00,2025-10-11 19:23:00,-1,0
2025-10-11 19:15:00,2025-10-11 20:29:00,B6,BOS,JFK,491,7.48,6.88,0.0,1.5,-1.0968,0.9665,85,BOS-JFK,74,19,0,0,0,0,0,8,2025-10-11 19:23:00,2025-10-11 20:49:00,20,1
2025-08-11 21:20:00,2025-08-12 01:50:00,DL,LAX,BOS,2938,17.0,18.4,0.43,0.14,1.6663,-0.5159,26,LAX-BOS,270,21,0,1,0,0,0,0,2025-08-11 21:20:00,2025-08-12 01:37:00,-13,0
2025-10-09 18:30:00,2025-10-09 22:27:00,AA,JFK,BOS,2530,17.54,15.98,5.18,5.79,-0.5029,-0.7333,85,JFK-BOS,237,18,0,0,0,0,0,5,2025-10-09 18:35:00,2025-10-09 22:38:00,11,0
2025-07-31 14:10:00,2025-07-31 20:35:00,WN,LAX,SFO,4371,10.2,13.11,0.0,0.82,-0.2767,-0.1736,84,LAX-SFO,385,14,0,0,0,0,1,36,2025-07-31 14:46:00,2025-07-31 21:16:00,41,1
2025-05-19 12:00:00,2025-05-19 17:08:00,UA,JFK,LAX,3414,4.39,2.55,0.98,0.0,0.7513,-0.6977,72,JFK-LAX,308,12,0,0,0,0,0,-5,2025-05-19 11:55:00,2025-05-19 17:08:00,0,0
2025-09-27 08:10:00,2025-09-27 14:14:00,WN,ATL,BOS,4118,6.03,8.56,0.33,0.08,-0.7263,-0.0584,23,ATL-BOS,364,8,0,0,0,0,0,5,2025-09-27 08:15:00,2025-09-27 14:24:00,10,0
2025-11-01 18:50:00,2025-11-01 20:00:00,B6,JFK,SFO,442,12.2,14.28,11.4,11.04,-1.1493,0.2383,95,JFK-SFO,70,18,0,0,0,0,0,11,2025-11-01 19:01:00,2025-11-01 20:08:00,8,0
2025-11-03 07:40:00,2025-11-03 12:56:00,B6,JFK,SFO,3509,7.16,5.93,0.0,1.5,1.1528,-0.2098,78,JFK-SFO,316,7,0,0,0,0,0,-5,2025-11-03 07:35:00,2025-11-03 13:02:00,6,0
2025-03-19 06:10:00,2025-03-19 09:01:00,AA,SFO,ATL,1701,27.45,25.03,0.0,0.7,-1.0431,-0.4944,89,SFO-ATL,171,6,0,0,0,0,0,22,2025-03-19 06:32:00,2025-03-19 09:37:00,36,1
2025-09-04 20:15:00,2025-09-05 00:20:00,AA,ATL,SFO,2624,4.94,5.94,0.0,0.87,0.2598,-0.0792,62,ATL-SFO,245,20,0,1,0,0,1,21,2025-09-04 20:36:00,2025-09-05 00:50:00,30,1
2025-01-02 14:20:00,2025-01-02 20:14:00,DL,ATL,BOS,3987,9.89,11.26,6.02,5.72,0.0215,0.5815,93,ATL-BOS,354,14,0,0,0,0,0,-3,2025-01-02 14:17:00,2025-01-02 20:11:00,-3,0
2025-07-28 08:10:00,2025-07-28 14:01:00,AA,ATL,BOS,3953,1.97,3.54,0.19,0.1,-1.8994,0.6353,15,ATL-BOS,351,8,0,0,0,0,0,-3,2025-07-28 08:07:00,2025-07-28 13:53:00,-8,0
2025-07-28 20:45:00,2025-07-28 23:00:00,B6,JFK,ATL,1247,19.2,21.37,0.0,0.84,-1.0467,-0.9876,42,JFK-ATL,135,20,0,1,0,0,0,2,2025-07-28 20:47:00,2025-07-28 22:42:00,-18,0
2025-05-13 23:50:00,2025-05-14 02:10:00,UA,SFO,JFK,1308,26.46,28.45,0.91,0.0,0.3546,-0.9101,5,SFO-JFK,140,23,0,1,0,0,0,-6,2025-05-13 23:44:00,2025-05-14 02:02:00,-8,0
2025-12-29 07:10:00,2025-12-29 12:12:00,AA,LAX,BOS,3336,4.96,4.17,0.0,1.28,1.233,0.8345,24,LAX-BOS,302,7,0,0,0,0,0,2,2025-12-29 07:12:00,2025-12-29 12:09:00,-3,0
2025-11-19 12:00:00,2025-11-19 17:54:00,UA,SFO,JFK,3987,4.66,1.52,3.11,2.68,-0.7621,-0.5444,1,SFO-JFK,354,12,0,0,0,0,1,8,2025-11-19 12:08:00,2025-11-19 18:12:00,18,1
2025-01-15 11:15:00,2025-01-15 15:40:00,WN,SFO,BOS,2871,11.81,9.83,1.38,1.04,-0.886,-0.1874,99,SFO-BOS,265,11,0,0,0,0,0,2,2025-01-15 11:17:00,2025-01-15 15:33:00,-7,0
2025-03-18 16:30:00,2025-03-18 17:47:00,WN,LAX,SFO,529,29.26,30.03,11.45,11.85,0.6314,-0.7752,16,LAX-SFO,77,16,0,0,0,0,0,18,2025-03-18 16:48:00,2025-03-18 18:07:00,20,1
2025-03-17 22:45:00,2025-03-18 00:39:00,B6,LAX,SFO,987,0.96,3.86,0.0,0.68,0.8018,-0.3309,13,LAX-SFO,114,22,0,1,0,0,0,3,2025-03-17 22:48:00,2025-03-18 00:29:00,-10,0
2025-11-24 13:15:00,2025-11-24 18:26:00,WN,BOS,JFK,3447,10.11,5.69,0.0,0.0,0.934,0.5224,8,BOS-JFK,311,13,0,0,0,0,0,14,2025-11-24 13:29:00,2025-11-24 18:51:00,25,1
2025-07-09 19:15:00,2025-07-10 00:23:00,WN,SFO,BOS,3415,13.11,10.87,0.23,0.27,0.2208,-0.894,58,SFO-BOS,308,19,0,0,0,0,1,42,2025-07-09 19:57:00,2025-07-10 01:02:00,39,1
2025-09-24 14:10:00,2025-09-24 20:10:00,AA,LAX,SFO,4065,11.05,11.73,0.0,0.0,-0.5305,-0.1033,94,LAX-SFO,360,14,0,0,0,0,0,14,2025-09-24 14:24:00,2025-09-24 20:25:00,15,1
2025-10-23 21:00:00,2025-10-24 00:58:00,B6,SFO,JFK,2534,14.39,12.7,0.0,0.0,0.7837,0.2316,69,SFO-JFK,238,21,0,1,0,0,1,32,2025-10-23 21:32:00,2025-10-24 01:58:00,60,1
2025-10-08 09:00:00,2025-10-08 12:23:00,WN,SFO,BOS,2095,23.73,24.15,3.54,1.75,-0.0839,-0.4269,82,SFO-BOS,203,9,0,0,0,0,0,5,2025-10-08 09:05:00,2025-10-08 12:13:00,-10,0
2025-02-02 09:20:00,2025-02-02 10:57:00,WN,BOS,LAX,770,19.67,17.73,0.0,0.03,0.671,0.6424,35,BOS-LAX,97,9,1,0,0,0,0,3,2025-02-02 09:23:00,2025-02-02 11:05:00,8,0
2025-02-21 10:30:00,2025-02-21 15:52:00,B6,ATL,JFK,3584,7.37,8.34,0.0,0.13,-0.5188,-0.9927,15,ATL-JFK,322,10,0,0,0,0,0,4,2025-02-21 10:34:00,2025-02-21 15:48:00,-4,0
2025-05-25 23:00:00,2025-05-26 05:18:00,B6,SFO,LAX,4287,4.38,1.7,0.0,0.0,-0.2099,-0.1457,27,SFO-LAX,378,23,1,1,0,1,0,17,2025-05-25 23:17:00,2025-05-26 05:41:00,23,1
2025-05-04 14:10:00,2025-05-04 15:24:00,UA,JFK,ATL,490,19.38,16.82,8.65,8.26,0.5354,0.704,72,JFK-ATL,74,14,1,0,0,0,0,1,2025-05-04 14:11:00,2025-05-04 15:23:00,-1,0
2025-09-30 03:50:00,2025-09-30 07:34:00,WN,SFO,BOS,2366,6.79,9.59,17.74,18.09,-2.0571,-0.7667,14,SFO-BOS,224,3,0,1,1,0,0,38,2025-09-30 04:28:00,2025-09-30 08:27:00,53,1
2025-02-27 00:50:00,2025-02-27 03:48:00,B6,LAX,JFK,1792,8.48,9.49,0.0,0.41,1.3387,-0.616,49,LAX-JFK,178,0,0,1,0,0,0,-9,2025-02-27 00:41:00,2025-02-27 03:44:00,-4,0
2025-05-16 12:40:00,2025-05-16 17:49:00,AA,BOS,ATL,3429,17.53,17.42,9.8,10.33,-0.0504,0.3104,4,BOS-ATL,309,12,0,0,0,0,0,-5,2025-05-16 12:35:00,2025-05-16 17:40:00,-9,0
2025-03-28 19:30:00,2025-03-29 00:45:00,AA,BOS,SFO,3506,21.3,18.48,14.04,13.41,-2.8182,-0.371,11,BOS-SFO,315,19,0,0,1,0,1,28,2025-03-28 19:58:00,2025-03-29 01:35:00,50,1
2025-03-10 11:30:00,2025-03-10 13:42:00,DL,LAX,SFO,1214,16.58,18.1,3.06,3.78,0.169,-0.5061,97,LAX-SFO,132,11,0,0,0,0,0,-3,2025-03-10 11:27:00,2025-03-10 13:31:00,-11,0
2025-03-05 13:15:00,2025-03-05 19:34:00,WN,BOS,ATL,4298,25.96,28.32,0.0,0.0,-0.4333,0.0442,40,BOS-ATL,379,13,0,0,0,0,0,10,2025-03-05 13:25:00,2025-03-05 19:26:00,-8,0
2025-03-13 19:10:00,2025-03-13 20:55:00,B6,BOS,LAX,876,10.24,10.79,0.0,0.0,-1.0423,0.2642,43,BOS-LAX,105,19,0,0,0,0,0,4,2025-03-13 19:14:00,2025-03-13 20:48:00,-7,0
2025-07-25 12:20:00,2025-07-25 17:41:00,DL,BOS,JFK,3581,5.32,5.23,38.72,38.5,1.9578,0.4302,29,BOS-JFK,321,12,0,0,1,0,0,15,2025-07-25 12:35:00,2025-07-25 18:00:00,19,1
2025-05-30 21:40:00,2025-05-31 02:48:00,DL,LAX,ATL,3413,6.84,4.74,0.0,0.0,0.837,-0.2357,29,LAX-ATL,308,21,0,1,0,0,0,0,2025-05-30 21:40:00,2025-05-31 02:44:00,-4,0
2025-06-08 15:40:00,2025-06-08 17:33:00,AA,ATL,JFK,981,7.84,7.15,4.2,4.19,-0.158,0.1783,68,ATL-JFK,113,15,1,0,0,0,0,28,2025-06-08 16:08:00,2025-06-08 17:51:00,18,1
2025-06-24 17:40:00,2025-06-24 22:25:00,DL,ATL,LAX,3130,4.99,9.27,6.28,7.57,0.0545,0.8358,18,ATL-LAX,285,17,0,0,0,0,0,5,2025-06-24 17:45:00,2025-06-24 22:40:00,15,1
2025-09-28 18:30:00,2025-09-28 21:00:00,AA,ATL,SFO,1435,11.63,12.38,0.0,0.0,0.2671,0.9009,51,ATL-SFO,150,18,1,0,0,0,0,6,2025-09-28 18:36:00,2025-09-28 20:59:00,-1,0
2025-11-11 15:00:00,2025-11-11 17:31:00,UA,LAX,JFK,1451,13.78,13.06,0.0,2.06,-1.6284,0.265,23,LAX-JFK,151,15,0,0,0,0,0,6,2025-11-11 15:06:00,2025-11-11 17:26:00,-5,0
2025-07-12 01:40:00,2025-07-12 03:08:00,B6,ATL,BOS,663,2.77,4.73,29.44,31.18,2.6288,0.0758,4,ATL-BOS,88,1,0,1,1,0,0,31,2025-07-12 02:11:00,2025-07-12 03:47:00,39,1
2025-08-23 10:50:00,2025-08-23 16:00:00,UA,JFK,BOS,3434,17.8,17.6,0.41,0.07,0.0445,0.4848,52,JFK-BOS,310,10,0,0,0,0,0,17,2025-08-23 11:07:00,2025-08-23 16:30:00,30,1
2025-09-27 03:40:00,2025-09-27 09:10:00,UA,ATL,LAX,3691,20.08,15.62,2.85,1.97,1.8085,0.8171,17,ATL-LAX,330,3,0,1,0,0,0,3,2025-09-27 03:43:00,2025-09-27 09:25:00,15,1
2025-09-09 12:30:00,2025-09-09 16:19:00,B6,JFK,ATL,2420,14.9,11.87,8.42,9.84,-0.8481,-0.5499,24,JFK-ATL,229,12,0,0,0,0,0,3,2025-09-09 12:33:00,2025-09-09 16:19:00,0,0
2025-02-19 03:10:00,2025-02-19 08:30:00,AA,ATL,BOS,3558,6.5,7.06,0.08,0.75,0.5868,-0.2547,83,ATL-BOS,320,3,0,1,0,0,0,1,2025-02-19 03:11:00,2025-02-19 08:26:00,-4,0
2025-12-25 12:45:00,2025-12-25 15:41:00,B6,ATL,JFK,1764,20.11,23.01,14.94,16.35,-1.1835,-0.9556,27,ATL-JFK,176,12,1,0,1,0,0,42,2025-12-25 13:27:00,2025-12-25 16:48:00,67,1
2025-03-02 08:20:00,2025-03-02 12:29:00,DL,JFK,LAX,2673,8.88,9.24,0.0,0.0,-2.8817,0.9346,64,JFK-LAX,249,8,1,0,0,0,0,-3,2025-03-02 08:17:00,2025-03-02 12:26:00,-3,0
2025-05-31 00:15:00,2025-05-31 05:38:00,AA,LAX,JFK,3604,6.3,7.08,0.0,0.0,0.9044,0.6352,98,LAX-JFK,323,0,0,1,0,0,0,6,2025-05-31 00:21:00,2025-05-31 05:31:00,-7,0
2025-08-27 02:20:00,2025-08-27 05:44:00,UA,ATL,SFO,2109,2.49,2.65,7.2,5.61,0.195,-0.8469,40,ATL-SFO,204,2,0,1,0,0,1,16,2025-08-27 02:36:00,2025-08-27 06:11:00,27,1
2025-05-28 12:00:00,2025-05-28 16:26:00,AA,JFK,LAX,2890,12.86,8.84,0.96,1.49,-0.5303,0.738,59,JFK-LAX,266,12,0,0,0,0,0,-3,2025-05-28 11:57:00,2025-05-28 16:31:00,5,0
2025-03-30 01:50:00,2025-03-30 03:38:00,UA,SFO,BOS,909,6.51,5.87,0.0,0.5,-3.3751,0.4148,10,SFO-BOS,108,1,1,1,0,1,0,48,2025-03-30 02:38:00,2025-03-30 04:24:00,46,1
2025-12-04 20:40:00,2025-12-05 00:29:00,WN,LAX,BOS,2430,3.57,2.28,0.81,0.0,-0.4706,0.7255,10,LAX-BOS,229,20,0,1,0,0,0,13,2025-12-04 20:53:00,2025-12-05 00:34:00,5,0
2025-01-27 18:15:00,2025-01-28 00:00:00,WN,LAX,BOS,3873,1.99,2.41,0.77,0.0,0.2736,0.7023,74,LAX-BOS,345,18,0,0,0,0,0,-3,2025-01-27 18:12:00,2025-01-27 23:57:00,-3,0
2025-03-31 17:45:00,2025-03-31 23:04:00,AA,BOS,SFO,3547,10.86,11.03,0.21,0.0,-1.0773,-0.505,75,BOS-SFO,319,17,0,0,0,0,1,31,2025-03-31 18:16:00,2025-03-31 23:32:00,28,1
2025-12-29 04:00:00,2025-12-29 06:40:00,WN,SFO,BOS,1560,3.46,0.0,13.66,13.22,0.1319,-0.4166,26,SFO-BOS,160,4,0,1,1,0,1,44,2025-12-29 04:44:00,2025-12-29 08:03:00,83,1
2025-09-24 19:20:00,2025-09-24 23:22:00,DL,ATL,SFO,2588,0.24,0.0,0.66,0.17,-0.6347,-0.3237,7,ATL-SFO,242,19,0,0,0,0,1,14,2025-09-24 19:34:00,2025-09-24 23:57:00,35,1
2025-02-01 15:40:00,2025-02-01 20:07:00,AA,LAX,BOS,2902,18.11,19.4,0.0,0.0,-1.2017,0.3909,32,LAX-BOS,267,15,0,0,0,0,0,20,2025-02-01 16:00:00,2025-02-01 20:43:00,36,1
2025-10-03 09:00:00,2025-10-03 15:14:00,DL,JFK,LAX,4241,1.61,2.78,8.6,7.46,-0.1423,0.3198,31,JFK-LAX,374,9,0,0,0,0,0,23,2025-10-03 09:23:00,2025-10-03 15:34:00,20,1
2025-12-20 00:40:00,2025-12-20 06:17:00,UA,ATL,JFK,3781,15.44,10.34,4.63,3.57,-2.1698,-0.0239,34,ATL-JFK,337,0,0,1,0,0,0,-5,2025-12-20 00:35:00,2025-12-20 06:14:00,-3,0
2025-02-05 12:45:00,2025-02-05 18:19:00,DL,SFO,ATL,3735,11.04,12.1,0.0,1.09,0.5014,0.0885,33,SFO-ATL,334,12,0,0,0,0,1,25,2025-02-05 13:10:00,2025-02-05 18:48:00,29,1
2025-06-01 19:30:00,2025-06-02 00:42:00,UA,LAX,ATL,3461,7.5,8.68,1.34,0.0,0.0984,-0.0982,90,LAX-ATL,312,19,1,0,0,0,0,-6,2025-06-01 19:24:00,2025-06-02 00:42:00,0,0
2025-06-20 00:10:00,2025-06-20 03:09:00,WN,BOS,JFK,1804,25.45,24.48,5.3,2.74,0.6049,-0.3502,69,BOS-JFK,179,0,0,1,0,0,0,1,2025-06-20 00:11:00,2025-06-20 03:07:00,-2,0
2025-02-17 01:40:00,2025-02-17 04:46:00,AA,ATL,JFK,1883,16.67,15.69,0.77,0.0,1.1286,0.6282,15,ATL-JFK,186,1,1,1,0,1,0,28,2025-02-17 02:08:00,2025-02-17 05:26:00,40,1
2025-03-15 09:15:00,2025-03-15 12:50:00,DL,LAX,BOS,2252,8.58,9.79,19.43,20.87,-0.2527,0.1427,7,LAX-BOS,215,9,0,0,1,0,0,6,2025-03-15 09:21:00,2025-03-15 13:06:00,16,1
2025-03-05 12:40:00,2025-03-05 16:02:00,DL,JFK,ATL,2089,3.28,1.13,0.0,0.0,-2.6879,0.5313,94,JFK-ATL,202,12,0,0,0,0,0,15,2025-03-05 12:55:00,2025-03-05 16:19:00,17,1
2025-03-09 11:40:00,2025-03-09 18:01:00,WN,ATL,JFK,4320,15.43,15.95,0.0,0.0,-0.2567,-0.6817,57,ATL-JFK,381,11,1,0,0,0,0,-6,2025-03-09 11:34:00,2025-03-09 18:01:00,0,0
2025-05-28 10:00:00,2025-05-28 15:53:00,DL,SFO,BOS,3976,16.12,18.06,3.43,1.83,-1.145,-0.5067,20,SFO-BOS,353,10,0,0,0,0,0,-2,2025-05-28 09:58:00,2025-05-28 16:02:00,9,0
2025-06-19 06:00:00,2025-06-19 12:00:00,WN,LAX,ATL,4059,9.74,13.47,0.49,0.02,1.4327,-0.1891,52,LAX-ATL,360,6,0,0,0,0,0,-4,2025-06-19 05:56:00,2025-06-19 11:52:00,-8,0
2025-03-28 01:00:00,2025-03-28 05:23:00,WN,JFK,BOS,2851,10.45,8.74,5.23,4.98,-0.3708,-0.5513,20,JFK-BOS,263,1,0,1,0,0,0,-8,2025-03-28 00:52:00,2025-03-28 05:17:00,-6,0
2025-04-16 00:00:00,2025-04-16 02:03:00,AA,BOS,JFK,1102,15.61,13.28,1.2,0.44,0.8413,0.2205,33,BOS-JFK,123,0,0,1,0,0,0,-5,2025-04-15 23:55:00,2025-04-16 02:09:00,6,0
2025-03-12 02:15:00,2025-03-12 04:02:00,WN,BOS,SFO,903,9.99,11.47,0.0,2.73,1.461,0.4288,36,BOS-SFO,107,2,0,1,0,0,0,13,2025-03-12 02:28:00,2025-03-12 04:03:00,1,0
2025-10-18 16:00:00,2025-10-18 18:31:00,DL,JFK,BOS,1452,4.17,6.35,0.0,0.0,-0.7477,-0.5459,48,JFK-BOS,151,16,0,0,0,0,0,-1,2025-10-18 15:59:00,2025-10-18 18:23:00,-8,0
2025-03-19 18:50:00,2025-03-19 23:28:00,DL,ATL,BOS,3034,4.36,4.57,0.01,0.0,0.0755,-0.9739,69,ATL-BOS,278,18,0,0,0,0,0,-1,2025-03-19 18:49:00,2025-03-19 23:25:00,-3,0
2025-11-28 10:50:00,2025-11-28 13:51:00,AA,BOS,SFO,1830,9.2,8.11,0.97,2.08,0.0392,0.2133,46,BOS-SFO,181,10,0,0,0,0,1,22,2025-11-28 11:12:00,2025-11-28 14:27:00,36,1
2025-07-16 01:10:00,2025-07-16 05:49:00,UA,BOS,JFK,3051,4.41,3.46,5.01,3.52,2.2063,0.9623,15,BOS-JFK,279,1,0,1,0,0,0,3,2025-07-16 01:13:00,2025-07-16 05:59:00,10,0
2025-10-20 09:15:00,2025-10-20 15:10:00,WN,ATL,SFO,3995,17.34,14.3,3.59,1.7,1.2661,-0.3454,97,ATL-SFO,355,9,0,0,0,0,1,19,2025-10-20 09:34:00,2025-10-20 16:07:00,57,1
2025-08-21 23:40:00,2025-08-22 02:31:00,AA,ATL,JFK,1704,10.1,9.2,0.18,0.51,-1.0642,0.2686,29,ATL-JFK,171,23,0,1,0,0,0,14,2025-08-21 23:54:00,2025-08-22 02:42:00,11,0
2025-04-08 05:40:00,2025-04-08 11:51:00,AA,BOS,JFK,4195,17.58,17.13,0.57,0.0,-0.6107,-0.9041,67,BOS-JFK,371,5,0,0,0,0,0,15,2025-04-08 05:55:00,2025-04-08 11:50:00,-1,0
2025-08-08 11:30:00,2025-08-08 15:21:00,AA,BOS,LAX,2450,12.54,15.6,0.0,0.0,-0.4639,0.1376,40,BOS-LAX,231,11,0,0,0,0,0,-3,2025-08-08 11:27:00,2025-08-08 15:12:00,-9,0
2025-04-11 12:50:00,2025-04-11 18:19:00,B6,BOS,JFK,3669,15.23,14.72,3.31,2.22,-0.8123,0.12,29,BOS-JFK,329,12,0,0,0,0,0,4,2025-04-11 12:54:00,2025-04-11 18:24:00,5,0
2025-02-13 07:40:00,2025-02-13 08:59:00,DL,LAX,SFO,551,6.69,2.24,0.0,1.55,-0.3165,0.1345,59,LAX-SFO,79,7,0,0,0,0,0,2,2025-02-13 07:42:00,2025-02-13 08:49:00,-10,0
2025-04-03 10:40:00,2025-04-03 13:12:00,B6,JFK,LAX,1457,9.04,8.77,13.52,14.13,-0.53,-0.0285,79,JFK-LAX,152,10,0,0,1,0,0,18,2025-04-03 10:58:00,2025-04-03 13:45:00,33,1
2025-04-11 11:30:00,2025-04-11 17:42:00,AA,ATL,BOS,4209,12.44,12.14,0.01,0.0,0.0363,-0.0989,47,ATL-BOS,372,11,0,0,0,0,0,10,2025-04-11 11:40:00,2025-04-11 18:03:00,21,1
2025-02-19 11:30:00,2025-02-19 17:27:00,UA,SFO,JFK,4025,9.94,9.81,2.32,2.59,-0.1152,0.7298,44,SFO-JFK,357,11,0,0,0,0,1,33,2025-02-19 12:03:00,2025-02-19 18:14:00,47,1
2025-01-09 17:15:00,2025-01-09 21:26:00,UA,LAX,SFO,2698,12.27,8.43,3.74,5.29,1.1537,-0.9735,56,LAX-SFO,251,17,0,0,0,0,0,6,2025-01-09 17:21:00,2025-01-09 21:49:00,23,1
2025-12-11 13:30:00,2025-12-11 14:40:00,B6,JFK,BOS,438,2.01,5.32,0.0,2.06,-0.7618,-0.2506,9,JFK-BOS,70,13,0,0,0,0,0,7,2025-12-11 13:37:00,2025-12-11 14:41:00,1,0
2025-07-07 01:50:00,2025-07-07 03:09:00,DL,ATL,BOS,550,1.99,0.31,1.35,2.33,-1.6692,-0.1666,17,ATL-BOS,79,1,0,1,0,0,0,-3,2025-07-07 01:47:00,2025-07-07 03:00:00,-9,0
2025-05-27 00:20:00,2025-05-27 03:41:00,DL,SFO,JFK,2075,3.42,4.93,0.99,0.0,-0.4933,0.6577,14,SFO-JFK,201,0,0,1,0,0,1,6,2025-05-27 00:26:00,2025-05-27 04:14:00,33,1
2025-12-06 09:10:00,2025-12-06 15:11:00,UA,LAX,SFO,4071,0.0,0.0,0.0,1.36,-0.6132,-0.2207,34,LAX-SFO,361,9,0,0,0,0,1,3,2025-12-06 09:13:00,2025-12-06 15:28:00,17,1
2025-03-24 21:30:00,2025-03-25 00:36:00,DL,JFK,BOS,1886,2.63,1.33,35.04,35.75,1.4733,-0.8214,56,JFK-BOS,186,21,0,1,1,0,0,33,2025-03-24 22:03:00,2025-03-25 01:30:00,54,1
2025-05-28 00:45:00,2025-05-28 06:41:00,AA,ATL,JFK,4013,10.62,13.71,8.15,7.19,0.8454,-0.7549,54,ATL-JFK,356,0,0,1,0,0,0,20,2025-05-28 01:05:00,2025-05-28 07:03:00,22,1
2025-11-06 01:50:00,2025-11-06 05:49:00,AA,ATL,LAX,2548,10.77,8.81,0.15,0.0,1.2979,-0.7593,16,ATL-LAX,239,1,0,1,0,0,0,10,2025-11-06 02:00:00,2025-11-06 05:46:00,-3,0
2025-08-19 16:30:00,2025-08-19 18:14:00,UA,BOS,LAX,866,3.48,5.29,0.0,0.0,0.9626,0.2077,67,BOS-LAX,104,16,0,0,0,0,0,6,2025-08-19 16:36:00,2025-08-19 18:12:00,-2,0
2025-05-26 10:45:00,2025-05-26 14:52:00,WN,BOS,ATL,2654,6.63,7.81,0.0,0.48,-1.9723,0.0603,83,BOS-ATL,247,10,1,0,0,0,0,26,2025-05-26 11:11:00,2025-05-26 15:27:00,35,1
2025-04-04 05:15:00,2025-04-04 08:16:00,AA,BOS,LAX,1830,0.19,1.7,17.09,16.69,-0.8525,-0.5014,80,BOS-LAX,181,5,0,0,1,0,0,23,2025-04-04 05:38:00,2025-04-04 08:42:00,26,1
2025-01-13 04:20:00,2025-01-13 06:35:00,UA,JFK,SFO,1246,9.31,7.7,9.71,10.36,-1.4986,-0.6221,16,JFK-SFO,135,4,0,1,0,0,0,-4,2025-01-13 04:16:00,2025-01-13 06:32:00,-3,0
2025-02-01 15:20:00,2025-02-01 20:06:00,WN,ATL,SFO,3135,4.61,0.71,0.0,0.48,1.5671,0.8191,32,ATL-SFO,286,15,0,0,0,0,1,18,2025-02-01 15:38:00,2025-02-01 20:28:00,22,1
2025-03-01 12:15:00,2025-03-01 14:23:00,B6,BOS,LAX,1159,21.6,21.88,35.73,34.99,0.84,0.1719,37,BOS-LAX,128,12,0,0,1,0,0,39,2025-03-01 12:54:00,2025-03-01 15:11:00,48,1
2025-10-15 15:40:00,2025-10-15 21:43:00,AA,SFO,ATL,4103,16.12,16.81,1.05,0.0,0.3983,0.6867,12,SFO-ATL,363,15,0,0,0,0,0,-6,2025-10-15 15:34:00,2025-10-15 21:38:00,-5,0
2025-08-22 06:50:00,2025-08-22 12:19:00,B6,SFO,JFK,3674,12.33,14.43,41.16,39.82,-0.5687,-0.4709,55,SFO-JFK,329,6,0,0,1,0,0,32,2025-08-22 07:22:00,2025-08-22 13:17:00,58,1
2025-06-08 12:15:00,2025-06-08 17:37:00,DL,ATL,BOS,3584,11.35,10.92,0.42,0.0,-0.4558,-0.0506,90,ATL-BOS,322,12,1,0,0,0,0,-3,2025-06-08 12:12:00,2025-06-08 17:36:00,-1,0
2025-10-13 20:10:00,2025-10-13 21:35:00,UA,LAX,BOS,620,14.63,12.97,1.09,0.68,-0.8601,-0.486,99,LAX-BOS,85,20,0,1,0,0,0,-7,2025-10-13 20:03:00,2025-10-13 21:40:00,5,0
2025-02-28 07:45:00,2025-02-28 14:07:00,AA,SFO,ATL,4334,9.38,10.57,8.21,7.35,0.6499,-0.6809,47,SFO-ATL,382,7,0,0,0,0,0,14,2025-02-28 07:59:00,2025-02-28 14:15:00,8,0
2025-03-18 09:45:00,2025-03-18 13:30:00,UA,JFK,BOS,2371,6.57,5.94,0.0,0.0,0.1037,-0.2216,4,JFK-BOS,225,9,0,0,0,0,0,0,2025-03-18 09:45:00,2025-03-18 13:36:00,6,0
2025-05-24 03:50:00,2025-05-24 08:55:00,DL,BOS,ATL,3378,11.36,14.85,0.0,0.0,0.6938,-0.9938,81,BOS-ATL,305,3,0,1,0,0,0,-10,2025-05-24 03:40:00,2025-05-24 08:45:00,-10,0
2025-12-01 15:15:00,2025-12-01 17:18:00,DL,JFK,LAX,1104,20.95,20.12,0.3,0.0,0.4186,0.7799,63,JFK-LAX,123,15,0,0,0,0,0,-10,2025-12-01 15:05:00,2025-12-01 17:15:00,-3,0
2025-08-13 00:40:00,2025-08-13 05:57:00,B6,BOS,LAX,3525,4.21,7.1,12.04,12.43,0.8255,-0.1003,81,BOS-LAX,317,0,0,1,1,0,0,19,2025-08-13 00:59:00,2025-08-13 06:09:00,12,0
2025-11-07 05:40:00,2025-11-07 08:26:00,AA,BOS,LAX,1642,0.44,0.64,9.07,9.16,0.5166,-0.7528,49,BOS-LAX,166,5,0,0,0,0,0,7,2025-11-07 05:47:00,2025-11-07 08:26:00,0,0
2025-04-01 17:45:00,2025-04-01 22:42:00,DL,SFO,JFK,3269,28.47,27.18,0.39,1.19,1.1021,-0.066,63,SFO-JFK,297,17,0,0,0,0,0,-1,2025-04-01 17:44:00,2025-04-01 22:50:00,8,0
2025-11-06 00:45:00,2025-11-06 03:17:00,DL,LAX,BOS,1464,22.76,22.87,15.29,16.64,0.7397,0.741,45,LAX-BOS,152,0,0,1,1,0,0,27,2025-11-06 01:12:00,2025-11-06 03:51:00,34,1
2025-01-27 23:50:00,2025-01-28 06:02:00,WN,JFK,LAX,4215,8.88,8.21,0.0,0.0,-0.5143,0.9147,24,JFK-LAX,372,23,0,1,0,0,0,-8,2025-01-27 23:42:00,2025-01-28 05:57:00,-5,0
2025-03-25 09:20:00,2025-03-25 14:17:00,UA,ATL,SFO,3275,0.0,0.0,0.0,0.43,0.4893,-0.9965,23,ATL-SFO,297,9,0,0,0,0,1,59,2025-03-25 10:19:00,2025-03-25 15:48:00,91,1
2025-07-10 09:00:00,2025-07-10 12:31:00,UA,SFO,BOS,2199,11.68,13.63,0.31,0.0,0.3093,0.9494,77,SFO-BOS,211,9,0,0,0,0,1,6,2025-07-10 09:06:00,2025-07-10 12:49:00,18,1
2025-01-19 12:10:00,2025-01-19 15:42:00,AA,ATL,JFK,2215,38.3,37.52,0.0,1.23,-0.1905,-0.3528,0,ATL-JFK,212,12,1,0,0,0,0,-8,2025-01-19 12:02:00,2025-01-19 15:42:00,0,0
2025-11-10 15:50:00,2025-11-10 16:49:00,DL,LAX,JFK,301,15.79,14.93,16.54,17.77,-0.0173,0.414,85,LAX-JFK,59,15,0,0,1,0,0,66,2025-11-10 16:56:00,2025-11-10 18:21:00,92,1
2025-11-13 11:45:00,2025-11-13 14:25:00,B6,BOS,LAX,1557,12.74,11.36,2.93,3.55,1.0068,0.5055,80,BOS-LAX,160,11,0,0,0,0,0,16,2025-11-13 12:01:00,2025-11-13 14:46:00,21,1
2025-07-17 21:00:00,2025-07-18 02:24:00,UA,BOS,JFK,3614,12.21,9.38,0.2,0.0,0.5409,0.8129,75,BOS-JFK,324,21,0,1,0,0,0,3,2025-07-17 21:03:00,2025-07-18 02:32:00,8,0
2025-04-22 23:15:00,2025-04-23 04:53:00,B6,ATL,JFK,3791,13.96,15.3,0.47,0.0,0.9306,-0.1805,75,ATL-JFK,338,23,0,1,0,0,0,5,2025-04-22 23:20:00,2025-04-23 04:48:00,-5,0
2025-02-06 04:10:00,2025-02-06 10:45:00,AA,BOS,ATL,4498,15.15,16.96,0.0,1.28,0.0402,0.5326,84,BOS-ATL,395,4,0,1,0,0,0,1,2025-02-06 04:11:00,2025-02-06 10:44:00,-1,0
2025-08-14 16:15:00,2025-08-14 17:43:00,DL,LAX,ATL,660,11.71,12.68,0.75,2.01,1.1498,0.3705,11,LAX-ATL,88,16,0,0,0,0,0,-5,2025-08-14 16:10:00,2025-08-14 17:40:00,-3,0
2025-07-16 07:40:00,2025-07-16 10:03:00,AA,JFK,ATL,1353,5.97,8.21,1.04,1.32,0.7735,-0.3492,49,JFK-ATL,143,7,0,0,0,0,0,-5,2025-07-16 07:35:00,2025-07-16 10:05:00,2,0
2025-10-05 23:30:00,2025-10-06 04:46:00,WN,ATL,JFK,3518,10.38,12.92,0.0,0.0,-0.8062,0.6523,54,ATL-JFK,316,23,1,1,0,1,0,23,2025-10-05 23:53:00,2025-10-06 05:13:00,27,1
2025-08-08 06:20:00,2025-08-08 09:20:00,AA,BOS,JFK,1817,12.99,11.41,14.7,14.41,-0.358,0.7836,49,BOS-JFK,180,6,0,0,1,0,0,16,2025-08-08 06:36:00,2025-08-08 09:43:00,23,1
2025-02-16 07:20:00,2025-02-16 09:42:00,UA,ATL,LAX,1342,1.04,0.71,0.0,1.07,-0.8497,0.1337,33,ATL-LAX,142,7,1,0,0,0,0,-1,2025-02-16 07:19:00,2025-02-16 09:43:00,1,0
2025-02-14 17:40:00,2025-02-14 20:13:00,AA,JFK,LAX,1481,34.53,35.26,0.0,0.09,-1.0795,0.6382,87,JFK-LAX,153,17,0,0,0,0,0,0,2025-02-14 17:40:00,2025-02-14 20:16:00,3,0
2025-10-13 18:40:00,2025-10-14 00:47:00,UA,SFO,ATL,4155,13.53,15.64,0.0,1.94,2.6796,0.2497,10,SFO-ATL,367,18,0,0,0,0,1,29,2025-10-13 19:09:00,2025-10-14 01:19:00,32,1
2025-02-28 03:00:00,2025-02-28 08:47:00,AA,SFO,JFK,3903,22.29,18.13,0.0,1.25,1.6681,0.5782,37,SFO-JFK,347,3,0,1,0,0,0,5,2025-02-28 03:05:00,2025-02-28 08:42:00,-5,0
2025-12-09 13:10:00,2025-12-09 14:11:00,WN,SFO,BOS,323,11.51,10.03,4.08,7.17,1.1557,0.2363,45,SFO-BOS,61,13,0,0,0,0,0,0,2025-12-09 13:10:00,2025-12-09 14:10:00,-1,0
2025-02-08 08:15:00,2025-02-08 13:56:00,UA,ATL,BOS,3830,4.94,6.32,9.21,8.02,0.449,0.386,17,ATL-BOS,341,8,0,0,0,0,0,21,2025-02-08 08:36:00,2025-02-08 14:03:00,7,0
2025-09-23 14:20:00,2025-09-23 18:26:00,WN,JFK,BOS,2637,21.02,15.59,2.13,0.08,-0.542,-0.9248,0,JFK-BOS,246,14,0,0,0,0,0,0,2025-09-23 14:20:00,2025-09-23 18:21:00,-5,0
2025-12-22 13:50:00,2025-12-22 19:33:00,AA,ATL,BOS,3846,0.61,0.3,28.06,28.4,-1.1082,-0.8073,82,ATL-BOS,343,13,0,0,1,0,0,25,2025-12-22 14:15:00,2025-12-22 20:06:00,33,1
2025-06-11 23:50:00,2025-06-12 04:18:00,WN,JFK,SFO,2913,14.4,13.81,0.11,0.0,-0.2098,-0.1731,46,JFK-SFO,268,23,0,1,0,0,0,7,2025-06-11 23:57:00,2025-06-12 04:20:00,2,0
2025-01-21 22:40:00,2025-01-22 03:30:00,AA,JFK,BOS,3191,16.44,19.22,0.0,0.17,-0.7203,0.5788,3,JFK-BOS,290,22,0,1,0,0,0,-10,2025-01-21 22:30:00,2025-01-22 03:33:00,3,0
2025-11-16 15:00:00,2025-11-16 19:13:00,AA,LAX,JFK,2724,8.25,10.81,21.91,23.6,0.7139,-0.8726,14,LAX-JFK,253,15,1,0,1,0,0,25,2025-11-16 15:25:00,2025-11-16 19:54:00,41,1
2025-03-10 16:00:00,2025-03-10 21:06:00,B6,BOS,SFO,3385,12.22,14.15,7.48,6.48,0.1521,-0.9727,27,BOS-SFO,306,16,0,0,0,0,1,19,2025-03-10 16:19:00,2025-03-10 21:36:00,30,1
2025-07-12 21:20:00,2025-07-13 02:53:00,DL,ATL,BOS,3723,0.78,1.79,3.59,1.72,0.8563,-0.5638,35,ATL-BOS,333,21,0,1,0,0,0,-10,2025-07-12 21:10:00,2025-07-13 02:37:00,-16,0
2025-12-26 04:30:00,2025-12-26 08:20:00,WN,JFK,SFO,2434,15.28,17.55,0.92,0.0,0.2424,0.7207,28,JFK-SFO,230,4,0,1,0,0,0,2,2025-12-26 04:32:00,2025-12-26 08:14:00,-6,0
2025-09-29 17:40:00,2025-09-29 19:17:00,B6,JFK,LAX,771,5.05,6.61,0.25,2.15,-1.6906,0.7743,37,JFK-LAX,97,17,0,0,0,0,0,-10,2025-09-29 17:30:00,2025-09-29 19:09:00,-8,0
2025-01-17 18:10:00,2025-01-17 19:40:00,AA,LAX,SFO,690,15.29,14.06,3.76,3.45,-0.1724,-0.4112,24,LAX-SFO,90,18,0,0,0,0,0,19,2025-01-17 18:29:00,2025-01-17 19:37:00,-3,0
2025-10-27 03:50:00,2025-10-27 07:09:00,B6,ATL,JFK,2045,10.86,8.45,0.0,0.26,0.3876,0.3636,7,ATL-JFK,199,3,0,1,0,0,0,6,2025-10-27 03:56:00,2025-10-27 06:59:00,-10,0
2025-02-28 21:20:00,2025-03-01 00:58:00,B6,LAX,ATL,2288,10.03,7.18,0.29,1.85,0.2749,0.4068,98,LAX-ATL,218,21,0,1,0,0,0,-6,2025-02-28 21:14:00,2025-03-01 00:48:00,-10,0
2025-10-01 16:30:00,2025-10-01 22:19:00,UA,JFK,SFO,3927,14.1,15.95,0.0,0.66,-0.5546,-0.9981,61,JFK-SFO,349,16,0,0,0,0,1,30,2025-10-01 17:00:00,2025-10-01 22:40:00,21,1
2025-08-15 08:00:00,2025-08-15 09:10:00,DL,LAX,SFO,439,8.16,7.28,0.0,0.0,-0.49,-0.2517,19,LAX-SFO,70,8,0,0,0,0,0,8,2025-08-15 08:08:00,2025-08-15 08:59:00,-11,0
2025-04-16 11:45:00,2025-04-16 17:43:00,DL,SFO,ATL,4032,10.97,10.3,0.0,0.0,-0.6651,-0.6998,51,SFO-ATL,358,11,0,0,0,0,1,20,2025-04-16 12:05:00,2025-04-16 18:07:00,24,1
2025-06-04 11:30:00,2025-06-04 12:47:00,DL,BOS,ATL,531,27.9,29.75,2.71,1.59,-1.67,-0.3077,40,BOS-ATL,77,11,0,0,0,0,0,3,2025-06-04 11:33:00,2025-06-04 12:40:00,-7,0
2025-02-13 22:10:00,2025-02-14 01:56:00,UA,LAX,SFO,2393,22.21,23.38,0.21,0.0,-0.0291,-0.4696,66,LAX-SFO,226,22,0,1,0,0,1,60,2025-02-13 23:10:00,2025-02-14 03:32:00,96,1
2025-12-27 23:15:00,2025-12-28 02:36:00,AA,ATL,BOS,2075,7.37,6.64,0.0,0.0,0.7791,-0.8474,51,ATL-BOS,201,23,0,1,0,0,0,-2,2025-12-27 23:13:00,2025-12-28 02:31:00,-5,0
2025-03-28 19:15:00,2025-03-28 23:21:00,UA,SFO,LAX,2643,10.65,11.56,5.2,1.43,-0.4757,0.9721,82,SFO-LAX,246,19,0,0,0,0,0,4,2025-03-28 19:19:00,2025-03-28 23:08:00,-13,0
2025-04-23 15:00:00,2025-04-23 16:13:00,UA,JFK,SFO,478,5.43,7.75,0.15,0.33,-1.242,0.0023,14,JFK-SFO,73,15,0,0,0,0,0,15,2025-04-23 15:15:00,2025-04-23 16:08:00,-5,0
2025-07-03 02:50:00,2025-07-03 08:06:00,WN,LAX,ATL,3508,8.47,4.5,0.0,0.01,0.9944,-0.71,32,LAX-ATL,316,2,0,1,0,0,0,6,2025-07-03 02:56:00,2025-07-03 08:06:00,0,0
2025-09-03 21:45:00,2025-09-03 23:29:00,AA,LAX,BOS,864,5.8,6.93,0.66,0.0,1.3628,-0.5312,57,LAX-BOS,104,21,0,1,0,0,0,12,2025-09-03 21:57:00,2025-09-03 23:12:00,-17,0
2025-07-04 03:50:00,2025-07-04 09:11:00,DL,LAX,BOS,3574,8.33,12.27,0.0,0.0,-0.4405,-0.9264,50,LAX-BOS,321,3,1,1,0,1,0,31,2025-07-04 04:21:00,2025-07-04 09:56:00,45,1
2025-07-04 04:15:00,2025-07-04 08:24:00,AA,BOS,LAX,2680,1.55,4.48,31.03,32.71,-0.9379,-0.3999,37,BOS-LAX,249,4,1,1,1,1,0,28,2025-07-04 04:43:00,2025-07-04 09:12:00,48,1
2025-08-01 01:30:00,2025-08-01 07:27:00,B6,LAX,JFK,4029,9.26,8.61,0.0,0.0,-0.1448,-0.8712,77,LAX-JFK,357,1,0,1,0,0,0,21,2025-08-01 01:51:00,2025-08-01 07:40:00,13,0
2025-11-10 22:20:00,2025-11-11 04:48:00,B6,JFK,ATL,4410,7.21,5.84,4.99,5.49,0.2809,-0.5049,38,JFK-ATL,388,22,0,1,0,0,0,14,2025-11-10 22:34:00,2025-11-11 04:48:00,0,0
2025-05-25 11:20:00,2025-05-25 17:03:00,B6,LAX,BOS,3844,23.75,21.42,3.48,3.4,-0.4495,-0.1293,35,LAX-BOS,343,11,1,0,0,0,0,-7,2025-05-25 11:13:00,2025-05-25 16:57:00,-6,0
2025-10-31 05:30:00,2025-10-31 09:01:00,B6,LAX,SFO,2198,10.62,10.47,0.43,1.46,-1.57,0.3433,47,LAX-SFO,211,5,0,0,0,0,1,24,2025-10-31 05:54:00,2025-10-31 09:38:00,37,1
2025-10-15 01:20:00,2025-10-15 04:38:00,B6,JFK,BOS,2040,11.01,10.8,15.85,17.53,0.9607,0.665,55,JFK-BOS,198,1,0,1,1,0,0,14,2025-10-15 01:34:00,2025-10-15 04:46:00,8,0
2025-12-17 09:45:00,2025-12-17 14:27:00,DL,ATL,SFO,3084,8.04,6.59,0.0,0.11,0.2422,-0.8898,18,ATL-SFO,282,9,0,0,0,0,0,-2,2025-12-17 09:43:00,2025-12-17 14:29:00,2,0
2025-11-30 17:00:00,2025-11-30 21:37:00,B6,BOS,LAX,3028,8.8,9.18,25.3,24.43,1.5488,-0.5068,56,BOS-LAX,277,17,1,0,1,0,0,28,2025-11-30 17:28:00,2025-11-30 22:22:00,45,1
2025-10-19 23:10:00,2025-10-20 04:35:00,AA,SFO,ATL,3619,7.14,9.05,0.0,1.3,0.0423,-0.7287,25,SFO-ATL,325,23,1,1,0,1,0,20,2025-10-19 23:30:00,2025-10-20 04:51:00,16,1
2025-04-01 13:50:00,2025-04-01 17:31:00,AA,JFK,ATL,2329,10.39,13.71,16.3,16.24,1.4723,-0.3038,25,JFK-ATL,221,13,0,0,1,0,0,19,2025-04-01 14:09:00,2025-04-01 17:58:00,27,1
2025-10-10 14:50:00,2025-10-10 18:24:00,DL,LAX,JFK,2243,12.87,15.33,5.92,4.59,-0.2264,-0.6474,63,LAX-JFK,214,14,0,0,0,0,0,-1,2025-10-10 14:49:00,2025-10-10 18:22:00,-2,0
2025-09-26 20:45:00,2025-09-26 22:24:00,DL,BOS,SFO,795,3.34,3.44,0.0,0.0,-0.6043,-0.5296,53,BOS-SFO,99,20,0,1,0,0,0,3,2025-09-26 20:48:00,2025-09-26 22:21:00,-3,0
2025-04-16 21:15:00,2025-04-16 23:11:00,WN,LAX,ATL,1009,14.53,13.33,0.0,0.0,-0.5002,0.835,92,LAX-ATL,116,21,0,1,0,0,0,9,2025-04-16 21:24:00,2025-04-16 23:16:00,5,0
2025-09-05 06:20:00,2025-09-05 11:55:00,WN,JFK,BOS,3751,3.85,5.9,0.08,0.87,1.8243,0.2828,24,JFK-BOS,335,6,0,0,0,0,0,-10,2025-09-05 06:10:00,2025-09-05 11:48:00,-7,0
2025-04-03 23:00:00,2025-04-04 05:31:00,AA,BOS,JFK,4454,30.66,33.67,0.0,0.0,-0.1876,0.733,50,BOS-JFK,391,23,0,1,0,0,0,15,2025-04-03 23:15:00,2025-04-04 05:15:00,-16,0
2025-07-10 12:15:00,2025-07-10 16:36:00,UA,ATL,SFO,2827,10.69,12.19,3.12,4.8,1.5816,0.087,14,ATL-SFO,261,12,0,0,0,0,0,2,2025-07-10 12:17:00,2025-07-10 16:27:00,-9,0
2025-10-18 22:40:00,2025-10-19 01:35:00,AA,BOS,SFO,1745,9.99,11.77,5.19,5.56,-0.4614,0.6396,36,BOS-SFO,175,22,0,1,0,0,1,27,2025-10-18 23:07:00,2025-10-19 02:06:00,31,1
2025-03-10 02:15:00,2025-03-10 03:33:00,B6,JFK,LAX,543,12.27,10.9,0.82,0.74,-1.3846,-0.3006,79,JFK-LAX,78,2,0,1,0,0,0,8,2025-03-10 02:23:00,2025-03-10 03:32:00,-1,0
2025-05-03 02:20:00,2025-05-03 03:34:00,WN,BOS,SFO,482,9.4,10.62,0.0,0.44,0.6989,-0.5111,50,BOS-SFO,74,2,0,1,0,0,0,-7,2025-05-03 02:13:00,2025-05-03 03:26:00,-8,0
2025-10-18 21:00:00,2025-10-19 01:46:00,AA,BOS,JFK,3142,6.04,7.74,0.48,0.0,-0.6414,0.0976,86,BOS-JFK,286,21,0,1,0,0,0,-10,2025-10-18 20:50:00,2025-10-19 01:38:00,-8,0
2025-06-15 16:20:00,2025-06-15 20:55:00,WN,BOS,JFK,2995,10.58,11.84,0.0,0.12,0.3037,0.8843,65,BOS-JFK,275,16,1,0,0,0,0,8,2025-06-15 16:28:00,2025-06-15 20:56:00,1,0
2025-12-17 04:40:00,2025-12-17 07:14:00,DL,BOS,SFO,1489,12.37,10.83,0.86,0.65,0.201,0.6701,80,BOS-SFO,154,4,0,1,0,0,0,8,2025-12-17 04:48:00,2025-12-17 07:13:00,-1,0
2025-01-03 21:30:00,2025-01-03 23:32:00,DL,LAX,BOS,1092,6.51,4.1,37.17,38.08,0.1862,-0.5137,12,LAX-BOS,122,21,0,1,1,0,0,31,2025-01-03 22:01:00,2025-01-04 00:28:00,56,1
2025-09-21 02:30:00,2025-09-21 03:52:00,WN,JFK,SFO,590,2.09,7.86,0.04,0.52,1.6486,0.9094,61,JFK-SFO,82,2,1,1,0,1,0,27,2025-09-21 02:57:00,2025-09-21 04:17:00,25,1
2025-10-25 16:50:00,2025-10-25 21:38:00,DL,JFK,SFO,3166,18.27,16.08,0.03,0.79,0.2523,0.05,87,JFK-SFO,288,16,0,0,0,0,0,-6,2025-10-25 16:44:00,2025-10-25 21:26:00,-12,0
2025-12-02 04:10:00,2025-12-02 08:33:00,UA,ATL,BOS,2847,9.27,5.72,0.22,0.0,0.1196,-0.1581,7,ATL-BOS,263,4,0,1,0,0,0,3,2025-12-02 04:13:00,2025-12-02 08:43:00,10,0
2025-02-27 01:15:00,2025-02-27 04:06:00,B6,JFK,LAX,1699,7.46,8.97,0.98,1.25,-0.3548,-0.4237,13,JFK-LAX,171,1,0,1,0,0,0,0,2025-02-27 01:15:00,2025-02-27 04:07:00,1,0
2025-12-26 19:30:00,2025-12-27 00:35:00,DL,SFO,LAX,3375,9.91,10.7,0.0,0.0,0.5379,0.2542,53,SFO-LAX,305,19,0,0,0,0,0,1,2025-12-26 19:31:00,2025-12-27 00:48:00,13,0
2025-05-24 20:20:00,2025-05-25 02:03:00,AA,LAX,SFO,3850,6.62,7.4,9.51,12.39,0.446,0.1577,76,LAX-SFO,343,20,0,1,0,0,1,45,2025-05-24 21:05:00,2025-05-25 03:16:00,73,1
2025-05-09 02:50:00,2025-05-09 06:43:00,UA,JFK,BOS,2472,10.41,13.91,4.44,6.0,-0.4015,0.65,95,JFK-BOS,233,2,0,1,0,0,0,3,2025-05-09 02:53:00,2025-05-09 06:41:00,-2,0
2025-05-10 02:00:00,2025-05-10 04:27:00,AA,BOS,SFO,1402,7.98,6.92,6.56,8.29,0.9422,0.8295,59,BOS-SFO,147,2,0,1,0,0,0,11,2025-05-10 02:11:00,2025-05-10 04:31:00,4,0
2025-08-21 14:00:00,2025-08-21 15:01:00,B6,BOS,JFK,323,8.26,8.3,22.35,19.92,-0.2046,0.4929,90,BOS-JFK,61,14,0,0,1,0,0,27,2025-08-21 14:27:00,2025-08-21 15:41:00,40,1
2025-08-29 00:15:00,2025-08-29 05:41:00,WN,ATL,SFO,3640,20.79,18.33,5.72,4.96,0.5802,-0.63,47,ATL-SFO,326,0,0,1,0,0,1,28,2025-08-29 00:43:00,2025-08-29 06:27:00,46,1
2025-06-22 17:20:00,2025-06-22 21:33:00,UA,ATL,BOS,2722,9.87,12.1,2.05,2.7,-1.3261,-0.7351,80,ATL-BOS,253,17,1,0,0,0,0,-1,2025-06-22 17:19:00,2025-06-22 21:43:00,10,0
2025-01-26 21:50:00,2025-01-27 00:46:00,UA,LAX,ATL,1759,8.03,9.13,0.55,0.0,0.9136,0.0721,12,LAX-ATL,176,21,1,1,0,1,0,40,2025-01-26 22:30:00,2025-01-27 01:48:00,62,1
2025-12-27 18:20:00,2025-12-27 19:21:00,AA,SFO,JFK,327,3.47,3.81,16.53,16.07,-0.7181,-0.6928,69,SFO-JFK,61,18,0,0,1,0,0,52,2025-12-27 19:12:00,2025-12-27 20:50:00,89,1
2025-03-23 05:20:00,2025-03-23 10:52:00,WN,SFO,ATL,3718,13.18,12.06,0.0,0.55,0.6754,0.2342,29,SFO-ATL,332,5,1,0,0,0,0,-6,2025-03-23 05:14:00,2025-03-23 10:49:00,-3,0
2025-02-04 04:10:00,2025-02-04 10:20:00,WN,LAX,JFK,4190,16.02,15.22,0.0,0.0,1.2809,-0.6767,50,LAX-JFK,370,4,0,1,0,0,0,-6,2025-02-04 04:04:00,2025-02-04 10:10:00,-10,0
2025-08-07 16:20:00,2025-08-07 20:01:00,B6,SFO,JFK,2321,6.67,7.24,16.63,15.57,0.41,-0.5355,87,SFO-JFK,221,16,0,0,1,0,1,48,2025-08-07 17:08:00,2025-08-07 21:12:00,71,1
2025-05-31 01:30:00,2025-05-31 03:59:00,WN,JFK,ATL,1422,15.16,14.84,5.08,7.03,1.1526,-0.8326,43,JFK-ATL,149,1,0,1,0,0,0,3,2025-05-31 01:33:00,2025-05-31 03:56:00,-3,0
2025-08-13 12:30:00,2025-08-13 16:57:00,DL,BOS,JFK,2902,12.7,12.04,29.97,31.09,-1.0784,0.6742,8,BOS-JFK,267,12,0,0,1,0,0,36,2025-08-13 13:06:00,2025-08-13 17:54:00,57,1
2025-11-16 10:30:00,2025-11-16 16:22:00,UA,BOS,JFK,3958,11.2,10.45,10.17,10.24,-0.0827,0.1791,59,BOS-JFK,352,10,1,0,0,0,0,10,2025-11-16 10:40:00,2025-11-16 16:25:00,3,0
2025-02-05 17:20:00,2025-02-05 21:36:00,DL,BOS,LAX,2766,14.38,11.09,14.74,13.68,-0.6478,-0.307,5,BOS-LAX,256,17,0,0,1,0,0,28,2025-02-05 17:48:00,2025-02-05 22:08:00,32,1
2025-04-14 04:10:00,2025-04-14 05:13:00,WN,LAX,ATL,350,1.93,4.29,0.64,0.9,-0.6608,-0.2066,47,LAX-ATL,63,4,0,1,0,0,0,-6,2025-04-14 04:04:00,2025-04-14 05:11:00,-2,0
2025-07-08 18:10:00,2025-07-08 20:15:00,B6,ATL,JFK,1119,7.17,9.27,2.0,2.82,-1.5781,-0.7307,18,ATL-JFK,125,18,0,0,0,0,0,22,2025-07-08 18:32:00,2025-07-08 20:32:00,17,1
2025-10-15 16:10:00,2025-10-15 17:42:00,DL,SFO,LAX,708,10.83,5.92,0.0,0.98,0.0805,0.6959,41,SFO-LAX,92,16,0,0,0,0,0,-10,2025-10-15 16:00:00,2025-10-15 17:47:00,5,0
2025-08-08 05:30:00,2025-08-08 08:47:00,WN,LAX,SFO,2027,8.37,8.21,0.0,0.0,0.9407,-0.3898,68,LAX-SFO,197,5,0,0,0,0,1,49,2025-08-08 06:19:00,2025-08-08 09:52:00,65,1
2025-05-20 08:45:00,2025-05-20 12:16:00,AA,BOS,ATL,2195,27.03,28.63,0.0,0.3,1.2663,-0.8575,59,BOS-ATL,211,8,0,0,0,0,0,17,2025-05-20 09:02:00,2025-05-20 12:40:00,24,1
2025-08-11 01:50:00,2025-08-11 05:49:00,WN,LAX,SFO,2549,10.41,10.42,0.31,0.0,-1.0566,-0.2817,22,LAX-SFO,239,1,0,1,0,0,1,39,2025-08-11 02:29:00,2025-08-11 06:53:00,64,1
2025-12-24 10:15:00,2025-12-24 15:29:00,WN,ATL,BOS,3486,3.81,0.79,0.0,1.74,-0.4797,-0.5139,91,ATL-BOS,314,10,1,0,0,0,0,-2,2025-12-24 10:13:00,2025-12-24 15:23:00,-6,0
2025-06-25 06:00:00,2025-06-25 07:37:00,WN,JFK,LAX,772,6.9,5.48,15.37,16.4,-0.7407,-0.1848,16,JFK-LAX,97,6,0,0,1,0,0,10,2025-06-25 06:10:00,2025-06-25 07:49:00,12,0
2025-11-19 02:40:00,2025-11-19 08:56:00,DL,ATL,BOS,4258,8.79,8.78,0.0,0.0,-0.8091,0.7206,21,ATL-BOS,376,2,0,1,0,0,0,11,2025-11-19 02:51:00,2025-11-19 09:17:00,21,1
2025-10-12 13:00:00,2025-10-12 15:27:00,WN,ATL,LAX,1406,9.98,10.45,0.37,0.93,-0.2966,0.4898,66,ATL-LAX,147,13,1,0,0,0,0,5,2025-10-12 13:05:00,2025-10-12 15:22:00,-5,0
2025-04-20 13:40:00,2025-04-20 17:34:00,B6,ATL,SFO,2488,0.29,0.46,0.68,1.23,0.0197,-0.5127,13,ATL-SFO,234,13,1,0,0,0,1,-1,2025-04-20 13:39:00,2025-04-20 17:56:00,22,1
2025-04-02 02:20:00,2025-04-02 04:30:00,AA,LAX,SFO,1185,12.55,16.16,0.24,0.0,-0.2901,-0.3572,98,LAX-SFO,130,2,0,1,0,0,0,-3,2025-04-02 02:17:00,2025-04-02 04:28:00,-2,0
2025-10-09 04:45:00,2025-10-09 07:43:00,B6,LAX,SFO,1792,12.27,13.52,1.33,0.0,-1.3926,-0.1338,15,LAX-SFO,178,4,0,1,0,0,1,53,2025-10-09 05:38:00,2025-10-09 09:00:00,77,1
2025-03-17 01:40:00,2025-03-17 07:19:00,DL,SFO,LAX,3797,6.63,1.36,0.78,0.0,0.9691,-0.677,38,SFO-LAX,339,1,0,1,0,0,1,17,2025-03-17 01:57:00,2025-03-17 07:45:00,26,1
2025-05-03 16:40:00,2025-05-03 17:54:00,DL,SFO,BOS,487,16.3,16.98,12.03,12.75,0.178,-0.43,69,SFO-BOS,74,16,0,0,1,0,0,25,2025-05-03 17:05:00,2025-05-03 18:44:00,50,1
2025-03-27 08:20:00,2025-03-27 12:01:00,AA,SFO,JFK,2329,8.0,11.43,0.0,0.0,0.3936,-0.3831,75,SFO-JFK,221,8,0,0,0,0,1,32,2025-03-27 08:52:00,2025-03-27 12:50:00,49,1
2025-08-10 01:45:00,2025-08-10 06:00:00,AA,SFO,LAX,2751,4.55,4.68,0.79,0.0,0.4512,-0.6222,87,SFO-LAX,255,1,1,1,0,1,1,33,2025-08-10 02:18:00,2025-08-10 06:46:00,46,1
2025-04-18 04:30:00,2025-04-18 08:40:00,UA,ATL,JFK,2693,3.94,3.3,13.44,12.26,0.6165,-0.4532,50,ATL-JFK,250,4,0,1,1,0,0,16,2025-04-18 04:46:00,2025-04-18 09:00:00,20,1
2025-08-29 23:40:00,2025-08-30 02:47:00,WN,LAX,JFK,1896,13.88,12.79,0.52,1.8,0.1535,-0.1507,76,LAX-JFK,187,23,0,1,0,0,0,12,2025-08-29 23:52:00,2025-08-30 03:08:00,21,1
2025-12-08 06:15:00,2025-12-08 09:21:00,WN,LAX,JFK,1886,5.94,7.54,0.0,1.33,-0.8333,0.6956,67,LAX-JFK,186,6,0,0,0,0,0,4,2025-12-08 06:19:00,2025-12-08 09:15:00,-6,0
2025-10-30 16:20:00,2025-10-30 22:24:00,WN,ATL,SFO,4118,12.98,10.98,3.35,4.0,1.5153,0.36,40,ATL-SFO,364,16,0,0,0,0,1,19,2025-10-30 16:39:00,2025-10-30 22:57:00,33,1
2025-12-13 11:45:00,2025-12-13 14:05:00,WN,ATL,BOS,1312,4.72,1.37,0.0,1.05,0.6385,-0.8661,17,ATL-BOS,140,11,0,0,0,0,0,-2,2025-12-13 11:43:00,2025-12-13 13:55:00,-10,0
2025-01-09 04:20:00,2025-01-09 08:00:00,AA,SFO,ATL,2316,7.49,6.6,0.0,0.0,-0.8977,0.0167,56,SFO-ATL,220,4,0,1,0,0,0,6,2025-01-09 04:26:00,2025-01-09 07:57:00,-3,0
2025-06-16 07:00:00,2025-06-16 10:01:00,UA,SFO,ATL,1829,11.88,12.64,0.36,0.62,-0.8834,-0.5303,77,SFO-ATL,181,7,0,0,0,0,1,35,2025-06-16 07:35:00,2025-06-16 11:06:00,65,1
2025-03-22 00:20:00,2025-03-22 05:36:00,UA,BOS,JFK,3514,20.84,20.34,3.25,1.56,1.9899,-0.9975,4,BOS-JFK,316,0,0,1,0,0,0,1,2025-03-22 00:21:00,2025-03-22 05:29:00,-7,0
2025-12-02 17:20:00,2025-12-02 22:50:00,AA,ATL,JFK,3684,20.55,19.77,14.02,14.49,-0.1624,0.1309,57,ATL-JFK,330,17,0,0,1,0,0,16,2025-12-02 17:36:00,2025-12-02 23:28:00,38,1
2025-09-17 08:20:00,2025-09-17 14:04:00,DL,BOS,JFK,3862,17.57,18.68,4.96,4.4,-0.6775,-0.6018,46,BOS-JFK,344,8,0,0,0,0,0,7,2025-09-17 08:27:00,2025-09-17 13:55:00,-9,0
2025-04-27 11:00:00,2025-04-27 12:27:00,DL,ATL,BOS,656,42.02,40.76,0.0,2.53,-0.5304,0.294,91,ATL-BOS,87,11,1,0,0,0,0,6,2025-04-27 11:06:00,2025-04-27 12:33:00,6,0
2025-07-25 03:10:00,2025-07-25 04:42:00,AA,LAX,BOS,712,10.68,10.3,0.15,0.0,0.451,-0.4786,74,LAX-BOS,92,3,0,1,0,0,0,9,2025-07-25 03:19:00,2025-07-25 04:38:00,-4,0
2025-08-09 19:15:00,2025-08-09 22:20:00,UA,BOS,JFK,1876,4.98,3.69,24.26,25.3,-0.4756,-0.5158,80,BOS-JFK,185,19,0,0,1,0,0,35,2025-08-09 19:50:00,2025-08-09 22:58:00,38,1
2025-06-30 05:20:00,2025-06-30 08:47:00,UA,ATL,JFK,2151,3.07,7.14,0.94,1.28,0.1334,0.1816,79,ATL-JFK,207,5,0,0,0,0,0,1,2025-06-30 05:21:00,2025-06-30 08:43:00,-4,0
2025-06-23 13:00:00,2025-06-23 14:20:00,UA,SFO,LAX,564,19.93,18.39,12.53,11.67,2.3093,0.1813,35,SFO-LAX,80,13,0,0,1,0,0,31,2025-06-23 13:31:00,2025-06-23 15:22:00,62,1
2025-01-21 20:20:00,2025-01-22 02:19:00,AA,SFO,ATL,4053,7.24,6.26,0.38,0.0,-1.5712,0.6975,61,SFO-ATL,359,20,0,1,0,0,1,25,2025-01-21 20:45:00,2025-01-22 03:02:00,43,1
2025-06-15 17:15:00,2025-06-15 23:15:00,B6,SFO,LAX,4067,0.48,0.0,6.34,5.93,-0.406,-0.6034,22,SFO-LAX,360,17,1,0,0,0,0,-1,2025-06-15 17:14:00,2025-06-15 23:19:00,4,0
2025-05-08 14:00:00,2025-05-08 17:22:00,DL,SFO,JFK,2082,8.73,6.13,0.0,3.48,0.0613,0.9739,83,SFO-JFK,202,14,0,0,0,0,1,30,2025-05-08 14:30:00,2025-05-08 17:47:00,25,1
2025-10-26 21:15:00,2025-10-27 02:32:00,WN,ATL,SFO,3531,15.43,15.48,24.82,24.51,-1.764,-0.2615,33,ATL-SFO,317,21,1,1,1,1,1,45,2025-10-26 22:00:00,2025-10-27 03:37:00,65,1
2025-11-12 04:15:00,2025-11-12 08:24:00,UA,LAX,BOS,2673,6.7,8.57,0.0,0.0,0.5171,0.94,34,LAX-BOS,249,4,0,1,0,0,0,5,2025-11-12 04:20:00,2025-11-12 08:23:00,-1,0
2025-10-01 23:10:00,2025-10-02 03:50:00,AA,LAX,JFK,3059,21.06,18.14,0.0,0.49,0.8953,-0.6892,79,LAX-JFK,280,23,0,1,0,0,0,11,2025-10-01 23:21:00,2025-10-02 03:36:00,-14,0
2025-01-12 13:45:00,2025-01-12 19:37:00,DL,LAX,ATL,3967,29.78,28.67,1.24,0.0,-1.3884,0.9054,8,LAX-ATL,352,13,1,0,0,0,0,28,2025-01-12 14:13:00,2025-01-12 20:13:00,36,1
2025-11-04 09:00:00,2025-11-04 10:30:00,WN,BOS,ATL,686,14.09,11.39,0.9,0.0,-0.0814,0.9282,82,BOS-ATL,90,9,0,0,0,0,0,4,2025-11-04 09:04:00,2025-11-04 10:32:00,2,0
2025-05-25 06:30:00,2025-05-25 08:47:00,DL,BOS,ATL,1276,34.43,34.71,0.0,0.0,0.1831,-0.4192,51,BOS-ATL,137,6,1,0,0,0,0,7,2025-05-25 06:37:00,2025-05-25 08:41:00,-6,0
2025-06-01 17:40:00,2025-06-01 21:03:00,DL,SFO,JFK,2097,25.93,28.22,0.44,0.52,0.5747,-0.5937,1,SFO-JFK,203,17,1,0,0,0,1,2,2025-06-01 17:42:00,2025-06-01 21:26:00,23,1
2025-12-11 23:45:00,2025-12-12 05:45:00,WN,ATL,SFO,4057,17.99,16.23,10.03,8.94,2.669,0.206,99,ATL-SFO,360,23,0,1,0,0,1,8,2025-12-11 23:53:00,2025-12-12 06:10:00,25,1
2025-11-13 16:30:00,2025-11-13 20:48:00,WN,LAX,SFO,2786,11.3,13.4,0.1,0.0,-0.7413,-0.7254,86,LAX-SFO,258,16,0,0,0,0,1,28,2025-11-13 16:58:00,2025-11-13 21:29:00,41,1
2025-01-19 00:30:00,2025-01-19 03:42:00,B6,LAX,BOS,1967,11.14,11.59,2.21,4.06,0.5374,-0.4098,89,LAX-BOS,192,0,1,1,0,1,0,43,2025-01-19 01:13:00,2025-01-19 04:37:00,55,1
2025-05-12 11:45:00,2025-05-12 12:54:00,UA,LAX,BOS,420,7.2,9.02,0.0,0.29,-0.1275,0.9659,87,LAX-BOS,69,11,0,0,0,0,0,1,2025-05-12 11:46:00,2025-05-12 12:48:00,-6,0
2025-10-01 17:45:00,2025-10-01 22:03:00,UA,JFK,SFO,2790,12.54,14.66,4.25,3.91,-0.2982,0.5299,87,JFK-SFO,258,17,0,0,0,0,1,43,2025-10-01 18:28:00,2025-10-01 23:08:00,65,1
2025-07-16 09:10:00,2025-07-16 11:40:00,WN,LAX,JFK,1432,0.47,0.0,0.35,0.0,0.0162,0.592,6,LAX-JFK,150,9,0,0,0,0,0,-10,2025-07-16 09:00:00,2025-07-16 11:35:00,-5,0
2025-04-05 18:45:00,2025-04-05 21:34:00,UA,SFO,ATL,1677,25.57,25.53,0.0,0.62,0.4108,0.7469,60,SFO-ATL,169,18,0,0,0,0,1,45,2025-04-05 19:30:00,2025-04-05 22:31:00,57,1
2025-07-11 16:20:00,2025-07-11 22:54:00,DL,LAX,BOS,4482,31.5,33.86,0.92,0.0,0.0096,0.3788,53,LAX-BOS,394,16,0,0,0,0,0,19,2025-07-11 16:39:00,2025-07-11 23:04:00,10,0
2025-11-13 01:00:00,2025-11-13 04:56:00,DL,ATL,SFO,2513,1.45,0.04,1.05,0.28,0.2754,0.4333,95,ATL-SFO,236,1,0,1,0,0,0,-9,2025-11-13 00:51:00,2025-11-13 04:54:00,-2,0
2025-03-23 13:30:00,2025-03-23 15:16:00,B6,BOS,SFO,882,16.08,17.06,1.04,0.0,-0.0804,0.4651,28,BOS-SFO,106,13,1,0,0,0,0,5,2025-03-23 13:35:00,2025-03-23 15:44:00,28,1
2025-09-30 04:50:00,2025-09-30 06:06:00,B6,BOS,SFO,507,22.84,21.38,1.04,0.28,-0.937,-0.2171,55,BOS-SFO,76,4,0,1,0,0,0,6,2025-09-30 04:56:00,2025-09-30 06:04:00,-2,0
2025-09-26 11:10:00,2025-09-26 14:19:00,DL,BOS,ATL,1930,12.67,10.85,0.0,0.19,0.8255,-0.7997,23,BOS-ATL,189,11,0,0,0,0,0,7,2025-09-26 11:17:00,2025-09-26 14:15:00,-4,0
2025-11-20 09:00:00,2025-11-20 10:21:00,AA,BOS,SFO,574,7.14,11.15,0.0,0.0,1.0267,0.22,43,BOS-SFO,81,9,0,0,0,0,0,-10,2025-11-20 08:50:00,2025-11-20 10:13:00,-8,0
2025-04-19 19:50:00,2025-04-19 23:13:00,B6,BOS,ATL,2100,8.96,7.13,0.0,0.0,0.9813,0.5998,17,BOS-ATL,203,19,0,0,0,0,0,11,2025-04-19 20:01:00,2025-04-19 23:25:00,12,0
2025-03-20 20:30:00,2025-03-20 23:48:00,AA,LAX,SFO,2041,3.55,4.82,4.47,5.71,0.6744,-0.5311,65,LAX-SFO,198,20,0,1,0,0,1,16,2025-03-20 20:46:00,2025-03-21 00:15:00,27,1
2025-07-19 11:10:00,2025-07-19 17:04:00,DL,ATL,SFO,3993,11.93,9.69,19.27,18.96,-0.7759,-0.6353,11,ATL-SFO,354,11,0,0,1,0,1,56,2025-07-19 12:06:00,2025-07-19 18:36:00,92,1
2025-07-13 12:45:00,2025-07-13 15:36:00,AA,LAX,BOS,1706,19.39,21.61,0.0,0.91,-0.9535,0.914,55,LAX-BOS,171,12,1,0,0,0,0,-10,2025-07-13 12:35:00,2025-07-13 15:34:00,-2,0
2025-05-30 15:20:00,2025-05-30 17:52:00,WN,LAX,ATL,1460,0.96,3.39,0.0,1.05,0.9159,-0.7231,66,LAX-ATL,152,15,0,0,0,0,0,7,2025-05-30 15:27:00,2025-05-30 17:59:00,7,0
2025-10-12 15:15:00,2025-10-12 19:41:00,AA,SFO,LAX,2886,6.94,4.49,0.5,0.0,-1.2042,0.0975,69,SFO-LAX,266,15,1,0,0,0,0,-2,2025-10-12 15:13:00,2025-10-12 19:44:00,3,0
2025-10-19 15:15:00,2025-10-19 19:49:00,DL,ATL,SFO,2983,5.68,5.35,1.14,0.75,-0.6854,0.4823,14,ATL-SFO,274,15,1,0,0,0,1,27,2025-10-19 15:42:00,2025-10-19 20:34:00,45,1
2025-03-31 18:30:00,2025-03-31 19:42:00,WN,BOS,JFK,459,1.31,0.0,1.67,0.0,2.1461,-0.81,37,BOS-JFK,72,18,0,0,0,0,0,16,2025-03-31 18:46:00,2025-03-31 19:45:00,3,0
2025-10-18 23:10:00,2025-10-19 00:37:00,AA,SFO,BOS,651,15.76,15.34,0.17,0.64,0.5079,0.1212,41,SFO-BOS,87,23,0,1,0,0,0,32,2025-10-18 23:42:00,2025-10-19 01:07:00,30,1
2025-03-26 19:15:00,2025-03-26 21:10:00,B6,JFK,BOS,1004,13.35,12.64,0.0,0.0,0.1594,0.3604,97,JFK-BOS,115,19,0,0,0,0,0,8,2025-03-26 19:23:00,2025-03-26 21:08:00,-2,0
2025-05-29 03:15:00,2025-05-29 08:35:00,WN,JFK,SFO,3563,17.82,16.55,9.82,9.73,-1.8519,-0.9126,25,JFK-SFO,320,3,0,1,0,0,1,18,2025-05-29 03:33:00,2025-05-29 09:12:00,37,1
2025-01-10 11:00:00,2025-01-10 13:09:00,WN,ATL,SFO,1180,0.03,3.97,14.18,13.3,-0.6711,-0.1603,94,ATL-SFO,129,11,0,0,1,0,0,24,2025-01-10 11:24:00,2025-01-10 13:52:00,43,1
2025-05-05 11:45:00,2025-05-05 18:18:00,UA,LAX,JFK,4469,15.13,13.19,0.94,0.0,0.836,-0.0514,24,LAX-JFK,393,11,0,0,0,0,0,-1,2025-05-05 11:44:00,2025-05-05 18:16:00,-2,0
2025-12-16 12:00:00,2025-12-16 15:27:00,DL,BOS,LAX,2150,19.84,18.03,0.0,0.38,-1.4833,0.1118,80,BOS-LAX,207,12,0,0,0,0,0,8,2025-12-16 12:08:00,2025-12-16 15:16:00,-11,0
2025-06-11 12:50:00,2025-06-11 19:03:00,UA,SFO,ATL,4220,16.36,15.72,3.88,2.23,0.4027,-0.9206,75,SFO-ATL,373,12,0,0,0,0,0,-9,2025-06-11 12:41:00,2025-06-11 18:45:00,-18,0
2025-09-17 17:00:00,2025-09-17 19:22:00,B6,BOS,JFK,1336,9.8,9.44,0.11,0.0,-1.3821,0.787,3,BOS-JFK,142,17,0,0,0,0,0,24,2025-09-17 17:24:00,2025-09-17 20:06:00,44,1
2025-02-09 10:15:00,2025-02-09 13:36:00,UA,ATL,JFK,2079,7.75,8.23,0.0,0.71,-0.6239,0.7211,60,ATL-JFK,201,10,1,0,0,0,0,1,2025-02-09 10:16:00,2025-02-09 13:29:00,-7,0
2025-08-20 06:00:00,2025-08-20 07:45:00,DL,JFK,SFO,878,13.15,13.4,1.99,1.69,-1.5734,0.7065,26,JFK-SFO,105,6,0,0,0,0,0,-2,2025-08-20 05:58:00,2025-08-20 07:44:00,-1,0
2025-05-16 10:15:00,2025-05-16 15:58:00,DL,JFK,SFO,3853,12.03,12.36,5.73,4.04,0.0951,0.0393,3,JFK-SFO,343,10,0,0,0,0,0,14,2025-05-16 10:29:00,2025-05-16 16:29:00,31,1
2025-09-29 20:30:00,2025-09-30 00:50:00,UA,JFK,BOS,2809,7.03,4.63,0.51,0.0,-1.7006,0.5762,93,JFK-BOS,260,20,0,1,0,0,0,2,2025-09-29 20:32:00,2025-09-30 00:48:00,-2,0
2025-12-05 07:00:00,2025-12-05 08:24:00,B6,SFO,ATL,617,0.72,0.34,8.49,8.38,-0.0838,0.6025,75,SFO-ATL,84,7,0,0,0,0,0,-7,2025-12-05 06:53:00,2025-12-05 08:27:00,3,0
2025-07-14 00:30:00,2025-07-14 05:39:00,UA,BOS,ATL,3424,6.89,7.07,8.5,6.82,0.6388,0.9263,81,BOS-ATL,309,0,0,1,0,0,0,6,2025-07-14 00:36:00,2025-07-14 05:50:00,11,0
2025-02-07 23:45:00,2025-02-08 05:42:00,WN,BOS,JFK,4026,31.25,30.98,0.5,0.73,0.1999,0.6325,63,BOS-JFK,357,23,0,1,0,0,0,-5,2025-02-07 23:40:00,2025-02-08 05:51:00,9,0
2025-06-23 04:20:00,2025-06-23 09:09:00,UA,LAX,BOS,3178,0.26,2.4,0.0,0.0,0.4648,-0.7612,25,LAX-BOS,289,4,0,1,0,0,0,5,2025-06-23 04:25:00,2025-06-23 09:06:00,-3,0
2025-02-14 14:00:00,2025-02-14 19:31:00,UA,ATL,LAX,3695,12.94,10.8,0.0,0.0,0.2258,-0.7146,63,ATL-LAX,331,14,0,0,0,0,0,-10,2025-02-14 13:50:00,2025-02-14 19:19:00,-12,0
2025-06-14 19:40:00,2025-06-14 22:12:00,AA,SFO,LAX,1459,26.21,26.78,0.0,0.0,-0.0909,0.0171,57,SFO-LAX,152,19,0,0,0,0,0,-10,2025-06-14 19:30:00,2025-06-14 22:02:00,-10,0
2025-01-23 06:10:00,2025-01-23 09:34:00,DL,BOS,ATL,2115,16.47,19.52,0.0,0.0,-0.0684,0.4189,66,BOS-ATL,204,6,0,0,0,0,0,-6,2025-01-23 06:04:00,2025-01-23 09:25:00,-9,0
2025-08-22 08:00:00,2025-08-22 13:46:00,B6,BOS,SFO,3888,18.29,19.81,0.0,0.0,0.293,0.6706,2,BOS-SFO,346,8,0,0,0,0,1,44,2025-08-22 08:44:00,2025-08-22 15:11:00,85,1
2025-04-24 06:20:00,2025-04-24 10:43:00,B6,ATL,SFO,2854,18.18,18.13,0.0,1.35,-1.0918,-0.9763,49,ATL-SFO,263,6,0,0,0,0,0,4,2025-04-24 06:24:00,2025-04-24 10:53:00,10,0
2025-03-15 03:15:00,2025-03-15 07:40:00,DL,BOS,ATL,2869,2.06,2.37,5.48,3.51,-0.396,-0.1328,82,BOS-ATL,265,3,0,1,0,0,0,-4,2025-03-15 03:11:00,2025-03-15 07:33:00,-7,0
2025-01-07 03:00:00,2025-01-07 08:17:00,UA,JFK,LAX,3521,24.23,22.2,0.58,0.0,2.034,-0.153,42,JFK-LAX,317,3,0,1,0,0,0,3,2025-01-07 03:03:00,2025-01-07 08:13:00,-4,0
2025-11-21 04:45:00,2025-11-21 09:10:00,WN,LAX,BOS,2881,24.99,23.77,0.14,2.21,0.4847,0.389,49,LAX-BOS,265,4,0,1,0,0,0,38,2025-11-21 05:23:00,2025-11-21 10:13:00,63,1
2025-11-02 10:30:00,2025-11-02 12:11:00,B6,SFO,BOS,830,4.0,3.1,16.65,18.21,1.2492,0.1085,90,SFO-BOS,101,10,1,0,1,0,0,8,2025-11-02 10:38:00,2025-11-02 12:20:00,9,0
2025-10-24 12:50:00,2025-10-24 15:00:00,AA,LAX,JFK,1193,6.35,8.22,0.21,0.0,0.3404,0.6055,49,LAX-JFK,130,12,0,0,0,0,0,2,2025-10-24 12:52:00,2025-10-24 15:06:00,6,0
2025-01-22 00:20:00,2025-01-22 05:41:00,DL,BOS,JFK,3569,10.77,9.29,7.41,6.58,-0.7319,0.4001,47,BOS-JFK,321,0,0,1,0,0,0,17,2025-01-22 00:37:00,2025-01-22 05:39:00,-2,0
2025-05-08 20:20:00,2025-05-08 22:40:00,UA,SFO,LAX,1317,9.24,7.4,12.02,11.58,-0.3046,-0.0388,13,SFO-LAX,140,20,0,1,1,0,0,10,2025-05-08 20:30:00,2025-05-08 23:10:00,30,1
2025-12-21 16:45:00,2025-12-21 21:28:00,UA,ATL,LAX,3095,5.66,5.53,0.63,0.0,-1.7423,-0.5244,43,ATL-LAX,283,16,1,0,0,0,0,-10,2025-12-21 16:35:00,2025-12-21 21:13:00,-15,0
2025-07-31 01:00:00,2025-07-31 04:38:00,WN,BOS,LAX,2293,5.25,8.99,2.59,3.11,1.3744,0.2886,3,BOS-LAX,218,1,0,1,0,0,0,6,2025-07-31 01:06:00,2025-07-31 04:48:00,10,0
2025-02-16 20:15:00,2025-02-17 00:42:00,DL,BOS,LAX,2905,15.1,17.45,23.76,22.51,0.8954,-0.5462,83,BOS-LAX,267,20,1,1,1,1,0,17,2025-02-16 20:32:00,2025-02-17 01:21:00,39,1
2025-02-21 00:45:00,2025-02-21 03:04:00,WN,JFK,SFO,1298,19.32,20.55,0.71,0.28,-0.8364,0.2951,94,JFK-SFO,139,0,0,1,0,0,0,2,2025-02-21 00:47:00,2025-02-21 03:09:00,5,0
2025-04-07 13:15:00,2025-04-07 15:58:00,B6,BOS,JFK,1603,7.82,7.55,0.08,1.45,0.7643,-0.6975,51,BOS-JFK,163,13,0,0,0,0,0,8,2025-04-07 13:23:00,2025-04-07 15:53:00,-5,0
2025-12-21 11:50:00,2025-12-21 16:40:00,DL,SFO,BOS,3189,17.49,18.34,0.0,0.67,0.6746,-0.576,73,SFO-BOS,290,11,1,0,0,0,1,20,2025-12-21 12:10:00,2025-12-21 17:08:00,28,1
2025-03-03 12:15:00,2025-03-03 14:12:00,UA,BOS,LAX,1021,7.43,9.84,8.22,7.83,0.0772,-0.1407,59,BOS-LAX,117,12,0,0,0,0,0,5,2025-03-03 12:20:00,2025-03-03 14:08:00,-4,0
2025-11-26 22:20:00,2025-11-27 01:03:00,WN,BOS,SFO,1595,1.59,4.09,0.0,0.09,0.4762,0.0376,26,BOS-SFO,163,22,0,1,0,0,0,1,2025-11-26 22:21:00,2025-11-27 01:12:00,9,0
2025-09-05 22:50:00,2025-09-06 05:24:00,B6,LAX,BOS,4492,12.19,12.64,0.0,0.96,0.57,0.9074,21,LAX-BOS,394,22,0,1,0,0,0,9,2025-09-05 22:59:00,2025-09-06 05:46:00,22,1
2025-12-03 06:10:00,2025-12-03 08:00:00,WN,JFK,SFO,938,10.8,8.39,14.41,13.6,0.3846,0.2151,2,JFK-SFO,110,6,0,0,1,0,0,48,2025-12-03 06:58:00,2025-12-03 09:05:00,65,1
2025-10-29 13:50:00,2025-10-29 18:03:00,UA,JFK,LAX,2725,10.99,12.37,4.25,6.46,0.1511,-0.1505,73,JFK-LAX,253,13,0,0,0,0,0,8,2025-10-29 13:58:00,2025-10-29 18:32:00,29,1
2025-05-02 23:00:00,2025-05-03 00:50:00,AA,SFO,JFK,936,12.33,9.9,0.0,0.14,0.0858,0.6561,63,SFO-JFK,110,23,0,1,0,0,0,2,2025-05-02 23:02:00,2025-05-03 00:48:00,-2,0
2025-10-30 17:15:00,2025-10-30 22:12:00,AA,JFK,SFO,3270,12.38,11.58,0.69,0.58,-0.5673,-0.7215,18,JFK-SFO,297,17,0,0,0,0,1,25,2025-10-30 17:40:00,2025-10-30 22:55:00,43,1
2025-03-03 21:30:00,2025-03-03 23:12:00,AA,ATL,JFK,834,9.79,8.64,23.58,23.08,0.9084,-0.9705,86,ATL-JFK,102,21,0,1,1,0,0,14,2025-03-03 21:44:00,2025-03-03 23:42:00,30,1
2025-04-17 10:30:00,2025-04-17 14:42:00,UA,LAX,JFK,2710,19.43,18.31,9.34,8.57,1.9814,-0.4888,6,LAX-JFK,252,10,0,0,0,0,0,0,2025-04-17 10:30:00,2025-04-17 14:45:00,3,0
2025-03-19 06:50:00,2025-03-19 10:17:00,UA,LAX,ATL,2146,14.15,13.06,0.56,0.0,-1.1199,0.0656,47,LAX-ATL,207,6,0,0,0,0,0,-3,2025-03-19 06:47:00,2025-03-19 10:01:00,-16,0
2025-02-18 12:50:00,2025-02-18 17:41:00,DL,BOS,SFO,3205,8.07,8.89,0.35,1.55,0.0344,0.2728,2,BOS-SFO,291,12,0,0,0,0,1,32,2025-02-18 13:22:00,2025-02-18 18:25:00,44,1
2025-02-02 19:40:00,2025-02-02 20:40:00,UA,SFO,ATL,312,6.78,8.56,0.56,1.79,-0.6535,0.6031,66,SFO-ATL,60,19,1,0,0,0,0,1,2025-02-02 19:41:00,2025-02-02 20:32:00,-8,0
2025-03-10 22:40:00,2025-03-11 02:32:00,WN,BOS,ATL,2467,3.48,5.42,0.11,2.15,0.5504,0.2066,48,BOS-ATL,232,22,0,1,0,0,0,-3,2025-03-10 22:37:00,2025-03-11 02:38:00,6,0
2025-02-13 16:15:00,2025-02-13 20:16:00,AA,ATL,SFO,2577,0.0,5.76,12.1,9.42,0.4265,-0.7677,95,ATL-SFO,241,16,0,0,1,0,1,72,2025-02-13 17:27:00,2025-02-13 21:53:00,97,1
2025-05-19 16:45:00,2025-05-19 19:05:00,DL,ATL,JFK,1310,8.76,9.4,0.0,0.33,0.1347,0.583,62,ATL-JFK,140,16,0,0,0,0,0,11,2025-05-19 16:56:00,2025-05-19 19:06:00,1,0
2025-01-27 12:40:00,2025-01-27 15:19:00,WN,LAX,ATL,1552,17.57,19.18,11.18,11.62,-0.5914,-0.9751,48,LAX-ATL,159,12,0,0,0,0,0,8,2025-01-27 12:48:00,2025-01-27 15:28:00,9,0
2025-01-23 07:00:00,2025-01-23 11:56:00,DL,BOS,JFK,3267,6.98,5.67,0.0,0.0,-0.473,0.4107,43,BOS-JFK,296,7,0,0,0,0,0,17,2025-01-23 07:17:00,2025-01-23 12:12:00,16,1
2025-12-28 10:45:00,2025-12-28 14:50:00,UA,JFK,BOS,2620,15.99,15.15,1.41,0.37,-0.7606,0.0427,81,JFK-BOS,245,10,1,0,0,0,0,0,2025-12-28 10:45:00,2025-12-28 14:47:00,-3,0
2025-02-02 11:15:00,2025-02-02 15:28:00,WN,LAX,ATL,2731,11.96,11.24,0.0,0.0,-1.7216,-0.0097,83,LAX-ATL,253,11,1,0,0,0,0,-6,2025-02-02 11:09:00,2025-02-02 15:29:00,1,0
2025-01-28 19:20:00,2025-01-29 01:33:00,DL,SFO,LAX,4228,5.98,6.58,0.9,1.47,1.2291,0.4904,34,SFO-LAX,373,19,0,0,0,0,1,23,2025-01-28 19:43:00,2025-01-29 02:01:00,28,1
2025-01-11 13:20:00,2025-01-11 16:35:00,AA,JFK,LAX,2001,12.36,17.68,0.0,0.0,0.6687,-0.9117,94,JFK-LAX,195,13,0,0,0,0,0,0,2025-01-11 13:20:00,2025-01-11 16:36:00,1,0
2025-02-18 19:45:00,2025-02-19 01:36:00,DL,SFO,ATL,3949,9.94,12.42,0.07,0.25,1.2903,-0.1787,1,SFO-ATL,351,19,0,0,0,0,0,1,2025-02-18 19:46:00,2025-02-19 01:19:00,-17,0
2025-07-12 00:15:00,2025-07-12 06:41:00,WN,BOS,LAX,4391,3.86,6.11,10.55,11.47,-0.3488,0.883,84,BOS-LAX,386,0,0,1,0,0,0,-1,2025-07-12 00:14:00,2025-07-12 06:36:00,-5,0
2025-10-29 18:20:00,2025-10-29 22:33:00,DL,SFO,BOS,2721,13.12,16.02,6.23,6.35,0.49,-0.9725,85,SFO-BOS,253,18,0,0,0,0,1,14,2025-10-29 18:34:00,2025-10-29 22:45:00,12,0
2025-09-26 12:00:00,2025-09-26 14:10:00,B6,BOS,LAX,1189,19.41,19.35,0.0,1.37,-0.8476,0.7547,37,BOS-LAX,130,12,0,0,0,0,0,-1,2025-09-26 11:59:00,2025-09-26 14:09:00,-1,0
2025-07-31 23:15:00,2025-08-01 02:34:00,AA,ATL,BOS,2055,8.5,8.06,0.35,0.0,-0.5696,0.2971,94,ATL-BOS,199,23,0,1,0,0,0,0,2025-07-31 23:15:00,2025-08-01 02:34:00,0,0
2025-02-01 11:00:00,2025-02-01 12:15:00,UA,LAX,BOS,495,3.8,5.42,10.53,10.74,2.0494,0.8162,48,LAX-BOS,75,11,0,0,0,0,0,6,2025-02-01 11:06:00,2025-02-01 12:12:00,-3,0
2025-10-10 11:30:00,2025-10-10 16:24:00,B6,LAX,JFK,3233,18.36,18.86,0.0,0.0,-0.3732,-0.9081,5,LAX-JFK,294,11,0,0,0,0,0,13,2025-10-10 11:43:00,2025-10-10 16:23:00,-1,0
2025-01-14 03:50:00,2025-01-14 06:21:00,WN,SFO,JFK,1449,3.01,1.05,0.63,0.0,0.9473,0.6146,34,SFO-JFK,151,3,0,1,0,0,0,2,2025-01-14 03:52:00,2025-01-14 06:27:00,6,0
2025-08-19 19:20:00,2025-08-20 01:29:00,AA,SFO,BOS,4177,12.69,13.23,0.0,0.0,0.2512,0.0628,64,SFO-BOS,369,19,0,0,0,0,0,20,2025-08-19 19:40:00,2025-08-20 01:37:00,8,0
2025-05-30 16:50:00,2025-05-30 21:28:00,DL,ATL,SFO,3042,5.85,6.27,0.23,0.0,-1.3949,-0.5031,49,ATL-SFO,278,16,0,0,0,0,1,26,2025-05-30 17:16:00,2025-05-30 21:56:00,28,1
2025-11-18 20:50:00,2025-11-19 00:33:00,AA,LAX,ATL,2356,2.4,3.59,11.38,11.89,-0.1346,-0.0579,70,LAX-ATL,223,20,0,1,0,0,0,21,2025-11-18 21:11:00,2025-11-19 01:01:00,28,1
2025-04-23 02:00:00,2025-04-23 04:02:00,B6,LAX,JFK,1083,4.57,7.39,1.08,0.0,0.3778,0.8462,85,LAX-JFK,122,2,0,1,0,0,0,21,2025-04-23 02:21:00,2025-04-23 04:26:00,24,1
2025-08-22 05:30:00,2025-08-22 07:02:00,WN,LAX,BOS,717,9.24,12.07,0.0,0.0,0.7097,-0.1212,86,LAX-BOS,92,5,0,0,0,0,0,12,2025-08-22 05:42:00,2025-08-22 06:58:00,-4,0
2025-06-10 21:30:00,2025-06-11 02:15:00,DL,ATL,JFK,3124,2.8,4.46,2.11,1.75,-1.787,-0.7263,64,ATL-JFK,285,21,0,1,0,0,0,22,2025-06-10 21:52:00,2025-06-11 02:51:00,36,1
2025-07-10 01:20:00,2025-07-10 06:36:00,UA,ATL,JFK,3517,1.49,2.56,2.04,3.33,-0.9654,-0.869,67,ATL-JFK,316,1,0,1,0,0,0,-10,2025-07-10 01:10:00,2025-07-10 06:32:00,-4,0
2025-12-09 12:45:00,2025-12-09 15:13:00,UA,LAX,SFO,1417,4.08,0.84,1.91,0.5,0.3105,-0.9713,19,LAX-SFO,148,12,0,0,0,0,0,-1,2025-12-09 12:44:00,2025-12-09 15:27:00,14,0
2025-09-18 09:20:00,2025-09-18 10:23:00,B6,SFO,ATL,344,23.25,25.77,23.17,24.22,-0.9408,-0.5775,82,SFO-ATL,63,9,0,0,1,0,0,28,2025-09-18 09:48:00,2025-09-18 11:16:00,53,1
2025-06-01 22:00:00,2025-06-02 00:46:00,AA,ATL,LAX,1643,13.7,15.7,0.68,0.0,1.2189,0.0987,58,ATL-LAX,166,22,1,1,0,1,0,45,2025-06-01 22:45:00,2025-06-02 01:48:00,62,1
2025-06-13 20:30:00,2025-06-14 01:46:00,UA,ATL,BOS,3511,6.71,5.19,19.48,21.61,-0.0622,-0.2994,73,ATL-BOS,316,20,0,1,1,0,0,27,2025-06-13 20:57:00,2025-06-14 02:29:00,43,1
2025-09-15 21:10:00,2025-09-16 01:24:00,WN,JFK,LAX,2736,14.81,14.14,4.17,3.6,0.4865,0.7501,44,JFK-LAX,254,21,0,1,0,0,0,13,2025-09-15 21:23:00,2025-09-16 01:16:00,-8,0
2025-05-07 06:15:00,2025-05-07 07:42:00,B6,BOS,JFK,656,10.72,9.81,0.77,0.0,1.2958,0.5721,38,BOS-JFK,87,6,0,0,0,0,0,6,2025-05-07 06:21:00,2025-05-07 07:39:00,-3,0
2025-03-03 14:30:00,2025-03-03 16:07:00,DL,SFO,ATL,781,17.96,15.55,21.35,21.02,-1.2146,-0.0704,72,SFO-ATL,97,14,0,0,1,0,0,60,2025-03-03 15:30:00,2025-03-03 17:38:00,91,1
2025-06-20 16:40:00,2025-06-20 18:15:00,DL,SFO,JFK,747,11.01,7.19,1.17,0.0,0.4624,-0.5393,13,SFO-JFK,95,16,0,0,0,0,0,8,2025-06-20 16:48:00,2025-06-20 18:27:00,12,0
2025-01-25 23:15:00,2025-01-26 04:29:00,WN,JFK,LAX,3483,17.76,18.32,1.57,1.72,0.1347,-0.1705,21,JFK-LAX,314,23,0,1,0,0,0,0,2025-01-25 23:15:00,2025-01-26 04:32:00,3,0
2025-03-03 00:20:00,2025-03-03 05:42:00,UA,SFO,ATL,3583,6.75,5.29,0.0,0.99,0.1651,0.2758,89,SFO-ATL,322,0,0,1,0,0,1,41,2025-03-03 01:01:00,2025-03-03 06:49:00,67,1
2025-06-03 23:00:00,2025-06-04 02:16:00,B6,BOS,ATL,2013,13.3,13.81,5.23,5.5,-0.2237,-0.9536,47,BOS-ATL,196,23,0,1,0,0,0,4,2025-06-03 23:04:00,2025-06-04 02:21:00,5,0
2025-10-18 08:20:00,2025-10-18 13:11:00,DL,SFO,JFK,3195,16.3,17.24,0.47,0.0,0.1593,0.7785,95,SFO-JFK,291,8,0,0,0,0,1,20,2025-10-18 08:40:00,2025-10-18 13:57:00,46,1
2025-10-13 03:30:00,2025-10-13 04:36:00,DL,JFK,SFO,387,11.72,11.96,0.29,0.21,-2.9258,0.3095,53,JFK-SFO,66,3,0,1,0,0,0,-8,2025-10-13 03:22:00,2025-10-13 04:40:00,4,0
2025-04-06 14:30:00,2025-04-06 18:38:00,UA,JFK,LAX,2659,30.52,31.03,0.0,0.77,1.2442,0.9251,2,JFK-LAX,248,14,1,0,0,0,0,1,2025-04-06 14:31:00,2025-04-06 18:41:00,3,0
2025-06-04 18:15:00,2025-06-04 20:45:00,UA,ATL,BOS,1442,16.65,16.68,4.95,5.35,-1.3362,0.3284,66,ATL-BOS,150,18,0,0,0,0,0,1,2025-06-04 18:16:00,2025-06-04 20:33:00,-12,0
2025-02-26 03:00:00,2025-02-26 08:35:00,AA,ATL,LAX,3746,10.91,15.91,0.24,0.49,1.7745,-0.2746,70,ATL-LAX,335,3,0,1,0,0,0,-1,2025-02-26 02:59:00,2025-02-26 08:35:00,0,0
2025-10-03 00:30:00,2025-10-03 04:13:00,AA,ATL,JFK,2352,9.67,6.04,0.0,0.0,-0.9494,-0.1239,82,ATL-JFK,223,0,0,1,0,0,0,-4,2025-10-03 00:26:00,2025-10-03 04:10:00,-3,0
2025-03-31 21:40:00,2025-04-01 03:25:00,UA,JFK,LAX,3875,12.51,12.29,2.46,2.14,-0.9928,-0.9861,9,JFK-LAX,345,21,0,1,0,0,0,15,2025-03-31 21:55:00,2025-04-01 03:34:00,9,0
2025-10-19 22:00:00,2025-10-20 02:08:00,AA,ATL,BOS,2664,22.32,18.89,0.03,0.0,0.4051,-0.8855,55,ATL-BOS,248,22,1,1,0,1,0,35,2025-10-19 22:35:00,2025-10-20 02:55:00,47,1
2025-11-04 03:30:00,2025-11-04 07:03:00,UA,ATL,JFK,2221,4.02,9.17,0.0,0.0,0.2714,-0.794,70,ATL-JFK,213,3,0,1,0,0,0,2,2025-11-04 03:32:00,2025-11-04 07:08:00,5,0
2025-09-09 21:00:00,2025-09-10 03:17:00,AA,LAX,ATL,4277,3.73,4.9,0.16,0.69,0.4508,-0.213,6,LAX-ATL,377,21,0,1,0,0,0,-5,2025-09-09 20:55:00,2025-09-10 03:07:00,-10,0
2025-05-01 21:20:00,2025-05-02 03:54:00,AA,SFO,LAX,4484,9.06,4.58,10.1,10.25,0.3618,-0.4262,21,SFO-LAX,394,21,0,1,0,0,0,5,2025-05-01 21:25:00,2025-05-02 04:12:00,18,1
2025-12-14 23:40:00,2025-12-15 03:12:00,UA,ATL,LAX,2213,6.61,4.67,0.0,0.0,-0.1405,-0.1986,86,ATL-LAX,212,23,1,1,0,1,0,18,2025-12-14 23:58:00,2025-12-15 03:32:00,20,1
2025-09-08 05:40:00,2025-09-08 08:39:00,AA,JFK,BOS,1801,12.38,16.0,0.0,0.8,-0.3676,-0.1878,97,JFK-BOS,179,5,0,0,0,0,0,-6,2025-09-08 05:34:00,2025-09-08 08:33:00,-6,0
2025-08-24 13:40:00,2025-08-24 18:16:00,WN,SFO,ATL,3014,29.34,26.22,0.89,0.39,0.5823,-0.2982,21,SFO-ATL,276,13,1,0,0,0,0,14,2025-08-24 13:54:00,2025-08-24 18:22:00,6,0
2025-11-09 23:45:00,2025-11-10 01:42:00,UA,JFK,LAX,1020,3.78,3.37,18.25,19.04,-0.6916,0.0276,74,JFK-LAX,117,23,1,1,1,1,0,82,2025-11-10 01:07:00,2025-11-10 03:41:00,119,1
2025-11-18 21:10:00,2025-11-19 00:19:00,AA,ATL,BOS,1922,11.26,9.84,0.17,1.58,0.1193,0.8712,61,ATL-BOS,189,21,0,1,0,0,0,7,2025-11-18 21:17:00,2025-11-19 00:32:00,13,0
2025-01-29 14:45:00,2025-01-29 20:28:00,WN,ATL,JFK,3853,4.37,4.24,0.04,0.33,-1.6946,0.0456,70,ATL-JFK,343,14,0,0,0,0,0,-5,2025-01-29 14:40:00,2025-01-29 20:24:00,-4,0
2025-11-18 04:15:00,2025-11-18 10:15:00,DL,SFO,JFK,4066,14.25,11.62,0.0,0.0,0.254,0.6404,64,SFO-JFK,360,4,0,1,0,0,1,37,2025-11-18 04:52:00,2025-11-18 11:08:00,53,1
2025-10-07 02:15:00,2025-10-07 05:34:00,WN,JFK,LAX,2045,12.88,12.17,0.0,0.72,0.0985,0.559,21,JFK-LAX,199,2,0,1,0,0,0,-2,2025-10-07 02:13:00,2025-10-07 05:25:00,-9,0
2025-03-17 06:45:00,2025-03-17 09:55:00,B6,ATL,SFO,1939,7.56,6.03,5.99,6.95,-0.041,-0.1651,1,ATL-SFO,190,6,0,0,0,0,1,31,2025-03-17 07:16:00,2025-03-17 10:48:00,53,1
2025-04-23 01:15:00,2025-04-23 07:08:00,WN,SFO,LAX,3972,15.06,15.86,8.92,8.61,1.7062,-0.5207,23,SFO-LAX,353,1,0,1,0,0,0,-2,2025-04-23 01:13:00,2025-04-23 07:12:00,4,0
2025-10-02 04:00:00,2025-10-02 06:07:00,DL,SFO,JFK,1149,5.85,5.53,18.61,18.75,1.4949,-0.9367,32,SFO-JFK,127,4,0,1,1,0,0,37,2025-10-02 04:37:00,2025-10-02 07:02:00,55,1
2025-03-21 01:40:00,2025-03-21 02:59:00,UA,LAX,JFK,556,5.52,6.73,0.38,1.16,0.9144,-0.8886,55,LAX-JFK,79,1,0,1,0,0,0,-5,2025-03-21 01:35:00,2025-03-21 02:49:00,-10,0
2025-06-15 18:40:00,2025-06-15 20:03:00,DL,ATL,SFO,605,4.88,4.91,0.0,0.75,0.8925,-0.5619,40,ATL-SFO,83,18,1,0,0,0,0,3,2025-06-15 18:43:00,2025-06-15 20:07:00,4,0
2025-09-09 14:30:00,2025-09-09 16:06:00,DL,ATL,JFK,766,7.22,8.22,0.55,0.89,0.1057,0.7543,16,ATL-JFK,96,14,0,0,0,0,0,10,2025-09-09 14:40:00,2025-09-09 16:10:00,4,0
2025-08-26 12:10:00,2025-08-26 18:05:00,B6,BOS,ATL,3995,9.47,10.56,4.62,4.93,0.3074,-0.7892,99,BOS-ATL,355,12,0,0,0,0,0,19,2025-08-26 12:29:00,2025-08-26 18:41:00,36,1
2025-11-29 19:40:00,2025-11-29 20:53:00,WN,ATL,LAX,469,10.05,8.18,4.12,4.59,0.4327,0.6508,31,ATL-LAX,73,19,0,0,0,0,0,-7,2025-11-29 19:33:00,2025-11-29 20:53:00,0,0
2025-02-10 09:10:00,2025-02-10 12:01:00,UA,JFK,SFO,1696,10.54,9.62,0.0,0.6,0.6025,-0.0856,45,JFK-SFO,171,9,0,0,0,0,0,15,2025-02-10 09:25:00,2025-02-10 12:03:00,2,0
2025-04-18 09:30:00,2025-04-18 13:51:00,DL,BOS,LAX,2828,16.43,16.01,22.06,20.88,0.0714,0.2911,91,BOS-LAX,261,9,0,0,1,0,0,0,2025-04-18 09:30:00,2025-04-18 13:53:00,2,0
2025-12-26 04:30:00,2025-12-26 08:54:00,UA,LAX,BOS,2858,10.58,9.96,0.84,0.59,0.5421,-0.7124,63,LAX-BOS,264,4,0,1,0,0,0,5,2025-12-26 04:35:00,2025-12-26 08:49:00,-5,0
2025-07-27 10:45:00,2025-07-27 16:23:00,WN,ATL,JFK,3793,27.08,26.73,0.0,0.0,0.0646,0.588,45,ATL-JFK,338,10,1,0,0,0,0,-1,2025-07-27 10:44:00,2025-07-27 16:12:00,-11,0
2025-04-01 04:50:00,2025-04-01 11:19:00,WN,LAX,ATL,4420,11.61,10.41,1.23,0.0,0.4216,-0.8205,12,LAX-ATL,389,4,0,1,0,0,0,3,2025-04-01 04:53:00,2025-04-01 11:28:00,9,0
2025-04-16 14:10:00,2025-04-16 17:24:00,AA,SFO,BOS,1991,16.82,15.81,0.0,0.0,0.9176,0.046,34,SFO-BOS,194,14,0,0,0,0,0,6,2025-04-16 14:16:00,2025-04-16 17:17:00,-7,0
2025-05-04 23:00:00,2025-05-05 01:17:00,B6,ATL,LAX,1278,2.65,3.28,0.0,0.0,-0.6561,-0.7939,98,ATL-LAX,137,23,1,1,0,1,0,25,2025-05-04 23:25:00,2025-05-05 01:43:00,26,1
2025-07-22 12:30:00,2025-07-22 13:59:00,UA,LAX,ATL,680,10.29,13.56,0.0,0.0,0.1323,0.7102,85,LAX-ATL,89,12,0,0,0,0,0,-8,2025-07-22 12:22:00,2025-07-22 13:48:00,-11,0
2025-04-14 07:50:00,2025-04-14 13:48:00,DL,JFK,SFO,4043,8.36,10.09,8.25,7.19,0.0759,0.1768,36,JFK-SFO,358,7,0,0,0,0,0,-10,2025-04-14 07:40:00,2025-04-14 13:45:00,-3,0
2025-08-15 16:10:00,2025-08-15 19:14:00,WN,ATL,BOS,1868,8.74,8.67,0.0,0.67,-1.0182,0.0913,66,ATL-BOS,184,16,0,0,0,0,0,7,2025-08-15 16:17:00,2025-08-15 19:18:00,4,0
2025-06-12 19:20:00,2025-06-13 01:21:00,UA,BOS,JFK,4073,21.22,24.04,5.86,6.87,1.3911,-0.4546,23,BOS-JFK,361,19,0,0,0,0,0,10,2025-06-12 19:30:00,2025-06-13 01:22:00,1,0
2025-08-11 11:20:00,2025-08-11 14:16:00,DL,LAX,ATL,1761,33.64,29.25,0.0,0.57,-0.8256,0.0221,45,LAX-ATL,176,11,0,0,0,0,0,0,2025-08-11 11:20:00,2025-08-11 14:12:00,-4,0
2025-02-26 06:15:00,2025-02-26 11:28:00,B6,SFO,JFK,3475,13.9,12.6,2.68,2.23,1.4326,-0.9587,55,SFO-JFK,313,6,0,0,0,0,1,15,2025-02-26 06:30:00,2025-02-26 11:55:00,27,1
2025-08-16 17:40:00,2025-08-16 22:15:00,B6,BOS,JFK,3002,1.5,1.23,0.0,0.0,-1.3424,-0.0383,77,BOS-JFK,275,17,0,0,0,0,0,2,2025-08-16 17:42:00,2025-08-16 22:17:00,2,0
2025-12-04 04:15:00,2025-12-04 09:14:00,B6,ATL,SFO,3296,4.43,9.01,0.0,2.42,-1.4966,-0.5713,38,ATL-SFO,299,4,0,1,0,0,0,6,2025-12-04 04:21:00,2025-12-04 09:02:00,-12,0
2025-02-19 23:20:00,2025-02-20 03:58:00,AA,BOS,LAX,3039,3.81,4.57,0.0,0.0,-0.3361,0.7842,21,BOS-LAX,278,23,0,1,0,0,0,8,2025-02-19 23:28:00,2025-02-20 04:05:00,7,0
2025-04-30 07:45:00,2025-04-30 10:27:00,B6,SFO,ATL,1589,11.75,8.12,8.92,8.29,0.3978,-0.4554,26,SFO-ATL,162,7,0,0,0,0,0,-4,2025-04-30 07:41:00,2025-04-30 10:31:00,4,0
2025-09-11 08:20:00,2025-09-11 09:54:00,DL,JFK,LAX,732,14.55,12.53,0.0,1.26,0.3922,0.0226,10,JFK-LAX,94,8,0,0,0,0,0,18,2025-09-11 08:38:00,2025-09-11 10:36:00,42,1
2025-08-14 17:00:00,2025-08-14 18:03:00,DL,JFK,LAX,345,3.69,0.09,0.0,0.0,1.293,-0.9937,37,JFK-LAX,63,17,0,0,0,0,0,-4,2025-08-14 16:56:00,2025-08-14 18:15:00,12,0
2025-09-04 00:50:00,2025-09-04 04:10:00,WN,ATL,LAX,2064,24.72,23.63,4.65,5.57,-0.77,0.4857,28,ATL-LAX,200,0,0,1,0,0,0,2,2025-09-04 00:52:00,2025-09-04 04:12:00,2,0
2025-07-24 04:15:00,2025-07-24 10:14:00,UA,LAX,BOS,4044,4.87,5.33,9.72,8.7,0.926,-0.6786,99,LAX-BOS,359,4,0,1,0,0,0,11,2025-07-24 04:26:00,2025-07-24 10:07:00,-7,0
2025-09-07 03:45:00,2025-09-07 08:20:00,B6,JFK,LAX,2998,13.66,14.52,2.42,2.45,-1.6584,0.9976,31,JFK-LAX,275,3,1,1,0,1,0,11,2025-09-07 03:56:00,2025-09-07 09:02:00,42,1
2025-08-11 09:45:00,2025-08-11 14:30:00,WN,JFK,LAX,3131,24.36,23.82,9.22,9.82,-0.9669,-0.4144,66,JFK-LAX,285,9,0,0,0,0,0,-6,2025-08-11 09:39:00,2025-08-11 14:31:00,1,0
2025-01-28 13:30:00,2025-01-28 15:56:00,AA,SFO,LAX,1387,8.79,10.46,0.03,0.0,-0.2632,0.3309,90,SFO-LAX,146,13,0,0,0,0,0,9,2025-01-28 13:39:00,2025-01-28 16:00:00,4,0
2025-10-02 04:00:00,2025-10-02 07:42:00,AA,JFK,ATL,2341,4.3,5.57,5.57,5.11,-1.1003,0.9199,12,JFK-ATL,222,4,0,1,0,0,0,13,2025-10-02 04:13:00,2025-10-02 08:11:00,29,1
2025-06-13 08:50:00,2025-06-13 12:06:00,AA,SFO,JFK,2009,3.83,6.63,0.46,1.03,0.5471,0.5126,96,SFO-JFK,196,8,0,0,0,0,1,39,2025-06-13 09:29:00,2025-06-13 12:59:00,53,1
2025-01-19 18:40:00,2025-01-19 20:25:00,DL,JFK,LAX,872,13.04,15.38,0.24,0.0,-0.651,-0.3005,58,JFK-LAX,105,18,1,0,0,0,0,-5,2025-01-19 18:35:00,2025-01-19 20:20:00,-5,0
2025-05-30 22:20:00,2025-05-31 02:45:00,UA,BOS,ATL,2877,15.6,14.61,0.85,3.5,1.0031,0.8416,5,BOS-ATL,265,22,0,1,0,0,0,2,2025-05-30 22:22:00,2025-05-31 03:00:00,15,1
2025-06-08 00:45:00,2025-06-08 03:46:00,B6,SFO,LAX,1826,11.75,15.26,0.03,0.09,0.8686,-0.5746,1,SFO-LAX,181,0,1,1,0,1,1,78,2025-06-08 02:03:00,2025-06-08 05:41:00,115,1
2025-02-01 15:45:00,2025-02-01 18:59:00,DL,LAX,SFO,1992,5.38,5.79,13.45,12.42,-0.6752,0.2689,89,LAX-SFO,194,15,0,0,1,0,0,31,2025-02-01 16:16:00,2025-02-01 20:00:00,61,1
2025-12-30 00:45:00,2025-12-30 05:04:00,AA,LAX,JFK,2806,7.26,10.27,0.61,0.0,-0.3522,0.4901,46,LAX-JFK,259,0,0,1,0,0,0,-1,2025-12-30 00:44:00,2025-12-30 04:57:00,-7,0
2025-03-23 12:10:00,2025-03-23 13:19:00,UA,BOS,SFO,429,5.3,5.12,0.0,0.0,-0.0893,-0.2862,82,BOS-SFO,69,12,1,0,0,0,0,-1,2025-03-23 12:09:00,2025-03-23 13:13:00,-6,0
2025-05-01 21:40:00,2025-05-02 03:54:00,UA,LAX,SFO,4232,1.99,7.15,5.84,7.2,1.3544,0.6625,23,LAX-SFO,374,21,0,1,0,0,1,43,2025-05-01 22:23:00,2025-05-02 04:41:00,47,1
2025-06-10 19:15:00,2025-06-10 21:29:00,B6,JFK,LAX,1234,3.02,5.12,0.0,1.61,-0.9425,-0.0549,18,JFK-LAX,134,19,0,0,0,0,0,-5,2025-06-10 19:10:00,2025-06-10 21:21:00,-8,0
2025-10-31 05:00:00,2025-10-31 09:47:00,AA,ATL,SFO,3152,7.76,6.4,1.27,0.84,-2.3737,0.723,85,ATL-SFO,287,5,0,0,0,0,1,10,2025-10-31 05:10:00,2025-10-31 10:09:00,22,1
2025-09-29 06:15:00,2025-09-29 11:35:00,DL,BOS,SFO,3559,7.94,10.32,1.46,0.0,-0.4235,-0.5709,47,BOS-SFO,320,6,0,0,0,0,1,40,2025-09-29 06:55:00,2025-09-29 12:30:00,55,1
2025-10-09 18:00:00,2025-10-09 19:51:00,WN,SFO,ATL,946,12.04,12.27,0.0,0.0,-0.9196,0.7913,9,SFO-ATL,111,18,0,0,0,0,0,9,2025-10-09 18:09:00,2025-10-09 20:01:00,10,0
2025-03-28 19:00:00,2025-03-28 21:22:00,AA,JFK,SFO,1343,12.17,12.11,0.53,0.74,-1.5316,0.0661,48,JFK-SFO,142,19,0,0,0,0,0,-5,2025-03-28 18:55:00,2025-03-28 21:21:00,-1,0
2025-11-05 06:40:00,2025-11-05 09:58:00,UA,LAX,ATL,2032,7.09,2.1,2.01,1.0,-0.0368,-0.1426,28,LAX-ATL,198,6,0,0,0,0,0,-5,2025-11-05 06:35:00,2025-11-05 09:53:00,-5,0
2025-10-30 00:30:00,2025-10-30 06:04:00,WN,ATL,JFK,3734,10.16,9.5,0.13,0.0,-1.1734,-0.5293,20,ATL-JFK,334,0,0,1,0,0,0,-3,2025-10-30 00:27:00,2025-10-30 06:09:00,5,0
2025-06-19 10:20:00,2025-06-19 14:53:00,AA,BOS,SFO,2970,10.54,10.72,0.85,0.0,0.3378,-0.7938,67,BOS-SFO,273,10,0,0,0,0,0,-2,2025-06-19 10:18:00,2025-06-19 14:45:00,-8,0
2025-07-19 14:10:00,2025-07-19 17:46:00,UA,SFO,LAX,2261,18.79,20.01,0.0,1.87,-1.2028,-0.4176,38,SFO-LAX,216,14,0,0,0,0,0,3,2025-07-19 14:13:00,2025-07-19 17:43:00,-3,0
2025-01-14 10:45:00,2025-01-14 16:29:00,B6,JFK,BOS,3867,3.63,1.58,0.0,0.0,2.9533,-0.2047,28,JFK-BOS,344,10,0,0,0,0,0,-6,2025-01-14 10:39:00,2025-01-14 16:24:00,-5,0
2025-10-05 22:40:00,2025-10-06 02:18:00,UA,SFO,LAX,2286,3.66,5.34,0.0,0.83,1.0592,0.1982,16,SFO-LAX,218,22,1,1,0,1,0,30,2025-10-05 23:10:00,2025-10-06 03:11:00,53,1
2025-12-17 19:30:00,2025-12-18 01:27:00,AA,SFO,BOS,4021,16.72,9.97,13.82,15.08,-0.733,0.4467,83,SFO-BOS,357,19,0,0,1,0,1,95,2025-12-17 21:05:00,2025-12-18 03:37:00,130,1
2025-06-22 18:10:00,2025-06-22 23:28:00,WN,BOS,LAX,3536,16.06,15.15,0.0,0.0,-0.7712,-0.9145,56,BOS-LAX,318,18,1,0,0,0,0,-1,2025-06-22 18:09:00,2025-06-22 23:21:00,-7,0
2025-07-17 00:00:00,2025-07-17 01:57:00,AA,SFO,LAX,1023,13.53,14.23,0.0,0.04,-0.1901,0.9029,91,SFO-LAX,117,0,0,1,0,0,0,5,2025-07-17 00:05:00,2025-07-17 01:56:00,-1,0
2025-07-02 20:00:00,2025-07-02 23:08:00,B6,LAX,ATL,1909,14.32,17.51,0.0,0.0,0.7361,-0.5027,33,LAX-ATL,188,20,0,1,0,0,0,3,2025-07-02 20:03:00,2025-07-02 23:11:00,3,0
2025-01-31 18:00:00,2025-01-31 19:07:00,B6,ATL,SFO,405,3.2,2.62,6.45,7.65,-0.4478,0.3572,0,ATL-SFO,67,18,0,0,0,0,0,-1,2025-01-31 17:59:00,2025-01-31 18:53:00,-14,0
2025-08-15 09:50:00,2025-08-15 12:09:00,AA,ATL,JFK,1301,30.6,29.84,14.61,14.17,-1.1616,0.6134,46,ATL-JFK,139,9,0,0,1,0,0,38,2025-08-15 10:28:00,2025-08-15 12:58:00,49,1
2025-09-21 14:15:00,2025-09-21 15:22:00,DL,ATL,BOS,394,20.37,18.87,0.0,0.37,-1.4511,-0.1654,33,ATL-BOS,67,14,1,0,0,0,0,2,2025-09-21 14:17:00,2025-09-21 15:28:00,6,0
2025-12-05 19:40:00,2025-12-05 21:14:00,B6,LAX,SFO,741,2.48,2.85,0.0,0.0,-0.0188,-0.1246,49,LAX-SFO,94,19,0,0,0,0,0,1,2025-12-05 19:41:00,2025-12-05 21:14:00,0,0
2025-12-06 21:50:00,2025-12-06 22:50:00,WN,ATL,SFO,317,6.47,11.05,9.06,8.04,-0.7246,-0.9044,48,ATL-SFO,60,21,0,1,0,0,0,-9,2025-12-06 21:41:00,2025-12-06 22:43:00,-7,0
2025-06-29 13:50:00,2025-06-29 18:35:00,UA,BOS,ATL,3122,5.32,5.84,0.0,1.08,0.2832,-0.1837,52,BOS-ATL,285,13,1,0,0,0,0,-8,2025-06-29 13:42:00,2025-06-29 18:36:00,1,0
2025-12-17 00:15:00,2025-12-17 03:32:00,WN,JFK,BOS,2020,7.59,7.93,0.0,0.0,-2.1263,0.8743,79,JFK-BOS,197,0,0,1,0,0,0,-8,2025-12-17 00:07:00,2025-12-17 03:26:00,-6,0
2025-07-12 14:20:00,2025-07-12 17:57:00,B6,ATL,LAX,2273,6.25,8.31,0.65,0.0,0.4725,-0.2615,18,ATL-LAX,217,14,0,0,0,0,0,-8,2025-07-12 14:12:00,2025-07-12 17:59:00,2,0
2025-08-23 16:20:00,2025-08-23 21:36:00,WN,BOS,JFK,3510,6.0,4.48,23.22,24.26,-0.3209,0.7946,97,BOS-JFK,316,16,0,0,1,0,0,38,2025-08-23 16:58:00,2025-08-23 22:20:00,44,1
2025-08-08 01:00:00,2025-08-08 06:31:00,UA,LAX,BOS,3699,12.66,10.2,0.0,0.0,-1.7544,0.4018,1,LAX-BOS,331,1,0,1,0,0,0,0,2025-08-08 01:00:00,2025-08-08 06:39:00,8,0
2025-12-31 19:45:00,2025-12-31 23:43:00,DL,SFO,ATL,2538,22.17,20.8,0.52,0.16,0.3622,0.7697,52,SFO-ATL,238,19,1,0,0,0,1,10,2025-12-31 19:55:00,2026-01-01 00:01:00,18,1
2025-09-27 04:30:00,2025-09-27 08:03:00,B6,JFK,LAX,2222,8.47,8.42,9.9,11.93,0.4986,-0.6083,57,JFK-LAX,213,4,0,1,0,0,0,7,2025-09-27 04:37:00,2025-09-27 08:05:00,2,0
2025-02-13 21:15:00,2025-02-14 01:52:00,UA,LAX,SFO,3029,11.13,12.87,0.86,0.36,-0.8067,0.3374,78,LAX-SFO,277,21,0,1,0,0,0,10,2025-02-13 21:25:00,2025-02-14 01:47:00,-5,0
2025-01-27 13:30:00,2025-01-27 16:48:00,B6,JFK,BOS,2042,7.28,8.04,24.98,26.59,0.6464,-0.8011,30,JFK-BOS,198,13,0,0,1,0,0,33,2025-01-27 14:03:00,2025-01-27 17:41:00,53,1
2025-05-30 07:40:00,2025-05-30 11:08:00,B6,JFK,SFO,2158,12.63,14.35,0.06,0.0,-1.366,-0.0252,70,JFK-SFO,208,7,0,0,0,0,1,19,2025-05-30 07:59:00,2025-05-30 11:39:00,31,1
2025-07-08 01:00:00,2025-07-08 03:39:00,DL,JFK,SFO,1555,6.04,8.6,5.59,7.48,-2.295,0.4485,6,JFK-SFO,159,1,0,1,0,0,1,79,2025-07-08 02:19:00,2025-07-08 05:55:00,136,1
2025-09-02 00:40:00,2025-09-02 02:43:00,WN,SFO,LAX,1096,4.68,6.93,5.4,5.1,-0.1699,-0.6765,43,SFO-LAX,123,0,0,1,0,0,0,-10,2025-09-02 00:30:00,2025-09-02 02:41:00,-2,0
2025-06-25 17:45:00,2025-06-25 19:51:00,WN,ATL,BOS,1137,6.49,6.61,7.68,6.62,-0.8869,0.9175,37,ATL-BOS,126,17,0,0,0,0,0,10,2025-06-25 17:55:00,2025-06-25 19:56:00,5,0
2025-07-07 09:40:00,2025-07-07 14:19:00,DL,JFK,SFO,3052,20.63,18.36,0.0,0.0,-1.2459,-0.0604,96,JFK-SFO,279,9,0,0,0,0,0,5,2025-07-07 09:45:00,2025-07-07 14:28:00,9,0
2025-12-03 20:30:00,2025-12-04 02:08:00,UA,ATL,BOS,3787,10.26,11.23,0.0,0.0,0.5706,-0.1049,98,ATL-BOS,338,20,0,1,0,0,0,8,2025-12-03 20:38:00,2025-12-04 02:14:00,6,0
2025-05-03 05:00:00,2025-05-03 08:21:00,B6,SFO,LAX,2079,8.96,10.79,0.0,0.0,0.2148,0.772,88,SFO-LAX,201,5,0,0,0,0,1,31,2025-05-03 05:31:00,2025-05-03 09:04:00,43,1
2025-06-30 22:40:00,2025-07-01 00:11:00,UA,LAX,ATL,699,20.75,22.41,5.2,4.1,1.6402,0.7204,61,LAX-ATL,91,22,0,1,0,0,0,-7,2025-06-30 22:33:00,2025-07-01 00:11:00,0,0
2025-07-23 22:45:00,2025-07-24 03:09:00,WN,ATL,LAX,2863,21.5,20.14,0.47,0.33,0.417,0.8335,4,ATL-LAX,264,22,0,1,0,0,0,7,2025-07-23 22:52:00,2025-07-24 03:29:00,20,1
2025-06-20 02:20:00,2025-06-20 08:22:00,AA,LAX,ATL,4088,1.21,1.07,0.0,1.72,0.5528,0.3396,72,LAX-ATL,362,2,0,1,0,0,0,5,2025-06-20 02:25:00,2025-06-20 08:25:00,3,0
2025-12-20 15:30:00,2025-12-20 19:26:00,DL,JFK,SFO,2515,1.72,2.77,0.0,0.0,-0.8733,0.324,20,JFK-SFO,236,15,0,0,0,0,0,8,2025-12-20 15:38:00,2025-12-20 19:34:00,8,0
2025-12-18 22:30:00,2025-12-18 23:38:00,AA,ATL,BOS,413,17.81,15.72,9.07,9.28,-2.1402,-0.5405,84,ATL-BOS,68,22,0,1,0,0,0,7,2025-12-18 22:37:00,2025-12-18 23:35:00,-3,0
2025-07-07 07:00:00,2025-07-07 08:27:00,DL,SFO,BOS,644,10.43,7.79,0.0,0.0,1.9779,0.4845,38,SFO-BOS,87,7,0,0,0,0,0,1,2025-07-07 07:01:00,2025-07-07 08:37:00,10,0
2025-06-14 01:15:00,2025-06-14 05:09:00,DL,BOS,JFK,2493,23.31,20.62,16.98,16.0,0.4927,0.243,67,BOS-JFK,234,1,0,1,1,0,0,-4,2025-06-14 01:11:00,2025-06-14 05:13:00,4,0
2025-08-03 21:45:00,2025-08-04 03:33:00,AA,ATL,SFO,3918,0.85,2.89,0.2,0.0,1.6038,-0.3139,55,ATL-SFO,348,21,1,1,0,1,1,82,2025-08-03 23:07:00,2025-08-04 05:38:00,125,1
2025-03-08 11:50:00,2025-03-08 13:09:00,UA,LAX,JFK,544,11.68,10.6,0.0,1.64,-1.1817,0.9332,44,LAX-JFK,79,11,0,0,0,0,0,9,2025-03-08 11:59:00,2025-03-08 13:02:00,-7,0
2025-06-05 00:15:00,2025-06-05 05:27:00,UA,BOS,JFK,3465,15.16,13.01,0.0,0.01,1.0065,-0.0276,64,BOS-JFK,312,0,0,1,0,0,0,10,2025-06-05 00:25:00,2025-06-05 05:24:00,-3,0
2025-03-21 20:20:00,2025-03-22 01:41:00,UA,LAX,BOS,3574,5.16,10.25,5.0,6.5,0.2889,0.4467,86,LAX-BOS,321,20,0,1,0,0,0,-7,2025-03-21 20:13:00,2025-03-22 01:34:00,-7,0
2025-02-22 16:50:00,2025-02-22 18:06:00,DL,ATL,LAX,516,17.31,19.83,0.0,0.0,1.0623,0.3319,73,ATL-LAX,76,16,0,0,0,0,0,12,2025-02-22 17:02:00,2025-02-22 18:24:00,18,1
2025-02-04 01:10:00,2025-02-04 03:20:00,UA,SFO,BOS,1188,14.98,16.51,0.55,0.07,0.5804,-0.9789,30,SFO-BOS,130,1,0,1,0,0,0,9,2025-02-04 01:19:00,2025-02-04 03:06:00,-14,0
2025-08-03 06:15:00,2025-08-03 07:15:00,UA,JFK,SFO,316,9.61,6.78,0.98,0.0,-0.2289,-0.0865,18,JFK-SFO,60,6,1,0,0,0,0,13,2025-08-03 06:28:00,2025-08-03 07:28:00,13,0
2025-01-01 00:00:00,2025-01-01 04:09:00,AA,JFK,ATL,2676,11.21,9.56,0.82,1.93,0.2809,0.214,25,JFK-ATL,249,0,1,1,0,1,0,9,2025-01-01 00:09:00,2025-01-01 04:39:00,30,1
2025-08-24 22:10:00,2025-08-25 00:08:00,UA,SFO,JFK,1034,18.9,14.11,0.06,0.25,-0.3531,0.9998,52,SFO-JFK,118,22,1,1,0,1,0,23,2025-08-24 22:33:00,2025-08-25 00:34:00,26,1
2025-06-07 00:40:00,2025-06-07 06:47:00,B6,JFK,SFO,4149,9.37,9.01,0.0,0.14,0.8371,-0.6913,25,JFK-SFO,367,0,0,1,0,0,0,-1,2025-06-07 00:39:00,2025-06-07 06:54:00,7,0
2025-05-14 19:15:00,2025-05-14 20:45:00,WN,ATL,LAX,682,13.54,14.48,0.0,0.12,-0.7959,0.3639,79,ATL-LAX,90,19,0,0,0,0,0,2,2025-05-14 19:17:00,2025-05-14 20:28:00,-17,0
2025-10-08 12:50:00,2025-10-08 17:27:00,WN,JFK,LAX,3026,12.87,8.91,0.0,1.31,-0.7025,-0.1268,34,JFK-LAX,277,12,0,0,0,0,0,6,2025-10-08 12:56:00,2025-10-08 17:31:00,4,0
2025-07-16 13:50:00,2025-07-16 19:13:00,DL,LAX,ATL,3604,9.82,10.38,28.59,29.55,-0.1608,-0.059,19,LAX-ATL,323,13,0,0,1,0,0,50,2025-07-16 14:40:00,2025-07-16 20:22:00,69,1
2025-09-25 19:50:00,2025-09-25 21:49:00,B6,BOS,ATL,1048,8.41,6.35,0.0,0.0,0.6151,-0.6833,77,BOS-ATL,119,19,0,0,0,0,0,3,2025-09-25 19:53:00,2025-09-25 21:55:00,6,0
2025-09-16 21:40:00,2025-09-17 00:04:00,UA,ATL,LAX,1360,13.88,14.48,0.0,0.16,0.0533,0.0602,74,ATL-LAX,144,21,0,1,0,0,0,7,2025-09-16 21:47:00,2025-09-17 00:12:00,8,0
2025-01-12 03:40:00,2025-01-12 09:07:00,B6,ATL,SFO,3646,5.99,7.16,3.62,5.39,-0.3272,-0.9083,10,ATL-SFO,327,3,1,1,0,1,1,56,2025-01-12 04:36:00,2025-01-12 10:33:00,86,1
2025-03-20 00:30:00,2025-03-20 02:00:00,AA,SFO,BOS,689,0.55,1.5,0.65,1.18,1.0563,-0.1718,52,SFO-BOS,90,0,0,1,0,0,0,1,2025-03-20 00:31:00,2025-03-20 01:51:00,-9,0
2025-07-28 02:50:00,2025-07-28 06:17:00,B6,ATL,SFO,2154,10.66,9.81,0.43,0.22,0.5885,-0.189,52,ATL-SFO,207,2,0,1,0,0,0,10,2025-07-28 03:00:00,2025-07-28 06:04:00,-13,0
2025-12-23 16:00:00,2025-12-23 18:23:00,DL,JFK,SFO,1350,21.83,21.26,22.66,22.92,-0.4593,-0.653,37,JFK-SFO,143,16,0,0,1,0,0,30,2025-12-23 16:30:00,2025-12-23 19:05:00,42,1
2025-02-26 13:40:00,2025-02-26 14:43:00,WN,SFO,LAX,355,11.3,10.05,0.27,0.99,-1.0424,0.9953,60,SFO-LAX,63,13,0,0,0,0,0,5,2025-02-26 13:45:00,2025-02-26 15:01:00,18,1
2025-02-08 02:10:00,2025-02-08 05:41:00,AA,BOS,LAX,2196,8.01,6.89,0.21,0.0,-0.1756,0.4248,51,BOS-LAX,211,2,0,1,0,0,0,2,2025-02-08 02:12:00,2025-02-08 05:35:00,-6,0
2025-12-10 05:15:00,2025-12-10 08:58:00,UA,BOS,JFK,2344,8.33,8.89,0.0,0.09,-0.6235,0.9113,93,BOS-JFK,223,5,0,0,0,0,0,-3,2025-12-10 05:12:00,2025-12-10 08:58:00,0,0
2025-12-19 12:15:00,2025-12-19 15:11:00,WN,LAX,JFK,1758,7.17,4.79,8.18,6.33,-0.7722,0.485,13,LAX-JFK,176,12,0,0,0,0,0,7,2025-12-19 12:22:00,2025-12-19 15:13:00,2,0
2025-03-03 17:30:00,2025-03-03 23:02:00,WN,LAX,JFK,3712,2.5,0.06,14.61,15.21,0.7496,-0.0122,38,LAX-JFK,332,17,0,0,1,0,0,19,2025-03-03 17:49:00,2025-03-03 23:23:00,21,1
2025-05-27 08:45:00,2025-05-27 10:16:00,DL,ATL,JFK,703,21.98,21.39,0.66,2.18,1.1273,0.2255,40,ATL-JFK,91,8,0,0,0,0,0,20,2025-05-27 09:05:00,2025-05-27 10:41:00,25,1
2025-08-17 22:00:00,2025-08-18 01:23:00,DL,JFK,ATL,2105,5.63,8.21,5.21,6.34,-0.0594,-0.6642,47,JFK-ATL,203,22,1,1,0,1,0,16,2025-08-17 22:16:00,2025-08-18 02:02:00,39,1
2025-03-13 23:30:00,2025-03-14 01:30:00,DL,ATL,SFO,1058,11.75,10.72,12.68,10.9,-0.0057,-0.6941,72,ATL-SFO,120,23,0,1,1,0,0,45,2025-03-14 00:15:00,2025-03-14 02:37:00,67,1
2025-04-30 18:10:00,2025-04-30 23:24:00,B6,BOS,LAX,3485,8.37,7.83,0.0,0.0,-0.7398,-0.0273,68,BOS-LAX,314,18,0,0,0,0,0,-3,2025-04-30 18:07:00,2025-04-30 23:31:00,7,0
2025-05-25 10:00:00,2025-05-25 14:06:00,DL,BOS,JFK,2638,6.07,4.88,0.87,0.0,-1.0633,-0.5939,94,BOS-JFK,246,10,1,0,0,0,0,6,2025-05-25 10:06:00,2025-05-25 14:27:00,21,1
2025-08-23 21:20:00,2025-08-24 02:16:00,WN,SFO,JFK,3263,22.47,22.94,0.13,0.0,0.7958,0.54,16,SFO-JFK,296,21,0,1,0,0,0,-1,2025-08-23 21:19:00,2025-08-24 02:12:00,-4,0
2025-04-23 17:30:00,2025-04-23 19:05:00,AA,SFO,BOS,751,2.84,2.72,0.0,0.0,-1.2705,-0.4061,25,SFO-BOS,95,17,0,0,0,0,0,4,2025-04-23 17:34:00,2025-04-23 19:06:00,1,0
2025-05-31 12:10:00,2025-05-31 15:43:00,UA,LAX,ATL,2219,12.91,13.26,0.0,2.14,-0.6194,-0.8253,40,LAX-ATL,213,12,0,0,0,0,0,2,2025-05-31 12:12:00,2025-05-31 15:34:00,-9,0
2025-04-16 10:20:00,2025-04-16 11:36:00,WN,LAX,BOS,512,2.94,5.21,8.87,9.63,-0.6515,0.1708,73,LAX-BOS,76,10,0,0,0,0,0,1,2025-04-16 10:21:00,2025-04-16 11:43:00,7,0
2025-10-05 19:50:00,2025-10-05 22:38:00,UA,ATL,JFK,1657,8.14,9.54,4.6,3.77,0.4241,0.1109,3,ATL-JFK,168,19,1,0,0,0,0,0,2025-10-05 19:50:00,2025-10-05 22:30:00,-8,0
2025-02-25 13:15:00,2025-02-25 19:32:00,B6,ATL,SFO,4270,22.2,20.18,2.43,1.6,-0.1974,-0.4777,22,ATL-SFO,377,13,0,0,0,0,1,43,2025-02-25 13:58:00,2025-02-25 20:22:00,50,1
2025-03-26 04:50:00,2025-03-26 09:53:00,WN,LAX,ATL,3351,5.98,7.99,0.58,0.0,-0.5696,-0.7425,0,LAX-ATL,303,4,0,1,0,0,0,-5,2025-03-26 04:45:00,2025-03-26 09:48:00,-5,0
2025-04-02 23:45:00,2025-04-03 01:10:00,DL,JFK,BOS,629,13.91,13.7,0.0,0.16,1.3593,0.2571,6,JFK-BOS,85,23,0,1,0,0,0,-9,2025-04-02 23:36:00,2025-04-03 01:16:00,6,0
2025-11-27 01:15:00,2025-11-27 04:18:00,WN,JFK,BOS,1849,6.99,4.3,11.5,10.85,1.6302,0.4807,42,JFK-BOS,183,1,1,1,0,1,0,31,2025-11-27 01:46:00,2025-11-27 05:06:00,48,1
2025-12-11 16:30:00,2025-12-11 22:22:00,DL,LAX,BOS,3957,9.4,8.23,0.0,0.0,0.3896,-0.6218,26,LAX-BOS,352,16,0,0,0,0,0,-7,2025-12-11 16:23:00,2025-12-11 22:21:00,-1,0
2025-07-02 15:40:00,2025-07-02 17:36:00,AA,BOS,SFO,1014,14.7,15.97,1.02,0.0,0.1437,0.4918,81,BOS-SFO,116,15,0,0,0,0,0,4,2025-07-02 15:44:00,2025-07-02 17:40:00,4,0
2025-02-27 14:20:00,2025-02-27 19:33:00,B6,LAX,SFO,3479,11.97,12.61,4.5,6.56,-0.5034,0.3111,11,LAX-SFO,313,14,0,0,0,0,1,2,2025-02-27 14:22:00,2025-02-27 19:53:00,20,1
2025-10-03 01:20:00,2025-10-03 04:07:00,UA,LAX,SFO,1647,24.61,20.95,0.14,0.0,-0.0184,0.549,38,LAX-SFO,167,1,0,1,0,0,1,52,2025-10-03 02:12:00,2025-10-03 05:49:00,102,1
2025-06-29 11:15:00,2025-06-29 14:54:00,UA,BOS,ATL,2303,7.06,6.87,4.78,6.37,-1.2049,-0.8722,7,BOS-ATL,219,11,1,0,0,0,0,11,2025-06-29 11:26:00,2025-06-29 15:19:00,25,1
2025-11-07 21:10:00,2025-11-08 03:04:00,B6,LAX,BOS,3982,13.43,10.07,0.0,0.56,0.9887,0.9321,55,LAX-BOS,354,21,0,1,0,0,0,12,2025-11-07 21:22:00,2025-11-08 03:12:00,8,0
2025-05-12 05:00:00,2025-05-12 09:45:00,WN,ATL,JFK,3124,11.48,10.12,0.0,0.0,-0.1317,0.3191,64,ATL-JFK,285,5,0,0,0,0,0,-1,2025-05-12 04:59:00,2025-05-12 09:49:00,4,0
2025-12-31 16:15:00,2025-12-31 18:49:00,WN,BOS,SFO,1490,13.95,12.16,16.39,17.32,-0.6876,-0.4825,47,BOS-SFO,154,16,1,0,1,0,0,15,2025-12-31 16:30:00,2025-12-31 19:03:00,14,0
2025-10-22 20:45:00,2025-10-22 21:47:00,B6,LAX,BOS,337,18.07,18.35,2.73,2.54,-0.3315,0.7543,11,LAX-BOS,62,20,0,1,0,0,0,0,2025-10-22 20:45:00,2025-10-22 21:39:00,-8,0
2025-03-23 22:10:00,2025-03-24 00:28:00,AA,SFO,BOS,1286,5.22,6.75,0.37,0.0,0.7063,0.1615,42,SFO-BOS,138,22,1,1,0,1,0,28,2025-03-23 22:38:00,2025-03-24 01:30:00,62,1
2025-09-22 12:10:00,2025-09-22 15:29:00,AA,ATL,JFK,2054,9.46,13.11,0.0,0.0,-0.2565,-0.6789,85,ATL-JFK,199,12,0,0,0,0,0,0,2025-09-22 12:10:00,2025-09-22 15:24:00,-5,0
2025-04-15 07:15:00,2025-04-15 08:59:00,UA,LAX,JFK,860,19.92,20.0,0.22,0.0,-0.7874,0.7052,61,LAX-JFK,104,7,0,0,0,0,0,9,2025-04-15 07:24:00,2025-04-15 08:45:00,-14,0
2025-05-08 16:30:00,2025-05-08 22:25:00,AA,JFK,BOS,4005,10.45,11.85,0.66,1.44,-2.0894,0.4444,58,JFK-BOS,355,16,0,0,0,0,0,2,2025-05-08 16:32:00,2025-05-08 22:19:00,-6,0
2025-04-02 11:10:00,2025-04-02 12:27:00,UA,LAX,ATL,531,15.01,15.55,2.48,1.72,-0.0779,-0.4393,94,LAX-ATL,77,11,0,0,0,0,0,8,2025-04-02 11:18:00,2025-04-02 12:27:00,0,0
2025-09-07 15:10:00,2025-09-07 19:11:00,UA,LAX,ATL,2570,0.34,4.8,21.57,21.61,0.3756,0.0876,20,LAX-ATL,241,15,1,0,1,0,0,25,2025-09-07 15:35:00,2025-09-07 19:48:00,37,1
2025-04-06 17:00:00,2025-04-06 23:27:00,B6,ATL,JFK,4402,10.76,9.7,0.03,0.0,-0.4904,-0.2016,55,ATL-JFK,387,17,1,0,0,0,0,9,2025-04-06 17:09:00,2025-04-06 23:24:00,-3,0
2025-08-22 17:15:00,2025-08-22 20:06:00,AA,LAX,JFK,1706,9.0,4.51,14.37,14.2,-0.794,-0.9864,31,LAX-JFK,171,17,0,0,1,0,0,19,2025-08-22 17:34:00,2025-08-22 20:32:00,26,1
2025-08-01 05:10:00,2025-08-01 09:09:00,B6,BOS,SFO,2554,13.85,15.34,0.98,0.0,-1.1253,-0.0445,84,BOS-SFO,239,5,0,0,0,0,1,9,2025-08-01 05:19:00,2025-08-01 09:41:00,32,1
2025-10-02 18:45:00,2025-10-02 20:09:00,DL,ATL,SFO,608,10.63,12.83,24.15,24.04,-0.3761,-0.5288,77,ATL-SFO,84,18,0,0,1,0,0,19,2025-10-02 19:04:00,2025-10-02 20:49:00,40,1
2025-12-29 13:50:00,2025-12-29 18:54:00,AA,JFK,SFO,3364,6.95,7.34,0.45,0.0,-1.1142,-0.6912,33,JFK-SFO,304,13,0,0,0,0,0,11,2025-12-29 14:01:00,2025-12-29 18:59:00,5,0
2025-01-04 22:15:00,2025-01-05 04:42:00,B6,ATL,BOS,4405,2.2,3.73,0.04,0.0,-1.1207,-0.8147,84,ATL-BOS,387,22,0,1,0,0,0,-5,2025-01-04 22:10:00,2025-01-05 04:37:00,-5,0
2025-12-28 15:00:00,2025-12-28 20:19:00,DL,LAX,SFO,3546,31.65,33.7,12.29,13.54,-0.479,-0.5531,27,LAX-SFO,319,15,1,0,1,0,1,44,2025-12-28 15:44:00,2025-12-28 21:27:00,68,1
2025-02-09 21:00:00,2025-02-09 22:49:00,DL,JFK,SFO,927,12.41,12.43,0.05,0.0,1.8837,0.519,43,JFK-SFO,109,21,1,1,0,1,0,25,2025-02-09 21:25:00,2025-02-09 23:24:00,35,1
2025-07-12 23:15:00,2025-07-13 02:12:00,AA,JFK,SFO,1779,12.68,14.33,0.14,0.26,2.3351,-0.2825,7,JFK-SFO,177,23,0,1,0,0,1,10,2025-07-12 23:25:00,2025-07-13 02:29:00,17,1
2025-05-05 23:20:00,2025-05-06 04:22:00,UA,ATL,LAX,3338,7.97,5.05,0.0,0.0,1.1776,-0.7219,44,ATL-LAX,302,23,0,1,0,0,0,18,2025-05-05 23:38:00,2025-05-06 04:55:00,33,1
2025-08-22 17:30:00,2025-08-22 22:57:00,AA,LAX,BOS,3655,6.22,8.81,1.38,0.29,0.6443,-0.6609,58,LAX-BOS,327,17,0,0,0,0,0,23,2025-08-22 17:53:00,2025-08-22 23:27:00,30,1
2025-09-21 14:15:00,2025-09-21 17:30:00,WN,ATL,LAX,1994,19.99,22.51,2.67,4.29,-1.9378,0.3047,65,ATL-LAX,195,14,1,0,0,0,0,-1,2025-09-21 14:14:00,2025-09-21 17:21:00,-9,0
2025-11-10 02:15:00,2025-11-10 08:37:00,UA,BOS,JFK,4338,10.09,11.93,0.91,0.0,2.6762,-0.1932,73,BOS-JFK,382,2,0,1,0,0,0,6,2025-11-10 02:21:00,2025-11-10 08:27:00,-10,0
2025-05-27 09:15:00,2025-05-27 11:22:00,DL,BOS,SFO,1154,21.63,23.13,0.0,0.0,0.392,0.244,74,BOS-SFO,127,9,0,0,0,0,0,-8,2025-05-27 09:07:00,2025-05-27 11:16:00,-6,0
2025-12-07 11:30:00,2025-12-07 16:38:00,WN,LAX,BOS,3415,16.22,7.28,19.85,18.89,-1.0994,-0.8956,62,LAX-BOS,308,11,1,0,1,0,0,29,2025-12-07 11:59:00,2025-12-07 17:29:00,51,1
2025-04-28 18:40:00,2025-04-28 22:26:00,AA,JFK,LAX,2385,17.74,18.78,0.0,0.0,2.6863,0.4569,39,JFK-LAX,226,18,0,0,0,0,0,17,2025-04-28 18:57:00,2025-04-28 22:34:00,8,0
2025-03-16 14:00:00,2025-03-16 18:58:00,B6,SFO,LAX,3289,0.0,0.71,3.42,5.19,-0.0985,0.9255,85,SFO-LAX,298,14,1,0,0,0,1,27,2025-03-16 14:27:00,2025-03-16 19:21:00,23,1
2025-05-19 10:20:00,2025-05-19 14:39:00,WN,SFO,LAX,2803,4.48,5.05,0.0,1.07,0.8343,0.5731,31,SFO-LAX,259,10,0,0,0,0,0,10,2025-05-19 10:30:00,2025-05-19 14:56:00,17,1
2025-07-12 03:40:00,2025-07-12 07:04:00,AA,LAX,ATL,2115,10.69,9.91,6.82,7.02,-0.3145,0.4435,21,LAX-ATL,204,3,0,1,0,0,0,-2,2025-07-12 03:38:00,2025-07-12 07:12:00,8,0
2025-09-01 17:40:00,2025-09-01 23:13:00,B6,ATL,SFO,3724,9.09,10.12,0.0,0.0,0.5676,-0.6028,27,ATL-SFO,333,17,1,0,0,0,0,14,2025-09-01 17:54:00,2025-09-01 23:23:00,10,0
2025-10-31 10:30:00,2025-10-31 16:12:00,DL,LAX,BOS,3833,13.06,14.33,14.79,16.6,0.6863,-0.1888,66,LAX-BOS,342,10,0,0,1,0,0,56,2025-10-31 11:26:00,2025-10-31 17:13:00,61,1
2025-03-24 00:30:00,2025-03-24 06:04:00,B6,BOS,SFO,3732,3.24,2.35,0.0,0.99,0.8601,-0.6886,63,BOS-SFO,334,0,0,1,0,0,1,30,2025-03-24 01:00:00,2025-03-24 07:06:00,62,1
2025-04-21 06:40:00,2025-04-21 08:09:00,WN,SFO,ATL,673,5.8,0.77,0.0,0.31,1.2834,0.5242,49,SFO-ATL,89,6,0,0,0,0,0,6,2025-04-21 06:46:00,2025-04-21 08:05:00,-4,0
2025-12-09 21:20:00,2025-12-10 00:41:00,B6,SFO,BOS,2076,13.69,16.25,0.51,0.0,0.1553,0.4844,90,SFO-BOS,201,21,0,1,0,0,0,32,2025-12-09 21:52:00,2025-12-10 01:25:00,44,1
2025-06-10 02:30:00,2025-06-10 07:41:00,UA,ATL,LAX,3448,18.8,17.28,0.63,0.97,0.2098,-0.7536,31,ATL-LAX,311,2,0,1,0,0,0,-6,2025-06-10 02:24:00,2025-06-10 07:39:00,-2,0
2025-03-30 09:15:00,2025-03-30 15:05:00,WN,ATL,JFK,3940,10.4,7.72,15.62,15.78,-0.0479,0.4904,12,ATL-JFK,350,9,1,0,1,0,0,15,2025-03-30 09:30:00,2025-03-30 15:18:00,13,0
2025-12-26 12:20:00,2025-12-26 15:21:00,DL,LAX,BOS,1820,22.31,26.85,0.0,0.66,-1.0441,0.1422,48,LAX-BOS,181,12,0,0,0,0,0,-7,2025-12-26 12:13:00,2025-12-26 15:21:00,0,0
2025-06-13 02:00:00,2025-06-13 07:08:00,WN,ATL,JFK,3410,25.63,25.57,1.46,1.83,-0.9047,0.9615,28,ATL-JFK,308,2,0,1,0,0,0,-1,2025-06-13 01:59:00,2025-06-13 07:10:00,2,0
2025-12-26 03:15:00,2025-12-26 07:24:00,AA,SFO,ATL,2677,9.07,9.21,0.0,0.0,-0.3082,0.9792,72,SFO-ATL,249,3,0,1,0,0,0,9,2025-12-26 03:24:00,2025-12-26 07:41:00,17,1
2025-12-02 22:10:00,2025-12-03 00:23:00,AA,JFK,LAX,1226,7.05,8.14,0.67,0.0,1.2622,-0.8385,51,JFK-LAX,133,22,0,1,0,0,0,-8,2025-12-02 22:02:00,2025-12-03 00:19:00,-4,0
2025-11-27 14:10:00,2025-11-27 20:09:00,WN,JFK,SFO,4050,4.14,3.77,9.9,11.75,0.4708,0.6736,89,JFK-SFO,359,14,1,0,0,0,1,37,2025-11-27 14:47:00,2025-11-27 21:06:00,57,1
2025-08-01 05:20:00,2025-08-01 08:48:00,AA,SFO,JFK,2168,5.84,2.73,14.5,12.95,-0.0932,-0.679,75,SFO-JFK,208,5,0,0,1,0,1,18,2025-08-01 05:38:00,2025-08-01 09:28:00,40,1
2025-10-19 04:30:00,2025-10-19 08:52:00,DL,BOS,ATL,2841,15.69,14.59,0.52,0.99,-0.2637,0.0997,60,BOS-ATL,262,4,1,1,0,1,0,7,2025-10-19 04:37:00,2025-10-19 09:08:00,16,1
2025-12-17 10:50:00,2025-12-17 13:26:00,UA,JFK,SFO,1511,4.88,4.37,0.0,0.84,-1.167,0.0103,41,JFK-SFO,156,10,0,0,0,0,1,72,2025-12-17 12:02:00,2025-12-17 15:02:00,96,1
2025-04-09 17:00:00,2025-04-09 18:08:00,WN,SFO,LAX,407,4.75,4.66,2.1,2.81,-0.8988,-0.4522,66,SFO-LAX,68,17,0,0,0,0,0,6,2025-04-09 17:06:00,2025-04-09 18:05:00,-3,0
2025-01-14 17:50:00,2025-01-14 21:21:00,UA,ATL,BOS,2201,5.8,3.8,0.0,0.0,0.1548,0.4442,35,ATL-BOS,211,17,0,0,0,0,0,8,2025-01-14 17:58:00,2025-01-14 21:26:00,5,0
2025-04-28 04:15:00,2025-04-28 09:17:00,B6,ATL,LAX,3334,8.04,10.49,0.57,0.0,0.0083,0.0717,93,ATL-LAX,302,4,0,1,0,0,0,13,2025-04-28 04:28:00,2025-04-28 09:26:00,9,0
2025-08-21 17:40:00,2025-08-21 20:29:00,WN,ATL,LAX,1674,10.6,6.56,0.42,1.29,0.7783,0.2442,59,ATL-LAX,169,17,0,0,0,0,0,10,2025-08-21 17:50:00,2025-08-21 20:23:00,-6,0
2025-07-19 21:40:00,2025-07-20 03:51:00,DL,BOS,ATL,4201,15.6,14.75,6.69,5.45,-0.2165,0.3823,74,BOS-ATL,371,21,0,1,0,0,0,-10,2025-07-19 21:30:00,2025-07-20 03:46:00,-5,0
2025-01-30 05:50:00,2025-01-30 11:01:00,WN,ATL,LAX,3450,7.06,9.75,0.66,0.0,0.5674,-0.191,21,ATL-LAX,311,5,0,0,0,0,0,2,2025-01-30 05:52:00,2025-01-30 10:57:00,-4,0
2025-07-24 00:00:00,2025-07-24 04:35:00,WN,ATL,LAX,2996,4.93,3.59,0.1,0.31,-1.5313,-0.9171,22,ATL-LAX,275,0,0,1,0,0,0,-3,2025-07-23 23:57:00,2025-07-24 04:41:00,6,0
2025-03-05 23:50:00,2025-03-06 05:20:00,B6,SFO,JFK,3687,5.88,7.21,2.31,1.19,-0.9495,-0.4846,47,SFO-JFK,330,23,0,1,0,0,1,17,2025-03-06 00:07:00,2025-03-06 05:53:00,33,1
2025-07-04 12:00:00,2025-07-04 17:48:00,B6,JFK,SFO,3917,8.44,8.8,0.0,0.0,0.2636,-0.6488,76,JFK-SFO,348,12,1,0,0,0,1,13,2025-07-04 12:13:00,2025-07-04 18:21:00,33,1
2025-07-30 18:50:00,2025-07-30 23:51:00,WN,BOS,SFO,3329,6.47,5.89,8.06,5.83,0.0163,0.5067,91,BOS-SFO,301,18,0,0,0,0,0,15,2025-07-30 19:05:00,2025-07-30 23:42:00,-9,0
2025-08-21 07:40:00,2025-08-21 13:16:00,WN,JFK,SFO,3766,12.77,14.18,17.65,17.13,0.7377,-0.5007,12,JFK-SFO,336,7,0,0,1,0,0,25,2025-08-21 08:05:00,2025-08-21 14:15:00,59,1
2025-05-31 07:20:00,2025-05-31 12:19:00,UA,SFO,JFK,3295,2.05,0.02,3.02,3.4,1.1756,-0.2695,9,SFO-JFK,299,7,0,0,0,0,0,2,2025-05-31 07:22:00,2025-05-31 12:20:00,1,0
2025-05-30 05:20:00,2025-05-30 11:08:00,DL,JFK,ATL,3917,9.8,10.74,0.0,0.27,1.2213,-0.1078,13,JFK-ATL,348,5,0,0,0,0,0,16,2025-05-30 05:36:00,2025-05-30 11:14:00,6,0
2025-09-05 05:00:00,2025-09-05 06:34:00,B6,JFK,SFO,735,20.03,22.64,1.05,1.34,1.586,0.6705,9,JFK-SFO,94,5,0,0,0,0,0,7,2025-09-05 05:07:00,2025-09-05 06:46:00,12,0
2025-10-01 11:45:00,2025-10-01 14:40:00,DL,SFO,ATL,1745,18.19,15.1,6.54,5.84,1.8209,0.689,95,SFO-ATL,175,11,0,0,0,0,0,-10,2025-10-01 11:35:00,2025-10-01 14:32:00,-8,0
2025-10-22 02:40:00,2025-10-22 08:37:00,B6,ATL,LAX,4028,10.34,10.54,0.0,0.11,-0.3562,-0.5602,14,ATL-LAX,357,2,0,1,0,0,0,16,2025-10-22 02:56:00,2025-10-22 08:35:00,-2,0
2025-05-02 20:50:00,2025-05-03 00:28:00,WN,JFK,BOS,2291,10.39,8.5,8.6,8.03,2.2996,-0.1833,11,JFK-BOS,218,20,0,1,0,0,0,14,2025-05-02 21:04:00,2025-05-03 00:12:00,-16,0
2025-06-04 12:40:00,2025-06-04 13:44:00,WN,LAX,SFO,362,13.31,10.67,2.8,2.86,2.8893,-0.5111,31,LAX-SFO,64,12,0,0,0,0,0,-7,2025-06-04 12:33:00,2025-06-04 13:45:00,1,0
2025-05-01 21:50:00,2025-05-02 03:34:00,DL,JFK,BOS,3861,3.82,5.82,0.24,0.0,-1.3024,0.9521,82,JFK-BOS,344,21,0,1,0,0,0,8,2025-05-01 21:58:00,2025-05-02 03:29:00,-5,0
2025-07-12 12:50:00,2025-07-12 17:29:00,WN,SFO,LAX,3053,16.69,17.94,0.08,0.0,-0.5887,0.0663,91,SFO-LAX,279,12,0,0,0,0,1,37,2025-07-12 13:27:00,2025-07-12 18:23:00,54,1
2025-02-16 07:20:00,2025-02-16 13:25:00,B6,SFO,JFK,4123,20.38,23.24,0.0,0.0,0.3602,-0.9984,67,SFO-JFK,365,7,1,0,0,0,1,14,2025-02-16 07:34:00,2025-02-16 14:02:00,37,1
2025-06-06 12:40:00,2025-06-06 13:44:00,UA,BOS,SFO,368,10.12,7.19,6.14,4.36,0.2321,-0.8188,59,BOS-SFO,64,12,0,0,0,0,0,11,2025-06-06 12:51:00,2025-06-06 13:49:00,5,0
2025-03-10 03:15:00,2025-03-10 05:03:00,B6,SFO,ATL,916,11.13,11.11,9.12,11.24,-1.6865,0.712,75,SFO-ATL,108,3,0,1,0,0,0,12,2025-03-10 03:27:00,2025-03-10 05:27:00,24,1
2025-07-14 19:45:00,2025-07-14 23:36:00,UA,BOS,SFO,2444,12.0,12.77,0.0,0.32,-0.9497,-0.2039,9,BOS-SFO,231,19,0,0,0,0,1,37,2025-07-14 20:22:00,2025-07-15 00:32:00,56,1
2025-11-07 17:30:00,2025-11-07 19:30:00,B6,BOS,LAX,1062,6.82,5.92,3.85,3.88,0.2168,0.8107,56,BOS-LAX,120,17,0,0,0,0,0,5,2025-11-07 17:35:00,2025-11-07 19:29:00,-1,0
2025-12-26 03:20:00,2025-12-26 07:14:00,UA,SFO,ATL,2486,23.18,22.12,8.23,9.23,-0.2177,0.3265,5,SFO-ATL,234,3,0,1,0,0,1,26,2025-12-26 03:46:00,2025-12-26 07:49:00,35,1
2025-06-12 13:40:00,2025-06-12 16:35:00,B6,ATL,BOS,1756,28.09,31.09,0.34,1.31,0.621,0.0665,75,ATL-BOS,175,13,0,0,0,0,0,4,2025-06-12 13:44:00,2025-06-12 16:19:00,-16,0
2025-01-21 12:15:00,2025-01-21 14:25:00,AA,BOS,ATL,1182,12.61,13.33,0.81,0.0,1.9558,0.6299,49,BOS-ATL,130,12,0,0,0,0,0,-2,2025-01-21 12:13:00,2025-01-21 14:34:00,9,0
2025-03-25 04:30:00,2025-03-25 09:48:00,B6,LAX,JFK,3535,23.5,24.79,0.24,1.36,-1.2446,0.4607,95,LAX-JFK,318,4,0,1,0,0,0,-10,2025-03-25 04:20:00,2025-03-25 09:30:00,-18,0
2025-02-08 02:20:00,2025-02-08 03:32:00,WN,JFK,ATL,463,2.81,4.42,1.21,0.26,2.3142,0.1637,60,JFK-ATL,72,2,0,1,0,0,0,-3,2025-02-08 02:17:00,2025-02-08 03:36:00,4,0
2025-10-05 18:15:00,2025-10-06 00:08:00,B6,SFO,ATL,3974,10.78,11.68,18.73,19.21,1.8812,-0.8301,74,SFO-ATL,353,18,1,0,1,0,0,33,2025-10-05 18:48:00,2025-10-06 00:50:00,42,1
2025-12-26 06:50:00,2025-12-26 08:41:00,B6,BOS,LAX,945,4.12,2.08,2.76,4.12,-1.7258,0.605,6,BOS-LAX,111,6,0,0,0,0,0,-9,2025-12-26 06:41:00,2025-12-26 08:40:00,-1,0
2025-07-22 12:00:00,2025-07-22 16:14:00,UA,JFK,ATL,2737,7.98,8.01,0.0,0.2,-1.1938,0.6627,31,JFK-ATL,254,12,0,0,0,0,0,-1,2025-07-22 11:59:00,2025-07-22 16:08:00,-6,0
2025-03-06 05:45:00,2025-03-06 12:17:00,WN,ATL,JFK,4464,10.26,6.09,10.31,11.1,-0.4038,0.7875,45,ATL-JFK,392,5,0,0,0,0,0,5,2025-03-06 05:50:00,2025-03-06 12:21:00,4,0
2025-01-08 15:10:00,2025-01-08 16:47:00,DL,BOS,LAX,775,6.59,6.98,0.0,0.09,-0.9534,-0.7967,89,BOS-LAX,97,15,0,0,0,0,0,22,2025-01-08 15:32:00,2025-01-08 17:22:00,35,1
2025-12-23 01:10:00,2025-12-23 07:20:00,B6,ATL,SFO,4192,4.83,5.55,3.0,2.18,0.582,0.9443,67,ATL-SFO,370,1,0,1,0,0,1,27,2025-12-23 01:37:00,2025-12-23 07:47:00,27,1
2025-04-26 08:10:00,2025-04-26 10:51:00,AA,LAX,ATL,1575,12.7,14.52,0.44,0.41,0.635,-0.125,47,LAX-ATL,161,8,0,0,0,0,0,-1,2025-04-26 08:09:00,2025-04-26 10:55:00,4,0
2025-02-10 13:00:00,2025-02-10 18:08:00,AA,BOS,LAX,3412,5.23,4.85,0.0,0.25,0.1415,-0.5643,64,BOS-LAX,308,13,0,0,0,0,0,-1,2025-02-10 12:59:00,2025-02-10 18:08:00,0,0
2025-03-06 10:00:00,2025-03-06 15:47:00,DL,LAX,ATL,3899,13.75,14.15,8.92,9.65,0.374,0.4215,15,LAX-ATL,347,10,0,0,0,0,0,3,2025-03-06 10:03:00,2025-03-06 15:49:00,2,0
2025-04-04 14:45:00,2025-04-04 17:02:00,UA,BOS,SFO,1273,10.29,8.87,10.62,9.31,-0.1339,0.549,68,BOS-SFO,137,14,0,0,0,0,0,12,2025-04-04 14:57:00,2025-04-04 17:19:00,17,1
2025-08-28 04:50:00,2025-08-28 07:46:00,DL,JFK,BOS,1759,12.21,12.07,0.54,0.62,0.3966,-0.9989,90,JFK-BOS,176,4,0,1,0,0,0,-10,2025-08-28 04:40:00,2025-08-28 07:43:00,-3,0
2025-11-22 10:30:00,2025-11-22 16:18:00,B6,SFO,LAX,3915,7.21,4.73,18.34,16.34,1.9128,-0.3498,33,SFO-LAX,348,10,0,0,1,0,1,62,2025-11-22 11:32:00,2025-11-22 17:37:00,79,1
2025-04-11 18:00:00,2025-04-11 19:33:00,B6,SFO,BOS,731,9.84,11.77,1.52,0.44,-2.3869,-0.0633,41,SFO-BOS,93,18,0,0,0,0,0,9,2025-04-11 18:09:00,2025-04-11 19:36:00,3,0
2025-09-08 08:45:00,2025-09-08 10:20:00,DL,ATL,SFO,755,32.12,35.81,9.99,8.11,0.0179,0.6982,95,ATL-SFO,95,8,0,0,0,0,0,1,2025-09-08 08:46:00,2025-09-08 10:31:00,11,0
2025-01-24 03:30:00,2025-01-24 06:10:00,B6,LAX,BOS,1568,11.48,10.81,15.97,14.82,0.4648,-0.9602,24,LAX-BOS,160,3,0,1,1,0,0,21,2025-01-24 03:51:00,2025-01-24 06:36:00,26,1
2025-01-04 20:30:00,2025-01-05 00:52:00,DL,SFO,LAX,2833,22.42,24.62,16.24,15.84,-0.0988,0.5034,67,SFO-LAX,262,20,0,1,1,0,1,43,2025-01-04 21:13:00,2025-01-05 02:03:00,71,1
2025-01-21 18:50:00,2025-01-22 00:20:00,UA,LAX,SFO,3688,23.94,25.01,0.0,2.68,0.3129,0.8628,63,LAX-SFO,330,18,0,0,0,0,1,35,2025-01-21 19:25:00,2025-01-22 01:05:00,45,1
2025-12-03 16:20:00,2025-12-03 20:28:00,B6,ATL,JFK,2662,3.1,1.86,14.71,13.66,1.1988,0.8832,20,ATL-JFK,248,16,0,0,1,0,0,37,2025-12-03 16:57:00,2025-12-03 21:09:00,41,1
2025-08-01 19:15:00,2025-08-01 23:00:00,B6,LAX,ATL,2372,22.92,18.82,0.0,0.82,-0.5162,-0.5497,99,LAX-ATL,225,19,0,0,0,0,0,-10,2025-08-01 19:05:00,2025-08-01 22:53:00,-7,0
2025-10-21 18:45:00,2025-10-22 00:37:00,DL,LAX,JFK,3957,9.22,12.0,3.72,4.97,2.209,0.2349,95,LAX-JFK,352,18,0,0,0,0,0,13,2025-10-21 18:58:00,2025-10-22 00:36:00,-1,0
2025-01-08 17:30:00,2025-01-08 19:27:00,WN,LAX,JFK,1020,8.99,7.59,0.0,0.28,-1.4848,-0.0466,84,LAX-JFK,117,17,0,0,0,0,0,14,2025-01-08 17:44:00,2025-01-08 19:31:00,4,0
2025-01-09 12:40:00,2025-01-09 18:42:00,B6,JFK,BOS,4087,2.0,3.7,0.12,0.0,0.6205,0.2323,65,JFK-BOS,362,12,0,0,0,0,0,-7,2025-01-09 12:33:00,2025-01-09 18:37:00,-5,0
2025-11-06 00:40:00,2025-11-06 03:24:00,UA,JFK,BOS,1613,3.9,3.59,0.0,0.78,-0.0136,0.0929,25,JFK-BOS,164,0,0,1,0,0,0,-10,2025-11-06 00:30:00,2025-11-06 03:19:00,-5,0
2025-02-07 14:45:00,2025-02-07 17:17:00,DL,LAX,BOS,1459,11.97,12.97,0.21,0.0,0.2599,0.8093,1,LAX-BOS,152,14,0,0,0,0,0,0,2025-02-07 14:45:00,2025-02-07 17:12:00,-5,0
2025-02-26 06:15:00,2025-02-26 12:34:00,B6,JFK,BOS,4305,3.91,8.43,19.96,21.05,0.7614,0.4653,71,JFK-BOS,379,6,0,0,1,0,0,20,2025-02-26 06:35:00,2025-02-26 13:01:00,27,1
2025-07-09 18:00:00,2025-07-09 22:36:00,DL,LAX,SFO,3012,13.78,13.07,28.06,28.82,-0.6182,0.0921,69,LAX-SFO,276,18,0,0,1,0,0,26,2025-07-09 18:26:00,2025-07-09 23:27:00,51,1
2025-08-10 11:20:00,2025-08-10 14:44:00,B6,LAX,BOS,2114,0.0,1.84,0.0,0.7,1.1023,0.9947,25,LAX-BOS,204,11,1,0,0,0,0,-6,2025-08-10 11:14:00,2025-08-10 14:37:00,-7,0
2025-03-25 21:40:00,2025-03-26 00:30:00,UA,BOS,JFK,1686,5.34,7.09,4.88,4.89,1.975,0.8775,12,BOS-JFK,170,21,0,1,0,0,0,8,2025-03-25 21:48:00,2025-03-26 00:35:00,5,0
2025-06-12 14:45:00,2025-06-12 18:12:00,WN,LAX,BOS,2154,8.78,10.67,4.01,3.53,-0.29,-0.7006,51,LAX-BOS,207,14,0,0,0,0,0,10,2025-06-12 14:55:00,2025-06-12 18:27:00,15,1
2025-09-04 13:15:00,2025-09-04 18:40:00,B6,LAX,BOS,3624,9.9,12.07,0.0,0.0,-0.5177,0.2716,99,LAX-BOS,325,13,0,0,0,0,0,-5,2025-09-04 13:10:00,2025-09-04 18:34:00,-6,0
2025-06-11 22:40:00,2025-06-12 00:30:00,UA,JFK,LAX,942,4.97,4.38,0.0,0.0,1.2654,0.8717,14,JFK-LAX,110,22,0,1,0,0,0,38,2025-06-11 23:18:00,2025-06-12 01:20:00,50,1
2025-05-20 11:45:00,2025-05-20 13:43:00,DL,LAX,SFO,1032,4.0,3.54,1.04,0.0,0.9824,0.6901,31,LAX-SFO,118,11,0,0,0,0,0,6,2025-05-20 11:51:00,2025-05-20 13:51:00,8,0
2025-01-27 09:45:00,2025-01-27 12:26:00,DL,ATL,SFO,1579,9.36,4.14,0.0,0.5,-1.5656,0.7881,28,ATL-SFO,161,9,0,0,0,0,0,19,2025-01-27 10:04:00,2025-01-27 12:33:00,7,0
2025-06-14 08:45:00,2025-06-14 12:26:00,AA,BOS,ATL,2325,6.0,6.28,0.0,1.36,0.5526,0.2334,17,BOS-ATL,221,8,0,0,0,0,0,16,2025-06-14 09:01:00,2025-06-14 12:20:00,-6,0
2025-10-21 21:50:00,2025-10-22 03:23:00,UA,LAX,JFK,3721,8.34,7.08,14.86,14.7,0.7754,-0.8438,99,LAX-JFK,333,21,0,1,1,0,0,26,2025-10-21 22:16:00,2025-10-22 04:00:00,37,1
2025-08-17 18:40:00,2025-08-17 20:50:00,DL,SFO,ATL,1185,14.38,15.69,22.22,21.94,-0.0548,-0.966,85,SFO-ATL,130,18,1,0,1,0,0,34,2025-08-17 19:14:00,2025-08-17 21:43:00,53,1
2025-11-22 03:15:00,2025-11-22 08:38:00,WN,LAX,BOS,3602,21.99,23.36,0.0,0.6,1.5005,-0.3967,45,LAX-BOS,323,3,0,1,0,0,0,0,2025-11-22 03:15:00,2025-11-22 08:33:00,-5,0
2025-02-16 11:20:00,2025-02-16 17:24:00,WN,LAX,BOS,4112,7.21,8.73,11.43,10.16,-1.6041,0.2326,37,LAX-BOS,364,11,1,0,0,0,0,-5,2025-02-16 11:15:00,2025-02-16 17:20:00,-4,0
2025-01-05 08:40:00,2025-01-05 12:05:00,B6,BOS,SFO,2129,13.58,16.26,23.0,21.82,-2.1502,0.851,74,BOS-SFO,205,8,1,0,1,0,1,67,2025-01-05 09:47:00,2025-01-05 13:43:00,98,1
2025-07-20 15:10:00,2025-07-20 21:32:00,AA,LAX,ATL,4337,5.13,6.53,0.0,0.0,1.0649,-0.2116,98,LAX-ATL,382,15,1,0,0,0,0,3,2025-07-20 15:13:00,2025-07-20 21:46:00,14,0
2025-03-07 01:30:00,2025-03-07 07:29:00,WN,BOS,SFO,4053,6.14,8.37,1.59,0.0,-0.813,0.2536,43,BOS-SFO,359,1,0,1,0,0,0,10,2025-03-07 01:40:00,2025-03-07 07:42:00,13,0
2025-08-05 17:30:00,2025-08-05 22:57:00,DL,ATL,BOS,3648,6.77,7.82,3.98,4.98,-0.0347,0.0672,86,ATL-BOS,327,17,0,0,0,0,0,-5,2025-08-05 17:25:00,2025-08-05 22:54:00,-3,0
2025-11-26 17:40:00,2025-11-26 20:47:00,WN,BOS,SFO,1897,20.28,20.39,0.0,0.0,-1.133,-0.528,0,BOS-SFO,187,17,0,0,0,0,1,22,2025-11-26 18:02:00,2025-11-26 21:29:00,42,1
2025-05-04 05:20:00,2025-05-04 08:00:00,B6,LAX,ATL,1562,1.64,4.14,0.24,0.69,0.8523,-0.3727,62,LAX-ATL,160,5,1,0,0,0,0,-3,2025-05-04 05:17:00,2025-05-04 07:56:00,-4,0
2025-07-20 03:40:00,2025-07-20 09:29:00,DL,SFO,BOS,3930,1.54,3.1,0.38,0.23,0.3408,-0.2537,65,SFO-BOS,349,3,1,1,0,1,0,5,2025-07-20 03:45:00,2025-07-20 09:42:00,13,0
2025-09-06 15:00:00,2025-09-06 18:27:00,B6,JFK,BOS,2154,26.8,23.43,27.51,28.0,-0.1326,0.5291,42,JFK-BOS,207,15,0,0,1,0,0,14,2025-09-06 15:14:00,2025-09-06 18:44:00,17,1
2025-02-24 06:40:00,2025-02-24 07:50:00,UA,SFO,JFK,432,6.53,6.84,1.18,0.76,-1.2347,0.3371,41,SFO-JFK,70,6,0,0,0,0,0,3,2025-02-24 06:43:00,2025-02-24 07:49:00,-1,0
2025-11-24 22:45:00,2025-11-25 03:45:00,WN,LAX,JFK,3312,9.52,9.22,0.23,0.15,-0.1602,-0.0511,14,LAX-JFK,300,22,0,1,0,0,0,4,2025-11-24 22:49:00,2025-11-25 03:51:00,6,0
2025-03-16 18:50:00,2025-03-16 21:46:00,WN,JFK,SFO,1758,8.36,8.18,0.0,0.48,0.3337,0.9827,26,JFK-SFO,176,18,1,0,0,0,1,22,2025-03-16 19:12:00,2025-03-16 22:18:00,32,1
2025-10-23 22:50:00,2025-10-24 05:03:00,WN,SFO,JFK,4229,22.81,23.45,0.27,0.28,-0.5318,-0.4031,65,SFO-JFK,373,22,0,1,0,0,1,31,2025-10-23 23:21:00,2025-10-24 05:46:00,43,1
2025-08-29 12:15:00,2025-08-29 18:01:00,B6,JFK,LAX,3891,18.25,19.16,6.48,4.77,-0.4976,0.4663,19,JFK-LAX,346,12,0,0,0,0,0,-1,2025-08-29 12:14:00,2025-08-29 18:09:00,8,0
2025-02-21 22:00:00,2025-02-21 23:34:00,AA,JFK,LAX,738,6.37,5.97,3.34,3.79,0.0104,-0.7787,28,JFK-LAX,94,22,0,1,0,0,0,11,2025-02-21 22:11:00,2025-02-21 23:50:00,16,1
2025-09-22 00:40:00,2025-09-22 06:42:00,UA,LAX,BOS,4085,12.46,9.46,0.14,1.25,0.6738,-0.0967,48,LAX-BOS,362,0,0,1,0,0,0,4,2025-09-22 00:44:00,2025-09-22 06:51:00,9,0
2025-03-13 06:00:00,2025-03-13 12:18:00,WN,LAX,SFO,4288,13.05,12.92,15.7,17.02,0.4239,0.5563,10,LAX-SFO,378,6,0,0,1,0,1,25,2025-03-13 06:25:00,2025-03-13 13:05:00,47,1
2025-08-07 00:15:00,2025-08-07 05:28:00,AA,JFK,SFO,3476,15.61,12.85,0.0,0.15,1.1761,-0.0437,89,JFK-SFO,313,0,0,1,0,0,1,23,2025-08-07 00:38:00,2025-08-07 05:53:00,25,1
2025-12-17 16:40:00,2025-12-17 19:11:00,UA,JFK,ATL,1456,2.81,2.67,0.0,0.75,-0.0897,0.1717,90,JFK-ATL,151,16,0,0,0,0,0,13,2025-12-17 16:53:00,2025-12-17 19:07:00,-4,0
2025-12-14 12:30:00,2025-12-14 17:14:00,B6,SFO,JFK,3113,0.86,2.86,21.02,22.73,1.0129,-0.0444,34,SFO-JFK,284,12,1,0,1,0,0,21,2025-12-14 12:51:00,2025-12-14 17:34:00,20,1
2025-11-15 06:30:00,2025-11-15 12:21:00,DL,ATL,LAX,3945,14.79,13.77,0.03,1.9,-1.1659,-0.5485,28,ATL-LAX,351,6,0,0,0,0,0,6,2025-11-15 06:36:00,2025-11-15 12:07:00,-14,0
2025-06-30 07:45:00,2025-06-30 13:18:00,AA,ATL,LAX,3725,5.27,3.48,0.15,0.0,0.3982,0.7423,56,ATL-LAX,333,7,0,0,0,0,0,12,2025-06-30 07:57:00,2025-06-30 13:33:00,15,1
2025-07-24 15:10:00,2025-07-24 18:34:00,DL,JFK,SFO,2110,12.92,11.02,0.79,1.05,0.345,0.3277,88,JFK-SFO,204,15,0,0,0,0,0,6,2025-07-24 15:16:00,2025-07-24 18:41:00,7,0
2025-04-20 04:45:00,2025-04-20 09:42:00,UA,ATL,LAX,3271,3.85,3.29,0.0,0.0,2.3576,0.4865,5,ATL-LAX,297,4,1,1,0,1,0,17,2025-04-20 05:02:00,2025-04-20 10:04:00,22,1
2025-12-03 12:30:00,2025-12-03 15:39:00,AA,BOS,SFO,1920,4.54,3.18,0.0,0.0,-0.6702,0.8982,3,BOS-SFO,189,12,0,0,0,0,1,31,2025-12-03 13:01:00,2025-12-03 16:22:00,43,1
2025-06-24 14:20:00,2025-06-24 16:44:00,UA,JFK,LAX,1367,5.33,5.3,21.34,21.86,-1.201,0.3848,72,JFK-LAX,144,14,0,0,1,0,0,20,2025-06-24 14:40:00,2025-06-24 17:03:00,19,1
2025-10-09 05:20:00,2025-10-09 10:05:00,WN,JFK,SFO,3125,10.22,5.97,0.0,1.47,-0.7703,-0.8701,69,JFK-SFO,285,5,0,0,0,0,1,27,2025-10-09 05:47:00,2025-10-09 10:50:00,45,1
2025-05-12 05:30:00,2025-05-12 09:06:00,B6,BOS,LAX,2258,12.12,12.26,10.44,11.09,-0.6321,0.2588,78,BOS-LAX,216,5,0,0,0,0,0,23,2025-05-12 05:53:00,2025-05-12 09:40:00,34,1
2025-09-28 08:30:00,2025-09-28 10:45:00,WN,BOS,SFO,1244,13.28,12.06,1.91,0.0,0.4099,0.0101,59,BOS-SFO,135,8,1,0,0,0,0,8,2025-09-28 08:38:00,2025-09-28 10:39:00,-6,0
2025-03-23 14:15:00,2025-03-23 18:56:00,AA,LAX,ATL,3074,16.79,15.29,0.54,0.39,-1.2605,-0.557,37,LAX-ATL,281,14,1,0,0,0,0,3,2025-03-23 14:18:00,2025-03-23 19:08:00,12,0
2025-09-25 06:10:00,2025-09-25 08:57:00,B6,SFO,JFK,1651,6.76,3.15,0.22,0.7,0.3454,0.1865,4,SFO-JFK,167,6,0,0,0,0,1,6,2025-09-25 06:16:00,2025-09-25 09:12:00,15,1
2025-01-17 09:10:00,2025-01-17 13:26:00,WN,LAX,BOS,2768,17.27,15.34,7.71,8.47,0.0342,0.3461,43,LAX-BOS,256,9,0,0,0,0,0,-4,2025-01-17 09:06:00,2025-01-17 13:26:00,0,0
2025-02-08 13:15:00,2025-02-08 16:15:00,B6,JFK,LAX,1817,9.27,8.96,13.59,14.65,0.9145,0.1183,10,JFK-LAX,180,13,0,0,1,0,0,29,2025-02-08 13:44:00,2025-02-08 17:03:00,48,1
2025-05-09 04:15:00,2025-05-09 10:11:00,DL,ATL,BOS,4017,11.39,13.09,1.08,0.94,0.6193,-0.6935,6,ATL-BOS,356,4,0,1,0,0,0,8,2025-05-09 04:23:00,2025-05-09 10:12:00,1,0
2025-06-25 13:30:00,2025-06-25 19:15:00,AA,BOS,JFK,3872,36.03,31.4,9.14,8.8,0.8282,0.2701,57,BOS-JFK,345,13,0,0,0,0,0,17,2025-06-25 13:47:00,2025-06-25 19:21:00,6,0
2025-09-17 03:50:00,2025-09-17 07:28:00,UA,JFK,LAX,2290,13.61,12.14,0.84,0.03,0.4912,-0.9503,92,JFK-LAX,218,3,0,1,0,0,0,1,2025-09-17 03:51:00,2025-09-17 07:38:00,10,0
2025-05-12 03:00:00,2025-05-12 07:58:00,DL,BOS,JFK,3283,6.38,6.32,0.32,0.0,1.1678,-0.6811,75,BOS-JFK,298,3,0,1,0,0,0,-10,2025-05-12 02:50:00,2025-05-12 07:47:00,-11,0
2025-01-07 05:15:00,2025-01-07 07:14:00,UA,LAX,SFO,1047,5.97,7.59,13.51,12.53,-1.4906,0.5964,55,LAX-SFO,119,5,0,0,1,0,0,11,2025-01-07 05:26:00,2025-01-07 07:37:00,23,1
2025-04-29 06:00:00,2025-04-29 12:34:00,B6,BOS,ATL,4488,8.21,11.29,6.68,4.05,-1.4556,-0.0203,19,BOS-ATL,394,6,0,0,0,0,0,1,2025-04-29 06:01:00,2025-04-29 12:31:00,-3,0
2025-06-10 00:50:00,2025-06-10 03:01:00,DL,SFO,LAX,1201,2.31,3.76,4.25,6.04,-0.0206,0.1811,13,SFO-LAX,131,0,0,1,0,0,0,19,2025-06-10 01:09:00,2025-06-10 03:34:00,33,1
2025-07-18 23:40:00,2025-07-19 05:30:00,DL,BOS,JFK,3941,11.01,10.12,0.09,0.0,0.0843,-0.3216,9,BOS-JFK,350,23,0,1,0,0,0,4,2025-07-18 23:44:00,2025-07-19 05:32:00,2,0
2025-08-24 07:10:00,2025-08-24 12:53:00,B6,JFK,LAX,3853,10.56,8.49,8.31,8.02,-1.024,0.1322,74,JFK-LAX,343,7,1,0,0,0,0,25,2025-08-24 07:35:00,2025-08-24 13:33:00,40,1
2025-04-01 19:20:00,2025-04-01 21:19:00,B6,LAX,BOS,1048,10.48,9.46,8.78,8.18,0.5602,-0.9242,82,LAX-BOS,119,19,0,0,0,0,0,7,2025-04-01 19:27:00,2025-04-01 21:11:00,-8,0
2025-08-11 21:40:00,2025-08-11 22:42:00,WN,BOS,JFK,336,11.46,10.68,0.0,0.0,-1.3044,-0.9522,77,BOS-JFK,62,21,0,1,0,0,0,3,2025-08-11 21:43:00,2025-08-11 22:33:00,-9,0
2025-08-19 19:50:00,2025-08-20 00:57:00,AA,LAX,JFK,3395,1.7,2.41,0.08,0.0,-0.268,0.8078,0,LAX-JFK,307,19,0,0,0,0,0,-10,2025-08-19 19:40:00,2025-08-20 00:54:00,-3,0
2025-10-11 19:30:00,2025-10-12 01:21:00,B6,JFK,ATL,3950,13.63,11.69,0.0,0.17,-0.018,-0.4274,20,JFK-ATL,351,19,0,0,0,0,0,-8,2025-10-11 19:22:00,2025-10-12 01:10:00,-11,0
2025-07-10 02:15:00,2025-07-10 07:15:00,AA,LAX,JFK,3308,6.21,7.07,0.0,1.65,0.5721,0.6072,47,LAX-JFK,300,2,0,1,0,0,0,-2,2025-07-10 02:13:00,2025-07-10 07:06:00,-9,0
2025-10-23 08:40:00,2025-10-23 09:58:00,B6,JFK,LAX,533,18.23,19.33,0.15,0.14,-0.5041,0.0326,45,JFK-LAX,78,8,0,0,0,0,0,-10,2025-10-23 08:30:00,2025-10-23 09:50:00,-8,0
2025-03-22 17:40:00,2025-03-22 22:16:00,WN,SFO,BOS,3010,16.35,14.56,0.0,0.0,1.2156,-0.8495,13,SFO-BOS,276,17,0,0,0,0,0,3,2025-03-22 17:43:00,2025-03-22 22:15:00,-1,0
2025-09-17 13:40:00,2025-09-17 16:51:00,UA,LAX,SFO,1944,24.46,25.36,0.0,0.0,1.6802,-0.8745,44,LAX-SFO,191,13,0,0,0,0,1,53,2025-09-17 14:33:00,2025-09-17 18:03:00,72,1
2025-01-17 00:00:00,2025-01-17 06:07:00,AA,ATL,BOS,4145,10.57,6.72,0.47,2.14,1.538,-0.8759,58,ATL-BOS,367,0,0,1,0,0,0,2,2025-01-17 00:02:00,2025-01-17 06:04:00,-3,0
2025-02-07 13:40:00,2025-02-07 19:08:00,AA,JFK,LAX,3660,13.81,12.5,0.12,0.08,1.8078,0.0048,37,JFK-LAX,328,13,0,0,0,0,0,8,2025-02-07 13:48:00,2025-02-07 19:23:00,15,1
2025-11-12 19:00:00,2025-11-13 00:27:00,AA,SFO,ATL,3655,28.05,23.77,0.11,0.08,1.0661,-0.3327,53,SFO-ATL,327,19,0,0,0,0,1,18,2025-11-12 19:18:00,2025-11-13 00:56:00,29,1
2025-06-23 19:50:00,2025-06-23 23:06:00,DL,BOS,SFO,2011,3.93,5.6,0.0,0.0,0.6152,0.9559,86,BOS-SFO,196,19,0,0,0,0,0,-5,2025-06-23 19:45:00,2025-06-23 23:03:00,-3,0
2025-08-15 09:50:00,2025-08-15 12:37:00,UA,JFK,SFO,1652,19.09,17.98,0.73,0.52,-0.7492,-0.785,16,JFK-SFO,167,9,0,0,0,0,0,9,2025-08-15 09:59:00,2025-08-15 12:52:00,15,1
2025-08-09 05:30:00,2025-08-09 11:05:00,DL,LAX,SFO,3753,15.09,14.55,9.12,9.15,-0.5641,-0.2065,70,LAX-SFO,335,5,0,0,0,0,0,1,2025-08-09 05:31:00,2025-08-09 11:18:00,13,0
2025-09-11 07:40:00,2025-09-11 09:18:00,WN,BOS,JFK,783,5.5,4.01,0.49,1.47,0.9488,-0.9722,76,BOS-JFK,98,7,0,0,0,0,0,13,2025-09-11 07:53:00,2025-09-11 09:43:00,25,1
2025-03-31 07:00:00,2025-03-31 08:33:00,AA,JFK,BOS,721,6.38,10.19,3.83,3.38,-1.7809,0.2277,88,JFK-BOS,93,7,0,0,0,0,0,-2,2025-03-31 06:58:00,2025-03-31 08:38:00,5,0
2025-03-07 08:45:00,2025-03-07 10:05:00,WN,JFK,LAX,561,37.11,39.17,8.72,9.91,1.3236,-0.811,25,JFK-LAX,80,8,0,0,0,0,0,9,2025-03-07 08:54:00,2025-03-07 10:26:00,21,1
2025-01-16 07:15:00,2025-01-16 11:06:00,AA,ATL,LAX,2448,18.8,17.32,3.56,2.52,-0.6062,0.3615,52,ATL-LAX,231,7,0,0,0,0,0,16,2025-01-16 07:31:00,2025-01-16 11:08:00,2,0
2025-11-12 10:15:00,2025-11-12 11:39:00,UA,ATL,BOS,616,13.68,11.08,6.79,7.04,-0.5341,0.4376,43,ATL-BOS,84,10,0,0,0,0,0,-2,2025-11-12 10:13:00,2025-11-12 11:28:00,-11,0
2025-03-23 00:40:00,2025-03-23 04:55:00,AA,JFK,SFO,2746,6.16,2.54,0.19,0.0,0.7759,0.9721,80,JFK-SFO,255,0,1,1,0,1,1,50,2025-03-23 01:30:00,2025-03-23 06:08:00,73,1
2025-07-29 06:50:00,2025-07-29 08:45:00,B6,ATL,LAX,1002,0.0,3.77,9.09,9.87,0.2804,-0.5577,17,ATL-LAX,115,6,0,0,0,0,0,-1,2025-07-29 06:49:00,2025-07-29 08:32:00,-13,0
2025-06-16 07:20:00,2025-06-16 13:18:00,UA,SFO,JFK,4041,4.91,1.75,0.0,0.0,-0.4195,0.313,23,SFO-JFK,358,7,0,0,0,0,0,-6,2025-06-16 07:14:00,2025-06-16 13:20:00,2,0
2025-03-01 03:30:00,2025-03-01 06:54:00,DL,JFK,BOS,2115,11.32,6.99,0.0,0.0,-0.9107,-0.3884,28,JFK-BOS,204,3,0,1,0,0,0,17,2025-03-01 03:47:00,2025-03-01 07:18:00,24,1
2025-06-01 21:30:00,2025-06-01 23:00:00,AA,LAX,BOS,693,9.75,9.76,4.17,4.07,-1.5013,-0.3911,27,LAX-BOS,90,21,1,1,0,1,0,21,2025-06-01 21:51:00,2025-06-01 23:47:00,47,1
2025-01-31 16:15:00,2025-01-31 21:07:00,DL,BOS,JFK,3213,21.28,18.46,2.41,3.01,-2.1632,0.7132,84,BOS-JFK,292,16,0,0,0,0,0,2,2025-01-31 16:17:00,2025-01-31 21:03:00,-4,0
2025-03-06 21:30:00,2025-03-07 00:23:00,DL,BOS,ATL,1722,5.43,5.0,5.1,2.54,1.4632,0.7808,49,BOS-ATL,173,21,0,1,0,0,0,27,2025-03-06 21:57:00,2025-03-07 01:01:00,38,1
2025-02-20 13:50:00,2025-02-20 16:17:00,AA,JFK,BOS,1399,6.36,3.89,0.0,1.38,-0.2166,-0.462,68,JFK-BOS,147,13,0,0,0,0,0,-1,2025-02-20 13:49:00,2025-02-20 16:17:00,0,0
2025-10-28 02:20:00,2025-10-28 07:01:00,UA,LAX,ATL,3069,14.08,15.33,0.64,1.96,-0.8888,0.1966,49,LAX-ATL,281,2,0,1,0,0,0,-8,2025-10-28 02:12:00,2025-10-28 06:50:00,-11,0
2025-07-27 21:45:00,2025-07-28 04:05:00,AA,BOS,JFK,4313,7.01,8.68,21.55,20.97,0.7515,0.4804,76,BOS-JFK,380,21,1,1,1,1,0,87,2025-07-27 23:12:00,2025-07-28 06:12:00,127,1
2025-12-04 10:45:00,2025-12-04 17:13:00,AA,BOS,LAX,4415,7.69,9.07,11.42,13.87,-0.7793,-0.3213,4,BOS-LAX,388,10,0,0,0,0,0,11,2025-12-04 10:56:00,2025-12-04 17:14:00,1,0
2025-06-09 16:45:00,2025-06-09 20:10:00,AA,ATL,BOS,2129,19.67,20.03,8.38,9.03,-0.7597,-0.692,23,ATL-BOS,205,16,0,0,0,0,0,-10,2025-06-09 16:35:00,2025-06-09 20:12:00,2,0
2025-03-15 09:40:00,2025-03-15 15:24:00,AA,JFK,ATL,3862,4.24,2.79,0.0,0.0,1.1897,0.6328,58,JFK-ATL,344,9,0,0,0,0,0,-6,2025-03-15 09:34:00,2025-03-15 15:18:00,-6,0
2025-08-11 11:50:00,2025-08-11 13:59:00,B6,LAX,SFO,1179,15.56,16.09,0.28,0.59,0.7415,0.0459,26,LAX-SFO,129,11,0,0,0,0,0,-7,2025-08-11 11:43:00,2025-08-11 13:57:00,-2,0
2025-12-06 11:40:00,2025-12-06 17:23:00,WN,JFK,LAX,3855,13.36,11.78,3.2,1.67,0.1832,-0.4444,1,JFK-LAX,343,11,0,0,0,0,0,-5,2025-12-06 11:35:00,2025-12-06 17:14:00,-9,0
2025-07-14 06:50:00,2025-07-14 13:05:00,WN,BOS,JFK,4256,8.24,10.11,0.0,0.12,-0.5542,-0.9448,76,BOS-JFK,375,6,0,0,0,0,0,-3,2025-07-14 06:47:00,2025-07-14 12:57:00,-8,0
2025-01-07 13:40:00,2025-01-07 17:33:00,B6,BOS,JFK,2472,10.66,8.91,0.0,0.0,0.2336,0.7156,19,BOS-JFK,233,13,0,0,0,0,0,-1,2025-01-07 13:39:00,2025-01-07 17:32:00,-1,0
2025-04-21 17:45:00,2025-04-21 21:40:00,UA,BOS,JFK,2496,6.42,5.46,0.0,0.0,0.5805,-0.1103,86,BOS-JFK,235,17,0,0,0,0,0,13,2025-04-21 17:58:00,2025-04-21 21:37:00,-3,0
2025-12-04 00:50:00,2025-12-04 04:59:00,DL,BOS,JFK,2670,8.21,10.86,0.65,0.36,0.2581,0.1093,31,BOS-JFK,249,0,0,1,0,0,0,3,2025-12-04 00:53:00,2025-12-04 05:07:00,8,0
2025-07-09 03:50:00,2025-07-09 05:13:00,UA,BOS,LAX,606,26.19,26.44,0.0,0.83,1.2144,-0.7317,52,BOS-LAX,83,3,0,1,0,0,0,5,2025-07-09 03:55:00,2025-07-09 05:16:00,3,0
2025-12-14 20:30:00,2025-12-15 02:17:00,UA,SFO,BOS,3906,7.19,4.36,0.91,1.44,-1.0013,-0.8346,83,SFO-BOS,347,20,1,1,0,1,1,42,2025-12-14 21:12:00,2025-12-15 03:19:00,62,1
2025-07-05 13:40:00,2025-07-05 18:47:00,AA,BOS,SFO,3397,3.29,3.4,0.0,0.28,-0.2581,-0.288,33,BOS-SFO,307,13,0,0,0,0,0,0,2025-07-05 13:40:00,2025-07-05 18:43:00,-4,0
2025-01-05 23:50:00,2025-01-06 05:41:00,DL,BOS,JFK,3952,11.46,8.8,5.71,5.65,0.5569,-0.5418,19,BOS-JFK,351,23,1,1,0,1,0,26,2025-01-06 00:16:00,2025-01-06 06:12:00,31,1
2025-11-15 14:20:00,2025-11-15 15:58:00,UA,LAX,BOS,784,22.34,23.71,0.46,0.0,-0.5727,-0.9314,41,LAX-BOS,98,14,0,0,0,0,0,3,2025-11-15 14:23:00,2025-11-15 16:06:00,8,0
2025-10-06 15:00:00,2025-10-06 20:29:00,UA,SFO,ATL,3669,10.17,11.93,2.14,2.7,0.9528,-0.6478,39,SFO-ATL,329,15,0,0,0,0,0,20,2025-10-06 15:20:00,2025-10-06 20:50:00,21,1
2025-09-19 21:50:00,2025-09-20 00:51:00,DL,JFK,BOS,1823,7.48,7.08,0.48,0.0,1.3428,0.3075,60,JFK-BOS,181,21,0,1,0,0,0,20,2025-09-19 22:10:00,2025-09-20 01:03:00,12,0
2025-12-21 15:40:00,2025-12-21 21:14:00,AA,LAX,SFO,3737,6.44,7.98,0.19,0.0,0.0593,-0.4982,64,LAX-SFO,334,15,1,0,0,0,0,-7,2025-12-21 15:33:00,2025-12-21 21:09:00,-5,0
2025-03-13 07:20:00,2025-03-13 13:53:00,DL,ATL,BOS,4474,16.47,20.91,0.81,0.06,0.3828,0.9317,96,ATL-BOS,393,7,0,0,0,0,0,12,2025-03-13 07:32:00,2025-03-13 14:01:00,8,0
2025-11-27 12:40:00,2025-11-27 18:35:00,UA,JFK,SFO,3994,12.61,10.93,3.4,2.42,-0.2087,0.8017,14,JFK-SFO,355,12,1,0,0,0,1,19,2025-11-27 12:59:00,2025-11-27 19:01:00,26,1
2025-03-26 05:00:00,2025-03-26 11:07:00,DL,ATL,LAX,4145,14.26,15.97,0.0,0.54,-0.2927,-0.3086,19,ATL-LAX,367,5,0,0,0,0,0,3,2025-03-26 05:03:00,2025-03-26 11:08:00,1,0
2025-12-21 08:20:00,2025-12-21 09:57:00,UA,ATL,LAX,777,10.76,9.44,14.54,14.51,1.2833,0.5826,7,ATL-LAX,97,8,1,0,1,0,0,21,2025-12-21 08:41:00,2025-12-21 10:31:00,34,1
2025-03-11 16:15:00,2025-03-11 19:04:00,DL,JFK,BOS,1680,16.76,19.36,3.37,5.1,-0.8362,-0.6406,8,JFK-BOS,169,16,0,0,0,0,0,9,2025-03-11 16:24:00,2025-03-11 19:08:00,4,0
2025-07-20 03:15:00,2025-07-20 05:52:00,DL,BOS,LAX,1529,24.1,24.55,0.33,0.0,0.8267,-0.0695,0,BOS-LAX,157,3,1,1,0,1,0,-1,2025-07-20 03:14:00,2025-07-20 06:07:00,15,1
2025-10-16 16:50:00,2025-10-16 20:42:00,B6,ATL,SFO,2457,27.35,27.31,4.0,3.26,-0.4929,-0.1418,35,ATL-SFO,232,16,0,0,0,0,0,-1,2025-10-16 16:49:00,2025-10-16 20:36:00,-6,0
2025-01-29 14:30:00,2025-01-29 20:57:00,B6,ATL,LAX,4399,9.04,11.98,0.0,1.02,-0.8455,0.7459,96,ATL-LAX,387,14,0,0,0,0,0,-8,2025-01-29 14:22:00,2025-01-29 20:58:00,1,0
2025-01-25 07:10:00,2025-01-25 11:59:00,WN,LAX,ATL,3180,11.92,14.49,0.57,0.78,1.008,-0.1898,4,LAX-ATL,289,7,0,0,0,0,0,-10,2025-01-25 07:00:00,2025-01-25 11:58:00,-1,0
2025-11-07 01:15:00,2025-11-07 05:17:00,UA,JFK,LAX,2588,23.41,26.7,0.0,1.04,0.6964,-0.6748,3,JFK-LAX,242,1,0,1,0,0,0,7,2025-11-07 01:22:00,2025-11-07 05:10:00,-7,0
2025-01-23 16:10:00,2025-01-23 21:39:00,B6,BOS,JFK,3680,9.22,8.58,0.0,0.0,-0.6533,0.3975,33,BOS-JFK,329,16,0,0,0,0,0,-8,2025-01-23 16:02:00,2025-01-23 21:42:00,3,0
2025-08-13 19:50:00,2025-08-13 21:48:00,AA,SFO,BOS,1041,17.46,18.17,0.0,0.0,-0.1683,0.2809,65,SFO-BOS,118,19,0,0,0,0,0,32,2025-08-13 20:22:00,2025-08-13 22:21:00,33,1
2025-12-09 17:15:00,2025-12-09 21:56:00,AA,BOS,ATL,3074,6.29,4.91,0.0,2.67,-0.1245,-0.356,66,BOS-ATL,281,17,0,0,0,0,0,3,2025-12-09 17:18:00,2025-12-09 21:54:00,-2,0
2025-08-13 10:15:00,2025-08-13 14:03:00,WN,SFO,JFK,2412,5.83,4.03,0.0,0.52,0.2351,0.4836,0,SFO-JFK,228,10,0,0,0,0,0,6,2025-08-13 10:21:00,2025-08-13 14:11:00,8,0
2025-06-25 15:15:00,2025-06-25 17:22:00,B6,BOS,SFO,1153,31.16,31.02,3.46,3.3,-0.4894,0.2804,2,BOS-SFO,127,15,0,0,0,0,0,-6,2025-06-25 15:09:00,2025-06-25 17:19:00,-3,0
2025-06-02 09:10:00,2025-06-02 13:46:00,AA,ATL,JFK,3012,15.26,14.1,0.17,0.81,1.7366,-0.6909,82,ATL-JFK,276,9,0,0,0,0,0,6,2025-06-02 09:16:00,2025-06-02 13:45:00,-1,0
2025-08-21 08:45:00,2025-08-21 14:26:00,UA,ATL,SFO,3829,8.59,6.39,9.53,7.39,-1.1087,-0.5958,81,ATL-SFO,341,8,0,0,0,0,1,19,2025-08-21 09:04:00,2025-08-21 14:44:00,18,1
2025-07-28 07:30:00,2025-07-28 13:07:00,AA,BOS,LAX,3778,7.09,3.69,0.0,0.0,-1.516,0.3245,66,BOS-LAX,337,7,0,0,0,0,0,0,2025-07-28 07:30:00,2025-07-28 12:58:00,-9,0
2025-07-03 05:20:00,2025-07-03 11:02:00,B6,ATL,LAX,3841,7.45,10.59,1.04,0.0,-0.1171,0.2004,14,ATL-LAX,342,5,0,0,0,0,0,11,2025-07-03 05:31:00,2025-07-03 10:56:00,-6,0
2025-02-26 23:20:00,2025-02-27 04:52:00,DL,ATL,BOS,3711,2.66,2.61,0.0,0.17,-1.9875,-0.9303,97,ATL-BOS,332,23,0,1,0,0,0,4,2025-02-26 23:24:00,2025-02-27 04:59:00,7,0
2025-08-30 15:40:00,2025-08-30 19:17:00,B6,BOS,JFK,2269,12.65,13.76,0.92,0.0,-0.7768,-0.4885,73,BOS-JFK,217,15,0,0,0,0,0,-2,2025-08-30 15:38:00,2025-08-30 19:15:00,-2,0
2025-09-28 04:00:00,2025-09-28 05:15:00,WN,SFO,BOS,506,12.87,11.89,0.0,0.67,-0.6329,-0.8146,93,SFO-BOS,75,4,1,1,0,1,0,14,2025-09-28 04:14:00,2025-09-28 05:35:00,20,1
2025-09-16 20:50:00,2025-09-17 03:13:00,AA,BOS,JFK,4354,14.52,15.76,0.26,1.18,0.0152,0.9481,61,BOS-JFK,383,20,0,1,0,0,0,18,2025-09-16 21:08:00,2025-09-17 03:22:00,9,0
2025-01-28 03:30:00,2025-01-28 07:01:00,B6,BOS,ATL,2204,23.49,19.5,0.0,1.15,-0.1973,-0.0337,96,BOS-ATL,211,3,0,1,0,0,0,-4,2025-01-28 03:26:00,2025-01-28 07:04:00,3,0
2025-09-14 14:10:00,2025-09-14 18:42:00,B6,SFO,ATL,2957,9.02,7.98,0.0,0.44,0.236,0.0137,11,SFO-ATL,272,14,1,0,0,0,1,26,2025-09-14 14:36:00,2025-09-14 19:11:00,29,1
2025-09-24 03:30:00,2025-09-24 04:36:00,WN,BOS,LAX,386,10.44,12.15,10.73,10.52,-0.7801,-0.707,7,BOS-LAX,66,3,0,1,0,0,0,5,2025-09-24 03:35:00,2025-09-24 04:38:00,2,0
2025-03-08 08:45:00,2025-03-08 14:43:00,B6,SFO,BOS,4032,3.46,2.22,20.23,21.68,-0.3784,-0.0629,95,SFO-BOS,358,8,0,0,1,0,0,28,2025-03-08 09:13:00,2025-03-08 15:19:00,36,1
2025-11-06 15:10:00,2025-11-06 21:07:00,B6,LAX,BOS,4030,15.61,16.64,11.01,12.31,0.5787,0.9273,58,LAX-BOS,357,15,0,0,0,0,0,-2,2025-11-06 15:08:00,2025-11-06 21:06:00,-1,0
2025-07-11 23:30:00,2025-07-12 05:41:00,UA,SFO,JFK,4198,12.12,12.72,0.54,0.0,-2.2694,0.7298,61,SFO-JFK,371,23,0,1,0,0,1,15,2025-07-11 23:45:00,2025-07-12 06:11:00,30,1
2025-06-22 23:30:00,2025-06-23 01:27:00,UA,JFK,BOS,1030,0.0,6.48,0.0,0.0,0.4207,-0.0367,74,JFK-BOS,117,23,1,1,0,1,0,10,2025-06-22 23:40:00,2025-06-23 01:38:00,11,0
2025-09-21 21:45:00,2025-09-22 03:27:00,B6,JFK,ATL,3840,7.36,7.47,1.15,1.15,-2.1446,0.7613,93,JFK-ATL,342,21,1,1,0,1,0,29,2025-09-21 22:14:00,2025-09-22 04:19:00,52,1
2025-07-06 05:30:00,2025-07-06 09:59:00,AA,BOS,SFO,2924,19.37,18.26,1.07,0.79,0.0106,-0.1566,12,BOS-SFO,269,5,1,0,0,0,1,23,2025-07-06 05:53:00,2025-07-06 10:33:00,34,1
2025-07-18 02:40:00,2025-07-18 04:28:00,UA,JFK,SFO,913,10.94,10.56,1.31,0.0,0.5199,0.225,26,JFK-SFO,108,2,0,1,0,0,0,-1,2025-07-18 02:39:00,2025-07-18 04:23:00,-5,0
2025-04-24 21:45:00,2025-04-25 01:56:00,UA,LAX,SFO,2696,6.97,4.76,24.86,23.72,0.3077,-0.2353,20,LAX-SFO,251,21,0,1,1,0,1,27,2025-04-24 22:12:00,2025-04-25 02:31:00,35,1
2025-12-05 22:50:00,2025-12-06 02:29:00,AA,SFO,LAX,2301,12.84,11.9,0.89,0.0,-0.6202,0.3614,26,SFO-LAX,219,22,0,1,0,0,0,5,2025-12-05 22:55:00,2025-12-06 02:28:00,-1,0
2025-12-20 06:15:00,2025-12-20 10:44:00,WN,ATL,BOS,2927,28.12,29.38,1.06,0.0,0.2569,0.4039,40,ATL-BOS,269,6,0,0,0,0,0,6,2025-12-20 06:21:00,2025-12-20 10:44:00,0,0
2025-02-17 00:40:00,2025-02-17 02:07:00,WN,ATL,LAX,651,6.04,1.25,0.0,0.73,-0.9423,-0.7923,56,ATL-LAX,87,0,1,1,0,1,0,12,2025-02-17 00:52:00,2025-02-17 02:26:00,19,1
2025-09-25 15:10:00,2025-09-25 19:18:00,AA,ATL,SFO,2666,15.31,14.93,3.57,4.57,1.382,0.7971,84,ATL-SFO,248,15,0,0,0,0,1,30,2025-09-25 15:40:00,2025-09-25 19:54:00,36,1
2025-01-09 01:45:00,2025-01-09 06:32:00,B6,LAX,ATL,3145,11.96,10.36,0.06,0.95,0.8313,-0.4987,23,LAX-ATL,287,1,0,1,0,0,0,9,2025-01-09 01:54:00,2025-01-09 06:31:00,-1,0
2025-05-15 00:50:00,2025-05-15 05:49:00,UA,ATL,BOS,3305,3.44,1.56,8.72,9.96,-0.949,0.5239,81,ATL-BOS,299,0,0,1,0,0,0,-6,2025-05-15 00:44:00,2025-05-15 05:53:00,4,0
2025-12-21 22:15:00,2025-12-22 03:32:00,AA,SFO,ATL,3530,13.36,14.37,14.56,13.31,1.3769,0.8843,57,SFO-ATL,317,22,1,1,1,1,1,58,2025-12-21 23:13:00,2025-12-22 04:57:00,85,1
2025-03-05 11:30:00,2025-03-05 15:59:00,AA,BOS,ATL,2929,7.23,9.24,2.02,1.02,0.1946,-0.4136,81,BOS-ATL,269,11,0,0,0,0,0,-10,2025-03-05 11:20:00,2025-03-05 16:00:00,1,0
2025-05-18 02:45:00,2025-05-18 07:40:00,DL,BOS,SFO,3245,6.67,10.13,1.98,2.49,-1.1297,0.9503,80,BOS-SFO,295,2,1,1,0,1,0,40,2025-05-18 03:25:00,2025-05-18 08:29:00,49,1
2025-03-22 15:00:00,2025-03-22 16:29:00,DL,SFO,BOS,679,13.41,11.44,0.03,0.72,1.1676,0.5486,27,SFO-BOS,89,15,0,0,0,0,0,31,2025-03-22 15:31:00,2025-03-22 16:52:00,23,1
2025-09-23 08:40:00,2025-09-23 14:07:00,UA,LAX,ATL,3651,12.72,11.32,0.0,0.0,1.6436,0.4669,77,LAX-ATL,327,8,0,0,0,0,0,2,2025-09-23 08:42:00,2025-09-23 14:03:00,-4,0
2025-06-19 12:45:00,2025-06-19 15:47:00,UA,JFK,ATL,1840,13.03,16.76,15.96,14.74,-0.2557,-0.788,76,JFK-ATL,182,12,0,0,1,0,0,32,2025-06-19 13:17:00,2025-06-19 16:40:00,53,1
2025-08-05 21:45:00,2025-08-06 01:48:00,WN,SFO,JFK,2599,39.96,37.16,0.0,0.0,0.366,-0.0732,56,SFO-JFK,243,21,0,1,0,0,0,6,2025-08-05 21:51:00,2025-08-06 01:57:00,9,0
2025-12-11 05:10:00,2025-12-11 09:13:00,WN,LAX,JFK,2595,9.68,6.54,0.0,0.14,-0.0131,-0.0531,9,LAX-JFK,243,5,0,0,0,0,0,-4,2025-12-11 05:06:00,2025-12-11 09:13:00,0,0
2025-07-10 15:45:00,2025-07-10 22:12:00,UA,LAX,JFK,4399,4.12,6.06,10.09,11.81,0.5794,0.7901,95,LAX-JFK,387,15,0,0,0,0,0,5,2025-07-10 15:50:00,2025-07-10 22:32:00,20,1
2025-09-25 19:45:00,2025-09-25 22:33:00,DL,BOS,LAX,1665,16.89,15.39,11.8,13.07,0.7948,-0.0193,94,BOS-LAX,168,19,0,0,0,0,0,5,2025-09-25 19:50:00,2025-09-25 23:04:00,31,1
2025-02-05 10:00:00,2025-02-05 13:08:00,WN,SFO,LAX,1914,12.3,13.02,0.0,0.0,0.9861,-0.2285,34,SFO-LAX,188,10,0,0,0,0,1,38,2025-02-05 10:38:00,2025-02-05 14:15:00,67,1
2025-03-20 23:40:00,2025-03-21 04:54:00,AA,LAX,SFO,3493,4.63,2.96,0.0,1.04,-1.8479,-0.1513,49,LAX-SFO,314,23,0,1,0,0,0,4,2025-03-20 23:44:00,2025-03-21 05:04:00,10,0
2025-12-12 10:40:00,2025-12-12 15:12:00,B6,SFO,LAX,2964,8.59,5.87,7.16,6.47,-0.5182,0.9274,42,SFO-LAX,272,10,0,0,0,0,0,5,2025-12-12 10:45:00,2025-12-12 15:26:00,14,0
2025-11-10 11:50:00,2025-11-10 14:36:00,UA,SFO,JFK,1635,22.55,24.37,0.12,0.0,0.9653,0.2277,71,SFO-JFK,166,11,0,0,0,0,0,0,2025-11-10 11:50:00,2025-11-10 14:34:00,-2,0
2025-08-28 21:00:00,2025-08-28 23:55:00,WN,JFK,BOS,1746,0.0,0.46,0.76,0.85,-0.6982,-0.0039,31,JFK-BOS,175,21,0,1,0,0,0,16,2025-08-28 21:16:00,2025-08-29 00:20:00,25,1
2025-05-19 15:50:00,2025-05-19 21:27:00,AA,BOS,LAX,3780,9.79,13.97,0.0,0.96,0.3472,0.5278,97,BOS-LAX,337,15,0,0,0,0,0,-2,2025-05-19 15:48:00,2025-05-19 21:33:00,6,0
2025-03-14 20:30:00,2025-03-15 02:10:00,AA,SFO,JFK,3810,7.7,4.0,3.13,4.45,-0.9164,-0.4382,8,SFO-JFK,340,20,0,1,0,0,0,0,2025-03-14 20:30:00,2025-03-15 02:08:00,-2,0
2025-11-07 18:15:00,2025-11-07 20:03:00,AA,SFO,JFK,916,10.94,12.81,0.64,0.0,0.6779,0.7108,41,SFO-JFK,108,18,0,0,0,0,0,0,2025-11-07 18:15:00,2025-11-07 19:56:00,-7,0
2025-10-14 17:20:00,2025-10-14 20:33:00,DL,ATL,JFK,1979,7.27,8.31,7.9,8.04,0.0375,0.2463,45,ATL-JFK,193,17,0,0,0,0,0,-2,2025-10-14 17:18:00,2025-10-14 20:28:00,-5,0
2025-03-30 05:45:00,2025-03-30 11:02:00,WN,LAX,ATL,3531,13.31,11.25,12.4,11.41,0.604,-0.4714,30,LAX-ATL,317,5,1,0,1,0,0,22,2025-03-30 06:07:00,2025-03-30 11:28:00,26,1
2025-08-04 09:50:00,2025-08-04 11:29:00,B6,LAX,JFK,798,20.16,19.7,1.48,0.9,0.395,-0.8049,47,LAX-JFK,99,9,0,0,0,0,0,18,2025-08-04 10:08:00,2025-08-04 11:24:00,-5,0
2025-08-14 20:15:00,2025-08-14 22:16:00,WN,LAX,ATL,1070,6.57,7.89,0.0,0.0,-1.4052,0.005,31,LAX-ATL,121,20,0,1,0,0,0,6,2025-08-14 20:21:00,2025-08-14 22:07:00,-9,0
2025-06-24 14:50:00,2025-06-24 16:42:00,UA,SFO,JFK,965,8.36,7.84,20.15,18.49,2.0949,0.5251,35,SFO-JFK,112,14,0,0,1,0,0,12,2025-06-24 15:02:00,2025-06-24 17:03:00,21,1
2025-12-05 06:40:00,2025-12-05 10:36:00,UA,BOS,SFO,2517,13.29,12.46,3.58,3.84,-1.3079,-0.3452,9,BOS-SFO,236,6,0,0,0,0,1,31,2025-12-05 07:11:00,2025-12-05 11:34:00,58,1
2025-02-15 07:10:00,2025-02-15 10:41:00,AA,SFO,BOS,2194,16.08,14.64,3.96,3.3,2.4854,0.9261,40,SFO-BOS,211,7,0,0,0,0,1,68,2025-02-15 08:18:00,2025-02-15 11:58:00,77,1
2025-04-05 18:30:00,2025-04-05 21:17:00,AA,LAX,ATL,1646,31.88,33.6,0.72,0.0,-2.1603,0.0715,67,LAX-ATL,167,18,0,0,0,0,0,4,2025-04-05 18:34:00,2025-04-05 21:03:00,-14,0
2025-02-04 04:45:00,2025-02-04 06:30:00,B6,ATL,JFK,871,8.27,7.63,7.77,6.79,0.0681,0.7013,91,ATL-JFK,105,4,0,1,0,0,0,5,2025-02-04 04:50:00,2025-02-04 06:38:00,8,0
2025-09-10 02:00:00,2025-09-10 06:33:00,B6,JFK,ATL,2976,5.32,5.24,1.0,0.78,-1.4076,-0.7524,99,JFK-ATL,273,2,0,1,0,0,0,7,2025-09-10 02:07:00,2025-09-10 06:36:00,3,0
2025-08-24 18:00:00,2025-08-24 23:30:00,B6,ATL,LAX,3690,5.68,6.34,0.25,0.41,1.6158,0.0908,78,ATL-LAX,330,18,1,0,0,0,0,22,2025-08-24 18:22:00,2025-08-25 00:00:00,30,1
2025-12-27 06:00:00,2025-12-27 08:10:00,B6,SFO,ATL,1193,1.38,0.0,0.38,2.36,-1.0144,0.956,87,SFO-ATL,130,6,0,0,0,0,0,5,2025-12-27 06:05:00,2025-12-27 07:54:00,-16,0
2025-07-17 18:30:00,2025-07-17 23:13:00,WN,LAX,SFO,3099,19.95,16.95,0.44,1.43,-1.095,-0.1309,34,LAX-SFO,283,18,0,0,0,0,0,1,2025-07-17 18:31:00,2025-07-17 23:09:00,-4,0
2025-02-24 12:00:00,2025-02-24 17:26:00,B6,SFO,LAX,3640,5.77,8.16,0.07,0.0,0.0342,0.5565,96,SFO-LAX,326,12,0,0,0,0,1,14,2025-02-24 12:14:00,2025-02-24 17:57:00,31,1
2025-06-14 23:50:00,2025-06-15 03:56:00,AA,LAX,SFO,2639,2.88,2.83,0.0,0.0,1.4303,0.4102,86,LAX-SFO,246,23,0,1,0,0,1,28,2025-06-15 00:18:00,2025-06-15 04:41:00,45,1
2025-02-02 12:10:00,2025-02-02 16:22:00,AA,BOS,SFO,2709,16.83,17.05,0.85,0.49,1.2329,-0.3184,21,BOS-SFO,252,12,1,0,0,0,1,13,2025-02-02 12:23:00,2025-02-02 16:56:00,34,1
2025-09-02 20:00:00,2025-09-02 21:55:00,B6,JFK,LAX,1000,19.29,16.3,13.64,14.19,-0.2227,0.6604,72,JFK-LAX,115,20,0,1,1,0,0,17,2025-09-02 20:17:00,2025-09-02 22:14:00,19,1
2025-09-04 20:15:00,2025-09-05 02:36:00,AA,SFO,BOS,4320,14.02,16.01,8.45,6.78,-0.3205,-0.1148,6,SFO-BOS,381,20,0,1,0,0,1,32,2025-09-04 20:47:00,2025-09-05 03:20:00,44,1
2025-11-10 05:45:00,2025-11-10 12:05:00,DL,ATL,JFK,4317,10.92,9.96,12.6,13.18,0.5215,-0.2308,32,ATL-JFK,380,5,0,0,1,0,0,30,2025-11-10 06:15:00,2025-11-10 12:43:00,38,1
2025-05-05 23:50:00,2025-05-06 04:48:00,UA,SFO,BOS,3289,11.86,12.38,0.0,1.51,-0.0583,0.3268,27,SFO-BOS,298,23,0,1,0,0,0,9,2025-05-05 23:59:00,2025-05-06 04:51:00,3,0
2025-04-24 17:15:00,2025-04-24 23:17:00,UA,JFK,LAX,4091,3.63,2.5,0.0,0.27,0.0806,-0.5724,78,JFK-LAX,362,17,0,0,0,0,0,-10,2025-04-24 17:05:00,2025-04-24 23:25:00,8,0
2025-01-27 02:30:00,2025-01-27 06:53:00,DL,JFK,BOS,2851,15.52,14.21,18.38,19.33,-0.1417,0.8149,60,JFK-BOS,263,2,0,1,1,0,0,21,2025-01-27 02:51:00,2025-01-27 07:29:00,36,1
2025-06-01 00:45:00,2025-06-01 05:26:00,B6,LAX,ATL,3077,5.39,7.0,7.49,6.43,0.6105,-0.8664,30,LAX-ATL,281,0,1,1,0,1,0,19,2025-06-01 01:04:00,2025-06-01 05:58:00,32,1
2025-06-23 06:45:00,2025-06-23 12:23:00,DL,ATL,LAX,3782,19.24,17.44,0.0,0.0,0.4509,0.7948,73,ATL-LAX,338,6,0,0,0,0,0,-2,2025-06-23 06:43:00,2025-06-23 12:25:00,2,0
2025-10-03 00:10:00,2025-10-03 01:22:00,WN,ATL,BOS,460,15.39,11.98,2.88,0.91,1.5214,0.0826,10,ATL-BOS,72,0,0,1,0,0,0,0,2025-10-03 00:10:00,2025-10-03 01:21:00,-1,0
2025-10-03 08:45:00,2025-10-03 10:58:00,WN,ATL,SFO,1222,4.32,0.85,0.0,0.86,-0.6369,0.338,78,ATL-SFO,133,8,0,0,0,0,0,-8,2025-10-03 08:37:00,2025-10-03 10:42:00,-16,0
2025-02-21 23:45:00,2025-02-22 01:52:00,AA,LAX,JFK,1154,20.06,19.58,20.64,21.74,-0.6461,0.9144,86,LAX-JFK,127,23,0,1,1,0,0,21,2025-02-22 00:06:00,2025-02-22 02:12:00,20,1
2025-04-15 11:40:00,2025-04-15 16:12:00,B6,ATL,SFO,2957,20.06,22.08,0.01,0.0,-0.0927,0.9219,4,ATL-SFO,272,11,0,0,0,0,0,-1,2025-04-15 11:39:00,2025-04-15 16:31:00,19,1
2025-07-06 00:30:00,2025-07-06 02:50:00,DL,LAX,SFO,1318,17.49,14.71,14.35,15.66,-0.2022,0.7053,74,LAX-SFO,140,0,1,1,1,1,0,28,2025-07-06 00:58:00,2025-07-06 03:49:00,59,1
2025-05-03 11:20:00,2025-05-03 14:30:00,WN,ATL,JFK,1939,16.06,18.84,0.32,0.0,0.8629,0.5276,60,ATL-JFK,190,11,0,0,0,0,0,-7,2025-05-03 11:13:00,2025-05-03 14:32:00,2,0
2025-01-10 05:50:00,2025-01-10 09:35:00,WN,LAX,BOS,2373,10.99,9.11,1.58,0.0,-1.0549,0.1382,23,LAX-BOS,225,5,0,0,0,0,0,4,2025-01-10 05:54:00,2025-01-10 09:33:00,-2,0
2025-11-05 20:45:00,2025-11-06 01:54:00,AA,SFO,ATL,3423,10.6,9.82,13.64,12.65,1.2701,-0.5485,26,SFO-ATL,309,20,0,1,1,0,1,39,2025-11-05 21:24:00,2025-11-06 03:02:00,68,1
2025-09-24 02:30:00,2025-09-24 06:23:00,B6,JFK,BOS,2473,8.15,11.43,17.24,16.94,-0.2845,-0.1196,21,JFK-BOS,233,2,0,1,1,0,0,42,2025-09-24 03:12:00,2025-09-24 07:16:00,53,1
2025-07-09 18:40:00,2025-07-09 19:47:00,AA,BOS,LAX,402,2.18,5.91,0.0,1.06,1.1813,0.1573,26,BOS-LAX,67,18,0,0,0,0,0,-9,2025-07-09 18:31:00,2025-07-09 19:29:00,-18,0
2025-04-26 10:20:00,2025-04-26 15:10:00,UA,JFK,SFO,3184,13.73,14.62,0.69,1.27,2.5313,-0.5132,32,JFK-SFO,290,10,0,0,0,0,1,19,2025-04-26 10:39:00,2025-04-26 15:40:00,30,1
2025-11-04 00:40:00,2025-11-04 04:03:00,DL,LAX,JFK,2096,0.6,3.54,0.31,1.07,1.0265,0.2052,78,LAX-JFK,203,0,0,1,0,0,0,2,2025-11-04 00:42:00,2025-11-04 03:54:00,-9,0
2025-01-13 16:00:00,2025-01-13 17:37:00,DL,LAX,JFK,776,3.2,4.57,0.15,0.5,0.6249,0.1257,28,LAX-JFK,97,16,0,0,0,0,0,3,2025-01-13 16:03:00,2025-01-13 17:37:00,0,0
2025-06-12 10:50:00,2025-06-12 15:28:00,AA,LAX,BOS,3037,6.33,6.11,0.0,1.6,1.1157,0.436,89,LAX-BOS,278,10,0,0,0,0,0,11,2025-06-12 11:01:00,2025-06-12 15:57:00,29,1
2025-10-20 18:30:00,2025-10-20 21:00:00,AA,JFK,SFO,1434,9.71,11.09,0.0,0.0,-0.2943,0.2617,54,JFK-SFO,150,18,0,0,0,0,0,7,2025-10-20 18:37:00,2025-10-20 21:10:00,10,0
2025-12-14 14:30:00,2025-12-14 18:04:00,AA,LAX,ATL,2234,30.72,30.41,0.0,1.19,0.263,0.7295,59,LAX-ATL,214,14,1,0,0,0,0,-10,2025-12-14 14:20:00,2025-12-14 17:59:00,-5,0
2025-04-02 18:10:00,2025-04-03 00:34:00,WN,BOS,SFO,4363,8.01,9.15,12.84,13.43,-0.6722,-0.1608,90,BOS-SFO,384,18,0,0,1,0,0,60,2025-04-02 19:10:00,2025-04-03 01:38:00,64,1
2025-08-26 11:30:00,2025-08-26 13:49:00,AA,BOS,SFO,1299,29.29,29.86,0.0,0.21,-0.6087,0.1532,1,BOS-SFO,139,11,0,0,0,0,0,7,2025-08-26 11:37:00,2025-08-26 13:32:00,-17,0
2025-03-11 00:00:00,2025-03-11 05:56:00,UA,SFO,JFK,4018,18.14,18.28,0.0,0.0,0.3084,0.2102,41,SFO-JFK,356,0,0,1,0,0,1,16,2025-03-11 00:16:00,2025-03-11 06:10:00,14,0
2025-02-12 03:50:00,2025-02-12 07:25:00,DL,JFK,ATL,2250,14.86,12.65,0.0,0.34,0.0957,-0.3043,32,JFK-ATL,215,3,0,1,0,0,0,-1,2025-02-12 03:49:00,2025-02-12 07:26:00,1,0
2025-05-09 11:40:00,2025-05-09 17:52:00,AA,SFO,JFK,4216,5.62,7.53,0.0,1.15,0.4314,0.3238,80,SFO-JFK,372,11,0,0,0,0,1,70,2025-05-09 12:50:00,2025-05-09 19:42:00,110,1
2025-11-20 09:20:00,2025-11-20 15:04:00,AA,LAX,BOS,3868,10.09,14.7,0.0,0.0,0.1342,-0.3393,94,LAX-BOS,344,9,0,0,0,0,0,8,2025-11-20 09:28:00,2025-11-20 15:09:00,5,0
2025-09-09 19:45:00,2025-09-10 01:24:00,B6,JFK,LAX,3795,12.33,13.01,0.93,2.37,-0.2824,0.5559,95,JFK-LAX,339,19,0,0,0,0,0,4,2025-09-09 19:49:00,2025-09-10 01:33:00,9,0
2025-06-28 09:45:00,2025-06-28 11:53:00,B6,JFK,BOS,1168,15.27,16.98,0.03,0.0,0.9237,0.8157,62,JFK-BOS,128,9,0,0,0,0,0,4,2025-06-28 09:49:00,2025-06-28 11:51:00,-2,0
2025-04-14 20:00:00,2025-04-15 01:25:00,WN,LAX,BOS,3621,7.68,7.57,21.15,20.37,-0.6175,-0.495,27,LAX-BOS,325,20,0,1,1,0,0,47,2025-04-14 20:47:00,2025-04-15 02:21:00,56,1
2025-02-21 04:00:00,2025-02-21 07:02:00,UA,ATL,SFO,1842,17.65,20.58,0.19,0.51,0.2511,0.1705,83,ATL-SFO,182,4,0,1,0,0,1,44,2025-02-21 04:44:00,2025-02-21 08:21:00,79,1
2025-04-09 09:15:00,2025-04-09 15:20:00,DL,JFK,ATL,4122,9.17,13.9,42.45,44.07,1.1476,0.7222,57,JFK-ATL,365,9,0,0,1,0,0,55,2025-04-09 10:10:00,2025-04-09 16:34:00,74,1
2025-02-25 18:00:00,2025-02-26 00:32:00,B6,LAX,JFK,4459,14.92,11.03,0.0,0.0,0.7095,0.1682,47,LAX-JFK,392,18,0,0,0,0,0,-6,2025-02-25 17:54:00,2025-02-26 00:31:00,-1,0
2025-03-10 02:30:00,2025-03-10 06:55:00,UA,ATL,BOS,2869,9.37,10.26,1.74,0.47,-0.0289,-0.1587,45,ATL-BOS,265,2,0,1,0,0,0,-3,2025-03-10 02:27:00,2025-03-10 07:00:00,5,0
2025-09-08 07:30:00,2025-09-08 13:36:00,WN,ATL,JFK,4133,22.6,18.07,0.37,0.0,-1.7961,0.3877,44,ATL-JFK,366,7,0,0,0,0,0,0,2025-09-08 07:30:00,2025-09-08 13:27:00,-9,0
2025-02-18 18:30:00,2025-02-18 22:28:00,WN,ATL,LAX,2539,2.2,6.3,20.66,20.24,-0.3401,-0.1953,86,ATL-LAX,238,18,0,0,1,0,0,18,2025-02-18 18:48:00,2025-02-18 22:51:00,23,1
2025-01-18 14:00:00,2025-01-18 15:10:00,UA,JFK,SFO,442,11.84,13.24,13.7,14.01,2.1245,-0.0432,55,JFK-SFO,70,14,0,0,1,0,0,11,2025-01-18 14:11:00,2025-01-18 15:45:00,35,1
2025-07-17 18:50:00,2025-07-18 00:43:00,DL,BOS,ATL,3970,4.71,2.65,0.07,1.63,-0.2481,0.9855,88,BOS-ATL,353,18,0,0,0,0,0,19,2025-07-17 19:09:00,2025-07-18 00:59:00,16,1
2025-04-15 12:50:00,2025-04-15 16:47:00,UA,JFK,ATL,2527,13.63,10.11,29.76,29.85,-0.0051,-0.241,84,JFK-ATL,237,12,0,0,1,0,0,26,2025-04-15 13:16:00,2025-04-15 17:38:00,51,1
2025-06-15 20:30:00,2025-06-15 21:44:00,B6,ATL,LAX,484,5.29,4.35,0.34,0.0,0.1696,0.8149,27,ATL-LAX,74,20,1,1,0,1,0,-5,2025-06-15 20:25:00,2025-06-15 22:04:00,20,1
2025-02-21 21:00:00,2025-02-21 22:21:00,WN,BOS,SFO,574,8.77,8.8,7.87,10.13,0.4273,0.4841,94,BOS-SFO,81,21,0,1,0,0,0,-4,2025-02-21 20:56:00,2025-02-21 22:13:00,-8,0
2025-03-18 23:20:00,2025-03-19 04:22:00,WN,ATL,JFK,3337,7.46,7.61,2.26,2.9,-0.6552,-0.1593,33,ATL-JFK,302,23,0,1,0,0,0,2,2025-03-18 23:22:00,2025-03-19 04:38:00,16,1
2025-06-10 02:40:00,2025-06-10 08:49:00,DL,SFO,ATL,4180,37.25,34.43,0.0,0.11,0.758,0.8043,53,SFO-ATL,369,2,0,1,0,0,1,18,2025-06-10 02:58:00,2025-06-10 09:17:00,28,1
2025-09-09 14:40:00,2025-09-09 19:33:00,DL,JFK,SFO,3229,5.49,4.4,1.06,0.44,0.4088,-0.6988,93,JFK-SFO,293,14,0,0,0,0,1,22,2025-09-09 15:02:00,2025-09-09 20:05:00,32,1
2025-06-01 02:10:00,2025-06-01 05:37:00,UA,ATL,BOS,2154,18.16,18.43,12.28,12.42,-1.7225,0.9071,95,ATL-BOS,207,2,1,1,1,1,0,7,2025-06-01 02:17:00,2025-06-01 06:02:00,25,1
2025-07-17 05:45:00,2025-07-17 08:27:00,AA,JFK,ATL,1589,0.79,0.0,32.81,30.52,-2.5442,0.4131,14,JFK-ATL,162,5,0,0,1,0,0,24,2025-07-17 06:09:00,2025-07-17 09:06:00,39,1
2025-07-10 07:50:00,2025-07-10 11:10:00,AA,SFO,ATL,2057,10.63,11.91,2.2,4.72,-0.5369,0.0932,78,SFO-ATL,200,7,0,0,0,0,1,39,2025-07-10 08:29:00,2025-07-10 11:59:00,49,1
2025-04-09 15:30:00,2025-04-09 18:17:00,UA,SFO,BOS,1655,24.08,22.94,7.22,7.32,-1.2108,-0.1048,52,SFO-BOS,167,15,0,0,0,0,1,63,2025-04-09 16:33:00,2025-04-09 19:32:00,75,1
2025-04-13 10:20:00,2025-04-13 12:51:00,WN,SFO,LAX,1446,0.45,0.0,1.21,0.0,0.3093,0.8599,77,SFO-LAX,151,10,1,0,0,0,0,4,2025-04-13 10:24:00,2025-04-13 13:00:00,9,0
2025-06-05 20:30:00,2025-06-05 22:12:00,DL,JFK,ATL,839,19.13,18.3,0.35,0.78,-0.3744,0.6196,86,JFK-ATL,102,20,0,1,0,0,0,2,2025-06-05 20:32:00,2025-06-05 22:09:00,-3,0
2025-01-12 07:00:00,2025-01-12 11:10:00,DL,BOS,SFO,2689,9.38,10.0,10.77,14.23,0.4701,0.099,94,BOS-SFO,250,7,1,0,0,0,1,17,2025-01-12 07:17:00,2025-01-12 11:46:00,36,1
2025-09-08 14:30:00,2025-09-08 16:42:00,WN,BOS,JFK,1217,2.2,4.23,8.38,9.54,0.4832,0.6305,10,BOS-JFK,132,14,0,0,0,0,0,-2,2025-09-08 14:28:00,2025-09-08 16:37:00,-5,0
2025-08-13 18:00:00,2025-08-13 19:48:00,AA,BOS,JFK,908,22.77,21.24,1.96,4.37,-1.0057,0.1173,14,BOS-JFK,108,18,0,0,0,0,0,9,2025-08-13 18:09:00,2025-08-13 19:50:00,2,0
2025-04-22 23:00:00,2025-04-23 01:32:00,AA,SFO,JFK,1458,14.45,13.58,20.77,18.68,-0.3643,0.4553,66,SFO-JFK,152,23,0,1,1,0,0,39,2025-04-22 23:39:00,2025-04-23 02:37:00,65,1
2025-05-17 05:30:00,2025-05-17 10:57:00,WN,ATL,BOS,3655,3.7,7.72,0.0,0.25,-0.5533,0.274,4,ATL-BOS,327,5,0,0,0,0,0,11,2025-05-17 05:41:00,2025-05-17 11:22:00,25,1
2025-04-30 17:30:00,2025-04-30 21:41:00,UA,SFO,BOS,2706,15.97,13.36,3.7,5.07,0.9331,-0.6104,61,SFO-BOS,251,17,0,0,0,0,1,7,2025-04-30 17:37:00,2025-04-30 21:53:00,12,0
2025-08-26 02:50:00,2025-08-26 06:34:00,AA,SFO,BOS,2363,3.01,2.6,0.0,0.0,-0.1757,-0.5651,11,SFO-BOS,224,2,0,1,0,0,0,1,2025-08-26 02:51:00,2025-08-26 06:44:00,10,0
2025-10-05 13:30:00,2025-10-05 17:48:00,WN,SFO,BOS,2786,7.79,7.94,0.0,0.0,1.251,0.4439,71,SFO-BOS,258,13,1,0,0,0,1,51,2025-10-05 14:21:00,2025-10-05 19:14:00,86,1
2025-02-09 09:50:00,2025-02-09 13:59:00,B6,LAX,JFK,2679,9.65,12.82,0.0,0.0,1.3066,-0.4395,56,LAX-JFK,249,9,1,0,0,0,0,1,2025-02-09 09:51:00,2025-02-09 13:54:00,-5,0
2025-05-31 23:45:00,2025-06-01 03:31:00,DL,SFO,LAX,2390,8.9,13.19,0.0,1.69,-0.1356,0.7868,92,SFO-LAX,226,23,0,1,0,0,1,22,2025-06-01 00:07:00,2025-06-01 04:14:00,43,1
2025-01-06 18:15:00,2025-01-06 23:56:00,WN,ATL,BOS,3831,11.62,15.78,4.08,2.46,-0.5924,0.0647,85,ATL-BOS,341,18,0,0,0,0,0,-10,2025-01-06 18:05:00,2025-01-06 23:47:00,-9,0
2025-06-15 22:50:00,2025-06-16 03:54:00,WN,SFO,LAX,3367,33.17,34.71,0.27,0.9,-0.8756,-0.7227,31,SFO-LAX,304,22,1,1,0,1,1,63,2025-06-15 23:53:00,2025-06-16 05:37:00,103,1
2025-04-01 20:20:00,2025-04-01 22:21:00,WN,JFK,ATL,1077,3.79,5.32,0.71,0.01,0.7099,0.5325,5,JFK-ATL,121,20,0,1,0,0,0,-5,2025-04-01 20:15:00,2025-04-01 22:09:00,-12,0
2025-05-03 09:30:00,2025-05-03 15:04:00,UA,SFO,LAX,3732,11.59,12.13,0.0,0.0,-0.1004,0.4984,57,SFO-LAX,334,9,0,0,0,0,0,0,2025-05-03 09:30:00,2025-05-03 14:59:00,-5,0
2025-06-16 17:00:00,2025-06-16 18:58:00,AA,ATL,LAX,1035,14.65,10.75,7.15,7.99,-0.7289,0.3016,50,ATL-LAX,118,17,0,0,0,0,0,12,2025-06-16 17:12:00,2025-06-16 19:11:00,13,0
2025-04-29 00:10:00,2025-04-29 01:35:00,AA,SFO,JFK,627,18.63,20.63,0.76,1.54,0.8971,0.8179,41,SFO-JFK,85,0,0,1,0,0,0,0,2025-04-29 00:10:00,2025-04-29 01:33:00,-2,0
2025-05-24 13:30:00,2025-05-24 16:50:00,UA,JFK,LAX,2067,10.37,12.99,13.9,14.56,0.9154,0.4922,62,JFK-LAX,200,13,0,0,1,0,0,23,2025-05-24 13:53:00,2025-05-24 17:33:00,43,1
2025-10-07 01:15:00,2025-10-07 04:26:00,UA,ATL,LAX,1949,1.06,3.11,26.05,26.15,-0.9485,0.5442,69,ATL-LAX,191,1,0,1,1,0,0,16,2025-10-07 01:31:00,2025-10-07 04:48:00,22,1
2025-10-23 17:30:00,2025-10-23 22:53:00,AA,JFK,SFO,3601,11.25,14.46,0.0,0.0,0.3615,0.0088,60,JFK-SFO,323,17,0,0,0,0,1,5,2025-10-23 17:35:00,2025-10-23 22:49:00,-4,0
2025-01-03 23:00:00,2025-01-04 03:53:00,DL,ATL,BOS,3220,1.03,0.0,0.0,0.0,0.5887,0.5286,95,ATL-BOS,293,23,0,1,0,0,0,-5,2025-01-03 22:55:00,2025-01-04 03:43:00,-10,0
2025-05-18 16:15:00,2025-05-18 17:34:00,DL,ATL,JFK,545,20.94,18.95,0.0,0.0,1.7016,-0.1455,29,ATL-JFK,79,16,1,0,0,0,0,10,2025-05-18 16:25:00,2025-05-18 17:53:00,19,1
2025-11-06 20:40:00,2025-11-07 00:27:00,B6,JFK,ATL,2394,11.6,10.96,0.0,1.04,-0.165,-0.1015,51,JFK-ATL,227,20,0,1,0,0,0,13,2025-11-06 20:53:00,2025-11-07 00:23:00,-4,0
2025-07-13 05:30:00,2025-07-13 10:56:00,WN,SFO,BOS,3639,13.1,14.51,1.34,0.0,0.0002,0.2014,24,SFO-BOS,326,5,1,0,0,0,0,10,2025-07-13 05:40:00,2025-07-13 11:05:00,9,0
2025-03-16 23:50:00,2025-03-17 04:55:00,B6,ATL,SFO,3379,6.63,4.56,0.0,0.0,0.661,0.5139,67,ATL-SFO,305,23,1,1,0,1,0,37,2025-03-17 00:27:00,2025-03-17 05:37:00,42,1
2025-08-05 13:50:00,2025-08-05 17:37:00,DL,BOS,JFK,2403,5.94,6.31,0.0,0.0,1.2689,-0.8172,2,BOS-JFK,227,13,0,0,0,0,0,14,2025-08-05 14:04:00,2025-08-05 17:56:00,19,1
2025-02-22 16:45:00,2025-02-22 21:11:00,B6,BOS,JFK,2886,16.8,16.33,0.03,0.0,0.4006,-0.0312,61,BOS-JFK,266,16,0,0,0,0,0,12,2025-02-22 16:57:00,2025-02-22 21:36:00,25,1
2025-01-08 18:00:00,2025-01-08 22:08:00,WN,JFK,ATL,2659,8.35,6.05,5.02,4.21,0.2255,-0.9732,15,JFK-ATL,248,18,0,0,0,0,0,33,2025-01-08 18:33:00,2025-01-08 22:52:00,44,1
2025-08-19 15:30:00,2025-08-19 17:47:00,AA,ATL,JFK,1271,7.2,7.24,0.0,0.0,-0.5613,0.0035,0,ATL-JFK,137,15,0,0,0,0,0,0,2025-08-19 15:30:00,2025-08-19 17:51:00,4,0
2025-07-08 07:10:00,2025-07-08 11:19:00,UA,LAX,BOS,2670,22.07,24.89,5.05,7.52,-0.3236,-0.1339,1,LAX-BOS,249,7,0,0,0,0,0,-9,2025-07-08 07:01:00,2025-07-08 11:19:00,0,0
2025-10-04 14:15:00,2025-10-04 19:01:00,DL,JFK,ATL,3135,10.02,11.66,0.0,0.0,-0.149,-0.8763,65,JFK-ATL,286,14,0,0,0,0,0,-6,2025-10-04 14:09:00,2025-10-04 18:52:00,-9,0
2025-05-06 15:10:00,2025-05-06 16:28:00,B6,SFO,LAX,535,9.44,3.48,0.83,0.0,0.7013,-0.2909,48,SFO-LAX,78,15,0,0,0,0,0,5,2025-05-06 15:15:00,2025-05-06 16:32:00,4,0
2025-11-08 20:20:00,2025-11-09 01:13:00,UA,BOS,ATL,3220,10.21,11.15,0.82,0.87,0.4488,-0.436,57,BOS-ATL,293,20,0,1,0,0,0,-1,2025-11-08 20:19:00,2025-11-09 01:09:00,-4,0
2025-06-03 11:00:00,2025-06-03 13:23:00,UA,JFK,ATL,1349,6.94,8.25,0.0,1.11,-0.6892,0.7861,66,JFK-ATL,143,11,0,0,0,0,0,3,2025-06-03 11:03:00,2025-06-03 13:31:00,8,0
2025-09-27 12:30:00,2025-09-27 13:32:00,B6,ATL,BOS,332,11.69,12.69,6.69,7.97,0.8498,-0.1239,17,ATL-BOS,62,12,0,0,0,0,0,-3,2025-09-27 12:27:00,2025-09-27 13:27:00,-5,0
2025-02-06 12:10:00,2025-02-06 17:23:00,DL,SFO,BOS,3472,3.43,6.09,0.09,0.06,-0.1691,-0.825,61,SFO-BOS,313,12,0,0,0,0,0,5,2025-02-06 12:15:00,2025-02-06 17:31:00,8,0
2025-02-05 02:30:00,2025-02-05 05:40:00,WN,SFO,LAX,1937,18.51,21.04,7.0,9.84,-0.1548,-0.1996,46,SFO-LAX,190,2,0,1,0,0,1,31,2025-02-05 03:01:00,2025-02-05 06:14:00,34,1
2025-10-13 02:40:00,2025-10-13 05:57:00,B6,BOS,SFO,2031,6.63,7.73,0.92,0.74,0.768,0.2844,71,BOS-SFO,197,2,0,1,0,0,1,3,2025-10-13 02:43:00,2025-10-13 06:22:00,25,1
2025-11-01 00:10:00,2025-11-01 04:39:00,UA,JFK,ATL,2922,3.87,3.51,0.53,2.99,0.8928,0.8328,49,JFK-ATL,269,0,0,1,0,0,0,7,2025-11-01 00:17:00,2025-11-01 04:47:00,8,0
2025-12-10 15:00:00,2025-12-10 19:07:00,UA,SFO,JFK,2654,4.56,4.18,0.25,1.35,0.3459,0.7453,8,SFO-JFK,247,15,0,0,0,0,1,42,2025-12-10 15:42:00,2025-12-10 20:00:00,53,1
2025-04-29 10:45:00,2025-04-29 15:12:00,DL,BOS,LAX,2906,7.53,8.83,0.05,1.2,1.8716,-0.1215,14,BOS-LAX,267,10,0,0,0,0,0,11,2025-04-29 10:56:00,2025-04-29 15:26:00,14,0
2025-01-09 20:40:00,2025-01-10 02:56:00,DL,BOS,JFK,4268,4.97,3.81,3.51,3.98,-1.8748,0.2661,56,BOS-JFK,376,20,0,1,0,0,0,6,2025-01-09 20:46:00,2025-01-10 03:00:00,4,0
2025-12-24 16:15:00,2025-12-24 20:53:00,B6,BOS,LAX,3034,4.32,2.18,22.75,20.85,0.9657,0.9349,1,BOS-LAX,278,16,1,0,1,0,0,28,2025-12-24 16:43:00,2025-12-24 21:24:00,31,1
2025-08-08 03:50:00,2025-08-08 05:05:00,UA,LAX,JFK,494,5.28,3.19,13.03,12.74,-0.9994,-0.702,20,LAX-JFK,75,3,0,1,1,0,0,25,2025-08-08 04:15:00,2025-08-08 05:53:00,48,1
2025-04-01 02:10:00,2025-04-01 04:24:00,DL,BOS,SFO,1233,11.96,12.74,0.29,0.0,-0.0169,0.7663,92,BOS-SFO,134,2,0,1,0,0,0,2,2025-04-01 02:12:00,2025-04-01 04:25:00,1,0
2025-10-06 08:50:00,2025-10-06 12:20:00,UA,ATL,JFK,2188,9.93,13.25,0.0,0.0,0.0245,0.6931,64,ATL-JFK,210,8,0,0,0,0,0,-8,2025-10-06 08:42:00,2025-10-06 12:05:00,-15,0
2025-11-26 22:00:00,2025-11-27 01:38:00,AA,ATL,BOS,2284,12.38,13.34,0.0,0.0,-0.0496,0.8293,82,ATL-BOS,218,22,0,1,0,0,0,15,2025-11-26 22:15:00,2025-11-27 01:53:00,15,1
2025-04-14 01:40:00,2025-04-14 04:40:00,DL,SFO,ATL,1817,25.06,20.26,0.35,0.0,-0.9026,0.9337,80,SFO-ATL,180,1,0,1,0,0,1,50,2025-04-14 02:30:00,2025-04-14 05:39:00,59,1
2025-10-08 04:00:00,2025-10-08 06:01:00,B6,SFO,LAX,1074,11.04,12.64,2.95,1.54,-1.3494,-0.6706,80,SFO-LAX,121,4,0,1,0,0,0,8,2025-10-08 04:08:00,2025-10-08 06:07:00,6,0
2025-10-15 00:10:00,2025-10-15 01:45:00,WN,SFO,ATL,747,7.96,10.07,1.73,1.18,-1.9141,0.1212,63,SFO-ATL,95,0,0,1,0,0,0,-7,2025-10-15 00:03:00,2025-10-15 01:38:00,-7,0
2025-07-03 09:20:00,2025-07-03 11:08:00,B6,BOS,JFK,908,45.29,43.74,0.0,0.0,-0.1993,-0.6689,54,BOS-JFK,108,9,0,0,0,0,0,18,2025-07-03 09:38:00,2025-07-03 11:08:00,0,0
2025-08-19 23:00:00,2025-08-20 05:18:00,B6,JFK,SFO,4293,4.7,3.83,4.38,4.45,0.1437,-0.459,39,JFK-SFO,378,23,0,1,0,0,1,36,2025-08-19 23:36:00,2025-08-20 06:02:00,44,1
2025-04-09 16:20:00,2025-04-09 19:32:00,AA,JFK,BOS,1961,2.74,2.14,0.0,0.0,0.603,0.5887,67,JFK-BOS,192,16,0,0,0,0,0,7,2025-04-09 16:27:00,2025-04-09 19:51:00,19,1
2025-12-06 11:10:00,2025-12-06 17:32:00,UA,JFK,ATL,4338,16.09,18.94,0.0,0.1,1.17,0.7585,38,JFK-ATL,382,11,0,0,0,0,0,1,2025-12-06 11:11:00,2025-12-06 17:32:00,0,0
2025-12-25 03:00:00,2025-12-25 05:51:00,AA,ATL,LAX,1706,30.87,28.22,5.09,4.92,0.8489,-0.0855,64,ATL-LAX,171,3,1,1,0,1,0,7,2025-12-25 03:07:00,2025-12-25 06:06:00,15,1
2025-12-25 08:50:00,2025-12-25 11:34:00,AA,JFK,ATL,1608,19.06,18.57,0.0,0.0,0.9967,0.4954,55,JFK-ATL,164,8,1,0,0,0,0,0,2025-12-25 08:50:00,2025-12-25 11:30:00,-4,0
2025-09-27 12:50:00,2025-09-27 16:33:00,DL,ATL,LAX,2356,6.52,9.14,0.0,0.07,-0.992,-0.591,31,ATL-LAX,223,12,0,0,0,0,0,6,2025-09-27 12:56:00,2025-09-27 16:27:00,-6,0
2025-01-16 06:50:00,2025-01-16 13:07:00,AA,BOS,LAX,4276,4.73,2.3,11.22,11.93,1.1129,-0.0949,89,BOS-LAX,377,6,0,0,0,0,0,-3,2025-01-16 06:47:00,2025-01-16 13:02:00,-5,0
2025-05-14 16:10:00,2025-05-14 20:18:00,B6,BOS,JFK,2665,14.93,14.78,4.26,3.56,0.3829,-0.9917,93,BOS-JFK,248,16,0,0,0,0,0,-1,2025-05-14 16:09:00,2025-05-14 20:29:00,11,0
2025-06-12 23:20:00,2025-06-13 00:31:00,UA,LAX,ATL,447,10.86,7.87,0.27,0.0,-1.2906,0.5574,65,LAX-ATL,71,23,0,1,0,0,0,-9,2025-06-12 23:11:00,2025-06-13 00:26:00,-5,0
2025-12-17 04:15:00,2025-12-17 06:45:00,B6,SFO,LAX,1440,4.59,9.29,0.0,0.45,1.0795,-0.467,37,SFO-LAX,150,4,0,1,0,0,0,0,2025-12-17 04:15:00,2025-12-17 06:44:00,-1,0
2025-07-19 06:15:00,2025-07-19 12:44:00,DL,LAX,BOS,4419,23.01,26.76,0.87,0.03,-0.8734,-0.9316,9,LAX-BOS,389,6,0,0,0,0,0,6,2025-07-19 06:21:00,2025-07-19 12:37:00,-7,0
2025-07-15 03:20:00,2025-07-15 05:11:00,UA,JFK,LAX,949,0.09,1.49,2.8,4.24,-1.0273,-0.2967,73,JFK-LAX,111,3,0,1,0,0,0,-6,2025-07-15 03:14:00,2025-07-15 05:20:00,9,0
2025-02-23 17:30:00,2025-02-23 23:10:00,DL,JFK,ATL,3810,11.03,12.22,18.04,16.81,1.5512,-0.2843,78,JFK-ATL,340,17,1,0,1,0,0,46,2025-02-23 18:16:00,2025-02-24 00:22:00,72,1
2025-10-17 11:20:00,2025-10-17 17:31:00,UA,JFK,SFO,4200,7.17,10.17,0.03,0.0,0.2479,0.4391,59,JFK-SFO,371,11,0,0,0,0,1,39,2025-10-17 11:59:00,2025-10-17 18:31:00,60,1
2025-05-03 06:15:00,2025-05-03 08:26:00,UA,ATL,LAX,1200,9.33,8.82,12.41,11.81,-1.0342,-0.2673,5,ATL-LAX,131,6,0,0,1,0,0,12,2025-05-03 06:27:00,2025-05-03 08:52:00,26,1
2025-02-03 05:50:00,2025-02-03 09:57:00,AA,SFO,BOS,2647,1.96,2.71,0.0,0.06,-0.5294,-0.3981,85,SFO-BOS,247,5,0,0,0,0,0,-9,2025-02-03 05:41:00,2025-02-03 09:43:00,-14,0
2025-12-27 01:50:00,2025-12-27 06:10:00,WN,SFO,JFK,2818,8.61,11.16,14.49,14.77,1.0664,-0.9837,37,SFO-JFK,260,1,0,1,1,0,1,42,2025-12-27 02:32:00,2025-12-27 07:12:00,62,1
2025-03-11 11:15:00,2025-03-11 16:41:00,DL,BOS,JFK,3633,41.74,39.01,0.19,0.0,-1.1925,0.5633,7,BOS-JFK,326,11,0,0,0,0,0,4,2025-03-11 11:19:00,2025-03-11 16:44:00,3,0
2025-01-06 16:10:00,2025-01-06 21:37:00,AA,ATL,BOS,3652,14.22,17.05,21.1,21.83,-0.1334,-0.8537,37,ATL-BOS,327,16,0,0,1,0,0,14,2025-01-06 16:24:00,2025-01-06 21:59:00,22,1
2025-01-29 05:30:00,2025-01-29 06:49:00,B6,ATL,BOS,552,15.49,18.6,11.0,13.1,-0.134,-0.3146,50,ATL-BOS,79,5,0,0,0,0,0,0,2025-01-29 05:30:00,2025-01-29 06:39:00,-10,0
2025-06-15 00:15:00,2025-06-15 03:01:00,WN,LAX,ATL,1641,12.26,7.83,0.77,0.17,2.7306,-0.5073,62,LAX-ATL,166,0,1,1,0,1,0,18,2025-06-15 00:33:00,2025-06-15 03:33:00,32,1
2025-02-07 11:50:00,2025-02-07 18:05:00,AA,ATL,LAX,4248,9.53,9.26,0.0,0.0,-1.4496,0.9101,97,ATL-LAX,375,11,0,0,0,0,0,0,2025-02-07 11:50:00,2025-02-07 18:07:00,2,0
2025-11-04 16:20:00,2025-11-04 19:18:00,AA,ATL,JFK,1785,13.2,8.6,0.46,0.0,-1.4082,0.2126,83,ATL-JFK,178,16,0,0,0,0,0,13,2025-11-04 16:33:00,2025-11-04 19:18:00,0,0
2025-07-07 08:00:00,2025-07-07 10:22:00,AA,LAX,SFO,1333,12.95,14.38,0.0,0.0,-0.5591,-0.9418,21,LAX-SFO,142,8,0,0,0,0,0,2,2025-07-07 08:02:00,2025-07-07 10:20:00,-2,0
2025-04-29 06:10:00,2025-04-29 10:40:00,UA,ATL,SFO,2941,18.65,15.83,1.0,0.0,-0.6321,0.351,27,ATL-SFO,270,6,0,0,0,0,0,7,2025-04-29 06:17:00,2025-04-29 10:42:00,2,0
2025-01-02 03:00:00,2025-01-02 05:05:00,WN,ATL,LAX,1120,33.15,29.59,0.0,0.72,0.0429,0.7655,98,ATL-LAX,125,3,0,1,0,0,0,-5,2025-01-02 02:55:00,2025-01-02 05:06:00,1,0
2025-06-25 17:20:00,2025-06-25 19:08:00,WN,ATL,JFK,917,8.41,9.7,0.91,0.0,-0.4637,0.3363,63,ATL-JFK,108,17,0,0,0,0,0,3,2025-06-25 17:23:00,2025-06-25 19:22:00,14,0
2025-02-25 20:15:00,2025-02-26 01:42:00,AA,LAX,BOS,3651,21.5,23.46,0.0,0.27,0.8547,0.0472,83,LAX-BOS,327,20,0,1,0,0,0,29,2025-02-25 20:44:00,2025-02-26 02:25:00,43,1
2025-12-23 18:45:00,2025-12-23 20:24:00,DL,BOS,LAX,796,30.5,29.67,8.95,8.76,0.0957,-0.3466,57,BOS-LAX,99,18,0,0,0,0,0,0,2025-12-23 18:45:00,2025-12-23 20:31:00,7,0
2025-04-17 12:50:00,2025-04-17 18:48:00,AA,BOS,LAX,4042,14.55,15.57,0.3,1.23,-0.9576,0.2383,32,BOS-LAX,358,12,0,0,0,0,0,-4,2025-04-17 12:46:00,2025-04-17 18:53:00,5,0
2025-06-23 17:10:00,2025-06-23 19:33:00,B6,LAX,SFO,1349,10.25,9.83,0.6,1.02,-0.2297,-0.9176,60,LAX-SFO,143,17,0,0,0,0,0,5,2025-06-23 17:15:00,2025-06-23 19:49:00,16,1
2025-01-07 09:50:00,2025-01-07 11:25:00,AA,ATL,SFO,748,18.28,14.83,13.28,12.73,-0.2619,-0.5503,80,ATL-SFO,95,9,0,0,1,0,0,7,2025-01-07 09:57:00,2025-01-07 11:41:00,16,1
2025-02-17 00:30:00,2025-02-17 05:38:00,WN,JFK,BOS,3413,2.89,3.18,2.67,3.65,1.1523,0.8408,1,JFK-BOS,308,0,1,1,0,1,0,26,2025-02-17 00:56:00,2025-02-17 05:54:00,16,1
2025-03-17 08:15:00,2025-03-17 10:13:00,DL,JFK,LAX,1041,28.32,30.75,7.17,7.06,0.8742,0.4214,9,JFK-LAX,118,8,0,0,0,0,0,38,2025-03-17 08:53:00,2025-03-17 10:51:00,38,1
2025-01-19 16:20:00,2025-01-19 19:22:00,B6,LAX,JFK,1839,20.44,19.81,0.0,1.42,0.7228,-0.8107,51,LAX-JFK,182,16,1,0,0,0,0,16,2025-01-19 16:36:00,2025-01-19 19:33:00,11,0
2025-09-22 15:20:00,2025-09-22 18:17:00,DL,LAX,ATL,1774,9.59,8.15,0.54,1.08,-0.7176,0.341,98,LAX-ATL,177,15,0,0,0,0,0,8,2025-09-22 15:28:00,2025-09-22 18:14:00,-3,0
2025-12-12 23:10:00,2025-12-13 02:59:00,DL,LAX,ATL,2430,8.01,9.2,4.1,6.76,0.3227,0.7992,93,LAX-ATL,229,23,0,1,0,0,0,6,2025-12-12 23:16:00,2025-12-13 02:52:00,-7,0
2025-12-26 23:45:00,2025-12-27 03:23:00,UA,BOS,ATL,2288,3.59,1.27,0.0,0.0,-1.1417,0.3415,38,BOS-ATL,218,23,0,1,0,0,0,-10,2025-12-26 23:35:00,2025-12-27 03:20:00,-3,0
2025-04-08 05:00:00,2025-04-08 07:05:00,B6,ATL,LAX,1120,23.18,20.75,0.01,2.36,0.6624,0.1815,24,ATL-LAX,125,5,0,0,0,0,0,6,2025-04-08 05:06:00,2025-04-08 06:57:00,-8,0
2025-10-15 00:00:00,2025-10-15 02:18:00,UA,JFK,BOS,1285,9.68,8.31,20.21,18.08,1.2262,-0.0105,36,JFK-BOS,138,0,0,1,1,0,0,21,2025-10-15 00:21:00,2025-10-15 03:08:00,50,1
2025-07-03 06:15:00,2025-07-03 08:19:00,UA,ATL,LAX,1115,29.53,28.27,0.68,0.0,-2.0769,0.1821,78,ATL-LAX,124,6,0,0,0,0,0,11,2025-07-03 06:26:00,2025-07-03 08:14:00,-5,0
2025-01-17 21:10:00,2025-01-17 22:28:00,DL,JFK,BOS,533,2.69,3.81,0.0,0.0,-0.0741,0.7422,70,JFK-BOS,78,21,0,1,0,0,0,6,2025-01-17 21:16:00,2025-01-17 22:31:00,3,0
2025-02-03 19:00:00,2025-02-03 23:37:00,DL,LAX,BOS,3031,5.68,1.71,0.0,0.12,-0.0751,-0.3681,72,LAX-BOS,277,19,0,0,0,0,0,-3,2025-02-03 18:57:00,2025-02-03 23:41:00,4,0
2025-07-19 02:20:00,2025-07-19 05:57:00,B6,SFO,ATL,2277,4.07,2.6,23.32,23.07,0.922,0.5446,65,SFO-ATL,217,2,0,1,1,0,1,53,2025-07-19 03:13:00,2025-07-19 07:14:00,77,1
2025-06-04 03:20:00,2025-06-04 04:55:00,WN,LAX,BOS,755,0.31,0.0,0.81,0.0,-0.5746,0.2821,98,LAX-BOS,95,3,0,1,0,0,0,-7,2025-06-04 03:13:00,2025-06-04 04:47:00,-8,0
2025-01-04 13:10:00,2025-01-04 16:00:00,B6,SFO,BOS,1691,15.54,14.69,11.26,10.17,-0.5886,-0.7387,88,SFO-BOS,170,13,0,0,0,0,1,29,2025-01-04 13:39:00,2025-01-04 16:47:00,47,1
2025-12-06 15:45:00,2025-12-06 20:28:00,B6,JFK,BOS,3104,5.99,6.23,3.83,2.62,0.1787,-0.5226,31,JFK-BOS,283,15,0,0,0,0,0,20,2025-12-06 16:05:00,2025-12-06 21:00:00,32,1
2025-09-24 23:50:00,2025-09-25 02:25:00,UA,JFK,ATL,1497,6.12,6.37,3.47,2.13,0.6269,0.7673,78,JFK-ATL,155,23,0,1,0,0,0,4,2025-09-24 23:54:00,2025-09-25 02:34:00,9,0
2025-07-03 18:40:00,2025-07-03 21:54:00,B6,BOS,ATL,1982,3.69,4.4,0.06,0.0,0.2253,-0.3514,85,BOS-ATL,194,18,0,0,0,0,0,20,2025-07-03 19:00:00,2025-07-03 22:06:00,12,0
2025-12-27 05:30:00,2025-12-27 10:39:00,AA,LAX,ATL,3423,8.73,7.7,7.59,7.86,0.9008,-0.1815,91,LAX-ATL,309,5,0,0,0,0,0,6,2025-12-27 05:36:00,2025-12-27 10:42:00,3,0
2025-12-21 00:50:00,2025-12-21 05:35:00,DL,SFO,BOS,3119,26.34,26.31,1.14,0.0,0.7088,-0.3345,27,SFO-BOS,285,0,1,1,0,1,0,28,2025-12-21 01:18:00,2025-12-21 06:12:00,37,1
2025-12-22 15:15:00,2025-12-22 20:09:00,UA,BOS,ATL,3242,14.26,16.14,1.07,0.25,-0.4971,0.112,36,BOS-ATL,294,15,0,0,0,0,0,-1,2025-12-22 15:14:00,2025-12-22 20:12:00,3,0
2025-04-05 13:20:00,2025-04-05 16:27:00,AA,ATL,JFK,1903,11.81,8.4,0.5,0.74,0.044,-0.8679,45,ATL-JFK,187,13,0,0,0,0,0,-2,2025-04-05 13:18:00,2025-04-05 16:23:00,-4,0
2025-11-18 22:00:00,2025-11-19 01:42:00,AA,ATL,SFO,2332,7.3,11.35,0.0,0.48,0.5702,-0.1167,51,ATL-SFO,222,22,0,1,0,0,0,7,2025-11-18 22:07:00,2025-11-19 01:39:00,-3,0
2025-07-04 13:40:00,2025-07-04 19:23:00,UA,LAX,BOS,3853,2.76,5.86,5.48,5.61,-0.7711,-0.0005,48,LAX-BOS,343,13,1,0,0,0,0,-4,2025-07-04 13:36:00,2025-07-04 19:21:00,-2,0
2025-09-23 12:00:00,2025-09-23 17:52:00,AA,LAX,SFO,3963,7.1,7.66,0.36,0.0,-0.6582,0.6284,92,LAX-SFO,352,12,0,0,0,0,0,-4,2025-09-23 11:56:00,2025-09-23 17:47:00,-5,0
2025-11-10 07:40:00,2025-11-10 08:58:00,B6,ATL,LAX,533,9.99,11.96,23.34,22.45,-1.4373,-0.5746,70,ATL-LAX,78,7,0,0,1,0,0,28,2025-11-10 08:08:00,2025-11-10 09:39:00,41,1
2025-03-01 02:45:00,2025-03-01 08:26:00,UA,ATL,LAX,3819,22.39,25.77,11.45,8.78,1.2024,-0.2238,40,ATL-LAX,341,2,0,1,0,0,0,3,2025-03-01 02:48:00,2025-03-01 08:27:00,1,0
2025-06-13 21:10:00,2025-06-14 03:09:00,B6,LAX,ATL,4051,5.3,9.06,9.84,10.06,2.1905,0.0536,24,LAX-ATL,359,21,0,1,0,0,0,-2,2025-06-13 21:08:00,2025-06-14 03:09:00,0,0
2025-02-17 19:30:00,2025-02-18 01:46:00,WN,BOS,JFK,4258,20.26,16.72,0.6,0.35,-0.6541,0.6193,9,BOS-JFK,376,19,1,0,0,0,0,-3,2025-02-17 19:27:00,2025-02-18 01:38:00,-8,0
2025-04-13 03:15:00,2025-04-13 05:44:00,DL,JFK,BOS,1428,4.84,6.09,8.02,10.13,0.599,0.4039,33,JFK-BOS,149,3,1,1,0,1,0,12,2025-04-13 03:27:00,2025-04-13 06:16:00,32,1
2025-05-31 16:20:00,2025-05-31 20:07:00,WN,BOS,SFO,2405,16.48,15.36,0.0,0.0,1.2726,-0.9099,91,BOS-SFO,227,16,0,0,0,0,1,43,2025-05-31 17:03:00,2025-05-31 21:05:00,58,1
2025-11-09 08:30:00,2025-11-09 09:43:00,AA,LAX,ATL,478,24.5,23.13,15.91,15.63,-1.1433,-0.3015,97,LAX-ATL,73,8,1,0,1,0,0,21,2025-11-09 08:51:00,2025-11-09 10:23:00,40,1
2025-11-11 10:10:00,2025-11-11 11:46:00,UA,LAX,ATL,760,8.31,12.96,1.17,0.29,0.3727,-0.5651,82,LAX-ATL,96,10,0,0,0,0,0,3,2025-11-11 10:13:00,2025-11-11 11:51:00,5,0
2025-05-23 20:45:00,2025-05-24 00:53:00,WN,ATL,JFK,2662,7.77,7.96,2.26,3.3,1.3527,-0.7543,65,ATL-JFK,248,20,0,1,0,0,0,-10,2025-05-23 20:35:00,2025-05-24 00:53:00,0,0
2025-05-01 20:20:00,2025-05-01 22:28:00,UA,ATL,SFO,1165,16.19,14.72,0.21,0.81,-0.2368,-0.4491,5,ATL-SFO,128,20,0,1,0,0,0,5,2025-05-01 20:25:00,2025-05-01 22:20:00,-8,0
2025-07-13 04:20:00,2025-07-13 06:34:00,DL,JFK,SFO,1242,28.0,29.78,0.03,0.02,-0.0509,0.1429,55,JFK-SFO,134,4,1,1,0,1,0,32,2025-07-13 04:52:00,2025-07-13 07:12:00,38,1
2025-11-29 07:45:00,2025-11-29 10:24:00,B6,LAX,JFK,1546,18.59,18.43,8.13,9.09,1.4118,0.6338,5,LAX-JFK,159,7,0,0,0,0,0,5,2025-11-29 07:50:00,2025-11-29 10:23:00,-1,0
2025-12-23 19:10:00,2025-12-23 22:43:00,DL,ATL,JFK,2228,31.6,29.83,0.29,0.0,-0.3919,0.77,5,ATL-JFK,213,19,0,0,0,0,0,11,2025-12-23 19:21:00,2025-12-23 22:52:00,9,0
2025-03-24 22:20:00,2025-03-25 00:10:00,DL,ATL,BOS,942,9.19,9.13,0.0,1.01,-0.5417,-0.3289,30,ATL-BOS,110,22,0,1,0,0,0,0,2025-03-24 22:20:00,2025-03-25 00:12:00,2,0
2025-03-10 01:50:00,2025-03-10 07:19:00,WN,LAX,SFO,3669,11.14,10.24,6.08,6.95,-0.1514,-0.5391,99,LAX-SFO,329,1,0,1,0,0,1,40,2025-03-10 02:30:00,2025-03-10 08:01:00,42,1
2025-09-15 20:20:00,2025-09-16 01:03:00,DL,JFK,ATL,3105,3.76,1.98,0.0,1.43,1.8559,0.1476,49,JFK-ATL,283,20,0,1,0,0,0,-2,2025-09-15 20:18:00,2025-09-16 00:51:00,-12,0
2025-04-21 11:00:00,2025-04-21 16:25:00,DL,ATL,BOS,3624,6.55,6.81,0.0,1.21,0.8347,0.3329,76,ATL-BOS,325,11,0,0,0,0,0,10,2025-04-21 11:10:00,2025-04-21 16:19:00,-6,0
2025-03-14 14:15:00,2025-03-14 20:25:00,AA,LAX,JFK,4189,11.21,10.73,0.14,0.19,0.5773,0.1055,79,LAX-JFK,370,14,0,0,0,0,0,-3,2025-03-14 14:12:00,2025-03-14 20:26:00,1,0
2025-01-12 01:50:00,2025-01-12 06:11:00,WN,ATL,BOS,2821,8.2,10.07,11.11,11.75,0.5668,0.6599,97,ATL-BOS,261,1,1,1,0,1,0,16,2025-01-12 02:06:00,2025-01-12 06:16:00,5,0
2025-05-28 16:45:00,2025-05-28 19:46:00,AA,BOS,JFK,1819,14.65,18.61,0.69,0.0,-1.0745,-0.2084,92,BOS-JFK,181,16,0,0,0,0,0,9,2025-05-28 16:54:00,2025-05-28 19:59:00,13,0
2025-05-24 16:45:00,2025-05-24 23:13:00,B6,LAX,SFO,4407,6.18,7.09,0.17,1.69,0.6069,-0.3366,33,LAX-SFO,388,16,0,0,0,0,1,13,2025-05-24 16:58:00,2025-05-24 23:43:00,30,1
2025-07-25 15:15:00,2025-07-25 19:24:00,AA,BOS,SFO,2676,7.85,9.68,0.0,0.34,-0.376,0.1335,89,BOS-SFO,249,15,0,0,0,0,0,-10,2025-07-25 15:05:00,2025-07-25 19:22:00,-2,0
2025-03-15 18:45:00,2025-03-15 22:20:00,AA,ATL,SFO,2247,35.39,35.51,0.0,0.22,-0.1401,0.3199,12,ATL-SFO,215,18,0,0,0,0,1,19,2025-03-15 19:04:00,2025-03-15 22:54:00,34,1
2025-09-18 22:20:00,2025-09-19 01:39:00,B6,SFO,BOS,2047,0.0,3.61,4.46,7.45,-0.1913,-0.3312,56,SFO-BOS,199,22,0,1,0,0,1,50,2025-09-18 23:10:00,2025-09-19 02:45:00,66,1
2025-09-06 20:45:00,2025-09-06 21:57:00,UA,BOS,LAX,465,5.7,4.76,0.0,0.0,1.0011,-0.4926,74,BOS-LAX,72,20,0,1,0,0,0,0,2025-09-06 20:45:00,2025-09-06 22:06:00,9,0
2025-06-18 17:50:00,2025-06-19 00:10:00,WN,JFK,ATL,4314,4.1,1.96,9.78,9.87,1.8911,0.9334,76,JFK-ATL,380,17,0,0,0,0,0,0,2025-06-18 17:50:00,2025-06-19 00:27:00,17,1
2025-03-08 23:10:00,2025-03-09 04:44:00,WN,SFO,LAX,3741,1.8,1.78,0.0,0.94,-0.8504,0.4156,73,SFO-LAX,334,23,0,1,0,0,0,-1,2025-03-08 23:09:00,2025-03-09 04:38:00,-6,0
2025-07-05 16:50:00,2025-07-05 21:44:00,DL,SFO,ATL,3237,1.68,1.48,14.85,15.31,1.136,0.2262,84,SFO-ATL,294,16,0,0,1,0,0,41,2025-07-05 17:31:00,2025-07-05 22:29:00,45,1
2025-09-04 16:40:00,2025-09-04 18:53:00,UA,SFO,LAX,1229,7.79,7.92,0.52,0.04,-0.0805,-0.4304,87,SFO-LAX,133,16,0,0,0,0,0,12,2025-09-04 16:52:00,2025-09-04 18:54:00,1,0
2025-05-17 13:40:00,2025-05-17 19:51:00,UA,BOS,ATL,4198,11.48,11.83,8.17,8.78,0.8617,0.843,64,BOS-ATL,371,13,0,0,0,0,0,-10,2025-05-17 13:30:00,2025-05-17 19:58:00,7,0
2025-04-07 18:45:00,2025-04-07 20:43:00,B6,SFO,LAX,1040,8.9,6.59,1.0,0.0,0.404,0.0574,0,SFO-LAX,118,18,0,0,0,0,0,4,2025-04-07 18:49:00,2025-04-07 20:43:00,0,0
2025-07-04 01:10:00,2025-07-04 03:30:00,B6,ATL,LAX,1314,11.91,11.15,0.0,1.28,-0.5096,-0.4599,11,ATL-LAX,140,1,1,1,0,1,0,26,2025-07-04 01:36:00,2025-07-04 04:05:00,35,1
2025-05-10 12:40:00,2025-05-10 14:03:00,AA,BOS,LAX,594,14.53,16.99,14.29,13.44,-0.5248,-0.277,58,BOS-LAX,83,12,0,0,1,0,0,36,2025-05-10 13:16:00,2025-05-10 15:14:00,71,1
2025-05-27 10:10:00,2025-05-27 12:46:00,WN,ATL,LAX,1510,10.1,13.14,0.6,0.0,-0.107,-0.2556,70,ATL-LAX,156,10,0,0,0,0,0,0,2025-05-27 10:10:00,2025-05-27 12:36:00,-10,0
2025-05-08 21:15:00,2025-05-09 00:04:00,B6,JFK,ATL,1677,14.88,12.16,0.0,0.19,0.4669,-0.9317,14,JFK-ATL,169,21,0,1,0,0,0,15,2025-05-08 21:30:00,2025-05-09 00:08:00,4,0
2025-04-21 01:00:00,2025-04-21 06:26:00,UA,SFO,ATL,3638,9.85,7.67,0.48,0.0,0.6054,-0.1819,9,SFO-ATL,326,1,0,1,0,0,1,85,2025-04-21 02:25:00,2025-04-21 08:33:00,127,1
2025-09-19 15:10:00,2025-09-19 17:59:00,UA,LAX,ATL,1669,4.44,5.87,0.2,0.0,3.08,-0.4786,47,LAX-ATL,169,15,0,0,0,0,0,15,2025-09-19 15:25:00,2025-09-19 18:08:00,9,0
2025-06-17 04:50:00,2025-06-17 11:10:00,WN,SFO,LAX,4314,2.26,0.0,0.41,0.0,0.6568,-0.0954,91,SFO-LAX,380,4,0,1,0,0,1,49,2025-06-17 05:39:00,2025-06-17 12:39:00,89,1
2025-06-20 21:15:00,2025-06-20 23:56:00,DL,ATL,LAX,1571,14.81,16.99,1.26,0.1,-1.1848,0.1213,99,ATL-LAX,161,21,0,1,0,0,0,8,2025-06-20 21:23:00,2025-06-20 23:59:00,3,0
2025-08-27 20:20:00,2025-08-28 00:15:00,DL,LAX,ATL,2503,11.17,11.78,1.94,3.11,1.3719,-0.3287,19,LAX-ATL,235,20,0,1,0,0,0,13,2025-08-27 20:33:00,2025-08-28 00:36:00,21,1
2025-05-12 05:20:00,2025-05-12 09:38:00,WN,LAX,JFK,2791,10.78,14.48,0.09,1.42,0.7109,-0.9389,74,LAX-JFK,258,5,0,0,0,0,0,-2,2025-05-12 05:18:00,2025-05-12 09:36:00,-2,0
2025-02-06 20:40:00,2025-02-07 02:18:00,B6,JFK,LAX,3782,4.05,0.86,0.0,0.38,-0.0472,0.8551,76,JFK-LAX,338,20,0,1,0,0,0,10,2025-02-06 20:50:00,2025-02-07 02:43:00,25,1
2025-11-08 11:30:00,2025-11-08 16:41:00,WN,ATL,BOS,3456,5.93,5.15,0.15,0.16,-0.9923,-0.7648,26,ATL-BOS,311,11,0,0,0,0,0,19,2025-11-08 11:49:00,2025-11-08 17:16:00,35,1
2025-01-21 23:30:00,2025-01-22 05:20:00,WN,ATL,LAX,3943,9.18,9.91,0.0,0.8,-0.1625,-0.2987,83,ATL-LAX,350,23,0,1,0,0,0,4,2025-01-21 23:34:00,2025-01-22 05:26:00,6,0
2025-07-28 17:45:00,2025-07-28 23:59:00,AA,SFO,BOS,4238,3.61,1.99,0.0,1.33,1.2874,0.4544,62,SFO-BOS,374,17,0,0,0,0,1,25,2025-07-28 18:10:00,2025-07-29 00:44:00,45,1
2025-04-08 00:20:00,2025-04-08 01:58:00,AA,BOS,ATL,793,11.19,13.59,1.77,2.22,0.6154,0.7588,92,BOS-ATL,98,0,0,1,0,0,0,14,2025-04-08 00:34:00,2025-04-08 02:10:00,12,0
2025-03-20 04:45:00,2025-03-20 06:16:00,B6,LAX,BOS,695,8.95,10.15,0.34,0.15,1.474,0.2923,48,LAX-BOS,91,4,0,1,0,0,0,0,2025-03-20 04:45:00,2025-03-20 06:38:00,22,1
2025-01-16 09:50:00,2025-01-16 13:20:00,WN,SFO,BOS,2186,9.09,11.64,0.0,0.2,1.4209,-0.5192,23,SFO-BOS,210,9,0,0,0,0,1,15,2025-01-16 10:05:00,2025-01-16 13:33:00,13,0
2025-11-25 05:40:00,2025-11-25 07:29:00,AA,JFK,BOS,931,18.46,16.85,19.41,20.27,0.3227,0.327,45,JFK-BOS,109,5,0,0,1,0,0,20,2025-11-25 06:00:00,2025-11-25 08:18:00,49,1
2025-06-06 03:00:00,2025-06-06 06:45:00,DL,BOS,SFO,2372,12.1,12.4,7.64,7.01,-3.0327,-0.1951,35,BOS-SFO,225,3,0,1,0,0,0,2,2025-06-06 03:02:00,2025-06-06 06:57:00,12,0
2025-05-06 23:15:00,2025-05-07 03:32:00,DL,JFK,BOS,2777,22.83,25.43,0.12,1.4,-0.7861,0.4896,6,JFK-BOS,257,23,0,1,0,0,0,6,2025-05-06 23:21:00,2025-05-07 03:18:00,-14,0
2025-09-28 20:30:00,2025-09-28 23:02:00,WN,BOS,LAX,1460,13.53,11.69,0.0,0.4,-1.4254,-0.2091,8,BOS-LAX,152,20,1,1,0,1,0,16,2025-09-28 20:46:00,2025-09-28 23:17:00,15,1
2025-01-15 10:20:00,2025-01-15 11:52:00,UA,ATL,BOS,712,4.36,7.75,0.32,0.0,1.5336,-0.8244,64,ATL-BOS,92,10,0,0,0,0,0,11,2025-01-15 10:31:00,2025-01-15 12:05:00,13,0
2025-07-26 05:15:00,2025-07-26 11:38:00,AA,SFO,LAX,4351,10.69,10.22,0.0,0.92,0.6302,0.0534,61,SFO-LAX,383,5,0,0,0,0,1,37,2025-07-26 05:52:00,2025-07-26 12:24:00,46,1
2025-06-30 04:15:00,2025-06-30 07:19:00,WN,BOS,ATL,1857,0.0,0.0,5.6,6.58,-0.101,-0.9155,61,BOS-ATL,184,4,0,1,0,0,0,10,2025-06-30 04:25:00,2025-06-30 07:31:00,12,0
2025-07-22 21:00:00,2025-07-23 02:41:00,AA,LAX,ATL,3824,14.37,12.2,8.22,6.53,-0.4063,0.2467,22,LAX-ATL,341,21,0,1,0,0,0,7,2025-07-22 21:07:00,2025-07-23 02:53:00,12,0
2025-02-15 07:10:00,2025-02-15 11:39:00,WN,LAX,SFO,2923,6.04,4.98,10.24,10.55,1.1984,-0.3653,9,LAX-SFO,269,7,0,0,0,0,0,-2,2025-02-15 07:08:00,2025-02-15 11:40:00,1,0
2025-12-14 00:45:00,2025-12-14 05:26:00,B6,JFK,ATL,3081,11.98,8.32,0.39,0.0,-0.7848,0.7643,85,JFK-ATL,281,0,1,1,0,1,0,10,2025-12-14 00:55:00,2025-12-14 05:42:00,16,1
2025-03-29 09:00:00,2025-03-29 14:21:00,WN,JFK,LAX,3578,5.07,6.77,0.0,0.0,-1.177,0.0018,12,JFK-LAX,321,9,0,0,0,0,0,0,2025-03-29 09:00:00,2025-03-29 14:18:00,-3,0
2025-09-05 10:45:00,2025-09-05 13:13:00,B6,ATL,LAX,1413,6.83,5.12,0.26,0.0,-1.2631,-0.9319,90,ATL-LAX,148,10,0,0,0,0,0,15,2025-09-05 11:00:00,2025-09-05 13:39:00,26,1
2025-09-30 14:15:00,2025-09-30 16:27:00,UA,JFK,ATL,1213,29.8,28.59,7.33,7.83,0.2207,0.277,46,JFK-ATL,132,14,0,0,0,0,0,-6,2025-09-30 14:09:00,2025-09-30 16:24:00,-3,0
2025-05-06 08:45:00,2025-05-06 15:19:00,DL,LAX,SFO,4486,6.46,8.33,0.1,0.61,-0.7025,0.6622,49,LAX-SFO,394,8,0,0,0,0,1,15,2025-05-06 09:00:00,2025-05-06 15:59:00,40,1
2025-02-17 22:15:00,2025-02-18 02:58:00,UA,ATL,JFK,3105,6.63,6.72,0.44,1.25,1.1093,-0.9103,53,ATL-JFK,283,22,1,1,0,1,0,15,2025-02-17 22:30:00,2025-02-18 03:31:00,33,1
2025-04-19 15:45:00,2025-04-19 18:22:00,WN,BOS,SFO,1527,15.27,14.64,0.25,0.55,0.0947,0.4898,73,BOS-SFO,157,15,0,0,0,0,0,12,2025-04-19 15:57:00,2025-04-19 18:30:00,8,0
2025-10-22 23:30:00,2025-10-23 04:06:00,UA,LAX,JFK,3012,6.08,7.06,0.62,0.0,-1.297,0.523,19,LAX-JFK,276,23,0,1,0,0,0,-1,2025-10-22 23:29:00,2025-10-23 04:07:00,1,0
2025-11-27 08:45:00,2025-11-27 11:56:00,AA,SFO,JFK,1953,6.6,6.99,0.45,0.79,-0.1471,0.3612,12,SFO-JFK,191,8,1,0,0,0,0,-4,2025-11-27 08:41:00,2025-11-27 11:56:00,0,0
2025-12-08 15:00:00,2025-12-08 20:48:00,DL,BOS,LAX,3910,14.76,16.62,0.21,0.6,-0.8869,-0.0198,83,BOS-LAX,348,15,0,0,0,0,0,7,2025-12-08 15:07:00,2025-12-08 20:31:00,-17,0
2025-03-24 08:45:00,2025-03-24 12:35:00,UA,SFO,ATL,2434,11.26,9.52,21.44,17.92,-0.0415,0.2949,9,SFO-ATL,230,8,0,0,1,0,0,16,2025-03-24 09:01:00,2025-03-24 13:00:00,25,1
2025-08-10 16:15:00,2025-08-10 18:59:00,DL,ATL,LAX,1617,18.71,15.86,0.0,1.24,1.1708,-0.0208,70,ATL-LAX,164,16,1,0,0,0,0,4,2025-08-10 16:19:00,2025-08-10 19:01:00,2,0
2025-02-25 17:15:00,2025-02-25 22:06:00,B6,JFK,SFO,3199,23.51,22.3,0.36,0.13,-0.077,-0.2474,6,JFK-SFO,291,17,0,0,0,0,1,23,2025-02-25 17:38:00,2025-02-25 22:45:00,39,1
2025-09-17 07:00:00,2025-09-17 12:11:00,B6,SFO,LAX,3450,7.82,8.58,0.02,0.17,-0.5928,-0.9006,22,SFO-LAX,311,7,0,0,0,0,1,32,2025-09-17 07:32:00,2025-09-17 13:03:00,52,1
2025-06-01 22:50:00,2025-06-02 01:54:00,WN,JFK,ATL,1865,16.39,11.79,14.49,11.46,0.5163,-0.0074,64,JFK-ATL,184,22,1,1,1,1,0,32,2025-06-01 23:22:00,2025-06-02 02:56:00,62,1
2025-09-18 20:40:00,2025-09-19 01:52:00,DL,JFK,LAX,3458,24.24,19.9,0.19,1.61,-0.3562,0.566,80,JFK-LAX,312,20,0,1,0,0,0,10,2025-09-18 20:50:00,2025-09-19 02:08:00,16,1
2025-09-08 21:50:00,2025-09-09 00:08:00,AA,ATL,JFK,1283,27.39,29.1,2.62,3.86,0.604,-0.8982,9,ATL-JFK,138,21,0,1,0,0,0,8,2025-09-08 21:58:00,2025-09-09 00:28:00,20,1
2025-12-29 05:30:00,2025-12-29 07:49:00,WN,JFK,ATL,1304,4.49,5.55,0.18,0.78,0.3961,-0.9255,58,JFK-ATL,139,5,0,0,0,0,0,-6,2025-12-29 05:24:00,2025-12-29 07:36:00,-13,0
2025-06-28 17:10:00,2025-06-28 22:47:00,B6,JFK,BOS,3771,20.22,19.77,0.0,0.0,-0.9865,-0.6613,1,JFK-BOS,337,17,0,0,0,0,0,1,2025-06-28 17:11:00,2025-06-28 22:38:00,-9,0
2025-05-05 02:15:00,2025-05-05 06:43:00,WN,SFO,BOS,2908,1.9,4.1,5.53,5.53,-1.2465,-0.4097,31,SFO-BOS,268,2,0,1,0,0,1,37,2025-05-05 02:52:00,2025-05-05 07:39:00,56,1
2025-07-12 02:20:00,2025-07-12 03:31:00,AA,BOS,ATL,447,15.36,10.06,0.52,0.53,-0.3048,0.0001,84,BOS-ATL,71,2,0,1,0,0,0,-5,2025-07-12 02:15:00,2025-07-12 03:31:00,0,0
2025-03-01 23:10:00,2025-03-02 03:56:00,DL,BOS,ATL,3135,3.12,0.4,0.0,0.0,0.475,0.6573,82,BOS-ATL,286,23,0,1,0,0,0,5,2025-03-01 23:15:00,2025-03-02 04:07:00,11,0
2025-02-10 03:50:00,2025-02-10 06:32:00,UA,LAX,JFK,1584,7.98,7.12,0.0,0.0,1.7938,-0.9407,50,LAX-JFK,162,3,0,1,0,0,0,-1,2025-02-10 03:49:00,2025-02-10 06:29:00,-3,0
2025-07-09 20:50:00,2025-07-09 23:21:00,AA,SFO,JFK,1452,36.12,34.53,8.89,8.73,-1.0705,0.5638,51,SFO-JFK,151,20,0,1,0,0,0,8,2025-07-09 20:58:00,2025-07-09 23:08:00,-13,0
2025-10-29 10:30:00,2025-10-29 13:51:00,UA,BOS,ATL,2081,18.42,17.53,0.0,0.0,-0.9493,0.4288,20,BOS-ATL,201,10,0,0,0,0,0,-1,2025-10-29 10:29:00,2025-10-29 14:07:00,16,1
2025-07-14 07:30:00,2025-07-14 11:01:00,AA,LAX,JFK,2197,2.05,4.23,0.0,0.0,1.0302,-0.0015,43,LAX-JFK,211,7,0,0,0,0,0,11,2025-07-14 07:41:00,2025-07-14 11:04:00,3,0
2025-10-13 01:40:00,2025-10-13 07:39:00,UA,SFO,LAX,4045,4.18,4.83,0.0,1.16,0.2428,-0.6153,9,SFO-LAX,359,1,0,1,0,0,0,7,2025-10-13 01:47:00,2025-10-13 07:31:00,-8,0
2025-03-06 16:40:00,2025-03-06 20:05:00,UA,LAX,SFO,2130,21.26,20.26,0.44,0.09,-0.1314,-0.8299,1,LAX-SFO,205,16,0,0,0,0,0,1,2025-03-06 16:41:00,2025-03-06 20:07:00,2,0
2025-06-14 17:00:00,2025-06-14 19:39:00,WN,JFK,BOS,1546,19.33,21.57,0.0,0.0,0.7191,-0.6836,22,JFK-BOS,159,17,0,0,0,0,0,3,2025-06-14 17:03:00,2025-06-14 19:38:00,-1,0
2025-08-12 11:30:00,2025-08-12 16:49:00,DL,BOS,ATL,3548,21.47,21.58,15.14,14.49,1.2876,-0.3343,82,BOS-ATL,319,11,0,0,1,0,0,9,2025-08-12 11:39:00,2025-08-12 16:58:00,9,0
2025-05-07 19:45:00,2025-05-07 23:46:00,UA,BOS,SFO,2579,11.87,11.44,1.68,0.0,1.0837,0.0617,41,BOS-SFO,241,19,0,0,0,0,0,-7,2025-05-07 19:38:00,2025-05-07 23:51:00,5,0
2025-01-06 07:45:00,2025-01-06 08:44:00,DL,ATL,LAX,302,18.04,18.6,9.61,8.09,-0.6567,-0.3012,27,ATL-LAX,59,7,0,0,0,0,0,2,2025-01-06 07:47:00,2025-01-06 08:38:00,-6,0
2025-01-27 13:30:00,2025-01-27 18:01:00,UA,ATL,SFO,2955,9.35,5.22,19.87,18.04,0.4847,0.1175,10,ATL-SFO,271,13,0,0,1,0,1,11,2025-01-27 13:41:00,2025-01-27 18:22:00,21,1
2025-12-05 06:50:00,2025-12-05 10:37:00,B6,JFK,BOS,2404,7.3,9.41,6.31,7.36,1.1765,0.7629,29,JFK-BOS,227,6,0,0,0,0,0,-3,2025-12-05 06:47:00,2025-12-05 10:53:00,16,1
2025-08-09 13:30:00,2025-08-09 17:42:00,AA,ATL,SFO,2713,9.42,11.34,0.53,1.04,-0.2437,-0.7405,44,ATL-SFO,252,13,0,0,0,0,1,10,2025-08-09 13:40:00,2025-08-09 18:06:00,24,1
2025-04-07 03:20:00,2025-04-07 05:21:00,UA,ATL,BOS,1074,5.14,3.45,0.0,0.0,0.4195,0.7888,83,ATL-BOS,121,3,0,1,0,0,0,8,2025-04-07 03:28:00,2025-04-07 05:18:00,-3,0
2025-04-05 11:20:00,2025-04-05 15:00:00,B6,LAX,BOS,2309,3.74,4.1,0.0,0.4,-0.5404,-0.6114,14,LAX-BOS,220,11,0,0,0,0,0,-1,2025-04-05 11:19:00,2025-04-05 14:53:00,-7,0
2025-01-15 13:40:00,2025-01-15 18:16:00,DL,ATL,LAX,3016,11.72,16.25,0.7,0.0,-0.9067,-0.015,8,ATL-LAX,276,13,0,0,0,0,0,6,2025-01-15 13:46:00,2025-01-15 18:16:00,0,0
2025-12-11 13:50:00,2025-12-11 18:36:00,UA,ATL,LAX,3143,15.19,14.03,6.45,7.1,0.4614,0.4673,5,ATL-LAX,286,13,0,0,0,0,0,6,2025-12-11 13:56:00,2025-12-11 18:42:00,6,0
2025-02-09 10:10:00,2025-02-09 14:58:00,AA,JFK,ATL,3157,5.17,5.6,0.02,0.78,0.9711,0.3937,95,JFK-ATL,288,10,1,0,0,0,0,-9,2025-02-09 10:01:00,2025-02-09 14:50:00,-8,0
2025-10-05 15:15:00,2025-10-05 21:49:00,AA,SFO,JFK,4489,7.81,7.98,0.34,0.0,0.8121,0.5163,96,SFO-JFK,394,15,1,0,0,0,1,29,2025-10-05 15:44:00,2025-10-05 22:25:00,36,1
2025-03-29 12:40:00,2025-03-29 16:27:00,UA,LAX,BOS,2404,11.68,13.2,9.58,8.44,-1.2878,0.4273,33,LAX-BOS,227,12,0,0,0,0,0,13,2025-03-29 12:53:00,2025-03-29 16:38:00,11,0
2025-05-03 06:45:00,2025-05-03 10:08:00,UA,ATL,LAX,2105,12.55,10.96,0.02,0.13,1.3637,-0.968,33,ATL-LAX,203,6,0,0,0,0,0,2,2025-05-03 06:47:00,2025-05-03 10:16:00,8,0
2025-04-10 05:20:00,2025-04-10 09:21:00,DL,ATL,BOS,2576,13.22,11.65,8.96,12.55,0.6335,-0.0081,33,ATL-BOS,241,5,0,0,0,0,0,16,2025-04-10 05:36:00,2025-04-10 10:01:00,40,1
2025-10-28 15:40:00,2025-10-28 18:29:00,UA,LAX,JFK,1681,4.35,2.7,0.0,2.58,1.1811,-0.2417,10,LAX-JFK,169,15,0,0,0,0,0,0,2025-10-28 15:40:00,2025-10-28 18:31:00,2,0
2025-01-12 22:00:00,2025-01-13 00:45:00,AA,LAX,BOS,1623,39.39,37.86,0.45,0.32,-0.8741,0.8559,69,LAX-BOS,165,22,1,1,0,1,0,23,2025-01-12 22:23:00,2025-01-13 01:27:00,42,1
2025-05-09 18:15:00,2025-05-09 23:06:00,UA,BOS,JFK,3198,9.18,5.22,13.55,12.97,0.8989,0.9094,98,BOS-JFK,291,18,0,0,1,0,0,19,2025-05-09 18:34:00,2025-05-09 23:37:00,31,1
2025-04-12 15:50:00,2025-04-12 18:34:00,B6,SFO,ATL,1615,11.1,13.44,3.98,4.79,0.6987,-0.4875,36,SFO-ATL,164,15,0,0,0,0,1,47,2025-04-12 16:37:00,2025-04-12 19:33:00,59,1
2025-04-10 22:30:00,2025-04-11 03:41:00,WN,SFO,LAX,3445,4.34,1.82,22.61,23.37,-1.2048,0.4241,24,SFO-LAX,311,22,0,1,1,0,1,75,2025-04-10 23:45:00,2025-04-11 05:25:00,104,1
2025-03-12 21:45:00,2025-03-13 02:54:00,UA,LAX,SFO,3429,11.07,9.7,3.39,2.52,0.5027,-0.5257,27,LAX-SFO,309,21,0,1,0,0,0,6,2025-03-12 21:51:00,2025-03-13 02:46:00,-8,0
2025-11-30 12:10:00,2025-11-30 18:29:00,B6,LAX,JFK,4304,4.36,6.74,0.0,0.0,-0.968,0.4972,24,LAX-JFK,379,12,1,0,0,0,0,12,2025-11-30 12:22:00,2025-11-30 18:41:00,12,0
2025-05-19 02:15:00,2025-05-19 03:58:00,B6,LAX,SFO,853,8.7,8.93,0.29,0.0,0.0792,-0.4018,15,LAX-SFO,103,2,0,1,0,0,0,11,2025-05-19 02:26:00,2025-05-19 04:17:00,19,1
2025-06-02 15:50:00,2025-06-02 18:51:00,AA,ATL,LAX,1825,12.73,9.79,1.93,3.24,2.3824,0.4612,74,ATL-LAX,181,15,0,0,0,0,0,18,2025-06-02 16:08:00,2025-06-02 19:05:00,14,0
2025-05-21 14:50:00,2025-05-21 20:08:00,WN,LAX,SFO,3540,24.74,21.31,0.0,0.82,0.3543,-0.9458,33,LAX-SFO,318,14,0,0,0,0,0,-6,2025-05-21 14:44:00,2025-05-21 20:01:00,-7,0
2025-12-24 06:50:00,2025-12-24 10:13:00,WN,SFO,ATL,2102,7.12,7.82,4.94,5.37,-0.0489,0.4055,51,SFO-ATL,203,6,1,0,0,0,0,-5,2025-12-24 06:45:00,2025-12-24 10:03:00,-10,0
2025-05-04 20:15:00,2025-05-05 00:54:00,AA,BOS,JFK,3051,13.92,12.71,0.0,1.11,-1.4193,-0.1585,97,BOS-JFK,279,20,1,1,0,1,0,16,2025-05-04 20:31:00,2025-05-05 01:13:00,19,1
2025-05-05 20:45:00,2025-05-06 01:51:00,UA,ATL,JFK,3388,13.79,12.36,0.0,0.14,0.3552,0.4772,40,ATL-JFK,306,20,0,1,0,0,0,15,2025-05-05 21:00:00,2025-05-06 01:38:00,-13,0
2025-04-30 07:20:00,2025-04-30 13:16:00,WN,BOS,LAX,4014,14.01,14.96,5.98,5.48,-0.0861,-0.8168,13,BOS-LAX,356,7,0,0,0,0,0,-1,2025-04-30 07:19:00,2025-04-30 13:09:00,-7,0
2025-04-30 11:45:00,2025-04-30 14:00:00,WN,BOS,SFO,1249,1.1,2.06,0.0,0.39,-1.9446,0.736,18,BOS-SFO,135,11,0,0,0,0,0,8,2025-04-30 11:53:00,2025-04-30 13:53:00,-7,0
2025-02-02 04:45:00,2025-02-02 07:11:00,AA,SFO,ATL,1392,18.63,14.19,16.38,16.94,-1.025,0.3309,93,SFO-ATL,146,4,1,1,1,1,0,22,2025-02-02 05:07:00,2025-02-02 07:56:00,45,1
2025-08-09 04:20:00,2025-08-09 07:57:00,DL,JFK,LAX,2277,14.8,14.4,5.3,6.0,0.9564,-0.2583,70,JFK-LAX,217,4,0,1,0,0,0,2,2025-08-09 04:22:00,2025-08-09 07:58:00,1,0
2025-01-10 06:15:00,2025-01-10 10:04:00,AA,LAX,SFO,2425,11.34,13.58,0.43,0.0,1.3575,-0.3169,57,LAX-SFO,229,6,0,0,0,0,0,5,2025-01-10 06:20:00,2025-01-10 10:02:00,-2,0
2025-03-24 08:50:00,2025-03-24 14:53:00,UA,SFO,ATL,4101,39.48,36.47,0.51,0.4,0.1401,-0.4091,10,SFO-ATL,363,8,0,0,0,0,1,47,2025-03-24 09:37:00,2025-03-24 15:56:00,63,1
2025-03-15 06:20:00,2025-03-15 07:32:00,AA,LAX,JFK,463,5.34,3.39,0.0,1.42,1.0777,0.1775,67,LAX-JFK,72,6,0,0,0,0,0,-2,2025-03-15 06:18:00,2025-03-15 07:28:00,-4,0
2025-04-17 03:20:00,2025-04-17 05:41:00,WN,LAX,ATL,1330,13.06,14.86,0.0,0.0,0.1005,-0.9213,11,LAX-ATL,141,3,0,1,0,0,0,-4,2025-04-17 03:16:00,2025-04-17 05:33:00,-8,0
2025-10-04 10:40:00,2025-10-04 16:46:00,B6,SFO,ATL,4132,32.93,32.73,4.79,3.83,-0.689,0.4239,79,SFO-ATL,366,10,0,0,0,0,1,11,2025-10-04 10:51:00,2025-10-04 17:15:00,29,1
2025-08-07 14:50:00,2025-08-07 19:15:00,WN,LAX,JFK,2881,19.15,22.09,0.0,0.0,2.2683,0.5734,34,LAX-JFK,265,14,0,0,0,0,0,-1,2025-08-07 14:49:00,2025-08-07 19:10:00,-5,0
2025-12-28 07:10:00,2025-12-28 11:56:00,UA,BOS,SFO,3136,7.42,5.31,0.0,0.82,-1.3447,-0.4933,4,BOS-SFO,286,7,1,0,0,0,1,22,2025-12-28 07:32:00,2025-12-28 12:11:00,15,1
2025-05-09 12:50:00,2025-05-09 15:13:00,WN,LAX,ATL,1348,14.72,9.39,13.07,11.87,0.4907,-0.7201,86,LAX-ATL,143,12,0,0,1,0,0,58,2025-05-09 13:48:00,2025-05-09 16:46:00,93,1
2025-12-05 06:20:00,2025-12-05 10:48:00,WN,BOS,SFO,2916,10.67,12.57,2.77,3.55,-0.5833,0.943,97,BOS-SFO,268,6,0,0,0,0,1,38,2025-12-05 06:58:00,2025-12-05 11:20:00,32,1
2025-01-17 16:00:00,2025-01-17 19:03:00,WN,BOS,JFK,1853,9.2,10.13,0.0,0.0,-0.1409,0.268,70,BOS-JFK,183,16,0,0,0,0,0,0,2025-01-17 16:00:00,2025-01-17 19:00:00,-3,0
2025-07-04 15:15:00,2025-07-04 20:20:00,WN,LAX,SFO,3377,1.91,1.49,0.0,0.0,1.6564,0.3879,75,LAX-SFO,305,15,1,0,0,0,0,35,2025-07-04 15:50:00,2025-07-04 21:05:00,45,1
2025-10-19 23:20:00,2025-10-20 00:49:00,B6,BOS,ATL,680,6.44,7.48,5.23,5.73,0.1124,0.2647,44,BOS-ATL,89,23,1,1,0,1,0,29,2025-10-19 23:49:00,2025-10-20 01:10:00,21,1
2025-07-14 01:40:00,2025-07-14 04:15:00,AA,ATL,JFK,1494,12.33,11.47,1.53,1.79,-0.2562,-0.5015,80,ATL-JFK,155,1,0,1,0,0,0,1,2025-07-14 01:41:00,2025-07-14 04:10:00,-5,0
2025-12-07 20:30:00,2025-12-08 01:06:00,UA,SFO,LAX,3007,8.75,6.34,6.31,6.57,-0.4787,0.6033,19,SFO-LAX,276,20,1,1,0,1,0,49,2025-12-07 21:19:00,2025-12-08 02:01:00,55,1
2025-04-25 08:10:00,2025-04-25 12:32:00,WN,JFK,ATL,2836,8.42,9.12,0.0,0.0,0.6295,-0.0371,42,JFK-ATL,262,8,0,0,0,0,0,16,2025-04-25 08:26:00,2025-04-25 12:55:00,23,1
2025-01-13 01:20:00,2025-01-13 07:01:00,B6,LAX,JFK,3829,24.26,23.44,0.0,0.0,-0.8793,-0.4732,90,LAX-JFK,341,1,0,1,0,0,0,2,2025-01-13 01:22:00,2025-01-13 07:06:00,5,0
2025-10-10 16:10:00,2025-10-10 21:38:00,AA,SFO,LAX,3663,8.9,6.01,8.91,7.82,0.1619,0.187,59,SFO-LAX,328,16,0,0,0,0,1,19,2025-10-10 16:29:00,2025-10-10 22:06:00,28,1
2025-01-25 04:15:00,2025-01-25 05:19:00,DL,LAX,ATL,360,10.19,12.27,0.42,0.0,-0.0672,0.7673,61,LAX-ATL,64,4,0,1,0,0,0,-10,2025-01-25 04:05:00,2025-01-25 05:07:00,-12,0
2025-10-07 04:40:00,2025-10-07 06:09:00,AA,LAX,SFO,679,11.47,10.64,0.0,1.62,-0.7153,0.5525,56,LAX-SFO,89,4,0,1,0,0,0,19,2025-10-07 04:59:00,2025-10-07 06:47:00,38,1
2025-09-25 23:45:00,2025-09-26 02:43:00,DL,LAX,ATL,1788,4.93,9.24,3.39,2.84,-1.3647,0.4233,15,LAX-ATL,178,23,0,1,0,0,0,-7,2025-09-25 23:38:00,2025-09-26 02:44:00,1,0
2025-11-05 05:10:00,2025-11-05 11:31:00,DL,BOS,LAX,4327,17.93,18.85,0.0,1.72,0.1015,-0.4651,9,BOS-LAX,381,5,0,0,0,0,0,12,2025-11-05 05:22:00,2025-11-05 11:50:00,19,1
2025-06-24 13:30:00,2025-06-24 17:09:00,DL,SFO,JFK,2304,4.45,5.44,0.77,0.1,-0.305,-0.442,5,SFO-JFK,219,13,0,0,0,0,1,19,2025-06-24 13:49:00,2025-06-24 17:31:00,22,1
2025-11-23 04:20:00,2025-11-23 10:19:00,AA,LAX,BOS,4045,8.49,10.44,0.0,0.0,0.2911,0.6619,19,LAX-BOS,359,4,1,1,0,1,0,28,2025-11-23 04:48:00,2025-11-23 11:08:00,49,1
2025-03-03 02:15:00,2025-03-03 03:34:00,UA,ATL,JFK,548,10.42,10.34,0.0,0.1,-2.1009,0.5995,16,ATL-JFK,79,2,0,1,0,0,0,18,2025-03-03 02:33:00,2025-03-03 03:21:00,-13,0
2025-06-08 00:40:00,2025-06-08 07:03:00,WN,ATL,LAX,4344,6.81,8.1,0.08,1.21,-0.3918,0.7224,76,ATL-LAX,383,0,1,1,0,1,0,41,2025-06-08 01:21:00,2025-06-08 08:23:00,80,1
2025-02-14 00:10:00,2025-02-14 01:29:00,DL,SFO,BOS,556,27.18,24.64,1.11,0.0,0.92,0.8973,62,SFO-BOS,79,0,0,1,0,0,0,-8,2025-02-14 00:02:00,2025-02-14 01:25:00,-4,0
2025-10-07 11:45:00,2025-10-07 17:16:00,WN,SFO,LAX,3695,11.93,9.92,0.0,0.51,-1.5821,-0.2691,49,SFO-LAX,331,11,0,0,0,0,0,5,2025-10-07 11:50:00,2025-10-07 17:12:00,-4,0
2025-09-18 10:20:00,2025-09-18 16:14:00,DL,SFO,ATL,3983,9.13,11.13,24.16,22.62,1.9416,0.1998,37,SFO-ATL,354,10,0,0,1,0,1,38,2025-09-18 10:58:00,2025-09-18 17:16:00,62,1
2025-10-22 00:00:00,2025-10-22 02:38:00,WN,ATL,SFO,1536,3.29,6.81,0.0,0.4,0.4297,0.1286,18,ATL-SFO,158,0,0,1,0,0,0,-10,2025-10-21 23:50:00,2025-10-22 02:44:00,6,0
2025-10-06 08:45:00,2025-10-06 11:25:00,UA,SFO,JFK,1563,7.57,7.33,6.92,6.87,-0.0754,-0.3928,66,SFO-JFK,160,8,0,0,0,0,0,23,2025-10-06 09:08:00,2025-10-06 11:56:00,31,1
2025-04-23 06:45:00,2025-04-23 10:59:00,B6,SFO,BOS,2742,15.85,15.12,1.62,0.6,0.1738,0.0922,85,SFO-BOS,254,6,0,0,0,0,1,28,2025-04-23 07:13:00,2025-04-23 11:39:00,40,1
2025-01-25 13:30:00,2025-01-25 18:32:00,WN,LAX,JFK,3332,6.54,6.15,1.34,0.53,-0.787,0.9685,57,LAX-JFK,302,13,0,0,0,0,0,2,2025-01-25 13:32:00,2025-01-25 18:19:00,-13,0
2025-12-06 23:40:00,2025-12-07 01:19:00,DL,JFK,ATL,804,0.98,0.94,13.08,11.88,1.4848,0.8712,17,JFK-ATL,99,23,0,1,1,0,0,14,2025-12-06 23:54:00,2025-12-07 01:41:00,22,1
2025-06-29 16:10:00,2025-06-29 18:29:00,UA,JFK,ATL,1295,10.24,7.99,3.97,4.5,0.244,0.0386,47,JFK-ATL,139,16,1,0,0,0,0,6,2025-06-29 16:16:00,2025-06-29 18:38:00,9,0
2025-02-04 22:15:00,2025-02-05 03:27:00,UA,JFK,ATL,3467,10.7,11.57,0.59,0.11,0.1315,-0.5104,92,JFK-ATL,312,22,0,1,0,0,0,16,2025-02-04 22:31:00,2025-02-05 03:33:00,6,0
2025-12-05 04:15:00,2025-12-05 09:45:00,AA,ATL,LAX,3691,8.66,8.18,21.21,21.19,1.068,0.6702,74,ATL-LAX,330,4,0,1,1,0,0,36,2025-12-05 04:51:00,2025-12-05 10:29:00,44,1
2025-12-29 05:45:00,2025-12-29 07:36:00,DL,JFK,LAX,945,19.67,24.24,0.0,0.37,0.4526,0.7138,75,JFK-LAX,111,5,0,0,0,0,0,9,2025-12-29 05:54:00,2025-12-29 07:42:00,6,0
2025-06-12 18:15:00,2025-06-13 00:13:00,DL,BOS,SFO,4036,33.35,35.07,0.0,0.0,-0.6145,0.1259,25,BOS-SFO,358,18,0,0,0,0,1,43,2025-06-12 18:58:00,2025-06-13 01:08:00,55,1
2025-10-09 07:40:00,2025-10-09 13:30:00,AA,BOS,ATL,3940,13.29,13.33,0.0,0.08,0.0315,-0.0641,81,BOS-ATL,350,7,0,0,0,0,0,4,2025-10-09 07:44:00,2025-10-09 13:37:00,7,0
2025-01-14 20:15:00,2025-01-15 02:06:00,DL,ATL,BOS,3945,6.99,7.95,11.17,11.14,0.6327,-0.6362,72,ATL-BOS,351,20,0,1,0,0,0,4,2025-01-14 20:19:00,2025-01-15 02:09:00,3,0
2025-02-04 11:30:00,2025-02-04 13:50:00,B6,JFK,SFO,1310,12.27,13.69,0.06,1.26,0.1236,-0.3403,50,JFK-SFO,140,11,0,0,0,0,0,-10,2025-02-04 11:20:00,2025-02-04 13:49:00,-1,0
2025-04-11 04:10:00,2025-04-11 08:54:00,B6,ATL,JFK,3110,22.66,21.05,16.01,16.03,-1.2822,-0.9709,97,ATL-JFK,284,4,0,1,1,0,0,43,2025-04-11 04:53:00,2025-04-11 09:33:00,39,1
2025-08-28 20:30:00,2025-08-28 22:23:00,UA,SFO,ATL,973,6.69,2.82,0.05,0.0,1.4646,-0.123,50,SFO-ATL,113,20,0,1,0,0,0,16,2025-08-28 20:46:00,2025-08-28 22:47:00,24,1
2025-02-18 13:00:00,2025-02-18 15:05:00,WN,SFO,JFK,1124,16.39,13.93,6.25,7.3,0.2246,-0.7438,20,SFO-JFK,125,13,0,0,0,0,0,9,2025-02-18 13:09:00,2025-02-18 15:06:00,1,0
2025-01-13 19:40:00,2025-01-13 21:03:00,WN,SFO,LAX,597,9.58,9.33,1.71,0.72,-0.3313,0.0348,11,SFO-LAX,83,19,0,0,0,0,0,6,2025-01-13 19:46:00,2025-01-13 20:59:00,-4,0
2025-09-02 10:00:00,2025-09-02 13:45:00,WN,BOS,ATL,2370,20.52,18.55,12.77,11.0,0.7145,-0.5036,16,BOS-ATL,225,10,0,0,1,0,0,30,2025-09-02 10:30:00,2025-09-02 14:23:00,38,1
2025-10-09 03:50:00,2025-10-09 08:48:00,DL,ATL,SFO,3287,5.26,2.1,0.91,0.0,-0.4307,0.7734,93,ATL-SFO,298,3,0,1,0,0,1,10,2025-10-09 04:00:00,2025-10-09 09:06:00,18,1
2025-09-27 16:45:00,2025-09-27 18:51:00,UA,JFK,LAX,1134,26.47,24.01,39.21,40.91,-1.4687,-0.7535,57,JFK-LAX,126,16,0,0,1,0,0,83,2025-09-27 18:08:00,2025-09-27 20:44:00,113,1
2025-10-19 02:30:00,2025-10-19 04:32:00,B6,LAX,JFK,1082,11.85,12.35,1.05,0.0,0.0582,-0.1208,38,LAX-JFK,122,2,1,1,0,1,0,35,2025-10-19 03:05:00,2025-10-19 05:17:00,45,1
2025-10-21 15:50:00,2025-10-21 18:22:00,AA,ATL,LAX,1463,14.09,14.85,9.77,10.0,0.7314,-0.7223,27,ATL-LAX,152,15,0,0,0,0,0,-8,2025-10-21 15:42:00,2025-10-21 18:17:00,-5,0
2025-08-08 10:45:00,2025-08-08 12:50:00,UA,SFO,LAX,1130,5.34,4.24,0.0,0.0,-0.2091,0.1394,57,SFO-LAX,125,10,0,0,0,0,0,18,2025-08-08 11:03:00,2025-08-08 13:16:00,26,1
2025-07-09 18:10:00,2025-07-09 23:49:00,AA,JFK,LAX,3798,4.91,4.09,0.0,0.0,-0.1704,-0.3695,90,JFK-LAX,339,18,0,0,0,0,0,18,2025-07-09 18:28:00,2025-07-10 00:16:00,27,1
2025-11-09 20:40:00,2025-11-09 22:36:00,AA,SFO,ATL,1012,11.51,11.77,11.66,10.29,-0.1255,-0.7909,7,SFO-ATL,116,20,1,1,0,1,0,20,2025-11-09 21:00:00,2025-11-09 23:11:00,35,1
2025-05-08 09:20:00,2025-05-08 11:53:00,WN,ATL,BOS,1469,14.31,15.51,11.71,10.4,-0.0428,0.2009,71,ATL-BOS,153,9,0,0,0,0,0,-8,2025-05-08 09:12:00,2025-05-08 11:48:00,-5,0
2025-02-05 21:45:00,2025-02-06 00:27:00,DL,JFK,SFO,1584,9.0,8.13,15.25,14.78,0.2067,0.0763,19,JFK-SFO,162,21,0,1,1,0,0,1,2025-02-05 21:46:00,2025-02-06 00:38:00,11,0
2025-10-02 02:45:00,2025-10-02 04:52:00,UA,JFK,ATL,1151,14.66,15.29,0.0,0.0,0.8575,-0.5794,40,JFK-ATL,127,2,0,1,0,0,0,20,2025-10-02 03:05:00,2025-10-02 05:16:00,24,1
2025-04-11 02:50:00,2025-04-11 09:05:00,UA,ATL,LAX,4253,3.57,6.03,0.0,0.0,0.7957,0.9336,86,ATL-LAX,375,2,0,1,0,0,0,-3,2025-04-11 02:47:00,2025-04-11 09:05:00,0,0
2025-12-24 23:20:00,2025-12-25 01:29:00,UA,LAX,JFK,1180,1.39,4.55,0.0,0.0,2.0917,0.5767,70,LAX-JFK,129,23,1,1,0,1,0,28,2025-12-24 23:48:00,2025-12-25 02:07:00,38,1
2025-06-01 13:10:00,2025-06-01 16:52:00,DL,SFO,ATL,2343,7.23,10.66,0.62,0.0,1.803,0.2345,43,SFO-ATL,222,13,1,0,0,0,0,-1,2025-06-01 13:09:00,2025-06-01 16:51:00,-1,0
2025-11-07 10:10:00,2025-11-07 14:19:00,UA,JFK,ATL,2677,3.65,3.58,1.52,3.65,-0.8022,0.8869,89,JFK-ATL,249,10,0,0,0,0,0,3,2025-11-07 10:13:00,2025-11-07 14:24:00,5,0
2025-01-16 03:10:00,2025-01-16 05:37:00,AA,BOS,SFO,1395,2.61,1.87,0.0,0.0,-0.1699,0.4937,38,BOS-SFO,147,3,0,1,0,0,0,-6,2025-01-16 03:04:00,2025-01-16 05:26:00,-11,0
2025-08-29 06:50:00,2025-08-29 10:27:00,DL,LAX,ATL,2279,3.79,1.77,0.0,0.0,0.78,-0.0345,33,LAX-ATL,217,6,0,0,0,0,0,-2,2025-08-29 06:48:00,2025-08-29 10:31:00,4,0
2025-06-13 16:30:00,2025-06-13 18:26:00,DL,BOS,ATL,1015,15.9,15.97,0.52,1.44,-1.7337,0.9263,26,BOS-ATL,116,16,0,0,0,0,0,7,2025-06-13 16:37:00,2025-06-13 18:37:00,11,0
2025-06-18 19:15:00,2025-06-18 22:56:00,UA,BOS,ATL,2327,10.35,10.54,6.53,6.23,0.3721,0.284,82,BOS-ATL,221,19,0,0,0,0,0,-10,2025-06-18 19:05:00,2025-06-18 22:58:00,2,0
2025-04-07 21:20:00,2025-04-07 22:25:00,AA,LAX,ATL,379,24.29,24.56,0.73,3.06,-0.7988,-0.7271,95,LAX-ATL,65,21,0,1,0,0,0,27,2025-04-07 21:47:00,2025-04-07 23:04:00,39,1
2025-12-21 09:10:00,2025-12-21 12:36:00,B6,JFK,SFO,2143,12.78,12.31,0.0,0.89,0.0039,-0.8029,32,JFK-SFO,206,9,1,0,0,0,0,3,2025-12-21 09:13:00,2025-12-21 12:41:00,5,0
2025-05-24 10:30:00,2025-05-24 13:32:00,DL,BOS,ATL,1832,7.24,6.77,6.57,6.3,0.0689,-0.8155,67,BOS-ATL,182,10,0,0,0,0,0,-10,2025-05-24 10:20:00,2025-05-24 13:27:00,-5,0
2025-11-07 03:20:00,2025-11-07 06:17:00,B6,JFK,LAX,1772,15.42,15.62,4.67,3.65,-1.713,-0.2891,60,JFK-LAX,177,3,0,1,0,0,0,-1,2025-11-07 03:19:00,2025-11-07 06:13:00,-4,0
2025-06-05 01:45:00,2025-06-05 03:21:00,WN,SFO,LAX,762,4.37,7.8,0.0,1.34,2.4751,-0.9833,49,SFO-LAX,96,1,0,1,0,0,0,-6,2025-06-05 01:39:00,2025-06-05 03:41:00,20,1
2025-01-18 10:00:00,2025-01-18 16:35:00,DL,JFK,BOS,4494,9.69,7.31,0.0,0.0,-0.4838,0.1177,46,JFK-BOS,395,10,0,0,0,0,0,-3,2025-01-18 09:57:00,2025-01-18 16:35:00,0,0
2025-11-17 13:50:00,2025-11-17 14:58:00,UA,ATL,SFO,413,8.54,4.15,8.17,7.44,1.4949,-0.1272,95,ATL-SFO,68,13,0,0,0,0,0,1,2025-11-17 13:51:00,2025-11-17 14:55:00,-3,0
2025-03-09 02:00:00,2025-03-09 03:48:00,DL,SFO,JFK,913,1.62,4.17,0.14,1.61,-1.5783,-0.2722,87,SFO-JFK,108,2,1,1,0,1,0,26,2025-03-09 02:26:00,2025-03-09 04:18:00,30,1
2025-04-09 09:20:00,2025-04-09 10:54:00,DL,LAX,ATL,732,45.83,41.74,7.48,8.02,-0.5996,-0.1409,57,LAX-ATL,94,9,0,0,0,0,0,24,2025-04-09 09:44:00,2025-04-09 11:02:00,8,0
2025-11-11 15:15:00,2025-11-11 21:42:00,B6,BOS,ATL,4406,6.66,4.74,12.02,11.06,0.8384,-0.1512,55,BOS-ATL,387,15,0,0,1,0,0,26,2025-11-11 15:41:00,2025-11-11 22:20:00,38,1
2025-11-23 19:40:00,2025-11-23 22:26:00,B6,SFO,JFK,1637,1.87,0.13,6.73,6.03,-0.2017,0.9764,93,SFO-JFK,166,19,1,0,0,0,0,2,2025-11-23 19:42:00,2025-11-23 22:26:00,0,0
2025-12-01 22:40:00,2025-12-02 02:04:00,UA,SFO,ATL,2110,12.72,14.45,0.09,0.0,0.839,-0.1626,24,SFO-ATL,204,22,0,1,0,0,1,33,2025-12-01 23:13:00,2025-12-02 03:12:00,68,1
2025-06-05 08:10:00,2025-06-05 13:21:00,AA,SFO,LAX,3453,1.25,2.65,3.36,4.53,0.6734,0.8441,15,SFO-LAX,311,8,0,0,0,0,0,-1,2025-06-05 08:09:00,2025-06-05 13:21:00,0,0
2025-10-04 09:20:00,2025-10-04 10:36:00,UA,BOS,LAX,511,8.26,9.92,0.0,0.0,-0.7911,0.7074,76,BOS-LAX,76,9,0,0,0,0,0,1,2025-10-04 09:21:00,2025-10-04 10:42:00,6,0
2025-04-30 20:30:00,2025-04-30 21:51:00,WN,SFO,BOS,581,19.43,17.17,0.38,1.07,1.2623,-0.1445,41,SFO-BOS,81,20,0,1,0,0,0,-6,2025-04-30 20:24:00,2025-04-30 22:00:00,9,0
2025-09-28 16:20:00,2025-09-28 18:20:00,UA,SFO,BOS,1066,3.39,4.05,4.26,3.68,0.6125,-0.9154,5,SFO-BOS,120,16,1,0,0,0,0,12,2025-09-28 16:32:00,2025-09-28 18:16:00,-4,0
2025-07-03 06:00:00,2025-07-03 10:47:00,WN,SFO,LAX,3150,9.57,9.19,4.48,4.35,-1.4103,0.6965,54,SFO-LAX,287,6,0,0,0,0,1,21,2025-07-03 06:21:00,2025-07-03 11:15:00,28,1
2025-01-19 16:10:00,2025-01-19 22:38:00,AA,JFK,ATL,4409,7.31,12.2,0.0,0.0,0.139,-0.5754,95,JFK-ATL,388,16,1,0,0,0,0,15,2025-01-19 16:25:00,2025-01-19 22:55:00,17,1
2025-06-02 03:30:00,2025-06-02 07:57:00,UA,BOS,JFK,2906,5.89,5.98,0.0,0.68,0.6869,-0.883,17,BOS-JFK,267,3,0,1,0,0,0,12,2025-06-02 03:42:00,2025-06-02 07:46:00,-11,0
2025-06-20 10:15:00,2025-06-20 16:07:00,UA,BOS,LAX,3963,23.22,22.15,7.93,6.43,-0.066,0.7421,91,BOS-LAX,352,10,0,0,0,0,0,-10,2025-06-20 10:05:00,2025-06-20 16:00:00,-7,0
2025-04-04 07:30:00,2025-04-04 13:25:00,DL,SFO,JFK,4004,6.99,9.51,0.0,0.38,0.0823,0.3167,63,SFO-JFK,355,7,0,0,0,0,0,-9,2025-04-04 07:21:00,2025-04-04 13:22:00,-3,0
2025-05-17 23:10:00,2025-05-18 01:42:00,B6,JFK,ATL,1460,16.01,17.77,0.02,0.04,0.5199,-0.6438,98,JFK-ATL,152,23,0,1,0,0,0,33,2025-05-17 23:43:00,2025-05-18 02:18:00,36,1
2025-07-03 00:40:00,2025-07-03 02:41:00,UA,SFO,BOS,1072,17.68,17.09,0.0,0.0,-1.601,-0.422,73,SFO-BOS,121,0,0,1,0,0,0,-7,2025-07-03 00:33:00,2025-07-03 02:27:00,-14,0
2025-01-19 20:10:00,2025-01-19 22:03:00,DL,JFK,BOS,972,5.37,6.33,0.22,0.0,-0.1671,0.4914,95,JFK-BOS,113,20,1,1,0,1,0,38,2025-01-19 20:48:00,2025-01-19 22:54:00,51,1
2025-02-25 06:40:00,2025-02-25 12:06:00,UA,JFK,LAX,3635,5.35,2.41,37.97,38.9,-0.3411,-0.7532,23,JFK-LAX,326,6,0,0,1,0,0,14,2025-02-25 06:54:00,2025-02-25 12:24:00,18,1
2025-10-07 00:45:00,2025-10-07 05:29:00,WN,ATL,JFK,3111,19.44,17.55,0.0,0.0,0.7889,0.4453,45,ATL-JFK,284,0,0,1,0,0,0,20,2025-10-07 01:05:00,2025-10-07 05:38:00,9,0
2025-05-09 15:15:00,2025-05-09 21:05:00,AA,JFK,SFO,3932,9.29,8.94,3.68,4.8,-0.5306,-0.0831,39,JFK-SFO,350,15,0,0,0,0,1,42,2025-05-09 15:57:00,2025-05-09 21:53:00,48,1
2025-08-11 16:10:00,2025-08-11 19:59:00,B6,JFK,SFO,2430,9.16,6.97,0.0,0.24,1.9806,0.6743,62,JFK-SFO,229,16,0,0,0,0,1,61,2025-08-11 17:11:00,2025-08-11 21:16:00,77,1
2025-07-26 03:00:00,2025-07-26 09:27:00,DL,ATL,BOS,4401,7.56,6.95,1.39,1.39,-0.5539,0.2861,92,ATL-BOS,387,3,0,1,0,0,0,-1,2025-07-26 02:59:00,2025-07-26 09:44:00,17,1
2025-07-21 00:15:00,2025-07-21 06:14:00,AA,ATL,JFK,4055,19.33,17.91,0.74,0.0,-1.0949,0.9641,60,ATL-JFK,359,0,0,1,0,0,0,5,2025-07-21 00:20:00,2025-07-21 06:11:00,-3,0
2025-05-31 02:00:00,2025-05-31 07:31:00,UA,JFK,BOS,3695,3.22,4.6,0.52,0.0,1.259,0.7142,58,JFK-BOS,331,2,0,1,0,0,0,30,2025-05-31 02:30:00,2025-05-31 08:05:00,34,1
2025-06-26 09:50:00,2025-06-26 15:19:00,B6,BOS,ATL,3673,10.94,10.86,0.32,0.0,0.6257,-0.3126,77,BOS-ATL,329,9,0,0,0,0,0,0,2025-06-26 09:50:00,2025-06-26 15:18:00,-1,0
2025-10-28 03:50:00,2025-10-28 05:31:00,DL,LAX,SFO,819,2.65,5.25,0.27,0.0,0.4122,-0.0368,69,LAX-SFO,101,3,0,1,0,0,0,-4,2025-10-28 03:46:00,2025-10-28 05:26:00,-5,0
2025-12-19 16:50:00,2025-12-19 21:59:00,UA,JFK,LAX,3428,7.86,10.68,10.47,10.81,-0.2173,0.879,13,JFK-LAX,309,16,0,0,0,0,0,16,2025-12-19 17:06:00,2025-12-19 22:25:00,26,1
2025-04-04 01:50:00,2025-04-04 08:07:00,AA,JFK,BOS,4277,19.9,21.73,18.04,19.74,-0.3285,-0.6957,79,JFK-BOS,377,1,0,1,1,0,0,22,2025-04-04 02:12:00,2025-04-04 08:32:00,25,1
2025-09-02 18:30:00,2025-09-02 21:07:00,UA,ATL,JFK,1527,21.01,20.09,8.83,7.61,0.4831,-0.1657,56,ATL-JFK,157,18,0,0,0,0,0,-9,2025-09-02 18:21:00,2025-09-02 20:59:00,-8,0
2025-12-20 20:15:00,2025-12-21 01:48:00,DL,JFK,BOS,3722,7.31,6.85,0.0,0.43,-0.5439,0.1526,22,JFK-BOS,333,20,0,1,0,0,0,12,2025-12-20 20:27:00,2025-12-21 01:48:00,0,0
2025-01-03 17:20:00,2025-01-03 20:17:00,AA,JFK,BOS,1770,11.18,11.09,0.0,0.0,1.8032,-0.2976,20,JFK-BOS,177,17,0,0,0,0,0,-10,2025-01-03 17:10:00,2025-01-03 20:14:00,-3,0
2025-10-14 22:15:00,2025-10-15 00:25:00,UA,JFK,BOS,1191,10.26,9.65,24.89,25.96,0.2613,-0.8117,71,JFK-BOS,130,22,0,1,1,0,0,22,2025-10-14 22:37:00,2025-10-15 01:06:00,41,1
2025-07-01 22:45:00,2025-07-02 03:49:00,UA,BOS,ATL,3368,3.85,4.85,0.0,0.0,-0.2476,-0.5872,79,BOS-ATL,304,22,0,1,0,0,0,-8,2025-07-01 22:37:00,2025-07-02 03:43:00,-6,0
2025-12-20 01:20:00,2025-12-20 03:14:00,WN,ATL,SFO,993,14.68,14.91,25.23,24.81,-0.3908,-0.134,88,ATL-SFO,114,1,0,1,1,0,0,13,2025-12-20 01:33:00,2025-12-20 03:34:00,20,1
2025-07-31 08:20:00,2025-07-31 12:01:00,B6,SFO,LAX,2321,2.64,6.5,0.0,0.0,-1.1947,0.7444,26,SFO-LAX,221,8,0,0,0,0,1,9,2025-07-31 08:29:00,2025-07-31 12:21:00,20,1
2025-11-02 18:40:00,2025-11-03 00:54:00,WN,SFO,JFK,4232,6.73,7.76,0.0,0.0,0.7297,0.1441,95,SFO-JFK,374,18,1,0,0,0,1,25,2025-11-02 19:05:00,2025-11-03 01:18:00,24,1
2025-03-02 08:15:00,2025-03-02 10:07:00,B6,SFO,ATL,958,3.03,4.03,9.66,8.23,-0.768,-0.403,24,SFO-ATL,112,8,1,0,0,0,0,-2,2025-03-02 08:13:00,2025-03-02 10:05:00,-2,0
2025-02-21 17:15:00,2025-02-21 19:06:00,UA,BOS,LAX,953,15.84,17.8,0.31,0.0,-0.1288,-0.664,9,BOS-LAX,111,17,0,0,0,0,0,2,2025-02-21 17:17:00,2025-02-21 19:04:00,-2,0
2025-12-05 18:10:00,2025-12-06 00:26:00,B6,LAX,JFK,4260,18.42,16.57,0.38,0.0,2.5474,0.2367,21,LAX-JFK,376,18,0,0,0,0,0,-1,2025-12-05 18:09:00,2025-12-06 00:18:00,-8,0
2025-07-12 23:00:00,2025-07-13 04:20:00,AA,ATL,LAX,3563,10.58,11.66,6.41,5.73,-1.8037,-0.6387,20,ATL-LAX,320,23,0,1,0,0,0,4,2025-07-12 23:04:00,2025-07-13 04:30:00,10,0
2025-07-23 07:00:00,2025-07-23 10:34:00,WN,SFO,BOS,2238,10.02,10.13,9.09,6.49,-0.0993,-0.8585,5,SFO-BOS,214,7,0,0,0,0,1,37,2025-07-23 07:37:00,2025-07-23 11:28:00,54,1
2025-03-04 08:20:00,2025-03-04 11:35:00,DL,ATL,BOS,2002,7.06,5.83,18.31,18.05,-1.3685,-0.934,0,ATL-BOS,195,8,0,0,1,0,0,6,2025-03-04 08:26:00,2025-03-04 11:59:00,24,1
2025-03-24 00:50:00,2025-03-24 07:13:00,B6,JFK,ATL,4348,16.03,15.83,0.0,0.26,-0.5373,0.3954,1,JFK-ATL,383,0,0,1,0,0,0,-7,2025-03-24 00:43:00,2025-03-24 07:13:00,0,0
2025-10-26 06:15:00,2025-10-26 11:17:00,WN,SFO,ATL,3339,26.86,27.17,0.0,0.0,-0.1424,0.7727,39,SFO-ATL,302,6,1,0,0,0,1,41,2025-10-26 06:56:00,2025-10-26 12:32:00,75,1
2025-04-21 06:40:00,2025-04-21 12:44:00,AA,LAX,JFK,4114,5.13,5.33,0.0,0.0,-1.3037,0.0603,7,LAX-JFK,364,6,0,0,0,0,0,2,2025-04-21 06:42:00,2025-04-21 12:41:00,-3,0
2025-08-02 10:15:00,2025-08-02 11:45:00,DL,SFO,ATL,685,8.06,8.65,0.0,2.14,0.4091,-0.4417,30,SFO-ATL,90,10,0,0,0,0,0,1,2025-08-02 10:16:00,2025-08-02 11:41:00,-4,0
2025-04-26 10:15:00,2025-04-26 14:12:00,AA,JFK,ATL,2528,3.01,2.76,0.0,0.0,1.4684,-0.5913,46,JFK-ATL,237,10,0,0,0,0,0,2,2025-04-26 10:17:00,2025-04-26 14:09:00,-3,0
2025-04-07 20:10:00,2025-04-08 01:13:00,WN,ATL,JFK,3345,11.45,11.05,0.0,0.0,0.3329,-0.4473,58,ATL-JFK,303,20,0,1,0,0,0,0,2025-04-07 20:10:00,2025-04-08 01:04:00,-9,0
2025-03-02 18:30:00,2025-03-02 19:41:00,DL,ATL,BOS,450,5.98,8.31,0.17,0.38,0.8402,-0.3897,17,ATL-BOS,71,18,1,0,0,0,0,33,2025-03-02 19:03:00,2025-03-02 20:28:00,47,1
2025-12-06 17:40:00,2025-12-06 21:31:00,WN,ATL,LAX,2450,9.31,7.81,4.21,4.14,1.6242,0.2078,24,ATL-LAX,231,17,0,0,0,0,0,2,2025-12-06 17:42:00,2025-12-06 21:38:00,7,0
2025-12-10 00:15:00,2025-12-10 01:33:00,AA,ATL,JFK,533,18.74,14.18,1.57,0.58,0.6072,0.847,79,ATL-JFK,78,0,0,1,0,0,0,4,2025-12-10 00:19:00,2025-12-10 01:41:00,8,0
2025-02-12 11:30:00,2025-02-12 17:31:00,UA,JFK,LAX,4081,20.85,21.51,0.6,0.0,-2.3555,-0.5518,70,JFK-LAX,361,11,0,0,0,0,0,3,2025-02-12 11:33:00,2025-02-12 17:28:00,-3,0
2025-05-09 17:20:00,2025-05-09 22:08:00,DL,ATL,BOS,3160,4.49,6.8,0.0,0.19,0.1791,-0.2814,40,ATL-BOS,288,17,0,0,0,0,0,-2,2025-05-09 17:18:00,2025-05-09 22:13:00,5,0
2025-07-25 05:15:00,2025-07-25 07:17:00,DL,ATL,LAX,1091,12.32,12.39,0.98,0.0,-2.5024,0.1891,95,ATL-LAX,122,5,0,0,0,0,0,31,2025-07-25 05:46:00,2025-07-25 08:00:00,43,1
2025-05-20 10:40:00,2025-05-20 14:34:00,UA,JFK,ATL,2490,23.03,22.58,0.28,0.56,-0.7223,-0.1138,51,JFK-ATL,234,10,0,0,0,0,0,8,2025-05-20 10:48:00,2025-05-20 14:25:00,-9,0
2025-09-21 17:30:00,2025-09-21 19:06:00,AA,LAX,ATL,759,12.6,15.55,1.88,3.48,-1.499,-0.7667,10,LAX-ATL,96,17,1,0,0,0,0,3,2025-09-21 17:33:00,2025-09-21 19:08:00,2,0
2025-04-05 19:00:00,2025-04-06 00:29:00,DL,LAX,SFO,3676,4.33,5.46,7.11,6.45,0.2729,-0.6869,10,LAX-SFO,329,19,0,0,0,0,0,26,2025-04-05 19:26:00,2025-04-06 00:54:00,25,1
2025-01-22 20:20:00,2025-01-22 22:25:00,WN,ATL,BOS,1124,19.62,18.51,0.0,0.39,-0.8973,0.157,21,ATL-BOS,125,20,0,1,0,0,0,-1,2025-01-22 20:19:00,2025-01-22 22:22:00,-3,0
2025-05-03 10:20:00,2025-05-03 14:43:00,DL,SFO,JFK,2850,14.91,16.05,2.1,0.91,0.3004,0.2171,30,SFO-JFK,263,10,0,0,0,0,0,8,2025-05-03 10:28:00,2025-05-03 14:41:00,-2,0
2025-08-07 09:45:00,2025-08-07 11:10:00,DL,JFK,BOS,630,14.52,12.12,0.92,0.0,0.7812,0.1771,19,JFK-BOS,85,9,0,0,0,0,0,-6,2025-08-07 09:39:00,2025-08-07 11:02:00,-8,0
2025-03-07 09:15:00,2025-03-07 11:07:00,UA,BOS,ATL,963,10.06,7.3,7.9,7.11,-0.9583,0.6304,74,BOS-ATL,112,9,0,0,0,0,0,2,2025-03-07 09:17:00,2025-03-07 11:01:00,-6,0
2025-10-25 16:50:00,2025-10-25 23:18:00,DL,BOS,ATL,4416,12.75,13.58,1.3,1.38,0.2513,-0.6151,97,BOS-ATL,388,16,0,0,0,0,0,4,2025-10-25 16:54:00,2025-10-25 23:11:00,-7,0
2025-01-05 10:30:00,2025-01-05 13:39:00,B6,SFO,JFK,1920,45.25,45.19,11.74,11.04,-2.619,-0.0982,52,SFO-JFK,189,10,1,0,0,0,1,43,2025-01-05 11:13:00,2025-01-05 14:34:00,55,1
2025-01-25 09:10:00,2025-01-25 10:50:00,AA,JFK,ATL,815,0.0,2.97,0.17,0.96,-1.4926,-0.069,58,JFK-ATL,100,9,0,0,0,0,0,4,2025-01-25 09:14:00,2025-01-25 10:44:00,-6,0
2025-07-05 04:20:00,2025-07-05 09:14:00,UA,BOS,LAX,3239,10.19,9.28,20.6,20.17,1.2676,-0.5696,89,BOS-LAX,294,4,0,1,1,0,0,42,2025-07-05 05:02:00,2025-07-05 10:02:00,48,1
2025-07-06 11:50:00,2025-07-06 13:56:00,WN,JFK,BOS,1143,7.24,5.14,22.64,23.48,-0.882,0.4192,31,JFK-BOS,126,11,1,0,1,0,0,23,2025-07-06 12:13:00,2025-07-06 14:23:00,27,1
2025-04-18 05:15:00,2025-04-18 09:32:00,DL,ATL,JFK,2775,1.71,0.93,0.17,0.0,-0.5251,-0.3755,58,ATL-JFK,257,5,0,0,0,0,0,1,2025-04-18 05:16:00,2025-04-18 09:29:00,-3,0
2025-04-05 12:40:00,2025-04-05 18:11:00,B6,ATL,JFK,3700,32.47,36.24,1.96,1.47,-0.8178,0.2381,38,ATL-JFK,331,12,0,0,0,0,0,5,2025-04-05 12:45:00,2025-04-05 18:17:00,6,0
2025-01-26 21:45:00,2025-01-27 02:34:00,B6,BOS,LAX,3170,3.79,3.35,6.69,5.88,-1.7332,-0.1575,93,BOS-LAX,289,21,1,1,0,1,0,50,2025-01-26 22:35:00,2025-01-27 03:58:00,84,1
2025-08-30 18:40:00,2025-08-30 21:02:00,UA,BOS,LAX,1336,3.84,2.93,0.0,0.11,-1.0339,-0.52,81,BOS-LAX,142,18,0,0,0,0,0,-2,2025-08-30 18:38:00,2025-08-30 21:01:00,-1,0
2025-05-19 11:00:00,2025-05-19 13:19:00,WN,BOS,JFK,1295,1.14,0.0,2.59,2.36,-0.0058,-0.5862,61,BOS-JFK,139,11,0,0,0,0,0,-1,2025-05-19 10:59:00,2025-05-19 13:11:00,-8,0
2025-02-13 23:15:00,2025-02-14 01:29:00,DL,ATL,SFO,1233,3.97,7.37,19.74,19.69,-0.3853,-0.0162,75,ATL-SFO,134,23,0,1,1,0,0,9,2025-02-13 23:24:00,2025-02-14 01:40:00,11,0
2025-05-26 23:15:00,2025-05-27 03:46:00,B6,LAX,BOS,2954,14.97,14.45,22.72,23.58,1.0733,-0.519,80,LAX-BOS,271,23,1,1,1,1,0,17,2025-05-26 23:32:00,2025-05-27 04:14:00,28,1
2025-12-09 10:15:00,2025-12-09 15:00:00,UA,ATL,LAX,3123,10.36,10.64,0.0,1.39,-0.6186,0.3482,41,ATL-LAX,285,10,0,0,0,0,0,0,2025-12-09 10:15:00,2025-12-09 15:14:00,14,0
2025-04-06 18:50:00,2025-04-06 22:44:00,WN,BOS,SFO,2488,3.7,3.13,6.28,4.09,-0.012,0.2342,54,BOS-SFO,234,18,1,0,0,0,0,29,2025-04-06 19:19:00,2025-04-06 23:16:00,32,1
2025-11-23 08:00:00,2025-11-23 11:13:00,DL,SFO,LAX,1974,13.56,12.96,0.0,0.0,-0.544,0.5799,28,SFO-LAX,193,8,1,0,0,0,1,12,2025-11-23 08:12:00,2025-11-23 11:54:00,41,1
2025-04-05 21:30:00,2025-04-05 22:50:00,UA,ATL,JFK,560,10.81,10.11,0.95,0.0,0.934,-0.7336,16,ATL-JFK,80,21,0,1,0,0,0,6,2025-04-05 21:36:00,2025-04-05 23:08:00,18,1
2025-03-09 08:50:00,2025-03-09 14:30:00,DL,BOS,SFO,3809,20.6,21.59,15.15,16.05,-1.4331,0.7644,95,BOS-SFO,340,8,1,0,1,0,0,54,2025-03-09 09:44:00,2025-03-09 15:40:00,70,1
2025-04-06 06:50:00,2025-04-06 11:31:00,DL,JFK,BOS,3072,6.6,4.2,1.03,0.0,0.4777,0.0463,14,JFK-BOS,281,6,1,0,0,0,0,0,2025-04-06 06:50:00,2025-04-06 11:39:00,8,0
2025-04-28 03:30:00,2025-04-28 08:03:00,B6,BOS,JFK,2980,6.95,5.77,0.0,0.68,0.4049,0.3025,83,BOS-JFK,273,3,0,1,0,0,0,7,2025-04-28 03:37:00,2025-04-28 08:03:00,0,0
2025-02-14 20:50:00,2025-02-14 22:24:00,DL,BOS,ATL,735,15.02,15.51,0.42,0.0,-0.8213,0.9582,57,BOS-ATL,94,20,0,1,0,0,0,4,2025-02-14 20:54:00,2025-02-14 22:28:00,4,0
2025-08-03 07:20:00,2025-08-03 09:56:00,B6,ATL,LAX,1510,4.92,1.05,0.0,0.35,-0.0993,0.0383,0,ATL-LAX,156,7,1,0,0,0,0,12,2025-08-03 07:32:00,2025-08-03 10:08:00,12,0
2025-05-02 19:30:00,2025-05-02 22:11:00,AA,JFK,ATL,1575,3.15,3.84,0.0,0.0,0.387,0.7598,78,JFK-ATL,161,19,0,0,0,0,0,-1,2025-05-02 19:29:00,2025-05-02 22:14:00,3,0
2025-09-20 02:30:00,2025-09-20 06:50:00,WN,LAX,JFK,2811,11.97,9.76,15.63,14.14,-0.6918,-0.3503,50,LAX-JFK,260,2,0,1,1,0,0,17,2025-09-20 02:47:00,2025-09-20 07:19:00,29,1
2025-06-29 12:00:00,2025-06-29 17:23:00,B6,JFK,ATL,3606,14.47,14.75,0.63,0.44,-0.7127,0.6601,18,JFK-ATL,323,12,1,0,0,0,0,5,2025-06-29 12:05:00,2025-06-29 17:18:00,-5,0
2025-06-11 10:00:00,2025-06-11 15:50:00,AA,SFO,BOS,3939,1.97,1.59,8.52,8.85,-1.2297,0.8711,4,SFO-BOS,350,10,0,0,0,0,1,10,2025-06-11 10:10:00,2025-06-11 16:04:00,14,0
2025-06-21 10:50:00,2025-06-21 14:44:00,AA,LAX,JFK,2492,17.72,19.17,0.0,0.0,2.0223,-0.6251,74,LAX-JFK,234,10,0,0,0,0,0,7,2025-06-21 10:57:00,2025-06-21 15:00:00,16,1
2025-02-27 04:10:00,2025-02-27 07:11:00,DL,LAX,BOS,1830,4.9,4.0,0.0,1.34,-0.4669,-0.0032,54,LAX-BOS,181,4,0,1,0,0,0,0,2025-02-27 04:10:00,2025-02-27 07:05:00,-6,0
2025-09-18 01:15:00,2025-09-18 04:31:00,DL,JFK,BOS,2014,5.85,9.3,0.0,0.07,-1.226,0.7904,46,JFK-BOS,196,1,0,1,0,0,0,-1,2025-09-18 01:14:00,2025-09-18 04:33:00,2,0
2025-02-08 08:30:00,2025-02-08 13:36:00,AA,LAX,ATL,3393,10.47,11.09,0.0,1.94,-1.7681,-0.2873,94,LAX-ATL,306,8,0,0,0,0,0,-9,2025-02-08 08:21:00,2025-02-08 13:33:00,-3,0
2025-09-21 11:30:00,2025-09-21 14:16:00,UA,JFK,LAX,1635,22.51,23.48,4.75,3.02,-0.8028,0.3921,93,JFK-LAX,166,11,1,0,0,0,0,1,2025-09-21 11:31:00,2025-09-21 14:08:00,-8,0
2025-12-31 19:30:00,2025-12-31 22:49:00,UA,SFO,LAX,2046,25.11,21.36,2.64,3.68,0.2669,-0.7966,1,SFO-LAX,199,19,1,0,0,0,1,19,2025-12-31 19:49:00,2025-12-31 23:11:00,22,1
2025-10-06 11:50:00,2025-10-06 17:13:00,B6,JFK,BOS,3602,12.49,10.84,8.27,7.3,-0.2555,-0.3983,27,JFK-BOS,323,11,0,0,0,0,0,3,2025-10-06 11:53:00,2025-10-06 17:18:00,5,0
2025-06-16 05:45:00,2025-06-16 09:46:00,DL,JFK,ATL,2580,7.1,4.71,0.0,0.0,0.3506,0.3189,30,JFK-ATL,241,5,0,0,0,0,0,-1,2025-06-16 05:44:00,2025-06-16 09:43:00,-3,0
2025-04-25 06:50:00,2025-04-25 10:26:00,WN,ATL,BOS,2264,6.93,6.07,0.0,0.0,0.7153,-0.1163,41,ATL-BOS,216,6,0,0,0,0,0,2,2025-04-25 06:52:00,2025-04-25 10:16:00,-10,0
2025-11-15 14:40:00,2025-11-15 19:45:00,UA,SFO,LAX,3381,30.44,34.33,4.58,6.06,-0.1509,0.3169,50,SFO-LAX,305,14,0,0,0,0,1,5,2025-11-15 14:45:00,2025-11-15 20:03:00,18,1
2025-04-04 10:50:00,2025-04-04 13:26:00,WN,JFK,SFO,1512,18.16,18.66,0.0,0.0,-0.1276,0.1054,72,JFK-SFO,156,10,0,0,0,0,1,21,2025-04-04 11:11:00,2025-04-04 14:19:00,53,1
2025-06-26 21:30:00,2025-06-26 22:49:00,B6,LAX,SFO,554,12.73,8.62,5.71,4.79,1.5657,0.8587,25,LAX-SFO,79,21,0,1,0,0,0,7,2025-06-26 21:37:00,2025-06-26 22:50:00,1,0
2025-10-09 10:30:00,2025-10-09 15:54:00,UA,LAX,JFK,3611,11.36,12.64,0.57,0.66,0.7366,-0.7597,32,LAX-JFK,324,10,0,0,0,0,0,6,2025-10-09 10:36:00,2025-10-09 15:56:00,2,0
2025-12-03 13:45:00,2025-12-03 17:17:00,B6,ATL,JFK,2210,9.49,9.41,2.62,1.91,0.3845,0.2471,12,ATL-JFK,212,13,0,0,0,0,0,-4,2025-12-03 13:41:00,2025-12-03 17:33:00,16,1
2025-12-03 01:45:00,2025-12-03 04:33:00,UA,LAX,ATL,1666,0.0,3.11,0.0,1.67,-0.3431,-0.0879,2,LAX-ATL,168,1,0,1,0,0,0,7,2025-12-03 01:52:00,2025-12-03 04:46:00,13,0
2025-02-02 04:00:00,2025-02-02 05:31:00,DL,JFK,ATL,699,0.78,0.0,0.0,0.0,0.6754,0.8535,27,JFK-ATL,91,4,1,1,0,1,0,42,2025-02-02 04:42:00,2025-02-02 06:35:00,64,1
2025-11-24 20:50:00,2025-11-25 03:00:00,B6,BOS,LAX,4190,8.71,7.55,0.0,0.0,0.3523,0.713,63,BOS-LAX,370,20,0,1,0,0,0,4,2025-11-24 20:54:00,2025-11-25 03:11:00,11,0
2025-02-11 08:40:00,2025-02-11 13:43:00,WN,BOS,JFK,3345,4.32,5.84,0.0,1.92,0.3147,-0.3667,38,BOS-JFK,303,8,0,0,0,0,0,-6,2025-02-11 08:34:00,2025-02-11 13:38:00,-5,0
2025-08-02 10:50:00,2025-08-02 13:21:00,UA,LAX,JFK,1451,10.06,9.1,0.0,0.0,0.7172,0.6679,23,LAX-JFK,151,10,0,0,0,0,0,0,2025-08-02 10:50:00,2025-08-02 13:17:00,-4,0
2025-12-06 14:40:00,2025-12-06 19:03:00,B6,ATL,BOS,2852,11.29,10.49,0.0,0.42,0.3261,0.1506,31,ATL-BOS,263,14,0,0,0,0,0,-1,2025-12-06 14:39:00,2025-12-06 19:10:00,7,0
2025-08-28 01:50:00,2025-08-28 05:25:00,WN,LAX,BOS,2250,2.39,3.12,1.54,1.48,-1.5192,-0.4187,96,LAX-BOS,215,1,0,1,0,0,0,9,2025-08-28 01:59:00,2025-08-28 05:40:00,15,1
2025-12-12 12:15:00,2025-12-12 15:04:00,B6,SFO,BOS,1673,12.63,10.28,1.69,1.4,0.0547,-0.8171,99,SFO-BOS,169,12,0,0,0,0,1,1,2025-12-12 12:16:00,2025-12-12 15:20:00,16,1
2025-05-06 08:10:00,2025-05-06 10:54:00,AA,ATL,SFO,1608,10.69,12.37,7.91,7.46,-1.1151,-0.6664,58,ATL-SFO,164,8,0,0,0,0,1,31,2025-05-06 08:41:00,2025-05-06 11:36:00,42,1
2025-04-25 03:10:00,2025-04-25 04:35:00,WN,ATL,LAX,620,13.23,11.76,0.36,0.45,0.6333,0.2579,96,ATL-LAX,85,3,0,1,0,0,0,17,2025-04-25 03:27:00,2025-04-25 04:44:00,9,0
2025-04-30 10:15:00,2025-04-30 16:42:00,UA,ATL,BOS,4394,8.08,7.02,0.0,1.33,-1.5684,-0.0043,97,ATL-BOS,387,10,0,0,0,0,0,13,2025-04-30 10:28:00,2025-04-30 17:01:00,19,1
2025-05-10 10:10:00,2025-05-10 16:20:00,AA,LAX,BOS,4188,13.47,16.45,7.66,5.91,-0.0311,-0.7323,63,LAX-BOS,370,10,0,0,0,0,0,8,2025-05-10 10:18:00,2025-05-10 16:24:00,4,0
2025-09-07 04:20:00,2025-09-07 10:11:00,DL,SFO,BOS,3956,14.43,18.45,14.88,14.17,0.0578,0.7871,78,SFO-BOS,351,4,1,1,1,1,1,48,2025-09-07 05:08:00,2025-09-07 11:27:00,76,1
2025-06-15 13:10:00,2025-06-15 15:55:00,WN,SFO,JFK,1623,14.26,14.03,0.0,0.0,-1.147,0.1565,5,SFO-JFK,165,13,1,0,0,0,1,33,2025-06-15 13:43:00,2025-06-15 16:29:00,34,1
2025-09-27 17:10:00,2025-09-27 23:44:00,AA,ATL,JFK,4486,6.66,7.8,0.0,0.0,-0.0811,0.9311,19,ATL-JFK,394,17,0,0,0,0,0,1,2025-09-27 17:11:00,2025-09-27 23:53:00,9,0
2025-06-01 06:30:00,2025-06-01 09:01:00,UA,JFK,LAX,1456,24.16,25.54,0.0,0.64,0.7677,-0.4494,7,JFK-LAX,151,6,1,0,0,0,0,-10,2025-06-01 06:20:00,2025-06-01 09:02:00,1,0
2025-04-23 23:45:00,2025-04-24 05:21:00,WN,ATL,LAX,3762,21.83,21.2,0.78,0.0,-0.5567,-0.6323,74,ATL-LAX,336,23,0,1,0,0,0,13,2025-04-23 23:58:00,2025-04-24 05:57:00,36,1
2025-03-11 14:10:00,2025-03-11 15:43:00,DL,BOS,LAX,724,12.8,7.47,3.8,3.73,0.2895,0.7443,69,BOS-LAX,93,14,0,0,0,0,0,-6,2025-03-11 14:04:00,2025-03-11 15:36:00,-7,0
2025-07-21 18:30:00,2025-07-21 21:13:00,B6,BOS,LAX,1603,4.14,5.62,0.0,1.49,0.5076,0.5018,47,BOS-LAX,163,18,0,0,0,0,0,1,2025-07-21 18:31:00,2025-07-21 21:09:00,-4,0
2025-11-24 01:40:00,2025-11-24 05:53:00,B6,LAX,ATL,2724,7.32,7.03,0.74,0.0,-1.0674,-0.5761,66,LAX-ATL,253,1,0,1,0,0,0,4,2025-11-24 01:44:00,2025-11-24 06:02:00,9,0
2025-11-10 18:40:00,2025-11-11 01:04:00,WN,SFO,JFK,4364,13.85,11.61,2.01,0.32,0.0413,-0.2974,89,SFO-JFK,384,18,0,0,0,0,1,54,2025-11-10 19:34:00,2025-11-11 02:05:00,61,1
2025-04-03 08:00:00,2025-04-03 10:28:00,WN,SFO,BOS,1415,3.29,1.66,0.0,0.91,-0.2109,-0.3635,17,SFO-BOS,148,8,0,0,0,0,0,2,2025-04-03 08:02:00,2025-04-03 10:26:00,-2,0
2025-06-24 17:40:00,2025-06-24 21:04:00,DL,ATL,JFK,2116,16.36,13.78,0.0,0.0,-0.0148,0.4101,71,ATL-JFK,204,17,0,0,0,0,0,15,2025-06-24 17:55:00,2025-06-24 21:26:00,22,1
2025-09-15 19:00:00,2025-09-16 00:42:00,B6,BOS,ATL,3839,5.56,3.56,13.49,12.11,-1.6041,-0.5693,88,BOS-ATL,342,19,0,0,1,0,0,28,2025-09-15 19:28:00,2025-09-16 01:24:00,42,1
2025-08-12 06:10:00,2025-08-12 09:48:00,UA,BOS,LAX,2283,9.57,13.06,2.41,3.17,-1.4074,-0.8461,74,BOS-LAX,218,6,0,0,0,0,0,11,2025-08-12 06:21:00,2025-08-12 09:51:00,3,0
2025-01-25 06:15:00,2025-01-25 11:03:00,AA,BOS,JFK,3167,15.54,12.65,10.61,11.67,1.2201,0.6364,71,BOS-JFK,288,6,0,0,0,0,0,-8,2025-01-25 06:07:00,2025-01-25 11:09:00,6,0
2025-08-04 01:45:00,2025-08-04 05:04:00,DL,BOS,SFO,2056,4.17,5.53,0.67,0.0,0.7563,-0.9769,72,BOS-SFO,199,1,0,1,0,0,1,23,2025-08-04 02:08:00,2025-08-04 05:32:00,28,1
2025-01-15 14:10:00,2025-01-15 15:10:00,WN,LAX,SFO,316,17.19,17.89,0.0,0.7,0.2201,0.2164,20,LAX-SFO,60,14,0,0,0,0,0,-7,2025-01-15 14:03:00,2025-01-15 14:58:00,-12,0
2025-02-12 18:45:00,2025-02-12 21:19:00,UA,LAX,BOS,1488,5.56,6.8,9.71,9.1,0.9016,-0.3829,21,LAX-BOS,154,18,0,0,0,0,0,2,2025-02-12 18:47:00,2025-02-12 21:13:00,-6,0
2025-08-27 09:50:00,2025-08-27 13:59:00,UA,SFO,LAX,2675,8.96,9.55,18.54,18.29,-1.3259,-0.1536,90,SFO-LAX,249,9,0,0,1,0,1,44,2025-08-27 10:34:00,2025-08-27 15:10:00,71,1
2025-02-07 03:50:00,2025-02-07 04:55:00,WN,LAX,ATL,381,2.2,0.68,10.22,7.98,-0.227,-0.8653,25,LAX-ATL,65,3,0,1,0,0,0,6,2025-02-07 03:56:00,2025-02-07 05:03:00,8,0
2025-05-04 07:15:00,2025-05-04 09:32:00,DL,BOS,JFK,1273,3.13,7.52,0.0,0.14,-0.321,-0.6689,73,BOS-JFK,137,7,1,0,0,0,0,22,2025-05-04 07:37:00,2025-05-04 10:01:00,29,1
2025-08-03 09:00:00,2025-08-03 15:19:00,DL,ATL,LAX,4303,3.84,2.87,0.0,0.76,-0.7702,0.0025,45,ATL-LAX,379,9,1,0,0,0,0,6,2025-08-03 09:06:00,2025-08-03 15:19:00,0,0
2025-08-28 21:10:00,2025-08-28 22:14:00,B6,BOS,SFO,364,18.45,15.0,0.0,0.0,-1.1337,-0.2333,90,BOS-SFO,64,21,0,1,0,0,0,3,2025-08-28 21:13:00,2025-08-28 22:14:00,0,0
2025-06-12 02:45:00,2025-06-12 05:07:00,UA,LAX,BOS,1339,6.88,9.07,0.0,0.0,1.3162,-0.0989,28,LAX-BOS,142,2,0,1,0,0,0,1,2025-06-12 02:46:00,2025-06-12 04:58:00,-9,0
2025-02-04 08:10:00,2025-02-04 12:37:00,WN,SFO,ATL,2901,18.16,19.48,0.0,1.89,-0.6294,-0.9896,89,SFO-ATL,267,8,0,0,0,0,1,31,2025-02-04 08:41:00,2025-02-04 13:19:00,42,1
2025-10-19 15:40:00,2025-10-19 19:48:00,WN,BOS,LAX,2664,2.51,1.11,0.0,1.28,0.4506,0.8561,88,BOS-LAX,248,15,1,0,0,0,0,0,2025-10-19 15:40:00,2025-10-19 19:48:00,0,0
2025-12-13 05:15:00,2025-12-13 07:23:00,UA,ATL,LAX,1160,14.56,12.61,0.66,1.33,0.3322,0.0398,0,ATL-LAX,128,5,0,0,0,0,0,13,2025-12-13 05:28:00,2025-12-13 07:37:00,14,0
2025-11-21 21:45:00,2025-11-21 23:04:00,UA,ATL,BOS,550,2.03,1.03,0.12,0.35,1.0454,-0.1297,64,ATL-BOS,79,21,0,1,0,0,0,13,2025-11-21 21:58:00,2025-11-21 23:11:00,7,0
2025-10-01 21:30:00,2025-10-02 03:31:00,B6,ATL,SFO,4078,5.8,2.81,0.01,0.71,0.7342,0.7356,53,ATL-SFO,361,21,0,1,0,0,1,32,2025-10-01 22:02:00,2025-10-02 04:00:00,29,1
2025-05-27 09:30:00,2025-05-27 13:34:00,UA,LAX,SFO,2613,9.62,6.06,0.31,0.0,-0.3075,-0.8748,46,LAX-SFO,244,9,0,0,0,0,0,8,2025-05-27 09:38:00,2025-05-27 13:26:00,-8,0
2025-11-16 17:45:00,2025-11-16 21:57:00,WN,JFK,SFO,2708,5.61,7.52,0.0,0.0,-1.2651,-0.1067,10,JFK-SFO,252,17,1,0,0,0,1,18,2025-11-16 18:03:00,2025-11-16 22:09:00,12,0
2025-06-28 18:50:00,2025-06-28 20:08:00,DL,LAX,BOS,542,10.15,11.41,12.24,10.61,0.8923,0.1525,66,LAX-BOS,78,18,0,0,1,0,0,10,2025-06-28 19:00:00,2025-06-28 20:32:00,24,1
2025-02-19 16:15:00,2025-02-19 18:24:00,UA,ATL,LAX,1178,6.02,7.57,0.3,0.0,1.2219,-0.4451,34,ATL-LAX,129,16,0,0,0,0,0,7,2025-02-19 16:22:00,2025-02-19 18:18:00,-6,0
2025-11-07 04:30:00,2025-11-07 05:53:00,UA,JFK,LAX,606,7.94,6.69,0.0,0.93,2.4632,-0.4808,53,JFK-LAX,83,4,0,1,0,0,0,2,2025-11-07 04:32:00,2025-11-07 05:53:00,0,0
2025-04-27 01:40:00,2025-04-27 08:08:00,AA,ATL,BOS,4412,4.54,2.32,0.42,0.0,0.978,-0.6769,29,ATL-BOS,388,1,1,1,0,1,0,47,2025-04-27 02:27:00,2025-04-27 09:29:00,81,1
2025-12-09 08:45:00,2025-12-09 14:03:00,B6,BOS,SFO,3532,14.36,15.85,33.69,34.14,-0.6388,0.412,84,BOS-SFO,318,8,0,0,1,0,0,24,2025-12-09 09:09:00,2025-12-09 14:47:00,44,1
2025-05-15 03:20:00,2025-05-15 07:23:00,WN,LAX,SFO,2595,8.23,9.94,0.18,0.0,-0.509,0.337,51,LAX-SFO,243,3,0,1,0,0,0,12,2025-05-15 03:32:00,2025-05-15 07:29:00,6,0
2025-11-14 07:15:00,2025-11-14 12:03:00,AA,BOS,ATL,3159,10.07,14.27,5.55,4.68,-2.0764,-0.1814,45,BOS-ATL,288,7,0,0,0,0,0,7,2025-11-14 07:22:00,2025-11-14 11:56:00,-7,0
2025-07-16 15:45:00,2025-07-16 17:40:00,UA,LAX,ATL,994,10.37,9.47,0.09,0.77,-0.8117,-0.7998,84,LAX-ATL,115,15,0,0,0,0,0,-8,2025-07-16 15:37:00,2025-07-16 17:35:00,-5,0
2025-06-20 14:50:00,2025-06-20 21:21:00,B6,BOS,JFK,4450,15.42,19.47,0.0,1.33,-1.2689,-0.6291,9,BOS-JFK,391,14,0,0,0,0,0,13,2025-06-20 15:03:00,2025-06-20 21:42:00,21,1
2025-04-19 05:30:00,2025-04-19 09:23:00,UA,JFK,LAX,2472,5.87,7.46,0.09,0.29,0.5881,-0.193,14,JFK-LAX,233,5,0,0,0,0,0,-4,2025-04-19 05:26:00,2025-04-19 09:31:00,8,0
2025-11-02 00:00:00,2025-11-02 03:53:00,DL,JFK,BOS,2469,9.34,10.76,0.01,1.94,0.9575,-0.5036,19,JFK-BOS,233,0,1,1,0,1,0,12,2025-11-02 00:12:00,2025-11-02 04:16:00,23,1
2025-01-23 05:15:00,2025-01-23 11:36:00,AA,BOS,ATL,4329,43.81,46.36,0.0,0.0,2.2582,0.4732,46,BOS-ATL,381,5,0,0,0,0,0,-5,2025-01-23 05:10:00,2025-01-23 11:36:00,0,0
2025-06-21 10:20:00,2025-06-21 11:51:00,UA,ATL,LAX,702,2.38,3.14,0.0,1.32,3.0874,-0.8414,11,ATL-LAX,91,10,0,0,0,0,0,6,2025-06-21 10:26:00,2025-06-21 12:01:00,10,0
2025-05-15 18:40:00,2025-05-15 22:01:00,B6,JFK,ATL,2081,21.05,16.93,3.64,4.27,0.2488,-0.2186,85,JFK-ATL,201,18,0,0,0,0,0,5,2025-05-15 18:45:00,2025-05-15 22:01:00,0,0
2025-07-18 08:40:00,2025-07-18 10:09:00,DL,SFO,ATL,670,35.61,36.53,0.66,0.0,-0.5828,0.7752,66,SFO-ATL,89,8,0,0,0,0,0,-6,2025-07-18 08:34:00,2025-07-18 09:56:00,-13,0
2025-04-03 06:45:00,2025-04-03 10:07:00,B6,LAX,SFO,2086,14.49,16.97,0.67,1.41,-0.391,-0.3238,46,LAX-SFO,202,6,0,0,0,0,1,10,2025-04-03 06:55:00,2025-04-03 10:33:00,26,1
2025-08-31 13:00:00,2025-08-31 15:29:00,UA,LAX,BOS,1422,1.65,0.0,9.21,8.09,-0.6923,0.5229,34,LAX-BOS,149,13,1,0,0,0,0,8,2025-08-31 13:08:00,2025-08-31 15:41:00,12,0
2025-05-21 01:20:00,2025-05-21 04:54:00,WN,SFO,BOS,2236,4.17,4.56,1.1,0.0,2.3437,-0.399,26,SFO-BOS,214,1,0,1,0,0,0,0,2025-05-21 01:20:00,2025-05-21 04:48:00,-6,0
2025-03-10 05:40:00,2025-03-10 10:35:00,B6,ATL,BOS,3248,12.87,9.22,3.7,4.45,-2.7702,0.2915,98,ATL-BOS,295,5,0,0,0,0,0,-9,2025-03-10 05:31:00,2025-03-10 10:24:00,-11,0
2025-03-13 00:50:00,2025-03-13 03:23:00,WN,LAX,JFK,1476,9.52,9.46,0.0,0.0,1.6202,0.116,56,LAX-JFK,153,0,0,1,0,0,0,4,2025-03-13 00:54:00,2025-03-13 03:18:00,-5,0
2025-09-12 12:10:00,2025-09-12 13:26:00,WN,BOS,JFK,515,27.23,25.59,0.14,0.0,-0.9333,0.044,43,BOS-JFK,76,12,0,0,0,0,0,-6,2025-09-12 12:04:00,2025-09-12 13:26:00,0,0
2025-04-06 10:50:00,2025-04-06 12:43:00,AA,LAX,JFK,979,27.06,27.26,0.0,0.66,-0.3912,-0.7046,1,LAX-JFK,113,10,1,0,0,0,0,10,2025-04-06 11:00:00,2025-04-06 12:43:00,0,0
2025-04-23 13:00:00,2025-04-23 17:59:00,WN,SFO,JFK,3306,10.23,9.35,1.08,1.15,-2.5802,-0.8976,22,SFO-JFK,299,13,0,0,0,0,1,43,2025-04-23 13:43:00,2025-04-23 18:57:00,58,1
2025-08-17 14:10:00,2025-08-17 18:23:00,UA,SFO,LAX,2731,8.26,11.82,0.0,0.0,1.055,-0.7336,45,SFO-LAX,253,14,1,0,0,0,0,9,2025-08-17 14:19:00,2025-08-17 18:09:00,-14,0
2025-05-01 09:45:00,2025-05-01 16:13:00,DL,JFK,LAX,4410,6.82,8.46,0.0,0.0,0.7931,0.5093,45,JFK-LAX,388,9,0,0,0,0,0,-2,2025-05-01 09:43:00,2025-05-01 16:11:00,-2,0
2025-05-22 20:45:00,2025-05-23 02:44:00,WN,SFO,JFK,4055,10.84,12.9,0.61,0.96,-1.0934,0.9958,52,SFO-JFK,359,20,0,1,0,0,1,11,2025-05-22 20:56:00,2025-05-23 02:42:00,-2,0
2025-03-31 22:50:00,2025-04-01 00:43:00,B6,LAX,JFK,976,6.49,6.53,0.0,1.57,1.1075,-0.4807,10,LAX-JFK,113,22,0,1,0,0,0,4,2025-03-31 22:54:00,2025-04-01 00:43:00,0,0
2025-05-07 02:30:00,2025-05-07 07:36:00,WN,ATL,JFK,3390,7.92,8.2,0.0,0.0,0.915,-0.4709,22,ATL-JFK,306,2,0,1,0,0,0,14,2025-05-07 02:44:00,2025-05-07 07:47:00,11,0
2025-09-10 22:30:00,2025-09-10 23:59:00,B6,BOS,JFK,679,4.32,4.13,0.56,0.08,-0.5302,-0.2315,39,BOS-JFK,89,22,0,1,0,0,0,7,2025-09-10 22:37:00,2025-09-10 23:53:00,-6,0
2025-07-14 04:30:00,2025-07-14 06:01:00,UA,SFO,ATL,703,9.5,9.23,5.37,5.09,-2.0524,-0.279,25,SFO-ATL,91,4,0,1,0,0,0,6,2025-07-14 04:36:00,2025-07-14 05:50:00,-11,0
2025-12-31 05:30:00,2025-12-31 10:55:00,B6,SFO,JFK,3631,18.88,21.15,1.91,2.08,-0.2191,0.2755,12,SFO-JFK,325,5,1,0,0,0,1,45,2025-12-31 06:15:00,2025-12-31 12:16:00,81,1
2025-10-09 12:30:00,2025-10-09 15:44:00,DL,SFO,ATL,1983,2.56,2.4,0.0,1.77,1.0417,-0.1051,10,SFO-ATL,194,12,0,0,0,0,1,36,2025-10-09 13:06:00,2025-10-09 16:42:00,58,1
2025-01-07 00:15:00,2025-01-07 06:49:00,AA,BOS,SFO,4490,10.68,4.19,1.35,0.38,-0.915,0.25,87,BOS-SFO,394,0,0,1,0,0,1,2,2025-01-07 00:17:00,2025-01-07 06:49:00,0,0
2025-05-19 08:45:00,2025-05-19 09:46:00,WN,BOS,LAX,322,23.96,23.76,2.25,1.29,1.0813,-0.8053,89,BOS-LAX,61,8,0,0,0,0,0,-1,2025-05-19 08:44:00,2025-05-19 09:52:00,6,0
2025-04-16 04:15:00,2025-04-16 08:03:00,DL,SFO,BOS,2410,26.6,26.53,0.18,0.0,-0.8606,0.4836,83,SFO-BOS,228,4,0,1,0,0,1,18,2025-04-16 04:33:00,2025-04-16 08:26:00,23,1
2025-08-03 11:30:00,2025-08-03 14:12:00,AA,ATL,LAX,1593,4.36,6.02,0.14,1.0,-0.0906,0.5418,4,ATL-LAX,162,11,1,0,0,0,0,-6,2025-08-03 11:24:00,2025-08-03 14:10:00,-2,0
2025-04-07 19:40:00,2025-04-08 02:10:00,UA,SFO,BOS,4438,2.18,4.75,10.32,9.58,-0.7365,0.9,70,SFO-BOS,390,19,0,0,0,0,1,27,2025-04-07 20:07:00,2025-04-08 02:44:00,34,1
2025-12-19 22:30:00,2025-12-20 03:14:00,AA,LAX,ATL,3111,0.0,0.0,7.09,5.02,0.1565,0.3095,89,LAX-ATL,284,22,0,1,0,0,0,24,2025-12-19 22:54:00,2025-12-20 03:39:00,25,1
2025-04-20 05:30:00,2025-04-20 10:48:00,UA,LAX,JFK,3541,18.55,24.92,0.0,0.3,0.8212,0.1518,12,LAX-JFK,318,5,1,0,0,0,0,37,2025-04-20 06:07:00,2025-04-20 11:22:00,34,1
2025-07-10 13:00:00,2025-07-10 15:36:00,UA,JFK,SFO,1518,19.89,22.26,7.23,7.69,1.6307,0.1626,95,JFK-SFO,156,13,0,0,0,0,1,9,2025-07-10 13:09:00,2025-07-10 15:52:00,16,1
2025-02-14 11:15:00,2025-02-14 17:14:00,DL,SFO,LAX,4056,10.22,11.6,11.74,11.35,0.2084,-0.8165,70,SFO-LAX,359,11,0,0,0,0,0,2,2025-02-14 11:17:00,2025-02-14 17:04:00,-10,0
2025-11-29 09:20:00,2025-11-29 15:01:00,UA,LAX,JFK,3830,38.44,38.83,0.63,0.0,-1.5587,-0.3409,57,LAX-JFK,341,9,0,0,0,0,0,6,2025-11-29 09:26:00,2025-11-29 15:13:00,12,0
2025-11-29 15:20:00,2025-11-29 20:42:00,UA,ATL,SFO,3592,8.27,11.42,1.19,1.37,0.6321,0.781,14,ATL-SFO,322,15,0,0,0,0,1,32,2025-11-29 15:52:00,2025-11-29 21:23:00,41,1
2025-10-17 23:50:00,2025-10-18 03:29:00,DL,JFK,ATL,2305,20.89,21.11,0.5,1.59,-0.2978,0.7683,89,JFK-ATL,219,23,0,1,0,0,0,0,2025-10-17 23:50:00,2025-10-18 03:14:00,-15,0
2025-05-09 09:50:00,2025-05-09 15:59:00,AA,SFO,LAX,4172,4.97,8.2,13.18,13.86,-0.3193,0.9091,96,SFO-LAX,369,9,0,0,1,0,0,11,2025-05-09 10:01:00,2025-05-09 16:19:00,20,1
2025-01-22 01:40:00,2025-01-22 06:24:00,WN,ATL,BOS,3110,7.94,9.0,0.12,0.0,0.1058,0.3427,52,ATL-BOS,284,1,0,1,0,0,0,14,2025-01-22 01:54:00,2025-01-22 06:21:00,-3,0
2025-09-17 21:15:00,2025-09-17 22:36:00,AA,LAX,BOS,575,12.87,12.01,0.0,0.0,0.5592,-0.5534,54,LAX-BOS,81,21,0,1,0,0,0,6,2025-09-17 21:21:00,2025-09-17 22:33:00,-3,0
2025-06-06 22:00:00,2025-06-07 03:56:00,B6,BOS,LAX,4012,4.53,6.6,0.68,0.0,-0.4136,0.6616,3,BOS-LAX,356,22,0,1,0,0,0,4,2025-06-06 22:04:00,2025-06-07 04:16:00,20,1
2025-12-28 07:45:00,2025-12-28 08:51:00,B6,JFK,LAX,387,17.7,16.41,1.09,0.0,0.581,0.1576,8,JFK-LAX,66,7,1,0,0,0,0,-3,2025-12-28 07:42:00,2025-12-28 08:49:00,-2,0
2025-09-12 12:50:00,2025-09-12 17:38:00,AA,SFO,JFK,3167,8.1,10.77,0.57,0.0,0.4047,-0.8077,24,SFO-JFK,288,12,0,0,0,0,1,14,2025-09-12 13:04:00,2025-09-12 17:56:00,18,1
2025-07-16 20:20:00,2025-07-16 22:43:00,DL,JFK,LAX,1349,0.0,0.21,0.0,0.0,0.5817,-0.8826,7,JFK-LAX,143,20,0,1,0,0,0,10,2025-07-16 20:30:00,2025-07-16 22:55:00,12,0
2025-12-27 12:45:00,2025-12-27 18:45:00,UA,ATL,JFK,4068,21.44,19.54,1.25,2.13,0.8798,0.247,97,ATL-JFK,360,12,0,0,0,0,0,-9,2025-12-27 12:36:00,2025-12-27 18:50:00,5,0
2025-10-20 11:50:00,2025-10-20 16:54:00,UA,ATL,LAX,3365,6.02,0.36,8.12,7.72,-2.2063,0.3174,41,ATL-LAX,304,11,0,0,0,0,0,-1,2025-10-20 11:49:00,2025-10-20 16:46:00,-8,0
2025-06-17 22:30:00,2025-06-18 04:00:00,B6,LAX,JFK,3693,4.74,5.82,0.0,0.09,-0.3928,-0.3823,81,LAX-JFK,330,22,0,1,0,0,0,16,2025-06-17 22:46:00,2025-06-18 04:08:00,8,0
2025-01-07 19:10:00,2025-01-08 00:04:00,AA,SFO,BOS,3239,10.81,9.26,0.0,0.0,-0.1527,0.8722,33,SFO-BOS,294,19,0,0,0,0,0,6,2025-01-07 19:16:00,2025-01-08 00:03:00,-1,0
2025-02-03 12:00:00,2025-02-03 16:09:00,B6,BOS,SFO,2681,11.6,15.32,0.15,0.0,-0.2491,-0.6469,98,BOS-SFO,249,12,0,0,0,0,1,26,2025-02-03 12:26:00,2025-02-03 16:40:00,31,1
2025-06-11 03:45:00,2025-06-11 09:34:00,WN,SFO,BOS,3927,11.43,10.44,0.52,0.0,-0.8662,-0.6907,56,SFO-BOS,349,3,0,1,0,0,1,1,2025-06-11 03:46:00,2025-06-11 09:58:00,24,1
2025-07-25 10:30:00,2025-07-25 13:09:00,UA,JFK,LAX,1548,25.76,26.33,0.0,0.2,-0.6525,-0.2611,42,JFK-LAX,159,10,0,0,0,0,0,-10,2025-07-25 10:20:00,2025-07-25 13:11:00,2,0
2025-01-12 16:10:00,2025-01-12 20:07:00,DL,ATL,SFO,2519,12.49,11.89,6.89,7.17,0.5212,-0.0033,2,ATL-SFO,237,16,1,0,0,0,1,26,2025-01-12 16:36:00,2025-01-12 20:49:00,42,1
2025-02-16 06:00:00,2025-02-16 08:39:00,WN,JFK,ATL,1552,1.91,3.93,3.87,2.55,0.4608,-0.0681,22,JFK-ATL,159,6,1,0,0,0,0,-6,2025-02-16 05:54:00,2025-02-16 08:29:00,-10,0
2025-09-15 12:50:00,2025-09-15 14:27:00,AA,SFO,ATL,777,2.77,3.04,0.0,1.43,0.0325,0.3834,27,SFO-ATL,97,12,0,0,0,0,0,-2,2025-09-15 12:48:00,2025-09-15 14:29:00,2,0
2025-10-02 15:15:00,2025-10-02 21:08:00,AA,BOS,JFK,3976,3.27,1.89,0.0,0.83,-1.004,-0.6022,26,BOS-JFK,353,15,0,0,0,0,0,0,2025-10-02 15:15:00,2025-10-02 21:14:00,6,0
2025-01-11 02:15:00,2025-01-11 06:01:00,B6,SFO,LAX,2387,2.59,0.0,11.1,11.21,0.8596,0.0382,29,SFO-LAX,226,2,0,1,0,0,0,1,2025-01-11 02:16:00,2025-01-11 05:58:00,-3,0
2025-07-05 13:40:00,2025-07-05 14:57:00,B6,LAX,ATL,526,6.88,6.11,20.15,19.9,0.7874,0.0047,82,LAX-ATL,77,13,0,0,1,0,0,20,2025-07-05 14:00:00,2025-07-05 15:33:00,36,1
2025-01-30 17:15:00,2025-01-30 22:51:00,UA,BOS,JFK,3765,20.68,20.04,1.95,0.0,1.1124,0.81,70,BOS-JFK,336,17,0,0,0,0,0,11,2025-01-30 17:26:00,2025-01-30 22:51:00,0,0
2025-09-22 05:50:00,2025-09-22 12:05:00,B6,LAX,ATL,4254,10.45,10.93,0.04,0.26,-0.7816,0.6104,20,LAX-ATL,375,5,0,0,0,0,0,-9,2025-09-22 05:41:00,2025-09-22 12:18:00,13,0
2025-11-01 13:40:00,2025-11-01 18:21:00,DL,JFK,ATL,3079,13.66,10.97,0.83,0.17,3.627,0.759,49,JFK-ATL,281,13,0,0,0,0,0,3,2025-11-01 13:43:00,2025-11-01 18:18:00,-3,0
2025-11-14 17:15:00,2025-11-14 20:04:00,DL,ATL,SFO,1673,16.7,16.06,0.0,0.67,0.2201,0.7507,60,ATL-SFO,169,17,0,0,0,0,1,40,2025-11-14 17:55:00,2025-11-14 21:08:00,64,1
2025-08-07 01:15:00,2025-08-07 07:03:00,AA,SFO,LAX,3909,19.91,21.25,0.0,1.48,-0.7574,-0.7989,82,SFO-LAX,348,1,0,1,0,0,1,22,2025-08-07 01:37:00,2025-08-07 07:33:00,30,1
2025-08-18 15:45:00,2025-08-18 20:52:00,DL,BOS,SFO,3403,4.29,7.89,10.24,8.96,2.379,0.0088,89,BOS-SFO,307,15,0,0,0,0,1,38,2025-08-18 16:23:00,2025-08-18 21:47:00,55,1
2025-12-05 06:30:00,2025-12-05 09:05:00,DL,JFK,SFO,1496,18.47,17.71,0.0,0.53,0.7476,0.7418,37,JFK-SFO,155,6,0,0,0,0,0,-6,2025-12-05 06:24:00,2025-12-05 08:58:00,-7,0
2025-08-12 09:50:00,2025-08-12 12:40:00,AA,LAX,ATL,1686,17.54,18.34,0.66,1.46,0.2028,0.6503,81,LAX-ATL,170,9,0,0,0,0,0,-1,2025-08-12 09:49:00,2025-08-12 12:34:00,-6,0
2025-06-12 15:15:00,2025-06-12 21:46:00,B6,ATL,SFO,4448,4.66,6.14,0.15,0.0,0.3235,0.831,20,ATL-SFO,391,15,0,0,0,0,0,13,2025-06-12 15:28:00,2025-06-12 22:00:00,14,0
2025-10-03 00:00:00,2025-10-03 06:19:00,UA,LAX,BOS,4303,6.44,4.45,5.24,3.48,1.2824,-0.9153,42,LAX-BOS,379,0,0,1,0,0,0,-5,2025-10-02 23:55:00,2025-10-03 06:18:00,-1,0
2025-08-04 00:50:00,2025-08-04 05:36:00,B6,BOS,ATL,3141,8.67,7.15,0.0,0.67,0.2522,-0.16,30,BOS-ATL,286,0,0,1,0,0,0,8,2025-08-04 00:58:00,2025-08-04 05:42:00,6,0
2025-11-04 10:10:00,2025-11-04 11:21:00,DL,JFK,ATL,453,23.72,23.33,0.0,0.0,-1.7247,-0.7683,38,JFK-ATL,71,10,0,0,0,0,0,7,2025-11-04 10:17:00,2025-11-04 11:19:00,-2,0
2025-07-11 22:45:00,2025-07-12 01:01:00,B6,JFK,BOS,1264,22.85,19.94,2.95,2.61,-0.018,-0.755,17,JFK-BOS,136,22,0,1,0,0,0,-10,2025-07-11 22:35:00,2025-07-12 00:57:00,-4,0
2025-11-14 00:40:00,2025-11-14 03:38:00,UA,LAX,BOS,1783,7.1,8.83,1.65,1.5,0.8996,0.1172,59,LAX-BOS,178,0,0,1,0,0,0,-2,2025-11-14 00:38:00,2025-11-14 03:45:00,7,0
2025-01-17 18:10:00,2025-01-17 22:09:00,DL,ATL,BOS,2550,17.8,18.25,9.35,7.41,-0.0478,0.9716,84,ATL-BOS,239,18,0,0,0,0,0,0,2025-01-17 18:10:00,2025-01-17 22:34:00,25,1
2025-01-14 01:45:00,2025-01-14 07:35:00,UA,ATL,JFK,3943,17.42,13.83,1.52,0.3,-0.9851,0.5122,43,ATL-JFK,350,1,0,1,0,0,0,17,2025-01-14 02:02:00,2025-01-14 07:47:00,12,0
2025-02-06 11:00:00,2025-02-06 16:44:00,DL,JFK,BOS,3862,15.32,13.91,0.0,0.0,-0.0364,0.0751,30,JFK-BOS,344,11,0,0,0,0,0,-5,2025-02-06 10:55:00,2025-02-06 16:32:00,-12,0
2025-07-23 10:20:00,2025-07-23 12:51:00,B6,ATL,SFO,1451,22.63,23.82,0.5,0.41,0.8643,0.6723,27,ATL-SFO,151,10,0,0,0,0,0,30,2025-07-23 10:50:00,2025-07-23 13:17:00,26,1
2025-09-16 11:15:00,2025-09-16 12:50:00,DL,BOS,LAX,756,11.78,12.08,0.0,1.83,1.276,0.2625,50,BOS-LAX,95,11,0,0,0,0,0,11,2025-09-16 11:26:00,2025-09-16 13:11:00,21,1
2025-03-20 01:40:00,2025-03-20 04:12:00,B6,LAX,BOS,1457,9.57,10.6,0.02,0.0,-1.1092,-0.8292,11,LAX-BOS,152,1,0,1,0,0,0,14,2025-03-20 01:54:00,2025-03-20 04:10:00,-2,0
2025-02-26 18:30:00,2025-02-26 20:48:00,WN,SFO,JFK,1288,0.0,0.0,10.21,6.55,-1.1774,0.2537,22,SFO-JFK,138,18,0,0,0,0,0,-1,2025-02-26 18:29:00,2025-02-26 20:45:00,-3,0
2025-11-11 06:30:00,2025-11-11 12:31:00,UA,LAX,JFK,4074,17.26,15.31,0.0,0.36,-0.0589,-0.8452,31,LAX-JFK,361,6,0,0,0,0,0,-8,2025-11-11 06:22:00,2025-11-11 12:24:00,-7,0
2025-10-01 18:20:00,2025-10-01 19:24:00,UA,BOS,SFO,359,5.96,6.54,0.0,0.0,-0.6929,-0.2543,59,BOS-SFO,64,18,0,0,0,0,0,0,2025-10-01 18:20:00,2025-10-01 19:20:00,-4,0
2025-08-25 15:40:00,2025-08-25 21:18:00,WN,SFO,LAX,3788,5.1,4.0,0.58,0.0,-0.5782,-0.2652,14,SFO-LAX,338,15,0,0,0,0,1,38,2025-08-25 16:18:00,2025-08-25 22:22:00,64,1
2025-06-28 13:10:00,2025-06-28 17:50:00,AA,JFK,SFO,3058,10.46,11.43,11.85,12.14,-0.2687,0.9723,90,JFK-SFO,280,13,0,0,0,0,1,22,2025-06-28 13:32:00,2025-06-28 18:27:00,37,1
2025-06-03 07:40:00,2025-06-03 09:15:00,UA,ATL,BOS,744,5.39,6.25,1.33,0.56,0.7661,-0.7451,6,ATL-BOS,95,7,0,0,0,0,0,7,2025-06-03 07:47:00,2025-06-03 09:15:00,0,0
2025-01-08 15:00:00,2025-01-08 19:49:00,WN,LAX,SFO,3177,11.43,14.34,0.0,0.57,-0.8438,0.6949,78,LAX-SFO,289,15,0,0,0,0,1,23,2025-01-08 15:23:00,2025-01-08 20:17:00,28,1
2025-03-10 23:00:00,2025-03-11 03:14:00,WN,JFK,SFO,2736,13.78,9.09,0.05,0.0,-1.1662,-0.3928,89,JFK-SFO,254,23,0,1,0,0,1,19,2025-03-10 23:19:00,2025-03-11 03:41:00,27,1
2025-11-24 22:40:00,2025-11-24 23:40:00,B6,BOS,LAX,315,9.72,10.53,3.33,3.55,-0.7391,-0.039,96,BOS-LAX,60,22,0,1,0,0,0,4,2025-11-24 22:44:00,2025-11-24 23:50:00,10,0
2025-05-04 21:10:00,2025-05-04 23:24:00,WN,LAX,SFO,1238,7.79,10.42,0.0,0.0,-1.5129,0.7738,65,LAX-SFO,134,21,1,1,0,1,0,31,2025-05-04 21:41:00,2025-05-05 00:15:00,51,1
2025-09-15 05:45:00,2025-09-15 08:41:00,UA,LAX,JFK,1761,15.74,17.37,0.85,1.43,0.0526,-0.1593,84,LAX-JFK,176,5,0,0,0,0,0,26,2025-09-15 06:11:00,2025-09-15 09:15:00,34,1
2025-09-14 14:10:00,2025-09-14 16:21:00,B6,BOS,JFK,1203,12.1,13.25,0.0,0.0,0.1091,0.3531,96,BOS-JFK,131,14,1,0,0,0,0,13,2025-09-14 14:23:00,2025-09-14 16:22:00,1,0
2025-04-23 09:10:00,2025-04-23 13:23:00,AA,ATL,LAX,2731,12.54,10.0,0.0,0.58,1.01,0.7677,29,ATL-LAX,253,9,0,0,0,0,0,8,2025-04-23 09:18:00,2025-04-23 13:18:00,-5,0
2025-03-16 23:50:00,2025-03-17 04:16:00,AA,JFK,LAX,2884,4.96,4.21,0.0,0.0,-1.0586,-0.6023,74,JFK-LAX,266,23,1,1,0,1,0,30,2025-03-17 00:20:00,2025-03-17 05:18:00,62,1
2025-09-10 22:10:00,2025-09-11 00:06:00,AA,ATL,BOS,1012,9.4,9.35,6.57,7.7,0.1228,-0.3393,9,ATL-BOS,116,22,0,1,0,0,0,7,2025-09-10 22:17:00,2025-09-10 23:55:00,-11,0
2025-02-04 20:50:00,2025-02-04 22:31:00,WN,LAX,BOS,820,4.13,2.77,0.0,0.0,0.335,0.2153,73,LAX-BOS,101,20,0,1,0,0,0,-4,2025-02-04 20:46:00,2025-02-04 22:30:00,-1,0
2025-06-30 03:15:00,2025-06-30 07:54:00,DL,JFK,BOS,3052,9.35,10.48,3.76,2.31,-1.548,-0.2538,72,JFK-BOS,279,3,0,1,0,0,0,-1,2025-06-30 03:14:00,2025-06-30 07:39:00,-15,0
2025-11-21 07:45:00,2025-11-21 11:22:00,DL,BOS,JFK,2273,4.42,5.64,0.0,1.05,0.2191,-0.1155,47,BOS-JFK,217,7,0,0,0,0,0,7,2025-11-21 07:52:00,2025-11-21 11:10:00,-12,0
2025-09-17 17:50:00,2025-09-17 20:18:00,AA,JFK,ATL,1413,9.93,5.61,12.88,12.77,0.2563,0.4293,14,JFK-ATL,148,17,0,0,1,0,0,10,2025-09-17 18:00:00,2025-09-17 20:32:00,14,0
2025-10-06 17:00:00,2025-10-06 19:25:00,WN,BOS,LAX,1374,10.17,8.27,0.0,0.38,-0.128,0.7357,61,BOS-LAX,145,17,0,0,0,0,0,6,2025-10-06 17:06:00,2025-10-06 19:25:00,0,0
2025-01-31 08:15:00,2025-01-31 09:27:00,UA,BOS,ATL,464,8.97,8.49,0.0,0.0,-1.2813,-0.2461,9,BOS-ATL,72,8,0,0,0,0,0,5,2025-01-31 08:20:00,2025-01-31 09:37:00,10,0
2025-03-14 03:30:00,2025-03-14 09:16:00,B6,BOS,SFO,3886,15.88,16.51,1.22,0.0,-0.0761,-0.4677,9,BOS-SFO,346,3,0,1,0,0,0,-10,2025-03-14 03:20:00,2025-03-14 09:16:00,0,0
2025-04-11 03:45:00,2025-04-11 09:27:00,WN,LAX,SFO,3835,14.53,16.53,0.0,0.6,-1.9562,0.4639,56,LAX-SFO,342,3,0,1,0,0,1,19,2025-04-11 04:04:00,2025-04-11 10:02:00,35,1
2025-04-17 16:10:00,2025-04-17 20:15:00,UA,SFO,BOS,2628,2.19,4.33,0.9,0.37,0.3252,0.194,66,SFO-BOS,245,16,0,0,0,0,1,28,2025-04-17 16:38:00,2025-04-17 21:18:00,63,1
2025-03-12 10:10:00,2025-03-12 13:06:00,AA,LAX,BOS,1767,8.34,5.98,1.65,2.56,0.7416,0.4859,39,LAX-BOS,176,10,0,0,0,0,0,16,2025-03-12 10:26:00,2025-03-12 13:26:00,20,1
2025-12-21 11:15:00,2025-12-21 13:26:00,B6,BOS,LAX,1203,10.52,8.18,0.0,0.22,-0.219,0.8801,64,BOS-LAX,131,11,1,0,0,0,0,3,2025-12-21 11:18:00,2025-12-21 13:36:00,10,0
2025-03-02 19:10:00,2025-03-02 21:52:00,DL,SFO,ATL,1591,9.07,5.19,0.0,0.0,1.2794,-0.5412,65,SFO-ATL,162,19,1,0,0,0,1,37,2025-03-02 19:47:00,2025-03-02 22:52:00,60,1
2025-09-16 00:15:00,2025-09-16 06:25:00,B6,ATL,LAX,4191,9.84,11.65,0.0,0.0,-0.6971,0.5168,48,ATL-LAX,370,0,0,1,0,0,0,7,2025-09-16 00:22:00,2025-09-16 06:38:00,13,0
2025-08-03 18:10:00,2025-08-03 19:39:00,AA,BOS,JFK,673,2.71,7.86,12.37,11.31,-0.728,-0.4563,59,BOS-JFK,89,18,1,0,1,0,0,24,2025-08-03 18:34:00,2025-08-03 20:06:00,27,1
2025-08-11 06:45:00,2025-08-11 12:20:00,WN,ATL,BOS,3756,8.84,12.61,0.27,0.0,-0.2785,-0.5085,65,ATL-BOS,335,6,0,0,0,0,0,3,2025-08-11 06:48:00,2025-08-11 12:15:00,-5,0
2025-03-20 22:45:00,2025-03-21 01:26:00,WN,SFO,JFK,1578,2.53,7.8,0.54,0.1,2.2636,0.4401,65,SFO-JFK,161,22,0,1,0,0,0,-10,2025-03-20 22:35:00,2025-03-21 01:26:00,0,0
2025-04-23 22:10:00,2025-04-24 00:38:00,AA,ATL,LAX,1414,7.99,8.19,0.97,0.0,-0.2842,-0.427,80,ATL-LAX,148,22,0,1,0,0,0,6,2025-04-23 22:16:00,2025-04-24 01:13:00,35,1
2025-08-10 12:30:00,2025-08-10 18:01:00,WN,JFK,ATL,3701,12.67,15.95,26.43,28.48,2.1433,-0.9744,62,JFK-ATL,331,12,1,0,1,0,0,38,2025-08-10 13:08:00,2025-08-10 18:48:00,47,1
2025-04-20 07:40:00,2025-04-20 14:02:00,AA,ATL,LAX,4336,14.5,16.4,7.97,7.54,-0.0385,-0.1562,41,ATL-LAX,382,7,1,0,0,0,0,2,2025-04-20 07:42:00,2025-04-20 14:01:00,-1,0
2025-09-11 05:40:00,2025-09-11 12:12:00,UA,BOS,JFK,4464,8.41,7.94,0.0,0.86,-0.8072,-0.2763,20,BOS-JFK,392,5,0,0,0,0,0,-1,2025-09-11 05:39:00,2025-09-11 12:12:00,0,0
2025-01-15 04:50:00,2025-01-15 07:19:00,B6,LAX,BOS,1424,33.18,28.72,0.25,0.0,1.9529,-0.9519,32,LAX-BOS,149,4,0,1,0,0,0,2,2025-01-15 04:52:00,2025-01-15 07:21:00,2,0
2025-01-27 23:40:00,2025-01-28 03:58:00,DL,SFO,JFK,2782,12.14,12.45,0.0,0.91,0.1847,-0.3011,46,SFO-JFK,258,23,0,1,0,0,1,19,2025-01-27 23:59:00,2025-01-28 04:25:00,27,1
2025-09-23 04:40:00,2025-09-23 07:17:00,WN,ATL,SFO,1529,17.38,13.44,14.14,15.7,-0.2941,-0.2775,29,ATL-SFO,157,4,0,1,1,0,0,17,2025-09-23 04:57:00,2025-09-23 07:43:00,26,1
2025-08-14 10:00:00,2025-08-14 12:04:00,AA,ATL,SFO,1112,21.57,20.07,0.0,1.6,0.861,0.0637,0,ATL-SFO,124,10,0,0,0,0,0,5,2025-08-14 10:05:00,2025-08-14 12:01:00,-3,0
2025-01-16 11:00:00,2025-01-16 14:09:00,UA,BOS,ATL,1921,6.94,4.56,0.15,0.0,1.2473,-0.0154,87,BOS-ATL,189,11,0,0,0,0,0,-8,2025-01-16 10:52:00,2025-01-16 14:04:00,-5,0
2025-11-25 16:30:00,2025-11-25 17:50:00,UA,SFO,JFK,562,13.87,14.64,0.0,0.3,-0.5813,-0.672,70,SFO-JFK,80,16,0,0,0,0,0,0,2025-11-25 16:30:00,2025-11-25 17:54:00,4,0
2025-01-02 20:50:00,2025-01-02 22:44:00,AA,ATL,BOS,992,13.42,13.52,3.89,3.29,0.9018,0.3938,96,ATL-BOS,114,20,0,1,0,0,0,7,2025-01-02 20:57:00,2025-01-02 22:55:00,11,0
2025-12-15 13:20:00,2025-12-15 17:39:00,B6,ATL,JFK,2801,15.22,14.62,14.69,17.62,-0.2266,0.8268,88,ATL-JFK,259,13,0,0,1,0,0,19,2025-12-15 13:39:00,2025-12-15 18:07:00,28,1
2025-09-24 18:40:00,2025-09-24 23:30:00,AA,JFK,ATL,3185,17.27,17.37,0.0,0.0,-0.9811,0.5893,80,JFK-ATL,290,18,0,0,0,0,0,-1,2025-09-24 18:39:00,2025-09-24 23:28:00,-2,0
2025-12-27 13:10:00,2025-12-27 15:40:00,AA,BOS,JFK,1435,5.81,1.49,15.33,17.86,-0.7074,-0.6827,95,BOS-JFK,150,13,0,0,1,0,0,20,2025-12-27 13:30:00,2025-12-27 16:12:00,32,1
2025-12-13 10:20:00,2025-12-13 14:26:00,WN,ATL,SFO,2640,31.14,31.89,0.0,0.16,-1.172,0.1053,69,ATL-SFO,246,10,0,0,0,0,1,26,2025-12-13 10:46:00,2025-12-13 15:00:00,34,1
2025-04-25 03:45:00,2025-04-25 09:01:00,B6,JFK,LAX,3510,9.84,10.16,14.75,15.05,0.0871,-0.6228,97,JFK-LAX,316,3,0,1,1,0,0,12,2025-04-25 03:57:00,2025-04-25 09:09:00,8,0
2025-10-04 05:40:00,2025-10-04 11:39:00,DL,LAX,JFK,4056,7.86,6.8,0.79,0.0,0.0907,-0.2021,84,LAX-JFK,359,5,0,0,0,0,0,15,2025-10-04 05:55:00,2025-10-04 11:59:00,20,1
2025-03-18 10:00:00,2025-03-18 14:10:00,WN,ATL,SFO,2687,2.07,3.07,0.0,0.92,1.1422,0.7539,55,ATL-SFO,250,10,0,0,0,0,1,11,2025-03-18 10:11:00,2025-03-18 14:41:00,31,1
2025-06-22 01:50:00,2025-06-22 04:10:00,DL,LAX,SFO,1311,17.86,18.59,0.29,0.28,0.8684,-0.7661,76,LAX-SFO,140,1,1,1,0,1,0,47,2025-06-22 02:37:00,2025-06-22 05:27:00,77,1
2025-03-29 07:50:00,2025-03-29 12:48:00,WN,ATL,LAX,3293,17.03,16.32,7.23,8.78,-0.4039,0.8818,53,ATL-LAX,298,7,0,0,0,0,0,-10,2025-03-29 07:40:00,2025-03-29 12:45:00,-3,0
2025-06-27 11:20:00,2025-06-27 13:16:00,B6,LAX,JFK,1014,9.39,8.09,0.0,0.31,-0.193,-0.3257,30,LAX-JFK,116,11,0,0,0,0,0,4,2025-06-27 11:24:00,2025-06-27 13:12:00,-4,0
2025-11-15 11:15:00,2025-11-15 13:01:00,UA,BOS,LAX,884,2.3,1.02,16.64,15.29,-0.649,0.2382,12,BOS-LAX,106,11,0,0,1,0,0,49,2025-11-15 12:04:00,2025-11-15 14:19:00,78,1
2025-06-09 19:30:00,2025-06-09 22:29:00,DL,BOS,LAX,1806,8.94,11.34,0.8,0.52,0.1097,-0.0125,26,BOS-LAX,179,19,0,0,0,0,0,14,2025-06-09 19:44:00,2025-06-09 22:39:00,10,0
2025-02-03 23:45:00,2025-02-04 02:34:00,DL,ATL,SFO,1681,0.0,3.81,15.46,14.73,-0.2208,0.1069,79,ATL-SFO,169,23,0,1,1,0,1,37,2025-02-04 00:22:00,2025-02-04 03:28:00,54,1
2025-04-29 17:20:00,2025-04-29 19:08:00,UA,SFO,BOS,913,21.51,21.08,1.22,0.0,0.0496,0.2541,87,SFO-BOS,108,17,0,0,0,0,0,30,2025-04-29 17:50:00,2025-04-29 19:50:00,42,1
2025-10-15 01:00:00,2025-10-15 02:17:00,AA,JFK,SFO,519,8.07,9.17,3.35,3.03,1.4622,-0.8223,99,JFK-SFO,77,1,0,1,0,0,0,-9,2025-10-15 00:51:00,2025-10-15 02:10:00,-7,0
2025-07-10 09:00:00,2025-07-10 15:17:00,AA,LAX,BOS,4273,6.64,4.47,0.0,0.0,1.5138,-0.5996,85,LAX-BOS,377,9,0,0,0,0,0,-7,2025-07-10 08:53:00,2025-07-10 15:07:00,-10,0
2025-07-24 17:45:00,2025-07-24 22:32:00,WN,BOS,ATL,3144,12.67,11.06,0.01,0.0,-0.6244,0.5063,10,BOS-ATL,287,17,0,0,0,0,0,2,2025-07-24 17:47:00,2025-07-24 22:38:00,6,0
2025-06-07 14:45:00,2025-06-07 19:45:00,UA,ATL,SFO,3313,11.77,13.58,10.41,10.18,0.7768,0.5004,28,ATL-SFO,300,14,0,0,0,0,1,33,2025-06-07 15:18:00,2025-06-07 20:41:00,56,1
2025-04-17 10:45:00,2025-04-17 12:06:00,UA,ATL,SFO,578,10.57,13.5,1.06,0.0,0.6534,0.1104,63,ATL-SFO,81,10,0,0,0,0,0,-1,2025-04-17 10:44:00,2025-04-17 12:07:00,1,0
2025-08-07 10:10:00,2025-08-07 15:37:00,WN,JFK,LAX,3644,4.31,4.99,0.0,0.0,-0.5493,0.8919,27,JFK-LAX,327,10,0,0,0,0,0,5,2025-08-07 10:15:00,2025-08-07 15:55:00,18,1
2025-08-20 09:10:00,2025-08-20 12:11:00,UA,BOS,LAX,1830,18.14,19.06,0.0,0.92,1.412,-0.9122,24,BOS-LAX,181,9,0,0,0,0,0,4,2025-08-20 09:14:00,2025-08-20 12:09:00,-2,0
2025-11-24 13:20:00,2025-11-24 18:30:00,DL,LAX,BOS,3441,9.04,8.69,0.0,0.0,-1.4786,0.8047,96,LAX-BOS,310,13,0,0,0,0,0,-1,2025-11-24 13:19:00,2025-11-24 18:29:00,-1,0
2025-08-14 04:10:00,2025-08-14 07:54:00,AA,LAX,BOS,2359,0.01,1.98,7.91,5.4,1.0756,-0.1334,80,LAX-BOS,224,4,0,1,0,0,0,18,2025-08-14 04:28:00,2025-08-14 08:11:00,17,1
2025-12-30 12:20:00,2025-12-30 14:41:00,UA,BOS,SFO,1319,9.4,7.83,5.64,5.41,-0.1169,0.8247,57,BOS-SFO,141,12,0,0,0,0,0,-10,2025-12-30 12:10:00,2025-12-30 14:39:00,-2,0
2025-10-29 04:30:00,2025-10-29 06:57:00,UA,JFK,SFO,1401,9.32,11.38,0.0,0.48,-1.0713,-0.0677,10,JFK-SFO,147,4,0,1,0,0,0,10,2025-10-29 04:40:00,2025-10-29 06:56:00,-1,0
2025-01-29 16:15:00,2025-01-29 18:01:00,UA,BOS,JFK,890,10.25,7.09,19.58,18.74,-0.184,0.5404,75,BOS-JFK,106,16,0,0,1,0,0,20,2025-01-29 16:35:00,2025-01-29 18:33:00,32,1
2025-05-24 20:00:00,2025-05-25 01:38:00,AA,LAX,BOS,3784,11.4,12.55,0.0,0.0,1.878,0.968,57,LAX-BOS,338,20,0,1,0,0,0,-6,2025-05-24 19:54:00,2025-05-25 01:37:00,-1,0
2025-05-21 12:20:00,2025-05-21 15:43:00,B6,LAX,ATL,2103,27.58,26.18,1.15,1.63,2.5108,0.7482,4,LAX-ATL,203,12,0,0,0,0,0,-2,2025-05-21 12:18:00,2025-05-21 15:31:00,-12,0
2025-01-02 09:40:00,2025-01-02 15:01:00,B6,LAX,ATL,3576,9.74,11.2,0.93,0.62,-0.7787,-0.8214,72,LAX-ATL,321,9,0,0,0,0,0,-2,2025-01-02 09:38:00,2025-01-02 15:07:00,6,0
2025-03-07 22:30:00,2025-03-08 04:07:00,DL,ATL,JFK,3781,11.31,11.68,0.0,0.0,-0.039,0.5696,50,ATL-JFK,337,22,0,1,0,0,0,18,2025-03-07 22:48:00,2025-03-08 04:38:00,31,1
2025-10-06 15:15:00,2025-10-06 17:10:00,AA,BOS,JFK,1001,5.47,6.54,0.1,0.55,-0.186,-0.0737,61,BOS-JFK,115,15,0,0,0,0,0,12,2025-10-06 15:27:00,2025-10-06 17:17:00,7,0
2025-05-09 10:15:00,2025-05-09 13:05:00,B6,SFO,LAX,1688,5.35,11.99,0.0,0.0,-0.0191,-0.4218,40,SFO-LAX,170,10,0,0,0,0,0,-2,2025-05-09 10:13:00,2025-05-09 12:57:00,-8,0
2025-02-23 00:30:00,2025-02-23 02:11:00,WN,BOS,SFO,821,13.71,13.7,16.22,18.62,1.625,0.4243,52,BOS-SFO,101,0,1,1,1,1,0,68,2025-02-23 01:38:00,2025-02-23 03:55:00,104,1
2025-04-15 00:10:00,2025-04-15 01:12:00,UA,ATL,BOS,340,13.94,15.74,0.23,0.0,-0.3909,-0.1321,26,ATL-BOS,62,0,0,1,0,0,0,4,2025-04-15 00:14:00,2025-04-15 01:22:00,10,0
2025-04-11 05:45:00,2025-04-11 12:15:00,AA,ATL,BOS,4443,21.06,21.33,19.92,19.29,-0.7819,0.1759,33,ATL-BOS,390,5,0,0,1,0,0,37,2025-04-11 06:22:00,2025-04-11 13:15:00,60,1
2025-03-05 05:45:00,2025-03-05 10:26:00,AA,ATL,SFO,3072,0.0,2.53,6.43,5.87,-0.4446,0.5647,31,ATL-SFO,281,5,0,0,0,0,1,28,2025-03-05 06:13:00,2025-03-05 11:14:00,48,1
2025-02-06 17:00:00,2025-02-06 20:31:00,DL,LAX,ATL,2197,16.19,15.35,30.27,30.06,-0.1873,0.6452,18,LAX-ATL,211,17,0,0,1,0,0,20,2025-02-06 17:20:00,2025-02-06 21:15:00,44,1
2025-10-06 12:50:00,2025-10-06 14:56:00,AA,ATL,JFK,1140,15.19,15.38,0.15,0.41,0.77,-0.0657,85,ATL-JFK,126,12,0,0,0,0,0,34,2025-10-06 13:24:00,2025-10-06 15:29:00,33,1
2025-10-28 23:00:00,2025-10-29 03:17:00,AA,JFK,ATL,2781,2.8,2.59,0.0,0.85,0.1257,-0.1191,29,JFK-ATL,257,23,0,1,0,0,0,2,2025-10-28 23:02:00,2025-10-29 03:16:00,-1,0
2025-07-01 12:20:00,2025-07-01 16:21:00,B6,BOS,JFK,2579,19.29,23.75,18.41,17.79,0.6654,-0.1738,1,BOS-JFK,241,12,0,0,1,0,0,47,2025-07-01 13:07:00,2025-07-01 17:14:00,53,1
2025-08-13 21:40:00,2025-08-13 23:54:00,WN,ATL,LAX,1236,0.93,2.07,0.0,0.0,1.0586,0.3535,43,ATL-LAX,134,21,0,1,0,0,0,6,2025-08-13 21:46:00,2025-08-13 23:56:00,2,0
2025-12-02 13:15:00,2025-12-02 14:19:00,AA,SFO,BOS,362,15.75,19.5,11.24,11.71,-0.2813,0.8953,69,SFO-BOS,64,13,0,0,0,0,0,-10,2025-12-02 13:05:00,2025-12-02 14:10:00,-9,0
2025-11-04 08:10:00,2025-11-04 11:47:00,WN,LAX,JFK,2269,1.26,0.0,0.12,0.44,-0.0699,-0.464,72,LAX-JFK,217,8,0,0,0,0,0,10,2025-11-04 08:20:00,2025-11-04 11:59:00,12,0
2025-01-12 17:00:00,2025-01-12 20:50:00,WN,SFO,JFK,2437,4.64,5.03,12.25,11.58,0.491,-0.4284,51,SFO-JFK,230,17,1,0,1,0,1,73,2025-01-12 18:13:00,2025-01-12 22:42:00,112,1
2025-12-14 10:40:00,2025-12-14 16:07:00,AA,SFO,BOS,3652,12.82,15.05,0.71,0.0,-0.6163,0.2958,1,SFO-BOS,327,10,1,0,0,0,0,-2,2025-12-14 10:38:00,2025-12-14 16:01:00,-6,0
2025-01-25 06:00:00,2025-01-25 09:11:00,B6,SFO,JFK,1953,14.95,15.87,21.08,18.7,0.0443,-0.1041,37,SFO-JFK,191,6,0,0,1,0,1,67,2025-01-25 07:07:00,2025-01-25 10:58:00,107,1
2025-01-10 11:20:00,2025-01-10 12:52:00,AA,LAX,ATL,707,8.24,7.85,1.02,0.0,1.0586,-0.9056,66,LAX-ATL,92,11,0,0,0,0,0,9,2025-01-10 11:29:00,2025-01-10 12:51:00,-1,0
2025-05-28 15:20:00,2025-05-28 21:15:00,B6,JFK,ATL,3997,22.79,24.01,0.38,0.0,0.1222,-0.8551,89,JFK-ATL,355,15,0,0,0,0,0,8,2025-05-28 15:28:00,2025-05-28 21:40:00,25,1
2025-09-30 09:50:00,2025-09-30 13:08:00,DL,LAX,BOS,2037,12.44,13.38,0.0,0.31,1.2754,0.2091,64,LAX-BOS,198,9,0,0,0,0,0,-2,2025-09-30 09:48:00,2025-09-30 13:05:00,-3,0
2025-01-30 16:50:00,2025-01-30 21:51:00,UA,JFK,BOS,3331,17.36,21.67,17.44,15.77,-0.911,-0.2444,75,JFK-BOS,301,16,0,0,1,0,0,22,2025-01-30 17:12:00,2025-01-30 22:19:00,28,1
2025-04-17 23:45:00,2025-04-18 00:58:00,UA,ATL,SFO,481,11.57,7.93,0.0,0.0,0.3381,0.2486,89,ATL-SFO,73,23,0,1,0,0,0,1,2025-04-17 23:46:00,2025-04-18 01:06:00,8,0
2025-04-06 09:40:00,2025-04-06 10:51:00,DL,BOS,JFK,451,3.64,3.84,0.55,0.0,0.578,0.5056,60,BOS-JFK,71,9,1,0,0,0,0,1,2025-04-06 09:41:00,2025-04-06 10:45:00,-6,0
2025-05-26 07:30:00,2025-05-26 08:37:00,B6,JFK,SFO,397,5.09,2.93,7.08,7.05,0.3167,-0.3169,52,JFK-SFO,67,7,1,0,0,0,0,8,2025-05-26 07:38:00,2025-05-26 08:37:00,0,0
2025-12-26 09:15:00,2025-12-26 14:39:00,AA,ATL,SFO,3615,7.38,6.27,0.63,2.38,-0.2879,0.1633,41,ATL-SFO,324,9,0,0,0,0,1,44,2025-12-26 09:59:00,2025-12-26 15:40:00,61,1
2025-05-01 20:10:00,2025-05-01 22:30:00,WN,SFO,ATL,1311,4.41,2.43,0.03,1.19,-1.4589,-0.155,35,SFO-ATL,140,20,0,1,0,0,0,-8,2025-05-01 20:02:00,2025-05-01 22:39:00,9,0
2025-03-18 04:50:00,2025-03-18 10:15:00,DL,SFO,JFK,3623,3.72,5.69,18.96,19.27,1.1183,0.8455,91,SFO-JFK,325,4,0,1,1,0,0,22,2025-03-18 05:12:00,2025-03-18 10:57:00,42,1
2025-02-14 23:20:00,2025-02-15 05:36:00,B6,JFK,SFO,4268,4.0,1.11,0.0,0.0,-1.4109,0.9301,12,JFK-SFO,376,23,0,1,0,0,0,-6,2025-02-14 23:14:00,2025-02-15 05:33:00,-3,0
2025-03-14 09:20:00,2025-03-14 14:02:00,UA,JFK,ATL,3086,8.49,6.65,0.0,0.0,-1.3359,0.3514,93,JFK-ATL,282,9,0,0,0,0,0,16,2025-03-14 09:36:00,2025-03-14 14:19:00,17,1
2025-02-18 20:10:00,2025-02-19 02:40:00,B6,SFO,JFK,4440,1.18,0.56,0.31,0.0,0.5813,-0.2369,65,SFO-JFK,390,20,0,1,0,0,0,-4,2025-02-18 20:06:00,2025-02-19 02:27:00,-13,0
2025-07-29 18:15:00,2025-07-30 00:26:00,UA,JFK,BOS,4203,7.37,8.4,0.0,0.0,-0.3692,0.8982,73,JFK-BOS,371,18,0,0,0,0,0,2,2025-07-29 18:17:00,2025-07-30 00:28:00,2,0
2025-06-03 18:40:00,2025-06-03 23:42:00,WN,LAX,SFO,3335,3.08,1.72,5.61,7.9,0.1437,-0.329,66,LAX-SFO,302,18,0,0,0,0,0,-1,2025-06-03 18:39:00,2025-06-03 23:46:00,4,0
2025-07-01 21:20:00,2025-07-02 02:49:00,WN,JFK,LAX,3673,3.65,7.39,16.56,17.22,-1.283,0.059,42,JFK-LAX,329,21,0,1,1,0,0,19,2025-07-01 21:39:00,2025-07-02 03:20:00,31,1
2025-10-31 04:30:00,2025-10-31 08:52:00,DL,BOS,LAX,2834,14.42,12.72,12.32,12.05,0.2915,0.8807,79,BOS-LAX,262,4,0,1,1,0,0,46,2025-10-31 05:16:00,2025-10-31 09:43:00,51,1
2025-07-31 14:10:00,2025-07-31 16:23:00,WN,LAX,BOS,1219,5.37,5.41,1.05,0.0,0.8362,0.2168,98,LAX-BOS,133,14,0,0,0,0,0,21,2025-07-31 14:31:00,2025-07-31 16:30:00,7,0
2025-02-26 02:00:00,2025-02-26 03:33:00,DL,ATL,BOS,731,10.93,10.78,7.75,7.96,-1.5612,-0.198,32,ATL-BOS,93,2,0,1,0,0,0,12,2025-02-26 02:12:00,2025-02-26 03:49:00,16,1
2025-05-18 07:50:00,2025-05-18 10:57:00,AA,BOS,LAX,1902,11.57,11.49,0.0,0.0,0.2522,-0.9358,4,BOS-LAX,187,7,1,0,0,0,0,-7,2025-05-18 07:43:00,2025-05-18 10:45:00,-12,0
2025-04-25 00:20:00,2025-04-25 03:59:00,WN,LAX,BOS,2295,6.44,5.54,0.74,0.0,0.9023,0.5807,40,LAX-BOS,219,0,0,1,0,0,0,2,2025-04-25 00:22:00,2025-04-25 03:55:00,-4,0
2025-10-29 16:15:00,2025-10-29 19:12:00,DL,LAX,SFO,1769,0.5,0.0,6.47,6.69,-1.3339,-0.8269,84,LAX-SFO,177,16,0,0,0,0,1,16,2025-10-29 16:31:00,2025-10-29 19:20:00,8,0
2025-04-23 14:15:00,2025-04-23 15:48:00,WN,SFO,ATL,728,18.09,20.45,0.52,0.0,0.1448,-0.8197,11,SFO-ATL,93,14,0,0,0,0,0,2,2025-04-23 14:17:00,2025-04-23 15:44:00,-4,0
2025-02-20 17:40:00,2025-02-20 21:29:00,WN,LAX,BOS,2420,6.13,6.72,0.0,0.29,0.0514,-0.5454,29,LAX-BOS,229,17,0,0,0,0,0,3,2025-02-20 17:43:00,2025-02-20 21:52:00,23,1
2025-09-26 04:30:00,2025-09-26 08:17:00,WN,ATL,JFK,2394,25.39,25.9,0.0,0.62,0.3567,0.2611,81,ATL-JFK,227,4,0,1,0,0,0,-1,2025-09-26 04:29:00,2025-09-26 08:18:00,1,0
2025-06-06 07:20:00,2025-06-06 13:39:00,B6,SFO,ATL,4305,16.58,17.02,0.58,0.0,-0.2725,0.7866,48,SFO-ATL,379,7,0,0,0,0,1,4,2025-06-06 07:24:00,2025-06-06 14:00:00,21,1
2025-02-04 16:50:00,2025-02-04 23:10:00,WN,JFK,BOS,4308,15.56,18.13,6.85,6.48,-1.4566,-0.9834,53,JFK-BOS,380,16,0,0,0,0,0,9,2025-02-04 16:59:00,2025-02-04 23:34:00,24,1
2025-09-09 19:50:00,2025-09-10 00:16:00,B6,ATL,JFK,2885,6.17,5.09,0.0,0.09,-0.3972,0.356,8,ATL-JFK,266,19,0,0,0,0,0,-1,2025-09-09 19:49:00,2025-09-10 00:14:00,-2,0
2025-03-18 21:10:00,2025-03-19 02:55:00,B6,JFK,ATL,3871,15.5,15.3,0.0,1.24,-0.5557,0.0432,81,JFK-ATL,345,21,0,1,0,0,0,-6,2025-03-18 21:04:00,2025-03-19 02:41:00,-14,0
2025-11-13 01:40:00,2025-11-13 04:24:00,B6,ATL,LAX,1614,20.93,18.67,0.0,0.84,-0.0678,0.2422,46,ATL-LAX,164,1,0,1,0,0,0,4,2025-11-13 01:44:00,2025-11-13 04:25:00,1,0
2025-10-31 09:50:00,2025-10-31 16:15:00,AA,JFK,SFO,4371,10.49,9.3,0.0,0.0,1.2051,0.3802,54,JFK-SFO,385,9,0,0,0,0,1,19,2025-10-31 10:09:00,2025-10-31 16:34:00,19,1
2025-05-15 00:20:00,2025-05-15 06:35:00,WN,JFK,SFO,4254,14.5,8.97,10.79,10.81,-1.4864,0.3181,22,JFK-SFO,375,0,0,1,0,0,1,11,2025-05-15 00:31:00,2025-05-15 07:05:00,30,1
2025-07-22 19:00:00,2025-07-22 20:41:00,B6,ATL,LAX,826,12.17,13.45,0.22,0.15,0.9607,0.6611,1,ATL-LAX,101,19,0,0,0,0,0,9,2025-07-22 19:09:00,2025-07-22 20:44:00,3,0
2025-07-27 02:10:00,2025-07-27 07:04:00,B6,SFO,LAX,3241,19.08,22.46,2.13,2.18,1.7682,-0.7819,31,SFO-LAX,294,2,1,1,0,1,1,65,2025-07-27 03:15:00,2025-07-27 08:35:00,91,1
2025-08-27 19:40:00,2025-08-27 23:13:00,DL,JFK,ATL,2222,12.99,13.87,14.13,14.27,1.707,-0.5532,17,JFK-ATL,213,19,0,0,1,0,0,19,2025-08-27 19:59:00,2025-08-27 23:41:00,28,1
2025-01-26 03:50:00,2025-01-26 06:18:00,B6,SFO,LAX,1417,14.63,14.82,9.33,8.59,1.7906,0.6891,56,SFO-LAX,148,3,1,1,0,1,0,19,2025-01-26 04:09:00,2025-01-26 06:44:00,26,1
2025-04-29 00:10:00,2025-04-29 03:27:00,B6,JFK,SFO,2030,8.28,10.75,1.1,0.0,0.1926,-0.8577,30,JFK-SFO,197,0,0,1,0,0,0,8,2025-04-29 00:18:00,2025-04-29 03:33:00,6,0
2025-03-04 21:30:00,2025-03-05 03:34:00,WN,JFK,LAX,4107,26.07,27.01,0.76,0.0,0.0722,0.9611,97,JFK-LAX,364,21,0,1,0,0,0,9,2025-03-04 21:39:00,2025-03-05 03:36:00,2,0
2025-09-12 10:20:00,2025-09-12 16:29:00,DL,SFO,BOS,4181,10.2,11.83,0.0,0.0,-1.8082,-0.0906,27,SFO-BOS,369,10,0,0,0,0,1,62,2025-09-12 11:22:00,2025-09-12 18:22:00,113,1
2025-01-26 10:15:00,2025-01-26 13:10:00,WN,BOS,SFO,1745,14.68,9.92,0.27,2.76,-0.2174,-0.2931,22,BOS-SFO,175,10,1,0,0,0,0,6,2025-01-26 10:21:00,2025-01-26 13:09:00,-1,0
2025-07-08 15:40:00,2025-07-08 19:14:00,AA,SFO,JFK,2239,22.72,22.69,0.67,0.0,1.1326,-0.1127,29,SFO-JFK,214,15,0,0,0,0,1,39,2025-07-08 16:19:00,2025-07-08 20:02:00,48,1
2025-09-23 06:50:00,2025-09-23 10:42:00,DL,ATL,LAX,2468,4.64,10.53,0.0,0.66,-1.4211,-0.4296,34,ATL-LAX,232,6,0,0,0,0,0,2,2025-09-23 06:52:00,2025-09-23 10:39:00,-3,0
2025-12-13 16:10:00,2025-12-13 21:15:00,UA,SFO,LAX,3380,27.72,28.63,0.0,0.0,-0.86,0.6515,75,SFO-LAX,305,16,0,0,0,0,1,24,2025-12-13 16:34:00,2025-12-13 21:42:00,27,1
2025-04-16 10:00:00,2025-04-16 13:40:00,B6,LAX,SFO,2312,5.42,2.18,8.76,8.97,0.1096,0.2322,23,LAX-SFO,220,10,0,0,0,0,1,11,2025-04-16 10:11:00,2025-04-16 14:18:00,38,1
2025-01-03 06:15:00,2025-01-03 09:27:00,UA,JFK,ATL,1962,5.69,3.35,0.34,0.0,-1.6541,-0.4239,76,JFK-ATL,192,6,0,0,0,0,0,6,2025-01-03 06:21:00,2025-01-03 09:21:00,-6,0
2025-09-22 09:15:00,2025-09-22 15:24:00,WN,BOS,SFO,4179,14.47,10.9,0.26,0.0,1.8234,0.5598,50,BOS-SFO,369,9,0,0,0,0,1,25,2025-09-22 09:40:00,2025-09-22 16:15:00,51,1
2025-01-01 00:40:00,2025-01-01 03:44:00,UA,JFK,LAX,1865,5.41,5.14,14.36,15.23,0.5837,0.4172,83,JFK-LAX,184,0,1,1,1,1,0,32,2025-01-01 01:12:00,2025-01-01 04:22:00,38,1
2025-01-25 07:30:00,2025-01-25 09:58:00,B6,JFK,SFO,1415,25.51,23.24,0.45,0.0,0.3432,0.1743,26,JFK-SFO,148,7,0,0,0,0,0,14,2025-01-25 07:44:00,2025-01-25 09:56:00,-2,0
2025-12-28 14:00:00,2025-12-28 16:49:00,B6,SFO,JFK,1673,33.59,36.55,2.7,4.63,0.8091,-0.1129,44,SFO-JFK,169,14,1,0,0,0,1,33,2025-12-28 14:33:00,2025-12-28 17:21:00,32,1
2025-11-11 03:15:00,2025-11-11 06:06:00,DL,SFO,ATL,1699,7.54,6.19,15.12,15.06,-0.3388,0.6953,19,SFO-ATL,171,3,0,1,1,0,0,52,2025-11-11 04:07:00,2025-11-11 07:09:00,63,1
2025-09-16 02:40:00,2025-09-16 06:45:00,UA,JFK,LAX,2631,5.25,5.09,0.0,0.0,0.28,-0.585,42,JFK-LAX,245,2,0,1,0,0,0,-2,2025-09-16 02:38:00,2025-09-16 06:43:00,-2,0
2025-11-01 15:20:00,2025-11-01 20:01:00,DL,BOS,ATL,3072,5.36,6.42,0.0,0.0,-0.977,0.8129,65,BOS-ATL,281,15,0,0,0,0,0,16,2025-11-01 15:36:00,2025-11-01 20:13:00,12,0
2025-01-28 10:30:00,2025-01-28 12:14:00,WN,BOS,LAX,864,3.24,0.49,0.39,1.6,-2.3166,0.193,55,BOS-LAX,104,10,0,0,0,0,0,14,2025-01-28 10:44:00,2025-01-28 12:38:00,24,1
2025-02-02 03:15:00,2025-02-02 09:12:00,AA,BOS,SFO,4023,7.4,6.21,0.0,0.0,-0.0325,0.8897,17,BOS-SFO,357,3,1,1,0,1,0,26,2025-02-02 03:41:00,2025-02-02 09:37:00,25,1
2025-04-20 17:15:00,2025-04-20 19:39:00,DL,ATL,SFO,1364,19.36,23.05,0.75,0.0,1.5821,0.871,67,ATL-SFO,144,17,1,0,0,0,0,10,2025-04-20 17:25:00,2025-04-20 19:49:00,10,0
2025-01-09 18:10:00,2025-01-09 19:48:00,B6,ATL,BOS,782,14.22,15.45,0.0,0.98,1.6746,-0.8328,56,ATL-BOS,98,18,0,0,0,0,0,-2,2025-01-09 18:08:00,2025-01-09 20:10:00,22,1
2025-11-21 00:00:00,2025-11-21 04:43:00,WN,LAX,SFO,3106,10.13,9.44,0.14,0.47,-0.1887,-0.331,54,LAX-SFO,283,0,0,1,0,0,1,21,2025-11-21 00:21:00,2025-11-21 05:07:00,24,1
2025-01-21 04:00:00,2025-01-21 06:09:00,B6,BOS,SFO,1181,13.39,12.05,2.76,4.25,-0.2766,0.3105,5,BOS-SFO,129,4,0,1,0,0,0,-10,2025-01-21 03:50:00,2025-01-21 06:10:00,1,0
2025-07-18 08:30:00,2025-07-18 13:41:00,WN,JFK,SFO,3450,2.4,2.67,0.31,1.17,-1.5555,-0.7421,38,JFK-SFO,311,8,0,0,0,0,1,48,2025-07-18 09:18:00,2025-07-18 14:34:00,53,1
2025-11-08 17:10:00,2025-11-08 23:27:00,WN,LAX,JFK,4281,12.95,8.69,15.85,16.45,1.0622,0.0939,71,LAX-JFK,377,17,0,0,1,0,0,19,2025-11-08 17:29:00,2025-11-08 23:47:00,20,1
2025-09-26 01:30:00,2025-09-26 06:22:00,UA,LAX,ATL,3208,10.54,14.62,0.09,1.3,0.4231,-0.3172,39,LAX-ATL,292,1,0,1,0,0,0,-1,2025-09-26 01:29:00,2025-09-26 06:15:00,-7,0
2025-03-27 19:50:00,2025-03-28 01:10:00,UA,BOS,JFK,3564,9.01,8.62,8.44,7.03,-0.1891,0.9989,0,BOS-JFK,320,19,0,0,0,0,0,44,2025-03-27 20:34:00,2025-03-28 01:59:00,49,1
2025-06-21 07:40:00,2025-06-21 11:25:00,UA,LAX,SFO,2378,7.22,7.49,0.0,0.77,-1.9724,-0.5992,27,LAX-SFO,225,7,0,0,0,0,1,28,2025-06-21 08:08:00,2025-06-21 12:05:00,40,1
2025-07-20 03:30:00,2025-07-20 06:25:00,AA,ATL,LAX,1753,4.81,6.74,0.16,0.0,-1.8027,-0.7787,67,ATL-LAX,175,3,1,1,0,1,0,57,2025-07-20 04:27:00,2025-07-20 08:02:00,97,1
2025-10-08 20:00:00,2025-10-09 00:25:00,DL,JFK,BOS,2875,15.93,12.64,0.0,0.6,0.1295,-0.0889,21,JFK-BOS,265,20,0,1,0,0,0,6,2025-10-08 20:06:00,2025-10-09 00:32:00,7,0
2025-06-05 02:20:00,2025-06-05 05:19:00,B6,ATL,BOS,1802,17.09,16.67,20.92,22.71,-1.5426,-0.5122,14,ATL-BOS,179,2,0,1,1,0,0,30,2025-06-05 02:50:00,2025-06-05 05:46:00,27,1
2025-04-15 03:50:00,2025-04-15 09:43:00,WN,JFK,LAX,3980,0.0,1.1,1.02,0.0,0.5382,0.6178,74,JFK-LAX,353,3,0,1,0,0,0,3,2025-04-15 03:53:00,2025-04-15 09:42:00,-1,0
2025-10-18 22:20:00,2025-10-19 01:57:00,DL,ATL,JFK,2272,1.46,0.0,0.21,0.92,0.5869,-0.9652,70,ATL-JFK,217,22,0,1,0,0,0,-10,2025-10-18 22:10:00,2025-10-19 01:42:00,-15,0
2025-11-20 12:45:00,2025-11-20 16:32:00,AA,SFO,JFK,2395,35.22,33.91,0.0,0.84,-1.3146,0.3046,59,SFO-JFK,227,12,0,0,0,0,1,44,2025-11-20 13:29:00,2025-11-20 17:37:00,65,1
2025-06-28 11:40:00,2025-06-28 16:25:00,DL,LAX,SFO,3129,12.91,10.62,0.0,0.66,0.0483,-0.1849,8,LAX-SFO,285,11,0,0,0,0,1,42,2025-06-28 12:22:00,2025-06-28 17:24:00,59,1
2025-01-11 16:15:00,2025-01-11 18:18:00,WN,BOS,ATL,1095,11.06,10.94,5.22,3.6,-0.9389,0.8632,32,BOS-ATL,123,16,0,0,0,0,0,1,2025-01-11 16:16:00,2025-01-11 18:16:00,-2,0
2025-07-02 15:10:00,2025-07-02 19:17:00,B6,LAX,BOS,2656,8.13,4.17,0.0,0.0,0.9414,0.8273,31,LAX-BOS,247,15,0,0,0,0,0,-10,2025-07-02 15:00:00,2025-07-02 19:13:00,-4,0
2025-11-21 14:00:00,2025-11-21 19:12:00,DL,BOS,SFO,3466,7.59,6.22,8.79,8.15,3.2908,0.6013,39,BOS-SFO,312,14,0,0,0,0,1,32,2025-11-21 14:32:00,2025-11-21 20:09:00,57,1
2025-12-28 00:15:00,2025-12-28 05:35:00,DL,JFK,SFO,3559,6.83,4.3,5.63,6.71,-0.1189,-0.1408,71,JFK-SFO,320,0,1,1,0,1,1,69,2025-12-28 01:24:00,2025-12-28 07:16:00,101,1
2025-05-27 13:15:00,2025-05-27 15:30:00,UA,ATL,BOS,1244,21.56,20.77,4.94,4.26,1.4777,-0.1473,91,ATL-BOS,135,13,0,0,0,0,0,11,2025-05-27 13:26:00,2025-05-27 15:30:00,0,0
2025-02-24 06:40:00,2025-02-24 07:57:00,AA,JFK,SFO,527,20.11,19.39,3.1,2.04,1.0278,-0.9575,61,JFK-SFO,77,6,0,0,0,0,0,-6,2025-02-24 06:34:00,2025-02-24 07:49:00,-8,0
2025-07-28 19:30:00,2025-07-28 21:34:00,UA,ATL,BOS,1115,13.88,12.6,0.0,0.63,-0.0776,0.8553,12,ATL-BOS,124,19,0,0,0,0,0,-1,2025-07-28 19:29:00,2025-07-28 21:41:00,7,0
2025-10-31 12:20:00,2025-10-31 17:54:00,UA,ATL,JFK,3739,9.73,10.28,2.26,1.14,0.5321,0.9545,28,ATL-JFK,334,12,0,0,0,0,0,-5,2025-10-31 12:15:00,2025-10-31 17:55:00,1,0
2025-12-11 02:40:00,2025-12-11 05:08:00,DL,JFK,BOS,1414,15.22,13.71,24.58,23.74,-1.2656,-0.5784,8,JFK-BOS,148,2,0,1,1,0,0,7,2025-12-11 02:47:00,2025-12-11 05:13:00,5,0
2025-01-19 21:45:00,2025-01-19 23:03:00,UA,JFK,BOS,543,11.01,9.54,5.7,5.46,0.1377,-0.0543,45,JFK-BOS,78,21,1,1,0,1,0,9,2025-01-19 21:54:00,2025-01-19 23:10:00,7,0
2025-04-17 06:40:00,2025-04-17 11:00:00,UA,BOS,ATL,2808,14.4,14.09,0.0,0.26,-0.3,0.157,22,BOS-ATL,260,6,0,0,0,0,0,17,2025-04-17 06:57:00,2025-04-17 11:20:00,20,1
2025-06-24 06:50:00,2025-06-24 12:45:00,B6,ATL,BOS,4000,23.78,26.4,0.4,0.0,1.3595,0.0796,33,ATL-BOS,355,6,0,0,0,0,0,2,2025-06-24 06:52:00,2025-06-24 12:53:00,8,0
2025-02-05 22:15:00,2025-02-06 00:29:00,WN,JFK,LAX,1242,9.62,10.88,0.1,0.0,-0.6265,-0.0407,44,JFK-LAX,134,22,0,1,0,0,0,-4,2025-02-05 22:11:00,2025-02-06 00:25:00,-4,0
2025-11-20 18:45:00,2025-11-20 19:58:00,B6,SFO,LAX,481,7.53,4.14,0.0,0.0,-1.0542,0.2126,1,SFO-LAX,73,18,0,0,0,0,0,4,2025-11-20 18:49:00,2025-11-20 19:51:00,-7,0
2025-02-10 20:20:00,2025-02-10 22:06:00,UA,LAX,BOS,888,11.48,8.44,0.32,0.16,-1.0157,0.5788,59,LAX-BOS,106,20,0,1,0,0,0,10,2025-02-10 20:30:00,2025-02-10 22:05:00,-1,0
2025-08-31 15:10:00,2025-08-31 16:52:00,DL,ATL,SFO,836,5.52,3.65,12.36,10.59,0.8557,-0.1717,56,ATL-SFO,102,15,1,0,1,0,0,34,2025-08-31 15:44:00,2025-08-31 17:41:00,49,1
2025-12-02 21:10:00,2025-12-02 23:18:00,AA,SFO,BOS,1159,1.39,1.62,0.0,0.0,-0.1839,-0.8509,49,SFO-BOS,128,21,0,1,0,0,0,6,2025-12-02 21:16:00,2025-12-02 23:23:00,5,0
2025-09-08 02:00:00,2025-09-08 03:59:00,DL,JFK,SFO,1056,3.99,4.23,0.0,0.03,-1.6839,-0.4486,98,JFK-SFO,119,2,0,1,0,0,0,-5,2025-09-08 01:55:00,2025-09-08 04:00:00,1,0
2025-10-06 14:50:00,2025-10-06 19:23:00,DL,JFK,BOS,2975,19.67,21.62,0.08,0.16,1.0146,-0.7611,40,JFK-BOS,273,14,0,0,0,0,0,-8,2025-10-06 14:42:00,2025-10-06 19:17:00,-6,0
2025-04-07 07:10:00,2025-04-07 09:24:00,UA,ATL,SFO,1236,9.63,10.81,0.0,0.0,-1.5105,0.208,51,ATL-SFO,134,7,0,0,0,0,0,13,2025-04-07 07:23:00,2025-04-07 09:38:00,14,0
2025-10-30 09:45:00,2025-10-30 13:48:00,UA,BOS,LAX,2602,7.35,8.23,3.77,4.27,-0.5485,0.0181,52,BOS-LAX,243,9,0,0,0,0,0,-3,2025-10-30 09:42:00,2025-10-30 13:47:00,-1,0
2025-06-02 05:45:00,2025-06-02 08:59:00,UA,LAX,BOS,1987,11.15,9.93,5.36,6.32,-0.2107,-0.7004,37,LAX-BOS,194,5,0,0,0,0,0,15,2025-06-02 06:00:00,2025-06-02 09:22:00,23,1
2025-01-23 04:20:00,2025-01-23 08:59:00,DL,BOS,ATL,3048,7.87,9.49,0.0,0.65,-1.0958,-0.3204,93,BOS-ATL,279,4,0,1,0,0,0,6,2025-01-23 04:26:00,2025-01-23 08:59:00,0,0
2025-05-14 10:50:00,2025-05-14 15:29:00,B6,ATL,JFK,3053,20.88,21.51,0.0,0.21,-1.6968,0.8259,49,ATL-JFK,279,10,0,0,0,0,0,4,2025-05-14 10:54:00,2025-05-14 15:25:00,-4,0
2025-05-08 22:50:00,2025-05-09 03:08:00,WN,ATL,JFK,2790,29.85,33.56,0.0,0.0,0.8134,0.7432,95,ATL-JFK,258,22,0,1,0,0,0,-4,2025-05-08 22:46:00,2025-05-09 03:06:00,-2,0
2025-07-10 15:50:00,2025-07-10 21:49:00,AA,SFO,BOS,4048,5.02,6.1,0.51,1.68,0.6518,0.1735,71,SFO-BOS,359,15,0,0,0,0,1,40,2025-07-10 16:30:00,2025-07-10 22:42:00,53,1
2025-04-07 08:20:00,2025-04-07 10:25:00,UA,SFO,BOS,1124,9.03,9.59,0.0,0.06,0.0538,-0.9658,94,SFO-BOS,125,8,0,0,0,0,0,7,2025-04-07 08:27:00,2025-04-07 10:20:00,-5,0
2025-06-18 10:15:00,2025-06-18 14:10:00,AA,ATL,SFO,2502,12.01,16.3,0.0,0.31,0.3653,0.5779,9,ATL-SFO,235,10,0,0,0,0,1,36,2025-06-18 10:51:00,2025-06-18 14:50:00,40,1
2025-06-06 12:00:00,2025-06-06 15:11:00,WN,SFO,LAX,1955,2.08,2.0,10.47,10.03,-1.7011,-0.8966,61,SFO-LAX,191,12,0,0,0,0,0,-2,2025-06-06 11:58:00,2025-06-06 15:01:00,-10,0
2025-04-30 05:45:00,2025-04-30 09:43:00,DL,SFO,ATL,2536,4.3,0.0,0.39,0.0,0.5219,0.8309,44,SFO-ATL,238,5,0,0,0,0,1,9,2025-04-30 05:54:00,2025-04-30 09:58:00,15,1
2025-09-12 12:45:00,2025-09-12 14:31:00,UA,BOS,LAX,887,21.37,18.82,0.51,1.18,0.4136,0.1649,47,BOS-LAX,106,12,0,0,0,0,0,-6,2025-09-12 12:39:00,2025-09-12 14:18:00,-13,0
2025-04-22 16:30:00,2025-04-22 19:16:00,AA,LAX,ATL,1641,7.46,6.97,0.18,0.78,0.4423,-0.4912,17,LAX-ATL,166,16,0,0,0,0,0,6,2025-04-22 16:36:00,2025-04-22 19:15:00,-1,0
2025-10-07 05:00:00,2025-10-07 11:15:00,B6,BOS,JFK,4252,7.36,6.17,11.8,10.99,0.4388,-0.8093,82,BOS-JFK,375,5,0,0,0,0,0,12,2025-10-07 05:12:00,2025-10-07 11:23:00,8,0
2025-04-02 14:45:00,2025-04-02 20:13:00,AA,BOS,ATL,3662,13.02,11.59,0.81,1.53,0.9942,0.4738,64,BOS-ATL,328,14,0,0,0,0,0,16,2025-04-02 15:01:00,2025-04-02 20:36:00,23,1
2025-11-12 17:15:00,2025-11-12 20:37:00,WN,LAX,SFO,2089,3.45,5.0,7.29,6.17,-0.116,-0.7338,46,LAX-SFO,202,17,0,0,0,0,0,33,2025-11-12 17:48:00,2025-11-12 21:11:00,34,1
2025-05-14 12:30:00,2025-05-14 14:06:00,UA,BOS,ATL,764,8.28,9.6,0.0,0.0,0.063,-0.0684,95,BOS-ATL,96,12,0,0,0,0,0,3,2025-05-14 12:33:00,2025-05-14 13:57:00,-9,0
2025-01-15 07:40:00,2025-01-15 12:17:00,AA,BOS,LAX,3023,4.85,3.49,0.0,0.0,-1.3349,-0.9571,43,BOS-LAX,277,7,0,0,0,0,0,12,2025-01-15 07:52:00,2025-01-15 12:44:00,27,1
2025-02-24 13:10:00,2025-02-24 15:50:00,B6,BOS,ATL,1564,0.0,1.94,0.0,0.79,0.6857,0.8268,23,BOS-ATL,160,13,0,0,0,0,0,3,2025-02-24 13:13:00,2025-02-24 15:53:00,3,0
2025-10-22 19:00:00,2025-10-22 21:50:00,UA,ATL,LAX,1683,7.16,7.45,7.64,6.67,-0.6687,0.545,56,ATL-LAX,170,19,0,0,0,0,0,13,2025-10-22 19:13:00,2025-10-22 22:12:00,22,1
2025-11-15 05:00:00,2025-11-15 06:32:00,B6,SFO,ATL,707,5.48,6.14,0.0,0.0,-0.5967,-0.6839,39,SFO-ATL,92,5,0,0,0,0,0,4,2025-11-15 05:04:00,2025-11-15 06:28:00,-4,0
2025-03-19 13:50:00,2025-03-19 16:26:00,UA,LAX,JFK,1514,4.11,6.87,0.08,1.09,-0.409,0.2773,46,LAX-JFK,156,13,0,0,0,0,0,49,2025-03-19 14:39:00,2025-03-19 17:13:00,47,1
2025-08-08 16:50:00,2025-08-08 19:01:00,AA,SFO,ATL,1199,12.87,10.55,0.0,0.33,-1.0723,-0.045,27,SFO-ATL,131,16,0,0,0,0,0,11,2025-08-08 17:01:00,2025-08-08 18:47:00,-14,0
2025-07-29 07:20:00,2025-07-29 08:30:00,DL,JFK,BOS,442,19.07,16.48,0.0,0.0,-0.1065,-0.8265,58,JFK-BOS,70,7,0,0,0,0,0,10,2025-07-29 07:30:00,2025-07-29 08:33:00,3,0
2025-02-18 09:20:00,2025-02-18 13:36:00,AA,ATL,LAX,2763,16.19,15.0,4.81,6.27,0.8242,-0.0683,38,ATL-LAX,256,9,0,0,0,0,0,-1,2025-02-18 09:19:00,2025-02-18 13:49:00,13,0
2025-06-14 21:20:00,2025-06-15 03:45:00,UA,BOS,JFK,4371,15.96,17.5,0.0,0.0,-1.1118,-0.2586,89,BOS-JFK,385,21,0,1,0,0,0,10,2025-06-14 21:30:00,2025-06-15 03:43:00,-2,0
2025-09-11 08:15:00,2025-09-11 09:56:00,WN,BOS,SFO,829,5.21,4.21,13.68,14.06,-0.0166,-0.5386,45,BOS-SFO,101,8,0,0,1,0,0,31,2025-09-11 08:46:00,2025-09-11 10:36:00,40,1
2025-12-20 14:30:00,2025-12-20 15:47:00,UA,SFO,ATL,520,8.65,7.96,0.0,0.0,0.6664,0.8722,6,SFO-ATL,77,14,0,0,0,0,0,16,2025-12-20 14:46:00,2025-12-20 15:56:00,9,0
2025-11-06 03:15:00,2025-11-06 04:48:00,DL,BOS,LAX,722,5.45,6.98,0.25,0.0,-2.4801,-0.5458,77,BOS-LAX,93,3,0,1,0,0,0,-10,2025-11-06 03:05:00,2025-11-06 04:45:00,-3,0
2025-02-05 22:30:00,2025-02-06 02:32:00,DL,LAX,ATL,2592,6.36,8.32,40.51,41.59,1.8543,0.3305,56,LAX-ATL,242,22,0,1,1,0,0,24,2025-02-05 22:54:00,2025-02-06 03:17:00,45,1
2025-03-28 14:20:00,2025-03-28 19:56:00,UA,ATL,JFK,3768,8.53,7.22,4.62,1.92,-0.462,0.9468,56,ATL-JFK,336,14,0,0,0,0,0,5,2025-03-28 14:25:00,2025-03-28 19:40:00,-16,0
2025-06-09 18:40:00,2025-06-09 21:23:00,DL,SFO,ATL,1600,6.24,4.17,0.9,0.0,-0.935,-0.9592,12,SFO-ATL,163,18,0,0,0,0,1,31,2025-06-09 19:11:00,2025-06-09 22:28:00,65,1
2025-02-24 14:50:00,2025-02-24 16:29:00,WN,LAX,BOS,796,12.82,10.12,0.0,1.59,0.0815,-0.7206,50,LAX-BOS,99,14,0,0,0,0,0,16,2025-02-24 15:06:00,2025-02-24 16:37:00,8,0
2025-07-28 08:10:00,2025-07-28 09:41:00,DL,JFK,SFO,702,16.48,22.2,20.39,20.71,-0.6749,0.404,77,JFK-SFO,91,8,0,0,1,0,0,48,2025-07-28 08:58:00,2025-07-28 10:48:00,67,1
2025-01-04 08:00:00,2025-01-04 12:23:00,B6,BOS,ATL,2853,4.1,6.43,0.8,0.2,-0.0707,0.0983,3,BOS-ATL,263,8,0,0,0,0,0,5,2025-01-04 08:05:00,2025-01-04 12:28:00,5,0
2025-02-11 16:30:00,2025-02-11 19:29:00,DL,BOS,SFO,1798,7.39,5.52,0.0,0.0,-0.749,0.6293,54,BOS-SFO,179,16,0,0,0,0,1,21,2025-02-11 16:51:00,2025-02-11 20:11:00,42,1
2025-01-18 20:00:00,2025-01-18 22:57:00,AA,BOS,JFK,1778,3.82,2.65,2.36,2.06,1.1269,-0.0421,4,BOS-JFK,177,20,0,1,0,0,0,-2,2025-01-18 19:58:00,2025-01-18 23:01:00,4,0
2025-04-18 03:10:00,2025-04-18 05:29:00,B6,JFK,SFO,1302,15.35,13.87,1.66,0.95,2.6838,0.8315,12,JFK-SFO,139,3,0,1,0,0,0,-7,2025-04-18 03:03:00,2025-04-18 05:30:00,1,0
2025-10-06 20:45:00,2025-10-07 02:45:00,AA,SFO,BOS,4064,0.95,0.06,3.89,4.86,0.723,-0.5761,86,SFO-BOS,360,20,0,1,0,0,1,43,2025-10-06 21:28:00,2025-10-07 03:54:00,69,1
2025-03-06 19:20:00,2025-03-06 22:25:00,AA,BOS,SFO,1874,12.23,9.35,0.0,0.0,0.1996,-0.0266,58,BOS-SFO,185,19,0,0,0,0,0,10,2025-03-06 19:30:00,2025-03-06 22:30:00,5,0
2025-12-27 02:30:00,2025-12-27 07:27:00,DL,LAX,ATL,3271,6.26,4.16,44.28,42.78,-0.5521,0.718,82,LAX-ATL,297,2,0,1,1,0,0,40,2025-12-27 03:10:00,2025-12-27 08:32:00,65,1
2025-04-09 02:45:00,2025-04-09 07:53:00,AA,JFK,BOS,3417,9.66,6.27,0.0,0.0,1.0612,-0.7284,32,JFK-BOS,308,2,0,1,0,0,0,6,2025-04-09 02:51:00,2025-04-09 07:51:00,-2,0
2025-01-17 16:10:00,2025-01-17 17:29:00,UA,LAX,JFK,549,8.47,8.78,0.0,0.0,-0.7682,0.1566,13,LAX-JFK,79,16,0,0,0,0,0,-2,2025-01-17 16:08:00,2025-01-17 17:41:00,12,0
2025-05-03 20:20:00,2025-05-03 22:42:00,B6,LAX,SFO,1343,10.88,12.09,0.45,0.24,0.3186,-0.1854,10,LAX-SFO,142,20,0,1,0,0,0,-10,2025-05-03 20:10:00,2025-05-03 22:44:00,2,0
2025-10-01 09:00:00,2025-10-01 15:00:00,AA,ATL,LAX,4060,20.42,19.25,0.63,1.82,-0.5201,0.1785,87,ATL-LAX,360,9,0,0,0,0,0,8,2025-10-01 09:08:00,2025-10-01 14:56:00,-4,0
2025-02-08 15:20:00,2025-02-08 21:16:00,UA,ATL,JFK,4007,2.1,0.02,7.28,8.93,-1.2565,-0.6952,88,ATL-JFK,356,15,0,0,0,0,0,1,2025-02-08 15:21:00,2025-02-08 21:25:00,9,0
2025-01-27 23:10:00,2025-01-28 02:28:00,DL,SFO,LAX,2038,17.96,18.24,0.0,0.0,-0.213,0.1578,97,SFO-LAX,198,23,0,1,0,0,0,5,2025-01-27 23:15:00,2025-01-28 02:38:00,10,0
2025-11-07 07:50:00,2025-11-07 09:41:00,WN,ATL,JFK,956,11.25,11.73,4.18,3.79,-0.9853,0.1718,51,ATL-JFK,111,7,0,0,0,0,0,-6,2025-11-07 07:44:00,2025-11-07 09:34:00,-7,0
2025-08-05 05:15:00,2025-08-05 07:54:00,DL,JFK,BOS,1552,19.46,18.77,5.16,4.35,1.4756,0.1741,71,JFK-BOS,159,5,0,0,0,0,0,2,2025-08-05 05:17:00,2025-08-05 07:53:00,-1,0
2025-05-06 23:10:00,2025-05-07 05:28:00,DL,LAX,BOS,4286,11.8,7.89,0.0,2.87,-0.7541,-0.6434,19,LAX-BOS,378,23,0,1,0,0,0,20,2025-05-06 23:30:00,2025-05-07 05:40:00,12,0
2025-10-03 06:00:00,2025-10-03 10:45:00,AA,JFK,ATL,3125,2.07,3.52,12.87,14.94,-0.1302,-0.22,46,JFK-ATL,285,6,0,0,1,0,0,5,2025-10-03 06:05:00,2025-10-03 11:01:00,16,1
2025-11-05 11:10:00,2025-11-05 12:34:00,AA,ATL,BOS,616,8.0,12.17,2.04,1.25,-0.6495,-0.092,44,ATL-BOS,84,11,0,0,0,0,0,-10,2025-11-05 11:00:00,2025-11-05 12:32:00,-2,0
2025-05-12 10:10:00,2025-05-12 15:10:00,B6,ATL,LAX,3315,13.72,14.37,0.0,0.75,-1.2353,0.3139,22,ATL-LAX,300,10,0,0,0,0,0,-8,2025-05-12 10:02:00,2025-05-12 14:50:00,-20,0
2025-07-24 12:10:00,2025-07-24 13:58:00,UA,LAX,ATL,917,16.07,17.74,0.62,0.0,0.6844,0.8984,15,LAX-ATL,108,12,0,0,0,0,0,0,2025-07-24 12:10:00,2025-07-24 13:55:00,-3,0
2025-01-04 06:40:00,2025-01-04 09:21:00,B6,SFO,ATL,1573,7.13,8.86,0.0,0.0,-0.0946,-0.836,88,SFO-ATL,161,6,0,0,0,0,0,-8,2025-01-04 06:32:00,2025-01-04 09:18:00,-3,0
2025-04-22 16:50:00,2025-04-22 20:31:00,B6,BOS,JFK,2322,9.4,10.01,0.0,0.0,2.3432,0.8968,39,BOS-JFK,221,16,0,0,0,0,0,-6,2025-04-22 16:44:00,2025-04-22 20:28:00,-3,0
2025-08-06 16:45:00,2025-08-06 19:42:00,UA,JFK,ATL,1776,10.86,10.82,10.72,13.52,1.0475,0.7174,35,JFK-ATL,177,16,0,0,0,0,0,9,2025-08-06 16:54:00,2025-08-06 20:18:00,36,1
2025-03-13 04:50:00,2025-03-13 09:44:00,UA,SFO,ATL,3232,18.86,13.66,0.0,0.0,0.07,-0.2223,50,SFO-ATL,294,4,0,1,0,0,0,2,2025-03-13 04:52:00,2025-03-13 09:38:00,-6,0
2025-12-28 11:50:00,2025-12-28 13:41:00,B6,SFO,BOS,956,4.23,5.76,0.69,1.22,0.367,0.1192,24,SFO-BOS,111,11,1,0,0,0,0,5,2025-12-28 11:55:00,2025-12-28 13:28:00,-13,0
2025-12-21 01:20:00,2025-12-21 07:14:00,WN,JFK,ATL,3983,13.94,13.05,14.23,14.63,-0.09,-0.4733,13,JFK-ATL,354,1,1,1,1,1,0,33,2025-12-21 01:53:00,2025-12-21 08:14:00,60,1
2025-04-05 05:20:00,2025-04-05 09:38:00,DL,LAX,BOS,2792,29.28,29.38,8.46,9.74,-1.0273,-0.0087,57,LAX-BOS,258,5,0,0,0,0,0,-5,2025-04-05 05:15:00,2025-04-05 09:35:00,-3,0
2025-05-25 23:40:00,2025-05-26 02:22:00,B6,SFO,JFK,1583,39.47,38.63,3.05,0.0,-1.437,0.6325,87,SFO-JFK,162,23,1,1,0,1,0,25,2025-05-26 00:05:00,2025-05-26 02:59:00,37,1
2025-03-11 12:15:00,2025-03-11 18:36:00,B6,LAX,BOS,4319,17.72,17.73,15.85,16.13,-1.0555,-0.9851,90,LAX-BOS,381,12,0,0,1,0,0,69,2025-03-11 13:24:00,2025-03-11 20:17:00,101,1
2025-07-03 14:30:00,2025-07-03 18:10:00,AA,JFK,SFO,2309,9.39,7.27,0.0,0.0,1.3374,0.783,20,JFK-SFO,220,14,0,0,0,0,0,0,2025-07-03 14:30:00,2025-07-03 18:04:00,-6,0
2025-02-15 21:50:00,2025-02-16 01:09:00,WN,LAX,ATL,2049,5.33,6.34,0.44,1.47,0.2571,0.0625,87,LAX-ATL,199,21,0,1,0,0,0,1,2025-02-15 21:51:00,2025-02-16 01:00:00,-9,0
2025-05-23 17:10:00,2025-05-23 18:16:00,AA,BOS,LAX,388,13.06,14.93,0.0,0.0,0.5372,0.2273,34,BOS-LAX,66,17,0,0,0,0,0,-3,2025-05-23 17:07:00,2025-05-23 18:11:00,-5,0
2025-07-22 19:45:00,2025-07-23 02:19:00,DL,SFO,JFK,4484,24.57,22.65,0.0,0.0,0.7871,-0.0478,80,SFO-JFK,394,19,0,0,0,0,1,29,2025-07-22 20:14:00,2025-07-23 02:56:00,37,1
2025-08-12 17:50:00,2025-08-12 23:33:00,WN,ATL,LAX,3854,11.39,6.66,0.0,0.0,-0.2001,-0.5129,31,ATL-LAX,343,17,0,0,0,0,0,3,2025-08-12 17:53:00,2025-08-12 23:31:00,-2,0
2025-08-06 11:30:00,2025-08-06 13:28:00,WN,BOS,LAX,1040,20.0,15.93,0.06,1.8,-0.6056,-0.2444,30,BOS-LAX,118,11,0,0,0,0,0,-6,2025-08-06 11:24:00,2025-08-06 13:28:00,0,0
2025-03-22 15:15:00,2025-03-22 21:32:00,DL,BOS,ATL,4280,17.01,19.08,1.58,0.0,2.0197,0.0046,43,BOS-ATL,377,15,0,0,0,0,0,19,2025-03-22 15:34:00,2025-03-22 22:05:00,33,1
2025-10-17 06:15:00,2025-10-17 11:41:00,UA,BOS,LAX,3643,11.6,10.18,3.94,5.61,0.5308,-0.1459,76,BOS-LAX,326,6,0,0,0,0,0,26,2025-10-17 06:41:00,2025-10-17 12:15:00,34,1
2025-09-10 21:10:00,2025-09-11 00:30:00,AA,JFK,BOS,2067,16.87,15.7,3.75,5.86,-1.6644,0.1695,41,JFK-BOS,200,21,0,1,0,0,0,4,2025-09-10 21:14:00,2025-09-11 00:20:00,-10,0
2025-10-02 04:15:00,2025-10-02 10:26:00,UA,LAX,SFO,4198,4.08,4.5,0.0,1.25,-1.7552,-0.9371,89,LAX-SFO,371,4,0,1,0,0,1,5,2025-10-02 04:20:00,2025-10-02 10:44:00,18,1
2025-06-20 21:40:00,2025-06-21 01:47:00,DL,SFO,BOS,2648,8.71,6.48,17.99,15.44,0.75,0.427,89,SFO-BOS,247,21,0,1,1,0,1,59,2025-06-20 22:39:00,2025-06-21 03:19:00,92,1
2025-11-22 21:30:00,2025-11-23 02:20:00,B6,JFK,BOS,3189,14.6,14.69,0.0,0.17,-0.8834,0.0948,83,JFK-BOS,290,21,0,1,0,0,0,2,2025-11-22 21:32:00,2025-11-23 02:28:00,8,0
2025-05-23 03:10:00,2025-05-23 05:11:00,WN,LAX,ATL,1069,12.06,9.13,0.0,1.37,-0.1302,0.8251,20,LAX-ATL,121,3,0,1,0,0,0,-10,2025-05-23 03:00:00,2025-05-23 05:01:00,-10,0
2025-10-22 17:30:00,2025-10-22 19:06:00,DL,JFK,SFO,759,4.41,2.54,0.0,0.39,-2.1878,-0.012,61,JFK-SFO,96,17,0,0,0,0,0,20,2025-10-22 17:50:00,2025-10-22 19:20:00,14,0
2025-03-16 23:45:00,2025-03-17 03:41:00,UA,ATL,SFO,2516,19.29,16.42,4.44,2.62,-0.4632,-0.9263,26,ATL-SFO,236,23,1,1,0,1,1,20,2025-03-17 00:05:00,2025-03-17 04:16:00,35,1
2025-04-01 13:00:00,2025-04-01 15:49:00,B6,LAX,SFO,1671,13.44,12.54,0.0,0.35,0.9122,0.6242,56,LAX-SFO,169,13,0,0,0,0,0,-6,2025-04-01 12:54:00,2025-04-01 15:48:00,-1,0
2025-07-12 08:00:00,2025-07-12 14:29:00,B6,ATL,JFK,4423,12.97,11.77,3.17,3.31,-0.5353,0.8832,8,ATL-JFK,389,8,0,0,0,0,0,1,2025-07-12 08:01:00,2025-07-12 14:31:00,2,0
2025-07-22 21:50:00,2025-07-22 23:18:00,B6,JFK,LAX,659,21.83,23.55,0.0,0.0,-1.1702,0.2271,84,JFK-LAX,88,21,0,1,0,0,0,-3,2025-07-22 21:47:00,2025-07-22 23:14:00,-4,0
2025-09-30 12:40:00,2025-09-30 17:55:00,UA,SFO,ATL,3503,16.63,19.16,0.0,0.0,-0.2443,-0.2353,34,SFO-ATL,315,12,0,0,0,0,1,36,2025-09-30 13:16:00,2025-09-30 18:36:00,41,1
2025-04-19 02:30:00,2025-04-19 06:51:00,UA,LAX,BOS,2827,3.43,1.21,0.0,0.65,0.0348,0.0976,52,LAX-BOS,261,2,0,1,0,0,0,30,2025-04-19 03:00:00,2025-04-19 07:25:00,34,1
2025-11-15 05:50:00,2025-11-15 11:44:00,WN,JFK,SFO,3991,10.51,10.96,1.0,0.87,-0.3524,0.7369,32,JFK-SFO,354,5,0,0,0,0,1,12,2025-11-15 06:02:00,2025-11-15 12:03:00,19,1
2025-05-01 16:30:00,2025-05-01 23:04:00,WN,BOS,LAX,4492,10.19,10.08,3.56,3.77,-1.5784,-0.8319,24,BOS-LAX,394,16,0,0,0,0,0,6,2025-05-01 16:36:00,2025-05-01 23:01:00,-3,0
2025-07-14 10:30:00,2025-07-14 16:21:00,AA,SFO,LAX,3956,6.1,4.73,0.0,0.0,0.3934,-0.8884,24,SFO-LAX,351,10,0,0,0,0,1,10,2025-07-14 10:40:00,2025-07-14 16:36:00,15,1
2025-12-07 05:10:00,2025-12-07 08:15:00,AA,SFO,JFK,1873,3.07,1.39,0.28,0.0,-0.5738,0.6672,45,SFO-JFK,185,5,1,0,0,0,1,23,2025-12-07 05:33:00,2025-12-07 09:09:00,54,1
2025-07-16 19:45:00,2025-07-17 00:38:00,UA,BOS,SFO,3221,7.43,4.03,0.0,0.0,0.1743,-0.6638,75,BOS-SFO,293,19,0,0,0,0,0,9,2025-07-16 19:54:00,2025-07-17 00:52:00,14,0
2025-09-06 02:45:00,2025-09-06 04:39:00,UA,ATL,LAX,984,1.58,3.17,0.27,0.0,-0.9764,0.4083,84,ATL-LAX,114,2,0,1,0,0,0,1,2025-09-06 02:46:00,2025-09-06 04:46:00,7,0
2025-11-28 05:15:00,2025-11-28 08:57:00,AA,JFK,ATL,2340,32.19,33.13,0.0,0.85,1.2459,0.8286,25,JFK-ATL,222,5,0,0,0,0,0,2,2025-11-28 05:17:00,2025-11-28 09:08:00,11,0
2025-12-22 11:40:00,2025-12-22 14:09:00,AA,LAX,JFK,1428,9.81,11.08,0.0,2.43,0.7125,-0.5183,1,LAX-JFK,149,11,0,0,0,0,0,4,2025-12-22 11:44:00,2025-12-22 14:06:00,-3,0
2025-07-02 00:40:00,2025-07-02 03:03:00,UA,SFO,LAX,1350,13.42,12.99,0.63,0.0,-0.3597,0.8721,19,SFO-LAX,143,0,0,1,0,0,0,15,2025-07-02 00:55:00,2025-07-02 02:58:00,-5,0
2025-06-02 09:00:00,2025-06-02 13:11:00,AA,SFO,ATL,2697,2.98,3.17,1.3,1.27,0.3042,0.619,41,SFO-ATL,251,9,0,0,0,0,1,10,2025-06-02 09:10:00,2025-06-02 13:35:00,24,1
2025-03-13 21:10:00,2025-03-13 22:52:00,AA,BOS,SFO,833,0.97,2.63,2.32,4.0,1.6357,0.3692,60,BOS-SFO,102,21,0,1,0,0,0,2,2025-03-13 21:12:00,2025-03-13 22:45:00,-7,0
2025-07-16 22:30:00,2025-07-17 02:40:00,DL,BOS,SFO,2689,7.99,7.81,0.06,0.0,1.1751,0.0668,85,BOS-SFO,250,22,0,1,0,0,0,3,2025-07-16 22:33:00,2025-07-17 02:43:00,3,0
2025-12-02 20:30:00,2025-12-02 23:44:00,B6,SFO,ATL,1983,5.8,7.14,17.54,17.82,1.5092,-0.5545,44,SFO-ATL,194,20,0,1,1,0,0,41,2025-12-02 21:11:00,2025-12-03 00:26:00,42,1
2025-06-27 07:40:00,2025-06-27 09:56:00,AA,BOS,LAX,1265,12.06,11.53,2.92,3.38,0.6051,0.165,54,BOS-LAX,136,7,0,0,0,0,0,-3,2025-06-27 07:37:00,2025-06-27 09:56:00,0,0
2025-05-08 01:15:00,2025-05-08 05:23:00,UA,JFK,SFO,2660,5.27,8.92,0.0,0.0,-0.542,-0.9082,39,JFK-SFO,248,1,0,1,0,0,1,21,2025-05-08 01:36:00,2025-05-08 05:37:00,14,0
2025-02-09 19:45:00,2025-02-10 00:56:00,B6,BOS,SFO,3452,40.22,39.13,0.25,1.05,0.5884,-0.1779,39,BOS-SFO,311,19,1,0,0,0,1,2,2025-02-09 19:47:00,2025-02-10 01:19:00,23,1
2025-05-23 08:20:00,2025-05-23 12:44:00,AA,BOS,JFK,2862,19.04,15.85,0.0,1.97,1.6992,0.2843,75,BOS-JFK,264,8,0,0,0,0,0,-4,2025-05-23 08:16:00,2025-05-23 12:36:00,-8,0
2025-03-28 17:10:00,2025-03-28 18:39:00,B6,JFK,SFO,669,26.2,24.63,0.0,1.3,0.6056,0.7765,71,JFK-SFO,89,17,0,0,0,0,0,6,2025-03-28 17:16:00,2025-03-28 18:39:00,0,0
2025-12-23 02:00:00,2025-12-23 06:08:00,WN,BOS,SFO,2660,10.1,11.58,0.84,0.21,-0.8271,-0.61,71,BOS-SFO,248,2,0,1,0,0,1,29,2025-12-23 02:29:00,2025-12-23 07:16:00,68,1
2025-07-12 16:50:00,2025-07-12 21:18:00,AA,JFK,ATL,2916,12.06,9.8,0.0,0.32,0.0662,-0.9164,61,JFK-ATL,268,16,0,0,0,0,0,-1,2025-07-12 16:49:00,2025-07-12 21:19:00,1,0
2025-02-20 14:40:00,2025-02-20 19:29:00,UA,BOS,SFO,3170,22.16,20.76,0.0,2.08,0.7604,-0.9928,80,BOS-SFO,289,14,0,0,0,0,1,19,2025-02-20 14:59:00,2025-02-20 20:13:00,44,1
2025-01-25 22:20:00,2025-01-26 01:42:00,AA,ATL,LAX,2087,6.16,6.91,2.43,2.3,0.172,0.6312,56,ATL-LAX,202,22,0,1,0,0,0,-10,2025-01-25 22:10:00,2025-01-26 01:37:00,-5,0
2025-11-07 02:10:00,2025-11-07 03:41:00,DL,LAX,JFK,698,12.38,14.23,0.0,1.24,0.7633,-0.2764,96,LAX-JFK,91,2,0,1,0,0,0,15,2025-11-07 02:25:00,2025-11-07 03:46:00,5,0
2025-12-06 09:00:00,2025-12-06 10:42:00,B6,SFO,ATL,834,7.61,6.8,7.34,5.16,-0.6194,-0.7673,23,SFO-ATL,102,9,0,0,0,0,0,8,2025-12-06 09:08:00,2025-12-06 10:43:00,1,0
2025-10-06 23:10:00,2025-10-07 02:00:00,B6,JFK,SFO,1693,15.57,16.04,0.43,0.0,-0.215,0.6086,65,JFK-SFO,170,23,0,1,0,0,1,14,2025-10-06 23:24:00,2025-10-07 02:19:00,19,1
2025-02-15 09:00:00,2025-02-15 13:32:00,AA,BOS,ATL,2964,3.85,6.42,0.9,0.63,0.3412,-0.8005,92,BOS-ATL,272,9,0,0,0,0,0,11,2025-02-15 09:11:00,2025-02-15 13:35:00,3,0
2025-02-05 15:30:00,2025-02-05 20:37:00,B6,LAX,JFK,3404,5.18,3.08,4.52,3.45,0.3886,0.115,18,LAX-JFK,307,15,0,0,0,0,0,16,2025-02-05 15:46:00,2025-02-05 20:56:00,19,1
2025-03-14 03:10:00,2025-03-14 07:55:00,B6,JFK,BOS,3126,11.82,11.05,0.25,0.0,-0.6329,0.2945,8,JFK-BOS,285,3,0,1,0,0,0,27,2025-03-14 03:37:00,2025-03-14 08:26:00,31,1
2025-10-02 17:10:00,2025-10-02 19:54:00,WN,JFK,SFO,1611,12.56,8.79,7.58,8.22,-2.4497,0.8034,2,JFK-SFO,164,17,0,0,0,0,1,33,2025-10-02 17:43:00,2025-10-02 20:42:00,48,1
2025-10-07 06:15:00,2025-10-07 09:42:00,UA,JFK,ATL,2148,15.54,17.12,20.18,18.86,-2.8811,-0.1335,69,JFK-ATL,207,6,0,0,1,0,0,35,2025-10-07 06:50:00,2025-10-07 10:40:00,58,1
2025-11-02 13:40:00,2025-11-02 14:55:00,WN,LAX,ATL,496,3.84,2.7,12.14,12.83,-0.0468,0.3582,4,LAX-ATL,75,13,1,0,1,0,0,18,2025-11-02 13:58:00,2025-11-02 15:31:00,36,1
2025-02-05 21:20:00,2025-02-06 02:47:00,UA,ATL,SFO,3651,12.38,10.58,0.28,0.0,0.1831,-0.9707,66,ATL-SFO,327,21,0,1,0,0,0,3,2025-02-05 21:23:00,2025-02-06 02:54:00,7,0
2025-02-25 15:10:00,2025-02-25 18:08:00,DL,ATL,SFO,1784,1.56,4.45,8.68,9.73,-0.207,0.04,50,ATL-SFO,178,15,0,0,0,0,0,-10,2025-02-25 15:00:00,2025-02-25 18:04:00,-4,0
2025-11-25 11:40:00,2025-11-25 15:30:00,AA,ATL,BOS,2439,7.45,5.64,0.0,0.0,0.0351,-0.1128,13,ATL-BOS,230,11,0,0,0,0,0,1,2025-11-25 11:41:00,2025-11-25 15:28:00,-2,0
2025-12-05 04:20:00,2025-12-05 07:50:00,AA,ATL,LAX,2188,11.36,7.4,0.29,0.0,1.6011,-0.4056,31,ATL-LAX,210,4,0,1,0,0,0,12,2025-12-05 04:32:00,2025-12-05 07:52:00,2,0
2025-09-22 08:10:00,2025-09-22 10:45:00,DL,SFO,ATL,1500,9.66,5.18,0.42,0.22,-0.4965,0.8394,9,SFO-ATL,155,8,0,0,0,0,0,-6,2025-09-22 08:04:00,2025-09-22 10:41:00,-4,0
2025-02-08 20:40:00,2025-02-08 22:35:00,WN,LAX,SFO,1006,28.76,29.26,0.8,0.0,0.3651,0.3184,32,LAX-SFO,115,20,0,1,0,0,0,1,2025-02-08 20:41:00,2025-02-08 22:38:00,3,0
2025-01-26 05:50:00,2025-01-26 12:09:00,B6,LAX,JFK,4305,12.02,11.92,0.0,0.0,1.6839,0.1308,34,LAX-JFK,379,5,1,0,0,0,0,-10,2025-01-26 05:40:00,2025-01-26 12:01:00,-8,0
2025-01-21 15:30:00,2025-01-21 17:09:00,DL,LAX,BOS,801,12.77,14.04,0.0,0.0,-1.0363,-0.7377,80,LAX-BOS,99,15,0,0,0,0,0,5,2025-01-21 15:35:00,2025-01-21 17:15:00,6,0
2025-09-10 11:10:00,2025-09-10 17:26:00,DL,ATL,SFO,4264,12.11,9.56,0.0,1.41,1.7703,0.3614,8,ATL-SFO,376,11,0,0,0,0,1,36,2025-09-10 11:46:00,2025-09-10 17:50:00,24,1
2025-11-05 07:15:00,2025-11-05 08:52:00,AA,BOS,JFK,775,9.04,11.12,0.0,0.0,0.9711,-0.0854,64,BOS-JFK,97,7,0,0,0,0,0,1,2025-11-05 07:16:00,2025-11-05 08:51:00,-1,0
2025-08-19 17:30:00,2025-08-19 19:01:00,B6,LAX,SFO,701,12.28,18.53,9.35,7.76,-0.3102,0.401,95,LAX-SFO,91,17,0,0,0,0,0,8,2025-08-19 17:38:00,2025-08-19 19:02:00,1,0
2025-04-06 08:50:00,2025-04-06 14:52:00,AA,JFK,ATL,4092,10.0,10.62,6.6,5.61,-2.535,0.4727,27,JFK-ATL,362,8,1,0,0,0,0,10,2025-04-06 09:00:00,2025-04-06 15:13:00,21,1
2025-10-04 06:50:00,2025-10-04 13:07:00,UA,JFK,ATL,4273,9.98,8.33,0.91,0.0,1.3906,0.647,85,JFK-ATL,377,6,0,0,0,0,0,14,2025-10-04 07:04:00,2025-10-04 13:22:00,15,1
2025-01-22 12:50:00,2025-01-22 18:50:00,AA,LAX,ATL,4060,8.05,10.54,6.09,6.63,1.7703,-0.1094,80,LAX-ATL,360,12,0,0,0,0,0,-4,2025-01-22 12:46:00,2025-01-22 18:51:00,1,0
2025-10-30 18:45:00,2025-10-31 00:05:00,B6,ATL,BOS,3557,6.36,5.22,1.63,0.0,-0.6947,0.7537,94,ATL-BOS,320,18,0,0,0,0,0,10,2025-10-30 18:55:00,2025-10-31 00:18:00,13,0
2025-11-22 20:30:00,2025-11-23 00:15:00,B6,LAX,ATL,2369,6.41,5.8,12.25,12.53,1.8331,-0.2692,29,LAX-ATL,225,20,0,1,1,0,0,-10,2025-11-22 20:20:00,2025-11-23 00:14:00,-1,0
2025-09-20 15:40:00,2025-09-20 17:15:00,WN,LAX,SFO,747,13.57,5.9,10.77,10.25,-1.6906,0.3267,99,LAX-SFO,95,15,0,0,0,0,0,8,2025-09-20 15:48:00,2025-09-20 17:09:00,-6,0
2025-11-17 15:40:00,2025-11-17 19:58:00,AA,JFK,ATL,2784,7.64,9.37,0.0,0.97,0.2917,-0.2834,82,JFK-ATL,258,15,0,0,0,0,0,3,2025-11-17 15:43:00,2025-11-17 19:54:00,-4,0
2025-08-02 18:40:00,2025-08-02 22:33:00,UA,JFK,ATL,2481,24.67,21.01,12.96,14.64,-0.1776,0.785,22,JFK-ATL,233,18,0,0,1,0,0,23,2025-08-02 19:03:00,2025-08-02 23:01:00,28,1
2025-06-20 06:40:00,2025-06-20 11:46:00,B6,ATL,BOS,3389,2.95,5.12,0.0,0.0,-1.3372,-0.152,78,ATL-BOS,306,6,0,0,0,0,0,12,2025-06-20 06:52:00,2025-06-20 12:09:00,23,1
2025-04-28 06:10:00,2025-04-28 07:21:00,B6,BOS,SFO,446,27.86,26.77,0.59,0.0,-0.2499,-0.58,77,BOS-SFO,71,6,0,0,0,0,0,16,2025-04-28 06:26:00,2025-04-28 07:41:00,20,1
2025-12-03 11:50:00,2025-12-03 13:15:00,AA,BOS,SFO,624,1.33,5.28,0.16,1.14,-0.0308,0.9676,8,BOS-SFO,85,11,0,0,0,0,0,10,2025-12-03 12:00:00,2025-12-03 13:07:00,-8,0
2025-09-12 15:00:00,2025-09-12 19:17:00,B6,SFO,LAX,2773,10.61,9.44,0.0,0.35,-1.1897,-0.398,45,SFO-LAX,257,15,0,0,0,0,0,-2,2025-09-12 14:58:00,2025-09-12 19:22:00,5,0
2025-03-11 15:20:00,2025-03-11 21:06:00,UA,ATL,LAX,3891,10.88,12.97,0.25,0.0,0.6752,0.8176,87,ATL-LAX,346,15,0,0,0,0,0,5,2025-03-11 15:25:00,2025-03-11 21:06:00,0,0
2025-12-16 03:20:00,2025-12-16 09:33:00,B6,BOS,JFK,4219,5.79,5.6,1.22,0.06,-0.6816,0.6786,4,BOS-JFK,373,3,0,1,0,0,0,0,2025-12-16 03:20:00,2025-12-16 09:31:00,-2,0
2025-01-22 18:50:00,2025-01-22 23:00:00,UA,ATL,SFO,2688,6.14,3.78,0.52,0.0,-0.3592,0.0752,96,ATL-SFO,250,18,0,0,0,0,0,13,2025-01-22 19:03:00,2025-01-22 23:04:00,4,0
2025-08-03 08:00:00,2025-08-03 11:03:00,AA,BOS,ATL,1846,7.2,7.77,20.38,21.71,1.4469,-0.4307,51,BOS-ATL,183,8,1,0,1,0,0,16,2025-08-03 08:16:00,2025-08-03 11:35:00,32,1
2025-03-11 21:20:00,2025-03-12 00:58:00,UA,ATL,LAX,2282,16.3,13.4,0.0,0.34,-0.6545,-0.8611,35,ATL-LAX,218,21,0,1,0,0,0,-4,2025-03-11 21:16:00,2025-03-12 00:51:00,-7,0
2025-08-31 17:15:00,2025-08-31 21:05:00,B6,BOS,ATL,2436,17.45,18.29,0.0,0.0,-2.2617,-0.4936,8,BOS-ATL,230,17,1,0,0,0,0,7,2025-08-31 17:22:00,2025-08-31 21:00:00,-5,0
2025-05-31 23:00:00,2025-06-01 03:27:00,B6,LAX,SFO,2900,0.68,0.17,0.94,0.92,-0.2515,0.7746,60,LAX-SFO,267,23,0,1,0,0,0,-1,2025-05-31 22:59:00,2025-06-01 03:27:00,0,0
2025-06-09 15:10:00,2025-06-09 17:25:00,WN,LAX,JFK,1255,7.04,11.46,2.59,4.12,0.109,-0.4332,98,LAX-JFK,135,15,0,0,0,0,0,3,2025-06-09 15:13:00,2025-06-09 17:24:00,-1,0
2025-09-03 12:20:00,2025-09-03 15:30:00,B6,BOS,SFO,1932,2.36,2.35,0.48,0.0,-0.2414,-0.5334,41,BOS-SFO,190,12,0,0,0,0,1,27,2025-09-03 12:47:00,2025-09-03 16:04:00,34,1
2025-10-03 04:50:00,2025-10-03 08:51:00,WN,LAX,JFK,2571,5.32,4.23,0.45,0.0,0.8603,-0.886,83,LAX-JFK,241,4,0,1,0,0,0,1,2025-10-03 04:51:00,2025-10-03 08:50:00,-1,0
2025-05-19 09:20:00,2025-05-19 15:05:00,UA,LAX,SFO,3873,18.52,21.03,0.0,2.4,0.4002,0.035,31,LAX-SFO,345,9,0,0,0,0,1,28,2025-05-19 09:48:00,2025-05-19 16:07:00,62,1
2025-12-31 20:50:00,2026-01-01 02:19:00,B6,SFO,LAX,3670,12.31,11.26,0.0,0.63,-0.5995,0.0896,82,SFO-LAX,329,20,1,1,0,1,1,54,2025-12-31 21:44:00,2026-01-01 03:35:00,76,1
2025-07-01 09:40:00,2025-07-01 14:52:00,DL,SFO,BOS,3466,6.21,4.83,0.0,1.67,0.6965,0.3757,96,SFO-BOS,312,9,0,0,0,0,1,18,2025-07-01 09:58:00,2025-07-01 15:26:00,34,1
2025-02-28 01:45:00,2025-02-28 03:56:00,AA,BOS,LAX,1204,20.65,17.42,12.66,11.99,0.4636,0.7344,7,BOS-LAX,131,1,0,1,1,0,0,37,2025-02-28 02:22:00,2025-02-28 05:09:00,73,1
2025-01-03 05:45:00,2025-01-03 09:01:00,B6,JFK,SFO,2007,5.2,6.38,16.29,17.42,0.4333,-0.79,26,JFK-SFO,196,5,0,0,1,0,0,41,2025-01-03 06:26:00,2025-01-03 09:46:00,45,1
2025-03-15 14:40:00,2025-03-15 18:45:00,WN,LAX,JFK,2624,10.04,9.34,0.78,0.0,-0.1597,-0.2545,0,LAX-JFK,245,14,0,0,0,0,0,37,2025-03-15 15:17:00,2025-03-15 19:29:00,44,1
2025-09-10 15:40:00,2025-09-10 22:04:00,WN,BOS,LAX,4364,3.11,2.04,0.58,0.0,0.2854,0.2304,76,BOS-LAX,384,15,0,0,0,0,0,-8,2025-09-10 15:32:00,2025-09-10 21:59:00,-5,0
2025-07-16 23:10:00,2025-07-17 02:08:00,DL,JFK,BOS,1789,6.26,7.67,0.43,0.65,0.1091,-0.6177,26,JFK-BOS,178,23,0,1,0,0,0,-9,2025-07-16 23:01:00,2025-07-17 02:20:00,12,0
2025-05-04 22:40:00,2025-05-05 04:48:00,UA,JFK,ATL,4157,12.68,10.15,20.85,20.03,-0.3003,-0.4581,96,JFK-ATL,368,22,1,1,1,1,0,26,2025-05-04 23:06:00,2025-05-05 05:30:00,42,1
2025-06-25 12:00:00,2025-06-25 17:10:00,WN,BOS,JFK,3441,11.3,10.93,8.45,9.33,0.4792,0.5904,83,BOS-JFK,310,12,0,0,0,0,0,12,2025-06-25 12:12:00,2025-06-25 16:50:00,-20,0
2025-11-02 13:40:00,2025-11-02 18:12:00,WN,ATL,SFO,2961,7.01,4.33,0.0,0.91,0.5567,-0.9313,14,ATL-SFO,272,13,1,0,0,0,1,9,2025-11-02 13:49:00,2025-11-02 18:37:00,25,1
2025-07-28 19:40:00,2025-07-29 00:35:00,DL,ATL,BOS,3248,9.17,9.75,8.48,9.16,0.5571,0.7868,57,ATL-BOS,295,19,0,0,0,0,0,4,2025-07-28 19:44:00,2025-07-29 00:46:00,11,0
2025-01-22 01:45:00,2025-01-22 07:10:00,DL,LAX,BOS,3630,14.52,15.48,0.26,0.4,0.617,0.569,45,LAX-BOS,325,1,0,1,0,0,0,-8,2025-01-22 01:37:00,2025-01-22 07:00:00,-10,0
2025-01-18 14:40:00,2025-01-18 19:34:00,DL,SFO,LAX,3234,9.77,8.36,9.24,10.0,-2.2497,-0.3507,65,SFO-LAX,294,14,0,0,0,0,1,21,2025-01-18 15:01:00,2025-01-18 20:03:00,29,1
2025-06-25 11:15:00,2025-06-25 16:00:00,UA,LAX,JFK,3124,10.78,12.51,0.22,1.49,0.9043,-0.3062,59,LAX-JFK,285,11,0,0,0,0,0,-1,2025-06-25 11:14:00,2025-06-25 15:52:00,-8,0
2025-05-28 18:15:00,2025-05-28 21:21:00,WN,BOS,LAX,1886,5.63,5.3,2.66,2.42,-0.9641,-0.5132,12,BOS-LAX,186,18,0,0,0,0,0,13,2025-05-28 18:28:00,2025-05-28 21:49:00,28,1
2025-11-07 19:30:00,2025-11-07 22:53:00,DL,ATL,JFK,2097,9.33,13.62,0.73,1.27,1.1201,-0.9852,63,ATL-JFK,203,19,0,0,0,0,0,-8,2025-11-07 19:22:00,2025-11-07 22:57:00,4,0
2025-08-01 15:20:00,2025-08-01 19:40:00,DL,LAX,SFO,2816,2.2,1.66,4.85,5.35,-1.3605,0.4132,46,LAX-SFO,260,15,0,0,0,0,1,14,2025-08-01 15:34:00,2025-08-01 19:59:00,19,1
2025-10-04 15:15:00,2025-10-04 20:57:00,DL,ATL,SFO,3842,7.5,7.14,0.0,0.23,1.5819,0.5913,31,ATL-SFO,342,15,0,0,0,0,1,37,2025-10-04 15:52:00,2025-10-04 21:45:00,48,1
2025-08-02 16:20:00,2025-08-02 20:58:00,DL,JFK,BOS,3034,12.08,8.2,4.25,5.9,-2.1837,-0.6333,46,JFK-BOS,278,16,0,0,0,0,0,-2,2025-08-02 16:18:00,2025-08-02 21:01:00,3,0
2025-05-07 13:30:00,2025-05-07 20:01:00,B6,SFO,JFK,4448,9.1,10.51,0.65,0.0,0.3233,-0.2031,93,SFO-JFK,391,13,0,0,0,0,0,20,2025-05-07 13:50:00,2025-05-07 20:25:00,24,1
2025-08-28 05:10:00,2025-08-28 09:58:00,AA,ATL,BOS,3159,5.34,6.07,0.0,0.0,-0.3657,-0.0913,97,ATL-BOS,288,5,0,0,0,0,0,0,2025-08-28 05:10:00,2025-08-28 09:55:00,-3,0
2025-08-15 06:40:00,2025-08-15 09:56:00,UA,JFK,LAX,2011,4.15,5.1,3.95,2.83,0.4634,-0.8213,32,JFK-LAX,196,6,0,0,0,0,0,16,2025-08-15 06:56:00,2025-08-15 09:59:00,3,0
2025-09-20 17:15:00,2025-09-20 21:27:00,AA,SFO,ATL,2716,9.96,11.91,12.07,12.67,1.7255,-0.4201,77,SFO-ATL,252,17,0,0,1,0,1,69,2025-09-20 18:24:00,2025-09-20 22:59:00,92,1
2025-03-11 14:15:00,2025-03-11 18:43:00,UA,BOS,JFK,2917,9.46,8.61,0.11,0.0,0.2366,-0.4209,78,BOS-JFK,268,14,0,0,0,0,0,8,2025-03-11 14:23:00,2025-03-11 18:50:00,7,0
2025-08-23 05:20:00,2025-08-23 11:10:00,WN,SFO,LAX,3940,10.55,10.79,0.0,0.0,0.9396,0.7139,13,SFO-LAX,350,5,0,0,0,0,1,30,2025-08-23 05:50:00,2025-08-23 11:55:00,45,1
2025-04-15 21:00:00,2025-04-15 23:25:00,UA,SFO,JFK,1374,5.37,1.64,8.62,8.5,1.5346,-0.7876,50,SFO-JFK,145,21,0,1,0,0,0,1,2025-04-15 21:01:00,2025-04-15 23:24:00,-1,0
2025-10-16 23:30:00,2025-10-17 01:53:00,UA,JFK,LAX,1344,16.09,13.32,15.96,16.99,-0.619,-0.5268,45,JFK-LAX,143,23,0,1,1,0,0,41,2025-10-17 00:11:00,2025-10-17 02:56:00,63,1
2025-10-19 15:40:00,2025-10-19 17:47:00,UA,BOS,LAX,1147,4.03,2.64,0.5,0.0,0.362,-0.0916,47,BOS-LAX,127,15,1,0,0,0,0,1,2025-10-19 15:41:00,2025-10-19 17:50:00,3,0
2025-08-17 05:50:00,2025-08-17 07:08:00,AA,LAX,JFK,534,1.33,0.76,1.02,0.34,1.3681,-0.7228,77,LAX-JFK,78,5,1,0,0,0,0,-10,2025-08-17 05:40:00,2025-08-17 07:05:00,-3,0
2025-12-12 22:15:00,2025-12-13 03:01:00,B6,LAX,SFO,3135,20.24,23.16,0.89,0.57,0.3527,-0.5953,96,LAX-SFO,286,22,0,1,0,0,0,25,2025-12-12 22:40:00,2025-12-13 03:21:00,20,1
2025-07-16 05:30:00,2025-07-16 11:52:00,DL,JFK,SFO,4342,1.1,5.67,0.0,0.0,-0.5865,0.9096,78,JFK-SFO,382,5,0,0,0,0,1,29,2025-07-16 05:59:00,2025-07-16 12:49:00,57,1
2025-01-10 10:30:00,2025-01-10 14:55:00,AA,ATL,SFO,2877,10.36,7.33,4.37,5.43,0.5151,0.7369,8,ATL-SFO,265,10,0,0,0,0,0,19,2025-01-10 10:49:00,2025-01-10 15:10:00,15,1
2025-08-10 20:40:00,2025-08-10 21:59:00,DL,LAX,BOS,555,9.82,7.94,5.19,5.33,0.1149,-0.7444,45,LAX-BOS,79,20,1,1,0,1,0,10,2025-08-10 20:50:00,2025-08-10 22:27:00,28,1
2025-10-11 12:30:00,2025-10-11 15:31:00,DL,BOS,SFO,1831,19.46,19.61,8.94,4.96,0.5093,-0.4562,95,BOS-SFO,181,12,0,0,0,0,0,-3,2025-10-11 12:27:00,2025-10-11 15:24:00,-7,0
2025-02-06 05:45:00,2025-02-06 11:47:00,DL,ATL,JFK,4092,12.44,14.96,0.0,0.0,-0.5284,0.7403,82,ATL-JFK,362,5,0,0,0,0,0,1,2025-02-06 05:46:00,2025-02-06 11:43:00,-4,0
2025-02-08 01:45:00,2025-02-08 03:01:00,WN,ATL,BOS,517,1.93,1.42,10.23,11.79,0.2422,-0.298,89,ATL-BOS,76,1,0,1,0,0,0,5,2025-02-08 01:50:00,2025-02-08 03:07:00,6,0
2025-04-10 08:00:00,2025-04-10 12:25:00,AA,JFK,LAX,2871,26.15,24.04,0.55,0.66,-0.1395,-0.1165,47,JFK-LAX,265,8,0,0,0,0,0,-7,2025-04-10 07:53:00,2025-04-10 12:31:00,6,0
2025-11-05 16:15:00,2025-11-05 19:42:00,DL,ATL,LAX,2150,19.87,19.29,6.43,5.29,-0.4948,-0.635,80,ATL-LAX,207,16,0,0,0,0,0,6,2025-11-05 16:21:00,2025-11-05 19:40:00,-2,0
2025-07-12 17:40:00,2025-07-12 23:48:00,AA,BOS,ATL,4158,7.6,8.41,6.72,6.2,1.3098,0.0939,3,BOS-ATL,368,17,0,0,0,0,0,-4,2025-07-12 17:36:00,2025-07-12 23:39:00,-9,0
2025-12-23 05:30:00,2025-12-23 09:21:00,DL,BOS,ATL,2455,2.09,6.33,0.0,0.71,-0.5137,-0.7096,44,BOS-ATL,231,5,0,0,0,0,0,4,2025-12-23 05:34:00,2025-12-23 09:20:00,-1,0
2025-11-15 03:20:00,2025-11-15 07:29:00,WN,JFK,SFO,2672,10.91,10.57,0.0,1.54,-0.7553,0.0475,81,JFK-SFO,249,3,0,1,0,0,0,17,2025-11-15 03:37:00,2025-11-15 07:34:00,5,0
2025-07-22 16:10:00,2025-07-22 21:12:00,DL,LAX,JFK,3333,13.68,8.88,0.03,0.0,-1.1865,0.8375,50,LAX-JFK,302,16,0,0,0,0,0,11,2025-07-22 16:21:00,2025-07-22 21:29:00,17,1
2025-09-05 03:30:00,2025-09-05 09:05:00,WN,JFK,BOS,3748,1.47,3.44,9.15,7.69,-0.0647,-0.0456,99,JFK-BOS,335,3,0,1,0,0,0,2,2025-09-05 03:32:00,2025-09-05 09:00:00,-5,0
2025-05-01 01:40:00,2025-05-01 05:32:00,UA,JFK,SFO,2465,10.6,11.99,0.86,0.0,-0.1523,0.6427,3,JFK-SFO,232,1,0,1,0,0,1,7,2025-05-01 01:47:00,2025-05-01 05:55:00,23,1
2025-02-02 11:00:00,2025-02-02 16:01:00,DL,ATL,JFK,3329,17.05,17.8,0.0,0.0,0.7221,0.1482,27,ATL-JFK,301,11,1,0,0,0,0,0,2025-02-02 11:00:00,2025-02-02 15:59:00,-2,0
2025-05-26 13:30:00,2025-05-26 19:00:00,DL,ATL,SFO,3682,8.02,8.77,0.7,0.0,-1.2314,-0.2655,43,ATL-SFO,330,13,1,0,0,0,1,12,2025-05-26 13:42:00,2025-05-26 19:31:00,31,1
2025-08-05 05:50:00,2025-08-05 09:45:00,DL,SFO,ATL,2505,10.24,7.12,12.3,12.78,-1.6844,0.8842,66,SFO-ATL,235,5,0,0,1,0,1,43,2025-08-05 06:33:00,2025-08-05 10:53:00,68,1
2025-03-08 05:30:00,2025-03-08 10:30:00,UA,LAX,ATL,3307,9.31,9.11,0.0,0.0,-1.8548,0.9937,28,LAX-ATL,300,5,0,0,0,0,0,2,2025-03-08 05:32:00,2025-03-08 10:21:00,-9,0
2025-03-22 05:50:00,2025-03-22 08:51:00,B6,ATL,SFO,1825,2.49,3.58,0.0,0.0,0.4561,-0.3495,40,ATL-SFO,181,5,0,0,0,0,1,12,2025-03-22 06:02:00,2025-03-22 09:23:00,32,1
2025-01-06 08:15:00,2025-01-06 11:13:00,DL,JFK,LAX,1791,17.19,18.4,0.0,1.87,1.0346,0.9775,53,JFK-LAX,178,8,0,0,0,0,0,-2,2025-01-06 08:13:00,2025-01-06 11:19:00,6,0
2025-09-25 00:00:00,2025-09-25 01:00:00,B6,ATL,LAX,312,6.04,12.25,4.78,4.06,0.9531,0.9682,40,ATL-LAX,60,0,0,1,0,0,0,7,2025-09-25 00:07:00,2025-09-25 01:04:00,4,0
2025-11-25 00:40:00,2025-11-25 05:24:00,WN,ATL,BOS,3111,11.9,14.55,0.7,0.34,-0.5015,-0.3624,53,ATL-BOS,284,0,0,1,0,0,0,22,2025-11-25 01:02:00,2025-11-25 06:00:00,36,1
2025-10-30 08:10:00,2025-10-30 10:33:00,UA,BOS,LAX,1353,2.2,4.53,0.39,0.0,0.1301,-0.0885,91,BOS-LAX,143,8,0,0,0,0,0,20,2025-10-30 08:30:00,2025-10-30 11:07:00,34,1
2025-05-19 00:00:00,2025-05-19 05:32:00,DL,LAX,BOS,3718,9.24,7.59,0.04,0.93,-2.2468,-0.9182,58,LAX-BOS,332,0,0,1,0,0,0,9,2025-05-19 00:09:00,2025-05-19 05:15:00,-17,0
2025-08-05 07:10:00,2025-08-05 13:29:00,DL,LAX,ATL,4297,12.95,11.95,0.04,1.12,1.6179,-0.9679,95,LAX-ATL,379,7,0,0,0,0,0,-8,2025-08-05 07:02:00,2025-08-05 13:30:00,1,0
2025-12-17 13:50:00,2025-12-17 19:43:00,WN,LAX,BOS,3978,7.27,8.4,0.0,0.0,1.1568,-0.6836,38,LAX-BOS,353,13,0,0,0,0,0,-2,2025-12-17 13:48:00,2025-12-17 19:55:00,12,0
2025-08-04 00:45:00,2025-08-04 03:16:00,B6,ATL,BOS,1456,7.98,9.88,0.0,0.0,0.904,-0.4632,10,ATL-BOS,151,0,0,1,0,0,0,2,2025-08-04 00:47:00,2025-08-04 03:13:00,-3,0
2025-04-18 14:15:00,2025-04-18 18:53:00,UA,ATL,LAX,3037,9.72,8.49,2.84,4.33,-0.8977,0.7835,74,ATL-LAX,278,14,0,0,0,0,0,18,2025-04-18 14:33:00,2025-04-18 18:58:00,5,0
2025-05-04 14:30:00,2025-05-04 19:42:00,AA,JFK,BOS,3457,12.81,12.06,0.55,0.0,-0.3636,-0.3452,72,JFK-BOS,312,14,1,0,0,0,0,10,2025-05-04 14:40:00,2025-05-04 19:51:00,9,0
2025-09-23 13:15:00,2025-09-23 17:04:00,UA,SFO,ATL,2425,10.79,10.51,10.64,12.16,-0.1902,0.4341,18,SFO-ATL,229,13,0,0,0,0,0,-1,2025-09-23 13:14:00,2025-09-23 17:02:00,-2,0
2025-06-12 15:10:00,2025-06-12 19:00:00,DL,LAX,SFO,2435,31.0,28.36,4.76,4.48,1.7003,0.8934,17,LAX-SFO,230,15,0,0,0,0,1,17,2025-06-12 15:27:00,2025-06-12 19:23:00,23,1
2025-11-02 19:50:00,2025-11-02 23:16:00,WN,LAX,JFK,2139,20.43,18.39,0.96,1.08,1.0,0.0526,10,LAX-JFK,206,19,1,0,0,0,0,-2,2025-11-02 19:48:00,2025-11-02 23:18:00,2,0
2025-11-12 01:45:00,2025-11-12 04:28:00,UA,ATL,BOS,1595,5.64,4.2,10.52,11.57,-0.187,0.6788,53,ATL-BOS,163,1,0,1,0,0,0,8,2025-11-12 01:53:00,2025-11-12 04:28:00,0,0
2025-01-14 04:15:00,2025-01-14 08:27:00,AA,SFO,LAX,2707,20.71,19.2,9.32,8.87,0.5846,-0.1686,35,SFO-LAX,252,4,0,1,0,0,0,11,2025-01-14 04:26:00,2025-01-14 08:53:00,26,1
2025-09-22 07:15:00,2025-09-22 13:47:00,DL,SFO,BOS,4462,1.26,2.3,0.3,0.0,-0.9117,-0.4896,80,SFO-BOS,392,7,0,0,0,0,1,13,2025-09-22 07:28:00,2025-09-22 14:10:00,23,1
2025-05-16 16:45:00,2025-05-16 18:58:00,B6,JFK,LAX,1219,9.43,9.59,0.2,0.0,-1.3848,0.5448,92,JFK-LAX,133,16,0,0,0,0,0,15,2025-05-16 17:00:00,2025-05-16 19:04:00,6,0
2025-07-09 20:20:00,2025-07-09 21:35:00,B6,BOS,ATL,497,1.69,0.0,0.0,0.0,-0.0688,0.2869,22,BOS-ATL,75,20,0,1,0,0,0,1,2025-07-09 20:21:00,2025-07-09 21:33:00,-2,0
2025-04-07 22:20:00,2025-04-07 23:38:00,DL,LAX,JFK,536,14.84,11.21,5.16,5.73,-1.1374,0.3224,46,LAX-JFK,78,22,0,1,0,0,0,18,2025-04-07 22:38:00,2025-04-07 23:58:00,20,1
2025-05-15 13:20:00,2025-05-15 17:35:00,UA,LAX,JFK,2744,9.5,7.96,0.44,0.0,-1.6918,-0.3399,32,LAX-JFK,255,13,0,0,0,0,0,-7,2025-05-15 13:13:00,2025-05-15 17:32:00,-3,0
2025-05-01 09:20:00,2025-05-01 11:50:00,DL,SFO,BOS,1433,3.14,2.1,9.73,8.92,0.0333,-0.0072,18,SFO-BOS,150,9,0,0,0,0,0,-5,2025-05-01 09:15:00,2025-05-01 11:41:00,-9,0
2025-01-19 09:30:00,2025-01-19 13:04:00,B6,ATL,LAX,2238,14.81,14.32,14.45,14.27,-0.2648,-0.2202,94,ATL-LAX,214,9,1,0,1,0,0,31,2025-01-19 10:01:00,2025-01-19 13:51:00,47,1
2025-10-13 01:00:00,2025-10-13 07:18:00,B6,JFK,BOS,4292,3.45,5.73,6.65,10.5,-1.0087,0.807,73,JFK-BOS,378,1,0,1,0,0,0,1,2025-10-13 01:01:00,2025-10-13 07:17:00,-1,0
2025-02-22 11:20:00,2025-02-22 12:45:00,DL,LAX,BOS,621,14.69,13.78,0.81,1.86,-0.4003,0.863,41,LAX-BOS,85,11,0,0,0,0,0,-2,2025-02-22 11:18:00,2025-02-22 12:39:00,-6,0
2025-05-18 12:20:00,2025-05-18 14:18:00,DL,BOS,LAX,1033,11.58,10.42,0.14,0.0,0.3787,-0.7737,14,BOS-LAX,118,12,1,0,0,0,0,-10,2025-05-18 12:10:00,2025-05-18 14:10:00,-8,0
2025-03-12 04:15:00,2025-03-12 06:26:00,AA,SFO,JFK,1199,8.11,7.74,24.48,24.32,-0.2257,0.4168,7,SFO-JFK,131,4,0,1,1,0,0,24,2025-03-12 04:39:00,2025-03-12 07:00:00,34,1
2025-02-28 18:15:00,2025-02-28 21:48:00,WN,ATL,LAX,2219,16.49,16.72,0.14,0.14,0.14,-0.4749,68,ATL-LAX,213,18,0,0,0,0,0,31,2025-02-28 18:46:00,2025-02-28 22:35:00,47,1
2025-05-17 19:20:00,2025-05-18 00:12:00,B6,ATL,SFO,3215,7.2,5.82,0.21,0.18,-0.1699,0.43,41,ATL-SFO,292,19,0,0,0,0,1,29,2025-05-17 19:49:00,2025-05-18 00:46:00,34,1
2025-12-02 07:15:00,2025-12-02 09:16:00,UA,LAX,BOS,1069,1.87,0.08,4.62,6.91,1.73,-0.4886,1,LAX-BOS,121,7,0,0,0,0,0,-10,2025-12-02 07:05:00,2025-12-02 09:09:00,-7,0
2025-12-11 21:50:00,2025-12-11 23:25:00,UA,ATL,JFK,754,3.0,3.48,0.0,0.0,1.3292,-0.1099,45,ATL-JFK,95,21,0,1,0,0,0,-8,2025-12-11 21:42:00,2025-12-11 23:19:00,-6,0
2025-05-20 02:30:00,2025-05-20 03:58:00,DL,JFK,BOS,660,31.55,32.45,0.0,0.0,0.1162,-0.1799,39,JFK-BOS,88,2,0,1,0,0,0,-5,2025-05-20 02:25:00,2025-05-20 03:45:00,-13,0
2025-07-04 21:30:00,2025-07-05 02:58:00,WN,BOS,SFO,3664,6.24,8.76,0.0,0.0,-0.8194,0.6334,77,BOS-SFO,328,21,1,1,0,1,0,-7,2025-07-04 21:23:00,2025-07-05 03:11:00,13,0
2025-12-26 18:15:00,2025-12-26 19:24:00,AA,LAX,SFO,424,8.73,4.59,0.4,0.0,-0.5604,-0.2958,53,LAX-SFO,69,18,0,0,0,0,0,12,2025-12-26 18:27:00,2025-12-26 19:37:00,13,0
2025-03-27 05:50:00,2025-03-27 10:19:00,DL,ATL,LAX,2925,26.16,24.21,0.0,0.0,-1.2914,0.8267,34,ATL-LAX,269,5,0,0,0,0,0,-4,2025-03-27 05:46:00,2025-03-27 10:14:00,-5,0
2025-12-11 15:00:00,2025-12-11 19:13:00,WN,BOS,SFO,2728,7.35,6.58,25.25,24.32,-0.7975,-0.7921,3,BOS-SFO,253,15,0,0,1,0,1,41,2025-12-11 15:41:00,2025-12-11 20:23:00,70,1
2025-02-08 07:30:00,2025-02-08 09:03:00,AA,SFO,ATL,723,13.67,13.87,0.52,0.0,0.668,-0.5304,12,SFO-ATL,93,7,0,0,0,0,0,0,2025-02-08 07:30:00,2025-02-08 08:57:00,-6,0
2025-03-24 19:10:00,2025-03-24 23:15:00,DL,BOS,LAX,2620,22.88,24.01,6.66,7.57,-0.5936,-0.5275,59,BOS-LAX,245,19,0,0,0,0,0,-7,2025-03-24 19:03:00,2025-03-24 23:17:00,2,0
2025-05-04 03:45:00,2025-05-04 06:20:00,WN,JFK,SFO,1504,11.37,13.87,11.49,11.21,-0.1749,-0.4885,77,JFK-SFO,155,3,1,1,0,1,1,54,2025-05-04 04:39:00,2025-05-04 07:47:00,87,1
2025-01-14 05:20:00,2025-01-14 09:12:00,DL,SFO,LAX,2462,9.47,10.4,0.95,0.0,1.1814,0.1963,20,SFO-LAX,232,5,0,0,0,0,1,58,2025-01-14 06:18:00,2025-01-14 10:32:00,80,1
2025-10-25 07:15:00,2025-10-25 09:00:00,DL,LAX,JFK,876,14.48,20.3,22.86,23.09,0.553,-0.2209,37,LAX-JFK,105,7,0,0,1,0,0,26,2025-10-25 07:41:00,2025-10-25 09:58:00,58,1
2025-11-09 04:00:00,2025-11-09 08:43:00,WN,LAX,SFO,3104,0.0,0.0,0.42,0.0,0.0688,-0.0845,9,LAX-SFO,283,4,1,1,0,1,0,19,2025-11-09 04:19:00,2025-11-09 09:21:00,38,1
2025-05-20 07:45:00,2025-05-20 13:12:00,B6,SFO,LAX,3649,6.92,3.86,0.6,0.0,-0.1142,0.9775,3,SFO-LAX,327,7,0,0,0,0,0,2,2025-05-20 07:47:00,2025-05-20 13:02:00,-10,0
2025-11-02 14:20:00,2025-11-02 15:20:00,DL,LAX,SFO,313,21.93,24.41,2.96,2.9,-0.1981,0.6503,71,LAX-SFO,60,14,1,0,0,0,0,19,2025-11-02 14:39:00,2025-11-02 15:31:00,11,0
2025-10-09 15:15:00,2025-10-09 19:13:00,DL,SFO,ATL,2538,4.87,5.1,0.59,1.11,0.9311,-0.1349,83,SFO-ATL,238,15,0,0,0,0,1,31,2025-10-09 15:46:00,2025-10-09 19:51:00,38,1
2025-10-20 13:45:00,2025-10-20 18:22:00,DL,JFK,LAX,3019,1.87,0.0,8.17,8.43,0.2979,0.4966,79,JFK-LAX,277,13,0,0,0,0,0,2,2025-10-20 13:47:00,2025-10-20 18:24:00,2,0
2025-10-20 04:00:00,2025-10-20 05:00:00,DL,SFO,JFK,311,11.13,10.65,0.0,1.12,-0.2565,-0.7415,96,SFO-JFK,60,4,0,1,0,0,0,12,2025-10-20 04:12:00,2025-10-20 04:58:00,-2,0
2025-07-29 04:20:00,2025-07-29 09:22:00,B6,LAX,SFO,3340,15.65,11.78,7.2,6.27,-1.2738,-0.3553,68,LAX-SFO,302,4,0,1,0,0,0,-6,2025-07-29 04:14:00,2025-07-29 09:13:00,-9,0
2025-02-10 22:10:00,2025-02-11 02:11:00,WN,BOS,SFO,2580,10.34,8.15,9.12,10.0,0.4827,0.8658,96,BOS-SFO,241,22,0,1,0,0,1,20,2025-02-10 22:30:00,2025-02-11 02:30:00,19,1
2025-12-04 06:10:00,2025-12-04 08:52:00,B6,JFK,SFO,1586,17.67,14.14,1.75,1.68,0.3425,0.9579,28,JFK-SFO,162,6,0,0,0,0,0,4,2025-12-04 06:14:00,2025-12-04 08:41:00,-11,0
2025-08-11 02:00:00,2025-08-11 05:41:00,DL,BOS,LAX,2327,12.17,13.04,0.0,0.0,-1.5823,0.721,62,BOS-LAX,221,2,0,1,0,0,0,18,2025-08-11 02:18:00,2025-08-11 05:59:00,18,1
2025-11-25 10:10:00,2025-11-25 14:58:00,AA,BOS,JFK,3164,44.4,46.46,8.15,9.55,-0.1545,0.289,29,BOS-JFK,288,10,0,0,0,0,0,16,2025-11-25 10:26:00,2025-11-25 15:00:00,2,0
2025-12-17 00:50:00,2025-12-17 05:25:00,AA,BOS,ATL,3000,16.29,17.81,2.64,3.14,0.335,0.6234,26,BOS-ATL,275,0,0,1,0,0,0,-2,2025-12-17 00:48:00,2025-12-17 05:30:00,5,0
2025-03-10 08:20:00,2025-03-10 13:40:00,B6,JFK,SFO,3561,13.27,11.55,0.58,0.0,-0.2614,-0.7156,28,JFK-SFO,320,8,0,0,0,0,0,3,2025-03-10 08:23:00,2025-03-10 13:49:00,9,0
2025-05-27 20:50:00,2025-05-27 22:01:00,DL,BOS,JFK,446,0.44,4.32,6.12,7.17,1.8141,-0.1944,86,BOS-JFK,71,20,0,1,0,0,0,24,2025-05-27 21:14:00,2025-05-27 22:39:00,38,1
2025-03-12 06:15:00,2025-03-12 11:38:00,AA,LAX,JFK,3606,7.41,6.51,0.0,0.0,1.5271,0.1941,74,LAX-JFK,323,6,0,0,0,0,0,9,2025-03-12 06:24:00,2025-03-12 11:39:00,1,0
2025-01-19 16:45:00,2025-01-19 17:56:00,WN,BOS,JFK,448,3.86,3.17,3.8,3.01,-1.262,0.1897,17,BOS-JFK,71,16,1,0,0,0,0,-10,2025-01-19 16:35:00,2025-01-19 17:54:00,-2,0
2025-12-19 11:00:00,2025-12-19 15:37:00,DL,JFK,SFO,3030,23.54,21.87,5.35,4.97,-0.2482,-0.4552,52,JFK-SFO,277,11,0,0,0,0,1,25,2025-12-19 11:25:00,2025-12-19 16:03:00,26,1
2025-12-04 08:00:00,2025-12-04 10:56:00,AA,ATL,SFO,1767,2.61,2.47,0.85,0.77,0.9688,0.2627,74,ATL-SFO,176,8,0,0,0,0,1,6,2025-12-04 08:06:00,2025-12-04 11:30:00,34,1
2025-12-07 15:00:00,2025-12-07 16:20:00,DL,BOS,LAX,567,5.7,8.42,8.76,8.79,-0.0834,-0.4317,75,BOS-LAX,80,15,1,0,0,0,0,4,2025-12-07 15:04:00,2025-12-07 16:22:00,2,0
2025-11-19 14:50:00,2025-11-19 19:40:00,WN,BOS,LAX,3191,11.76,9.86,1.52,0.0,0.7369,0.5055,87,BOS-LAX,290,14,0,0,0,0,0,-7,2025-11-19 14:43:00,2025-11-19 19:38:00,-2,0
2025-08-25 07:40:00,2025-08-25 11:45:00,DL,SFO,ATL,2620,8.02,6.59,0.0,2.31,-0.6479,-0.0424,71,SFO-ATL,245,7,0,0,0,0,0,17,2025-08-25 07:57:00,2025-08-25 12:14:00,29,1
2025-07-10 05:40:00,2025-07-10 10:23:00,B6,JFK,SFO,3099,6.21,5.71,6.72,7.1,-1.5699,0.0812,92,JFK-SFO,283,5,0,0,0,0,1,12,2025-07-10 05:52:00,2025-07-10 10:47:00,24,1
2025-12-28 22:50:00,2025-12-29 01:55:00,UA,ATL,BOS,1878,13.32,9.09,32.77,33.55,0.6932,0.8883,76,ATL-BOS,185,22,1,1,1,1,0,73,2025-12-29 00:03:00,2025-12-29 03:45:00,110,1
2025-07-21 04:15:00,2025-07-21 06:47:00,AA,BOS,JFK,1468,4.44,3.33,12.76,11.63,-0.3322,0.9527,56,BOS-JFK,152,4,0,1,1,0,0,16,2025-07-21 04:31:00,2025-07-21 07:10:00,23,1
2025-08-23 23:40:00,2025-08-24 04:09:00,B6,LAX,BOS,2923,8.9,10.25,0.0,0.0,2.5782,0.6115,13,LAX-BOS,269,23,0,1,0,0,0,9,2025-08-23 23:49:00,2025-08-24 04:09:00,0,0
2025-03-19 11:30:00,2025-03-19 13:42:00,DL,ATL,BOS,1207,16.0,16.97,0.26,1.59,0.9402,-0.1306,95,ATL-BOS,132,11,0,0,0,0,0,-9,2025-03-19 11:21:00,2025-03-19 13:36:00,-6,0
2025-09-30 23:30:00,2025-10-01 05:02:00,DL,ATL,SFO,3710,6.7,4.67,9.4,10.16,-1.06,-0.0983,49,ATL-SFO,332,23,0,1,0,0,1,13,2025-09-30 23:43:00,2025-10-01 05:22:00,20,1
2025-10-27 08:40:00,2025-10-27 13:29:00,DL,BOS,ATL,3169,4.2,0.42,1.25,0.0,0.6735,0.0327,3,BOS-ATL,289,8,0,0,0,0,0,4,2025-10-27 08:44:00,2025-10-27 13:33:00,4,0
2025-09-05 13:20:00,2025-09-05 19:55:00,UA,BOS,JFK,4498,26.65,31.82,0.0,0.4,-0.0706,0.5375,47,BOS-JFK,395,13,0,0,0,0,0,7,2025-09-05 13:27:00,2025-09-05 20:10:00,15,1
2025-07-01 14:00:00,2025-07-01 15:08:00,UA,JFK,BOS,413,28.78,28.59,0.17,1.03,0.5257,0.4611,3,JFK-BOS,68,14,0,0,0,0,0,13,2025-07-01 14:13:00,2025-07-01 15:27:00,19,1
